[2026-05-30T06:30:55.317+0000] {processor.py:161} INFO - Started process (PID=180) to work on /opt/airflow/dags/main.py
[2026-05-30T06:30:55.324+0000] {processor.py:830} INFO - Processing file /opt/airflow/dags/main.py for tasks to queue
[2026-05-30T06:30:55.338+0000] {logging_mixin.py:188} INFO - [2026-05-30T06:30:55.336+0000] {dagbag.py:545} INFO - Filling up the DagBag from /opt/airflow/dags/main.py
[2026-05-30T06:30:56.076+0000] {processor.py:840} INFO - DAG(s) 'data_quality', 'update_db', 'produce_json' retrieved from /opt/airflow/dags/main.py
[2026-05-30T06:30:56.364+0000] {logging_mixin.py:188} INFO - [2026-05-30T06:30:56.354+0000] {dag.py:3096} INFO - Sync 3 DAGs
[2026-05-30T06:30:56.556+0000] {logging_mixin.py:188} INFO - [2026-05-30T06:30:56.555+0000] {dag.py:3954} INFO - Setting next_dagrun for data_quality to 2026-05-29 13:00:00+00:00, run_after=2026-05-30 13:00:00+00:00
[2026-05-30T06:30:56.610+0000] {logging_mixin.py:188} INFO - [2026-05-30T06:30:56.610+0000] {dag.py:3954} INFO - Setting next_dagrun for produce_json to 2026-05-29 11:00:00+00:00, run_after=2026-05-30 11:00:00+00:00
[2026-05-30T06:30:56.642+0000] {logging_mixin.py:188} INFO - [2026-05-30T06:30:56.633+0000] {dag.py:3954} INFO - Setting next_dagrun for update_db to 2026-05-29 12:00:00+00:00, run_after=2026-05-30 12:00:00+00:00
[2026-05-30T06:30:56.729+0000] {processor.py:183} INFO - Processing /opt/airflow/dags/main.py took 1.467 seconds
[2026-05-30T06:31:27.058+0000] {processor.py:161} INFO - Started process (PID=187) to work on /opt/airflow/dags/main.py
[2026-05-30T06:31:27.060+0000] {processor.py:830} INFO - Processing file /opt/airflow/dags/main.py for tasks to queue
[2026-05-30T06:31:27.065+0000] {logging_mixin.py:188} INFO - [2026-05-30T06:31:27.064+0000] {dagbag.py:545} INFO - Filling up the DagBag from /opt/airflow/dags/main.py
[2026-05-30T06:31:27.285+0000] {processor.py:840} INFO - DAG(s) 'produce_json', 'update_db', 'data_quality' retrieved from /opt/airflow/dags/main.py
[2026-05-30T06:31:27.327+0000] {logging_mixin.py:188} INFO - [2026-05-30T06:31:27.327+0000] {dag.py:3096} INFO - Sync 3 DAGs
[2026-05-30T06:31:27.353+0000] {logging_mixin.py:188} INFO - [2026-05-30T06:31:27.353+0000] {dag.py:3954} INFO - Setting next_dagrun for data_quality to 2026-05-29 13:00:00+00:00, run_after=2026-05-30 13:00:00+00:00
[2026-05-30T06:31:27.364+0000] {logging_mixin.py:188} INFO - [2026-05-30T06:31:27.364+0000] {dag.py:3954} INFO - Setting next_dagrun for produce_json to 2026-05-29 11:00:00+00:00, run_after=2026-05-30 11:00:00+00:00
[2026-05-30T06:31:27.370+0000] {logging_mixin.py:188} INFO - [2026-05-30T06:31:27.370+0000] {dag.py:3954} INFO - Setting next_dagrun for update_db to 2026-05-29 12:00:00+00:00, run_after=2026-05-30 12:00:00+00:00
[2026-05-30T06:31:27.432+0000] {processor.py:183} INFO - Processing /opt/airflow/dags/main.py took 0.388 seconds
[2026-05-30T06:31:57.691+0000] {processor.py:161} INFO - Started process (PID=194) to work on /opt/airflow/dags/main.py
[2026-05-30T06:31:57.693+0000] {processor.py:830} INFO - Processing file /opt/airflow/dags/main.py for tasks to queue
[2026-05-30T06:31:57.696+0000] {logging_mixin.py:188} INFO - [2026-05-30T06:31:57.695+0000] {dagbag.py:545} INFO - Filling up the DagBag from /opt/airflow/dags/main.py
[2026-05-30T06:31:57.921+0000] {processor.py:840} INFO - DAG(s) 'produce_json', 'data_quality', 'update_db' retrieved from /opt/airflow/dags/main.py
[2026-05-30T06:31:57.985+0000] {logging_mixin.py:188} INFO - [2026-05-30T06:31:57.985+0000] {dag.py:3096} INFO - Sync 3 DAGs
[2026-05-30T06:31:58.020+0000] {logging_mixin.py:188} INFO - [2026-05-30T06:31:58.020+0000] {dag.py:3954} INFO - Setting next_dagrun for data_quality to 2026-05-29 13:00:00+00:00, run_after=2026-05-30 13:00:00+00:00
[2026-05-30T06:31:58.029+0000] {logging_mixin.py:188} INFO - [2026-05-30T06:31:58.029+0000] {dag.py:3954} INFO - Setting next_dagrun for produce_json to 2026-05-29 11:00:00+00:00, run_after=2026-05-30 11:00:00+00:00
[2026-05-30T06:31:58.035+0000] {logging_mixin.py:188} INFO - [2026-05-30T06:31:58.034+0000] {dag.py:3954} INFO - Setting next_dagrun for update_db to 2026-05-29 12:00:00+00:00, run_after=2026-05-30 12:00:00+00:00
[2026-05-30T06:31:58.084+0000] {processor.py:183} INFO - Processing /opt/airflow/dags/main.py took 0.402 seconds
[2026-05-30T06:32:28.427+0000] {processor.py:161} INFO - Started process (PID=201) to work on /opt/airflow/dags/main.py
[2026-05-30T06:32:28.430+0000] {processor.py:830} INFO - Processing file /opt/airflow/dags/main.py for tasks to queue
[2026-05-30T06:32:28.435+0000] {logging_mixin.py:188} INFO - [2026-05-30T06:32:28.434+0000] {dagbag.py:545} INFO - Filling up the DagBag from /opt/airflow/dags/main.py
[2026-05-30T06:32:28.695+0000] {processor.py:840} INFO - DAG(s) 'update_db', 'produce_json', 'data_quality' retrieved from /opt/airflow/dags/main.py
[2026-05-30T06:32:28.740+0000] {logging_mixin.py:188} INFO - [2026-05-30T06:32:28.740+0000] {dag.py:3096} INFO - Sync 3 DAGs
[2026-05-30T06:32:28.768+0000] {logging_mixin.py:188} INFO - [2026-05-30T06:32:28.768+0000] {dag.py:3954} INFO - Setting next_dagrun for data_quality to 2026-05-29 13:00:00+00:00, run_after=2026-05-30 13:00:00+00:00
[2026-05-30T06:32:28.775+0000] {logging_mixin.py:188} INFO - [2026-05-30T06:32:28.775+0000] {dag.py:3954} INFO - Setting next_dagrun for produce_json to 2026-05-29 11:00:00+00:00, run_after=2026-05-30 11:00:00+00:00
[2026-05-30T06:32:28.779+0000] {logging_mixin.py:188} INFO - [2026-05-30T06:32:28.779+0000] {dag.py:3954} INFO - Setting next_dagrun for update_db to 2026-05-29 12:00:00+00:00, run_after=2026-05-30 12:00:00+00:00
[2026-05-30T06:32:28.799+0000] {processor.py:183} INFO - Processing /opt/airflow/dags/main.py took 0.390 seconds
[2026-05-30T06:32:59.235+0000] {processor.py:161} INFO - Started process (PID=208) to work on /opt/airflow/dags/main.py
[2026-05-30T06:32:59.237+0000] {processor.py:830} INFO - Processing file /opt/airflow/dags/main.py for tasks to queue
[2026-05-30T06:32:59.241+0000] {logging_mixin.py:188} INFO - [2026-05-30T06:32:59.240+0000] {dagbag.py:545} INFO - Filling up the DagBag from /opt/airflow/dags/main.py
[2026-05-30T06:32:59.493+0000] {processor.py:840} INFO - DAG(s) 'produce_json', 'data_quality', 'update_db' retrieved from /opt/airflow/dags/main.py
[2026-05-30T06:32:59.540+0000] {logging_mixin.py:188} INFO - [2026-05-30T06:32:59.540+0000] {dag.py:3096} INFO - Sync 3 DAGs
[2026-05-30T06:32:59.583+0000] {logging_mixin.py:188} INFO - [2026-05-30T06:32:59.582+0000] {dag.py:3954} INFO - Setting next_dagrun for data_quality to 2026-05-29 13:00:00+00:00, run_after=2026-05-30 13:00:00+00:00
[2026-05-30T06:32:59.595+0000] {logging_mixin.py:188} INFO - [2026-05-30T06:32:59.595+0000] {dag.py:3954} INFO - Setting next_dagrun for produce_json to 2026-05-29 11:00:00+00:00, run_after=2026-05-30 11:00:00+00:00
[2026-05-30T06:32:59.603+0000] {logging_mixin.py:188} INFO - [2026-05-30T06:32:59.603+0000] {dag.py:3954} INFO - Setting next_dagrun for update_db to 2026-05-29 12:00:00+00:00, run_after=2026-05-30 12:00:00+00:00
[2026-05-30T06:32:59.640+0000] {processor.py:183} INFO - Processing /opt/airflow/dags/main.py took 0.413 seconds
[2026-05-30T06:33:30.126+0000] {processor.py:161} INFO - Started process (PID=215) to work on /opt/airflow/dags/main.py
[2026-05-30T06:33:30.129+0000] {processor.py:830} INFO - Processing file /opt/airflow/dags/main.py for tasks to queue
[2026-05-30T06:33:30.135+0000] {logging_mixin.py:188} INFO - [2026-05-30T06:33:30.134+0000] {dagbag.py:545} INFO - Filling up the DagBag from /opt/airflow/dags/main.py
[2026-05-30T06:33:30.478+0000] {processor.py:840} INFO - DAG(s) 'update_db', 'data_quality', 'produce_json' retrieved from /opt/airflow/dags/main.py
[2026-05-30T06:33:30.545+0000] {logging_mixin.py:188} INFO - [2026-05-30T06:33:30.545+0000] {dag.py:3096} INFO - Sync 3 DAGs
[2026-05-30T06:33:30.583+0000] {logging_mixin.py:188} INFO - [2026-05-30T06:33:30.583+0000] {dag.py:3954} INFO - Setting next_dagrun for data_quality to 2026-05-29 13:00:00+00:00, run_after=2026-05-30 13:00:00+00:00
[2026-05-30T06:33:30.595+0000] {logging_mixin.py:188} INFO - [2026-05-30T06:33:30.594+0000] {dag.py:3954} INFO - Setting next_dagrun for produce_json to 2026-05-29 11:00:00+00:00, run_after=2026-05-30 11:00:00+00:00
[2026-05-30T06:33:30.602+0000] {logging_mixin.py:188} INFO - [2026-05-30T06:33:30.602+0000] {dag.py:3954} INFO - Setting next_dagrun for update_db to 2026-05-29 12:00:00+00:00, run_after=2026-05-30 12:00:00+00:00
[2026-05-30T06:33:30.697+0000] {processor.py:183} INFO - Processing /opt/airflow/dags/main.py took 0.588 seconds
[2026-05-30T06:34:01.031+0000] {processor.py:161} INFO - Started process (PID=223) to work on /opt/airflow/dags/main.py
[2026-05-30T06:34:01.032+0000] {processor.py:830} INFO - Processing file /opt/airflow/dags/main.py for tasks to queue
[2026-05-30T06:34:01.036+0000] {logging_mixin.py:188} INFO - [2026-05-30T06:34:01.035+0000] {dagbag.py:545} INFO - Filling up the DagBag from /opt/airflow/dags/main.py
[2026-05-30T06:34:01.397+0000] {processor.py:840} INFO - DAG(s) 'produce_json', 'update_db', 'data_quality' retrieved from /opt/airflow/dags/main.py
[2026-05-30T06:34:01.467+0000] {logging_mixin.py:188} INFO - [2026-05-30T06:34:01.467+0000] {dag.py:3096} INFO - Sync 3 DAGs
[2026-05-30T06:34:01.523+0000] {logging_mixin.py:188} INFO - [2026-05-30T06:34:01.522+0000] {dag.py:3954} INFO - Setting next_dagrun for data_quality to 2026-05-29 13:00:00+00:00, run_after=2026-05-30 13:00:00+00:00
[2026-05-30T06:34:01.536+0000] {logging_mixin.py:188} INFO - [2026-05-30T06:34:01.535+0000] {dag.py:3954} INFO - Setting next_dagrun for produce_json to 2026-05-29 11:00:00+00:00, run_after=2026-05-30 11:00:00+00:00
[2026-05-30T06:34:01.544+0000] {logging_mixin.py:188} INFO - [2026-05-30T06:34:01.544+0000] {dag.py:3954} INFO - Setting next_dagrun for update_db to 2026-05-29 12:00:00+00:00, run_after=2026-05-30 12:00:00+00:00
[2026-05-30T06:34:01.636+0000] {processor.py:183} INFO - Processing /opt/airflow/dags/main.py took 0.614 seconds
[2026-05-30T06:34:32.139+0000] {processor.py:161} INFO - Started process (PID=230) to work on /opt/airflow/dags/main.py
[2026-05-30T06:34:32.142+0000] {processor.py:830} INFO - Processing file /opt/airflow/dags/main.py for tasks to queue
[2026-05-30T06:34:32.146+0000] {logging_mixin.py:188} INFO - [2026-05-30T06:34:32.145+0000] {dagbag.py:545} INFO - Filling up the DagBag from /opt/airflow/dags/main.py
[2026-05-30T06:34:32.425+0000] {processor.py:840} INFO - DAG(s) 'produce_json', 'update_db', 'data_quality' retrieved from /opt/airflow/dags/main.py
[2026-05-30T06:34:32.473+0000] {logging_mixin.py:188} INFO - [2026-05-30T06:34:32.473+0000] {dag.py:3096} INFO - Sync 3 DAGs
[2026-05-30T06:34:32.497+0000] {logging_mixin.py:188} INFO - [2026-05-30T06:34:32.497+0000] {dag.py:3954} INFO - Setting next_dagrun for data_quality to 2026-05-29 13:00:00+00:00, run_after=2026-05-30 13:00:00+00:00
[2026-05-30T06:34:32.503+0000] {logging_mixin.py:188} INFO - [2026-05-30T06:34:32.503+0000] {dag.py:3954} INFO - Setting next_dagrun for produce_json to 2026-05-29 11:00:00+00:00, run_after=2026-05-30 11:00:00+00:00
[2026-05-30T06:34:32.507+0000] {logging_mixin.py:188} INFO - [2026-05-30T06:34:32.507+0000] {dag.py:3954} INFO - Setting next_dagrun for update_db to 2026-05-29 12:00:00+00:00, run_after=2026-05-30 12:00:00+00:00
[2026-05-30T06:34:32.526+0000] {processor.py:183} INFO - Processing /opt/airflow/dags/main.py took 0.411 seconds
[2026-05-30T06:35:02.891+0000] {processor.py:161} INFO - Started process (PID=243) to work on /opt/airflow/dags/main.py
[2026-05-30T06:35:02.894+0000] {processor.py:830} INFO - Processing file /opt/airflow/dags/main.py for tasks to queue
[2026-05-30T06:35:02.900+0000] {logging_mixin.py:188} INFO - [2026-05-30T06:35:02.899+0000] {dagbag.py:545} INFO - Filling up the DagBag from /opt/airflow/dags/main.py
[2026-05-30T06:35:03.267+0000] {processor.py:840} INFO - DAG(s) 'produce_json', 'data_quality', 'update_db' retrieved from /opt/airflow/dags/main.py
[2026-05-30T06:35:03.320+0000] {logging_mixin.py:188} INFO - [2026-05-30T06:35:03.320+0000] {dag.py:3096} INFO - Sync 3 DAGs
[2026-05-30T06:35:03.363+0000] {logging_mixin.py:188} INFO - [2026-05-30T06:35:03.363+0000] {dag.py:3954} INFO - Setting next_dagrun for data_quality to 2026-05-29 13:00:00+00:00, run_after=2026-05-30 13:00:00+00:00
[2026-05-30T06:35:03.376+0000] {logging_mixin.py:188} INFO - [2026-05-30T06:35:03.375+0000] {dag.py:3954} INFO - Setting next_dagrun for produce_json to 2026-05-29 11:00:00+00:00, run_after=2026-05-30 11:00:00+00:00
[2026-05-30T06:35:03.384+0000] {logging_mixin.py:188} INFO - [2026-05-30T06:35:03.383+0000] {dag.py:3954} INFO - Setting next_dagrun for update_db to 2026-05-29 12:00:00+00:00, run_after=2026-05-30 12:00:00+00:00
[2026-05-30T06:35:03.476+0000] {processor.py:183} INFO - Processing /opt/airflow/dags/main.py took 0.604 seconds
[2026-05-30T06:35:33.975+0000] {processor.py:161} INFO - Started process (PID=250) to work on /opt/airflow/dags/main.py
[2026-05-30T06:35:33.977+0000] {processor.py:830} INFO - Processing file /opt/airflow/dags/main.py for tasks to queue
[2026-05-30T06:35:33.980+0000] {logging_mixin.py:188} INFO - [2026-05-30T06:35:33.980+0000] {dagbag.py:545} INFO - Filling up the DagBag from /opt/airflow/dags/main.py
[2026-05-30T06:35:34.214+0000] {processor.py:840} INFO - DAG(s) 'update_db', 'data_quality', 'produce_json' retrieved from /opt/airflow/dags/main.py
[2026-05-30T06:35:34.256+0000] {logging_mixin.py:188} INFO - [2026-05-30T06:35:34.255+0000] {dag.py:3096} INFO - Sync 3 DAGs
[2026-05-30T06:35:34.282+0000] {logging_mixin.py:188} INFO - [2026-05-30T06:35:34.282+0000] {dag.py:3954} INFO - Setting next_dagrun for data_quality to 2026-05-29 13:00:00+00:00, run_after=2026-05-30 13:00:00+00:00
[2026-05-30T06:35:34.289+0000] {logging_mixin.py:188} INFO - [2026-05-30T06:35:34.289+0000] {dag.py:3954} INFO - Setting next_dagrun for produce_json to 2026-05-29 11:00:00+00:00, run_after=2026-05-30 11:00:00+00:00
[2026-05-30T06:35:34.297+0000] {logging_mixin.py:188} INFO - [2026-05-30T06:35:34.297+0000] {dag.py:3954} INFO - Setting next_dagrun for update_db to 2026-05-29 12:00:00+00:00, run_after=2026-05-30 12:00:00+00:00
[2026-05-30T06:35:34.391+0000] {processor.py:183} INFO - Processing /opt/airflow/dags/main.py took 0.424 seconds
[2026-05-30T06:36:04.555+0000] {processor.py:161} INFO - Started process (PID=257) to work on /opt/airflow/dags/main.py
[2026-05-30T06:36:04.558+0000] {processor.py:830} INFO - Processing file /opt/airflow/dags/main.py for tasks to queue
[2026-05-30T06:36:04.564+0000] {logging_mixin.py:188} INFO - [2026-05-30T06:36:04.564+0000] {dagbag.py:545} INFO - Filling up the DagBag from /opt/airflow/dags/main.py
[2026-05-30T06:36:04.914+0000] {processor.py:840} INFO - DAG(s) 'produce_json', 'data_quality', 'update_db' retrieved from /opt/airflow/dags/main.py
[2026-05-30T06:36:04.984+0000] {logging_mixin.py:188} INFO - [2026-05-30T06:36:04.983+0000] {dag.py:3096} INFO - Sync 3 DAGs
[2026-05-30T06:36:05.008+0000] {logging_mixin.py:188} INFO - [2026-05-30T06:36:05.008+0000] {dag.py:3954} INFO - Setting next_dagrun for data_quality to 2026-05-29 13:00:00+00:00, run_after=2026-05-30 13:00:00+00:00
[2026-05-30T06:36:05.019+0000] {logging_mixin.py:188} INFO - [2026-05-30T06:36:05.019+0000] {dag.py:3954} INFO - Setting next_dagrun for produce_json to 2026-05-29 11:00:00+00:00, run_after=2026-05-30 11:00:00+00:00
[2026-05-30T06:36:05.025+0000] {logging_mixin.py:188} INFO - [2026-05-30T06:36:05.025+0000] {dag.py:3954} INFO - Setting next_dagrun for update_db to 2026-05-29 12:00:00+00:00, run_after=2026-05-30 12:00:00+00:00
[2026-05-30T06:36:05.109+0000] {processor.py:183} INFO - Processing /opt/airflow/dags/main.py took 0.579 seconds
[2026-05-30T06:36:35.586+0000] {processor.py:161} INFO - Started process (PID=264) to work on /opt/airflow/dags/main.py
[2026-05-30T06:36:35.589+0000] {processor.py:830} INFO - Processing file /opt/airflow/dags/main.py for tasks to queue
[2026-05-30T06:36:35.593+0000] {logging_mixin.py:188} INFO - [2026-05-30T06:36:35.592+0000] {dagbag.py:545} INFO - Filling up the DagBag from /opt/airflow/dags/main.py
[2026-05-30T06:36:35.922+0000] {processor.py:840} INFO - DAG(s) 'update_db', 'produce_json', 'data_quality' retrieved from /opt/airflow/dags/main.py
[2026-05-30T06:36:35.974+0000] {logging_mixin.py:188} INFO - [2026-05-30T06:36:35.974+0000] {dag.py:3096} INFO - Sync 3 DAGs
[2026-05-30T06:36:36.012+0000] {logging_mixin.py:188} INFO - [2026-05-30T06:36:36.011+0000] {dag.py:3954} INFO - Setting next_dagrun for data_quality to 2026-05-29 13:00:00+00:00, run_after=2026-05-30 13:00:00+00:00
[2026-05-30T06:36:36.024+0000] {logging_mixin.py:188} INFO - [2026-05-30T06:36:36.024+0000] {dag.py:3954} INFO - Setting next_dagrun for produce_json to 2026-05-29 11:00:00+00:00, run_after=2026-05-30 11:00:00+00:00
[2026-05-30T06:36:36.032+0000] {logging_mixin.py:188} INFO - [2026-05-30T06:36:36.031+0000] {dag.py:3954} INFO - Setting next_dagrun for update_db to 2026-05-29 12:00:00+00:00, run_after=2026-05-30 12:00:00+00:00
[2026-05-30T06:36:36.074+0000] {processor.py:183} INFO - Processing /opt/airflow/dags/main.py took 0.506 seconds
[2026-05-30T06:37:06.340+0000] {processor.py:161} INFO - Started process (PID=271) to work on /opt/airflow/dags/main.py
[2026-05-30T06:37:06.343+0000] {processor.py:830} INFO - Processing file /opt/airflow/dags/main.py for tasks to queue
[2026-05-30T06:37:06.348+0000] {logging_mixin.py:188} INFO - [2026-05-30T06:37:06.347+0000] {dagbag.py:545} INFO - Filling up the DagBag from /opt/airflow/dags/main.py
[2026-05-30T06:37:06.629+0000] {processor.py:840} INFO - DAG(s) 'update_db', 'data_quality', 'produce_json' retrieved from /opt/airflow/dags/main.py
[2026-05-30T06:37:06.668+0000] {logging_mixin.py:188} INFO - [2026-05-30T06:37:06.667+0000] {dag.py:3096} INFO - Sync 3 DAGs
[2026-05-30T06:37:06.696+0000] {logging_mixin.py:188} INFO - [2026-05-30T06:37:06.695+0000] {dag.py:3954} INFO - Setting next_dagrun for data_quality to 2026-05-29 13:00:00+00:00, run_after=2026-05-30 13:00:00+00:00
[2026-05-30T06:37:06.707+0000] {logging_mixin.py:188} INFO - [2026-05-30T06:37:06.707+0000] {dag.py:3954} INFO - Setting next_dagrun for produce_json to 2026-05-29 11:00:00+00:00, run_after=2026-05-30 11:00:00+00:00
[2026-05-30T06:37:06.714+0000] {logging_mixin.py:188} INFO - [2026-05-30T06:37:06.714+0000] {dag.py:3954} INFO - Setting next_dagrun for update_db to 2026-05-29 12:00:00+00:00, run_after=2026-05-30 12:00:00+00:00
[2026-05-30T06:37:06.806+0000] {processor.py:183} INFO - Processing /opt/airflow/dags/main.py took 0.488 seconds
[2026-05-30T06:37:37.233+0000] {processor.py:161} INFO - Started process (PID=279) to work on /opt/airflow/dags/main.py
[2026-05-30T06:37:37.235+0000] {processor.py:830} INFO - Processing file /opt/airflow/dags/main.py for tasks to queue
[2026-05-30T06:37:37.237+0000] {logging_mixin.py:188} INFO - [2026-05-30T06:37:37.237+0000] {dagbag.py:545} INFO - Filling up the DagBag from /opt/airflow/dags/main.py
[2026-05-30T06:37:37.549+0000] {processor.py:840} INFO - DAG(s) 'update_db', 'produce_json', 'data_quality' retrieved from /opt/airflow/dags/main.py
[2026-05-30T06:37:37.618+0000] {logging_mixin.py:188} INFO - [2026-05-30T06:37:37.617+0000] {dag.py:3096} INFO - Sync 3 DAGs
[2026-05-30T06:37:37.642+0000] {logging_mixin.py:188} INFO - [2026-05-30T06:37:37.642+0000] {dag.py:3954} INFO - Setting next_dagrun for data_quality to 2026-05-29 13:00:00+00:00, run_after=2026-05-30 13:00:00+00:00
[2026-05-30T06:37:37.648+0000] {logging_mixin.py:188} INFO - [2026-05-30T06:37:37.648+0000] {dag.py:3954} INFO - Setting next_dagrun for produce_json to 2026-05-29 11:00:00+00:00, run_after=2026-05-30 11:00:00+00:00
[2026-05-30T06:37:37.652+0000] {logging_mixin.py:188} INFO - [2026-05-30T06:37:37.652+0000] {dag.py:3954} INFO - Setting next_dagrun for update_db to 2026-05-29 12:00:00+00:00, run_after=2026-05-30 12:00:00+00:00
[2026-05-30T06:37:37.735+0000] {processor.py:183} INFO - Processing /opt/airflow/dags/main.py took 0.512 seconds
[2026-05-30T06:38:08.237+0000] {processor.py:161} INFO - Started process (PID=286) to work on /opt/airflow/dags/main.py
[2026-05-30T06:38:08.239+0000] {processor.py:830} INFO - Processing file /opt/airflow/dags/main.py for tasks to queue
[2026-05-30T06:38:08.242+0000] {logging_mixin.py:188} INFO - [2026-05-30T06:38:08.241+0000] {dagbag.py:545} INFO - Filling up the DagBag from /opt/airflow/dags/main.py
[2026-05-30T06:38:08.541+0000] {processor.py:840} INFO - DAG(s) 'update_db', 'data_quality', 'produce_json' retrieved from /opt/airflow/dags/main.py
[2026-05-30T06:38:08.618+0000] {logging_mixin.py:188} INFO - [2026-05-30T06:38:08.618+0000] {dag.py:3096} INFO - Sync 3 DAGs
[2026-05-30T06:38:08.644+0000] {logging_mixin.py:188} INFO - [2026-05-30T06:38:08.644+0000] {dag.py:3954} INFO - Setting next_dagrun for data_quality to 2026-05-29 13:00:00+00:00, run_after=2026-05-30 13:00:00+00:00
[2026-05-30T06:38:08.654+0000] {logging_mixin.py:188} INFO - [2026-05-30T06:38:08.654+0000] {dag.py:3954} INFO - Setting next_dagrun for produce_json to 2026-05-29 11:00:00+00:00, run_after=2026-05-30 11:00:00+00:00
[2026-05-30T06:38:08.660+0000] {logging_mixin.py:188} INFO - [2026-05-30T06:38:08.659+0000] {dag.py:3954} INFO - Setting next_dagrun for update_db to 2026-05-29 12:00:00+00:00, run_after=2026-05-30 12:00:00+00:00
[2026-05-30T06:38:08.731+0000] {processor.py:183} INFO - Processing /opt/airflow/dags/main.py took 0.509 seconds
[2026-05-30T06:38:39.058+0000] {processor.py:161} INFO - Started process (PID=293) to work on /opt/airflow/dags/main.py
[2026-05-30T06:38:39.060+0000] {processor.py:830} INFO - Processing file /opt/airflow/dags/main.py for tasks to queue
[2026-05-30T06:38:39.065+0000] {logging_mixin.py:188} INFO - [2026-05-30T06:38:39.065+0000] {dagbag.py:545} INFO - Filling up the DagBag from /opt/airflow/dags/main.py
[2026-05-30T06:38:39.415+0000] {processor.py:840} INFO - DAG(s) 'update_db', 'data_quality', 'produce_json' retrieved from /opt/airflow/dags/main.py
[2026-05-30T06:38:39.464+0000] {logging_mixin.py:188} INFO - [2026-05-30T06:38:39.464+0000] {dag.py:3096} INFO - Sync 3 DAGs
[2026-05-30T06:38:39.491+0000] {logging_mixin.py:188} INFO - [2026-05-30T06:38:39.491+0000] {dag.py:3954} INFO - Setting next_dagrun for data_quality to 2026-05-29 13:00:00+00:00, run_after=2026-05-30 13:00:00+00:00
[2026-05-30T06:38:39.497+0000] {logging_mixin.py:188} INFO - [2026-05-30T06:38:39.497+0000] {dag.py:3954} INFO - Setting next_dagrun for produce_json to 2026-05-29 11:00:00+00:00, run_after=2026-05-30 11:00:00+00:00
[2026-05-30T06:38:39.501+0000] {logging_mixin.py:188} INFO - [2026-05-30T06:38:39.501+0000] {dag.py:3954} INFO - Setting next_dagrun for update_db to 2026-05-29 12:00:00+00:00, run_after=2026-05-30 12:00:00+00:00
[2026-05-30T06:38:39.579+0000] {processor.py:183} INFO - Processing /opt/airflow/dags/main.py took 0.538 seconds
[2026-05-30T06:39:10.108+0000] {processor.py:161} INFO - Started process (PID=300) to work on /opt/airflow/dags/main.py
[2026-05-30T06:39:10.111+0000] {processor.py:830} INFO - Processing file /opt/airflow/dags/main.py for tasks to queue
[2026-05-30T06:39:10.118+0000] {logging_mixin.py:188} INFO - [2026-05-30T06:39:10.116+0000] {dagbag.py:545} INFO - Filling up the DagBag from /opt/airflow/dags/main.py
[2026-05-30T06:39:10.498+0000] {processor.py:840} INFO - DAG(s) 'produce_json', 'data_quality', 'update_db' retrieved from /opt/airflow/dags/main.py
[2026-05-30T06:39:10.569+0000] {logging_mixin.py:188} INFO - [2026-05-30T06:39:10.569+0000] {dag.py:3096} INFO - Sync 3 DAGs
[2026-05-30T06:39:10.599+0000] {logging_mixin.py:188} INFO - [2026-05-30T06:39:10.599+0000] {dag.py:3954} INFO - Setting next_dagrun for data_quality to 2026-05-29 13:00:00+00:00, run_after=2026-05-30 13:00:00+00:00
[2026-05-30T06:39:10.606+0000] {logging_mixin.py:188} INFO - [2026-05-30T06:39:10.606+0000] {dag.py:3954} INFO - Setting next_dagrun for produce_json to 2026-05-29 11:00:00+00:00, run_after=2026-05-30 11:00:00+00:00
[2026-05-30T06:39:10.610+0000] {logging_mixin.py:188} INFO - [2026-05-30T06:39:10.610+0000] {dag.py:3954} INFO - Setting next_dagrun for update_db to 2026-05-29 12:00:00+00:00, run_after=2026-05-30 12:00:00+00:00
[2026-05-30T06:39:10.631+0000] {processor.py:183} INFO - Processing /opt/airflow/dags/main.py took 0.540 seconds
[2026-05-30T06:39:40.980+0000] {processor.py:161} INFO - Started process (PID=307) to work on /opt/airflow/dags/main.py
[2026-05-30T06:39:40.983+0000] {processor.py:830} INFO - Processing file /opt/airflow/dags/main.py for tasks to queue
[2026-05-30T06:39:40.988+0000] {logging_mixin.py:188} INFO - [2026-05-30T06:39:40.987+0000] {dagbag.py:545} INFO - Filling up the DagBag from /opt/airflow/dags/main.py
[2026-05-30T06:39:41.298+0000] {processor.py:840} INFO - DAG(s) 'update_db', 'data_quality', 'produce_json' retrieved from /opt/airflow/dags/main.py
[2026-05-30T06:39:41.348+0000] {logging_mixin.py:188} INFO - [2026-05-30T06:39:41.348+0000] {dag.py:3096} INFO - Sync 3 DAGs
[2026-05-30T06:39:41.384+0000] {logging_mixin.py:188} INFO - [2026-05-30T06:39:41.384+0000] {dag.py:3954} INFO - Setting next_dagrun for data_quality to 2026-05-29 13:00:00+00:00, run_after=2026-05-30 13:00:00+00:00
[2026-05-30T06:39:41.395+0000] {logging_mixin.py:188} INFO - [2026-05-30T06:39:41.395+0000] {dag.py:3954} INFO - Setting next_dagrun for produce_json to 2026-05-29 11:00:00+00:00, run_after=2026-05-30 11:00:00+00:00
[2026-05-30T06:39:41.404+0000] {logging_mixin.py:188} INFO - [2026-05-30T06:39:41.404+0000] {dag.py:3954} INFO - Setting next_dagrun for update_db to 2026-05-29 12:00:00+00:00, run_after=2026-05-30 12:00:00+00:00
[2026-05-30T06:39:41.470+0000] {processor.py:183} INFO - Processing /opt/airflow/dags/main.py took 0.511 seconds
[2026-05-30T06:44:32.927+0000] {processor.py:161} INFO - Started process (PID=314) to work on /opt/airflow/dags/main.py
[2026-05-30T06:44:32.930+0000] {processor.py:830} INFO - Processing file /opt/airflow/dags/main.py for tasks to queue
[2026-05-30T06:44:32.942+0000] {logging_mixin.py:188} INFO - [2026-05-30T06:44:32.941+0000] {dagbag.py:545} INFO - Filling up the DagBag from /opt/airflow/dags/main.py
[2026-05-30T06:44:33.290+0000] {processor.py:840} INFO - DAG(s) 'update_db', 'data_quality', 'produce_json' retrieved from /opt/airflow/dags/main.py
[2026-05-30T06:44:33.358+0000] {logging_mixin.py:188} INFO - [2026-05-30T06:44:33.357+0000] {dag.py:3096} INFO - Sync 3 DAGs
[2026-05-30T06:44:33.438+0000] {logging_mixin.py:188} INFO - [2026-05-30T06:44:33.438+0000] {dag.py:3954} INFO - Setting next_dagrun for data_quality to 2026-05-29 13:00:00+00:00, run_after=2026-05-30 13:00:00+00:00
[2026-05-30T06:44:33.463+0000] {logging_mixin.py:188} INFO - [2026-05-30T06:44:33.463+0000] {dag.py:3954} INFO - Setting next_dagrun for produce_json to 2026-05-29 11:00:00+00:00, run_after=2026-05-30 11:00:00+00:00
[2026-05-30T06:44:33.477+0000] {logging_mixin.py:188} INFO - [2026-05-30T06:44:33.476+0000] {dag.py:3954} INFO - Setting next_dagrun for update_db to 2026-05-29 12:00:00+00:00, run_after=2026-05-30 12:00:00+00:00
[2026-05-30T06:44:33.515+0000] {processor.py:183} INFO - Processing /opt/airflow/dags/main.py took 0.616 seconds
[2026-05-30T06:45:03.738+0000] {processor.py:161} INFO - Started process (PID=321) to work on /opt/airflow/dags/main.py
[2026-05-30T06:45:03.739+0000] {processor.py:830} INFO - Processing file /opt/airflow/dags/main.py for tasks to queue
[2026-05-30T06:45:03.741+0000] {logging_mixin.py:188} INFO - [2026-05-30T06:45:03.741+0000] {dagbag.py:545} INFO - Filling up the DagBag from /opt/airflow/dags/main.py
[2026-05-30T06:45:03.929+0000] {processor.py:840} INFO - DAG(s) 'produce_json', 'data_quality', 'update_db' retrieved from /opt/airflow/dags/main.py
[2026-05-30T06:45:03.964+0000] {logging_mixin.py:188} INFO - [2026-05-30T06:45:03.963+0000] {dag.py:3096} INFO - Sync 3 DAGs
[2026-05-30T06:45:03.984+0000] {logging_mixin.py:188} INFO - [2026-05-30T06:45:03.984+0000] {dag.py:3954} INFO - Setting next_dagrun for data_quality to 2026-05-29 13:00:00+00:00, run_after=2026-05-30 13:00:00+00:00
[2026-05-30T06:45:03.989+0000] {logging_mixin.py:188} INFO - [2026-05-30T06:45:03.989+0000] {dag.py:3954} INFO - Setting next_dagrun for produce_json to 2026-05-29 11:00:00+00:00, run_after=2026-05-30 11:00:00+00:00
[2026-05-30T06:45:03.992+0000] {logging_mixin.py:188} INFO - [2026-05-30T06:45:03.992+0000] {dag.py:3954} INFO - Setting next_dagrun for update_db to 2026-05-29 12:00:00+00:00, run_after=2026-05-30 12:00:00+00:00
[2026-05-30T06:45:04.047+0000] {processor.py:183} INFO - Processing /opt/airflow/dags/main.py took 0.315 seconds
[2026-05-30T06:45:34.261+0000] {processor.py:161} INFO - Started process (PID=328) to work on /opt/airflow/dags/main.py
[2026-05-30T06:45:34.262+0000] {processor.py:830} INFO - Processing file /opt/airflow/dags/main.py for tasks to queue
[2026-05-30T06:45:34.265+0000] {logging_mixin.py:188} INFO - [2026-05-30T06:45:34.264+0000] {dagbag.py:545} INFO - Filling up the DagBag from /opt/airflow/dags/main.py
[2026-05-30T06:45:34.446+0000] {processor.py:840} INFO - DAG(s) 'produce_json', 'update_db', 'data_quality' retrieved from /opt/airflow/dags/main.py
[2026-05-30T06:45:34.478+0000] {logging_mixin.py:188} INFO - [2026-05-30T06:45:34.478+0000] {dag.py:3096} INFO - Sync 3 DAGs
[2026-05-30T06:45:34.498+0000] {logging_mixin.py:188} INFO - [2026-05-30T06:45:34.498+0000] {dag.py:3954} INFO - Setting next_dagrun for data_quality to 2026-05-29 13:00:00+00:00, run_after=2026-05-30 13:00:00+00:00
[2026-05-30T06:45:34.504+0000] {logging_mixin.py:188} INFO - [2026-05-30T06:45:34.503+0000] {dag.py:3954} INFO - Setting next_dagrun for produce_json to 2026-05-29 11:00:00+00:00, run_after=2026-05-30 11:00:00+00:00
[2026-05-30T06:45:34.506+0000] {logging_mixin.py:188} INFO - [2026-05-30T06:45:34.506+0000] {dag.py:3954} INFO - Setting next_dagrun for update_db to 2026-05-29 12:00:00+00:00, run_after=2026-05-30 12:00:00+00:00
[2026-05-30T06:45:34.561+0000] {processor.py:183} INFO - Processing /opt/airflow/dags/main.py took 0.307 seconds
[2026-05-30T06:46:04.866+0000] {processor.py:161} INFO - Started process (PID=335) to work on /opt/airflow/dags/main.py
[2026-05-30T06:46:04.870+0000] {processor.py:830} INFO - Processing file /opt/airflow/dags/main.py for tasks to queue
[2026-05-30T06:46:04.876+0000] {logging_mixin.py:188} INFO - [2026-05-30T06:46:04.875+0000] {dagbag.py:545} INFO - Filling up the DagBag from /opt/airflow/dags/main.py
[2026-05-30T06:46:05.244+0000] {processor.py:840} INFO - DAG(s) 'update_db', 'data_quality', 'produce_json' retrieved from /opt/airflow/dags/main.py
[2026-05-30T06:46:05.324+0000] {logging_mixin.py:188} INFO - [2026-05-30T06:46:05.324+0000] {dag.py:3096} INFO - Sync 3 DAGs
[2026-05-30T06:46:05.360+0000] {logging_mixin.py:188} INFO - [2026-05-30T06:46:05.360+0000] {dag.py:3954} INFO - Setting next_dagrun for data_quality to 2026-05-29 13:00:00+00:00, run_after=2026-05-30 13:00:00+00:00
[2026-05-30T06:46:05.368+0000] {logging_mixin.py:188} INFO - [2026-05-30T06:46:05.368+0000] {dag.py:3954} INFO - Setting next_dagrun for produce_json to 2026-05-29 11:00:00+00:00, run_after=2026-05-30 11:00:00+00:00
[2026-05-30T06:46:05.371+0000] {logging_mixin.py:188} INFO - [2026-05-30T06:46:05.371+0000] {dag.py:3954} INFO - Setting next_dagrun for update_db to 2026-05-29 12:00:00+00:00, run_after=2026-05-30 12:00:00+00:00
[2026-05-30T06:46:05.441+0000] {processor.py:183} INFO - Processing /opt/airflow/dags/main.py took 0.596 seconds
[2026-05-30T06:46:35.889+0000] {processor.py:161} INFO - Started process (PID=342) to work on /opt/airflow/dags/main.py
[2026-05-30T06:46:35.891+0000] {processor.py:830} INFO - Processing file /opt/airflow/dags/main.py for tasks to queue
[2026-05-30T06:46:35.895+0000] {logging_mixin.py:188} INFO - [2026-05-30T06:46:35.894+0000] {dagbag.py:545} INFO - Filling up the DagBag from /opt/airflow/dags/main.py
[2026-05-30T06:46:36.209+0000] {processor.py:840} INFO - DAG(s) 'update_db', 'produce_json', 'data_quality' retrieved from /opt/airflow/dags/main.py
[2026-05-30T06:46:36.259+0000] {logging_mixin.py:188} INFO - [2026-05-30T06:46:36.259+0000] {dag.py:3096} INFO - Sync 3 DAGs
[2026-05-30T06:46:36.288+0000] {logging_mixin.py:188} INFO - [2026-05-30T06:46:36.287+0000] {dag.py:3954} INFO - Setting next_dagrun for data_quality to 2026-05-29 13:00:00+00:00, run_after=2026-05-30 13:00:00+00:00
[2026-05-30T06:46:36.295+0000] {logging_mixin.py:188} INFO - [2026-05-30T06:46:36.294+0000] {dag.py:3954} INFO - Setting next_dagrun for produce_json to 2026-05-29 11:00:00+00:00, run_after=2026-05-30 11:00:00+00:00
[2026-05-30T06:46:36.299+0000] {logging_mixin.py:188} INFO - [2026-05-30T06:46:36.299+0000] {dag.py:3954} INFO - Setting next_dagrun for update_db to 2026-05-29 12:00:00+00:00, run_after=2026-05-30 12:00:00+00:00
[2026-05-30T06:46:36.359+0000] {processor.py:183} INFO - Processing /opt/airflow/dags/main.py took 0.481 seconds
[2026-05-30T06:47:06.839+0000] {processor.py:161} INFO - Started process (PID=349) to work on /opt/airflow/dags/main.py
[2026-05-30T06:47:06.843+0000] {processor.py:830} INFO - Processing file /opt/airflow/dags/main.py for tasks to queue
[2026-05-30T06:47:06.848+0000] {logging_mixin.py:188} INFO - [2026-05-30T06:47:06.847+0000] {dagbag.py:545} INFO - Filling up the DagBag from /opt/airflow/dags/main.py
[2026-05-30T06:47:07.149+0000] {processor.py:840} INFO - DAG(s) 'data_quality', 'update_db', 'produce_json' retrieved from /opt/airflow/dags/main.py
[2026-05-30T06:47:07.198+0000] {logging_mixin.py:188} INFO - [2026-05-30T06:47:07.197+0000] {dag.py:3096} INFO - Sync 3 DAGs
[2026-05-30T06:47:07.242+0000] {logging_mixin.py:188} INFO - [2026-05-30T06:47:07.241+0000] {dag.py:3954} INFO - Setting next_dagrun for data_quality to 2026-05-29 13:00:00+00:00, run_after=2026-05-30 13:00:00+00:00
[2026-05-30T06:47:07.255+0000] {logging_mixin.py:188} INFO - [2026-05-30T06:47:07.254+0000] {dag.py:3954} INFO - Setting next_dagrun for produce_json to 2026-05-29 11:00:00+00:00, run_after=2026-05-30 11:00:00+00:00
[2026-05-30T06:47:07.263+0000] {logging_mixin.py:188} INFO - [2026-05-30T06:47:07.262+0000] {dag.py:3954} INFO - Setting next_dagrun for update_db to 2026-05-29 12:00:00+00:00, run_after=2026-05-30 12:00:00+00:00
[2026-05-30T06:47:07.345+0000] {processor.py:183} INFO - Processing /opt/airflow/dags/main.py took 0.528 seconds
[2026-05-30T06:47:37.726+0000] {processor.py:161} INFO - Started process (PID=356) to work on /opt/airflow/dags/main.py
[2026-05-30T06:47:37.728+0000] {processor.py:830} INFO - Processing file /opt/airflow/dags/main.py for tasks to queue
[2026-05-30T06:47:37.732+0000] {logging_mixin.py:188} INFO - [2026-05-30T06:47:37.731+0000] {dagbag.py:545} INFO - Filling up the DagBag from /opt/airflow/dags/main.py
[2026-05-30T06:47:38.084+0000] {processor.py:840} INFO - DAG(s) 'update_db', 'data_quality', 'produce_json' retrieved from /opt/airflow/dags/main.py
[2026-05-30T06:47:38.134+0000] {logging_mixin.py:188} INFO - [2026-05-30T06:47:38.134+0000] {dag.py:3096} INFO - Sync 3 DAGs
[2026-05-30T06:47:38.167+0000] {logging_mixin.py:188} INFO - [2026-05-30T06:47:38.166+0000] {dag.py:3954} INFO - Setting next_dagrun for data_quality to 2026-05-29 13:00:00+00:00, run_after=2026-05-30 13:00:00+00:00
[2026-05-30T06:47:38.176+0000] {logging_mixin.py:188} INFO - [2026-05-30T06:47:38.175+0000] {dag.py:3954} INFO - Setting next_dagrun for produce_json to 2026-05-29 11:00:00+00:00, run_after=2026-05-30 11:00:00+00:00
[2026-05-30T06:47:38.181+0000] {logging_mixin.py:188} INFO - [2026-05-30T06:47:38.181+0000] {dag.py:3954} INFO - Setting next_dagrun for update_db to 2026-05-29 12:00:00+00:00, run_after=2026-05-30 12:00:00+00:00
[2026-05-30T06:47:38.269+0000] {processor.py:183} INFO - Processing /opt/airflow/dags/main.py took 0.565 seconds
[2026-05-30T06:48:08.813+0000] {processor.py:161} INFO - Started process (PID=363) to work on /opt/airflow/dags/main.py
[2026-05-30T06:48:08.816+0000] {processor.py:830} INFO - Processing file /opt/airflow/dags/main.py for tasks to queue
[2026-05-30T06:48:08.820+0000] {logging_mixin.py:188} INFO - [2026-05-30T06:48:08.819+0000] {dagbag.py:545} INFO - Filling up the DagBag from /opt/airflow/dags/main.py
[2026-05-30T06:48:09.115+0000] {processor.py:840} INFO - DAG(s) 'data_quality', 'update_db', 'produce_json' retrieved from /opt/airflow/dags/main.py
[2026-05-30T06:48:09.192+0000] {logging_mixin.py:188} INFO - [2026-05-30T06:48:09.191+0000] {dag.py:3096} INFO - Sync 3 DAGs
[2026-05-30T06:48:09.233+0000] {logging_mixin.py:188} INFO - [2026-05-30T06:48:09.233+0000] {dag.py:3954} INFO - Setting next_dagrun for data_quality to 2026-05-29 13:00:00+00:00, run_after=2026-05-30 13:00:00+00:00
[2026-05-30T06:48:09.240+0000] {logging_mixin.py:188} INFO - [2026-05-30T06:48:09.240+0000] {dag.py:3954} INFO - Setting next_dagrun for produce_json to 2026-05-29 11:00:00+00:00, run_after=2026-05-30 11:00:00+00:00
[2026-05-30T06:48:09.244+0000] {logging_mixin.py:188} INFO - [2026-05-30T06:48:09.244+0000] {dag.py:3954} INFO - Setting next_dagrun for update_db to 2026-05-29 12:00:00+00:00, run_after=2026-05-30 12:00:00+00:00
[2026-05-30T06:48:09.322+0000] {processor.py:183} INFO - Processing /opt/airflow/dags/main.py took 0.532 seconds
[2026-05-30T06:48:39.609+0000] {processor.py:161} INFO - Started process (PID=370) to work on /opt/airflow/dags/main.py
[2026-05-30T06:48:39.612+0000] {processor.py:830} INFO - Processing file /opt/airflow/dags/main.py for tasks to queue
[2026-05-30T06:48:39.617+0000] {logging_mixin.py:188} INFO - [2026-05-30T06:48:39.616+0000] {dagbag.py:545} INFO - Filling up the DagBag from /opt/airflow/dags/main.py
[2026-05-30T06:48:39.993+0000] {processor.py:840} INFO - DAG(s) 'produce_json', 'update_db', 'data_quality' retrieved from /opt/airflow/dags/main.py
[2026-05-30T06:48:40.061+0000] {logging_mixin.py:188} INFO - [2026-05-30T06:48:40.061+0000] {dag.py:3096} INFO - Sync 3 DAGs
[2026-05-30T06:48:40.112+0000] {logging_mixin.py:188} INFO - [2026-05-30T06:48:40.111+0000] {dag.py:3954} INFO - Setting next_dagrun for data_quality to 2026-05-29 13:00:00+00:00, run_after=2026-05-30 13:00:00+00:00
[2026-05-30T06:48:40.126+0000] {logging_mixin.py:188} INFO - [2026-05-30T06:48:40.126+0000] {dag.py:3954} INFO - Setting next_dagrun for produce_json to 2026-05-29 11:00:00+00:00, run_after=2026-05-30 11:00:00+00:00
[2026-05-30T06:48:40.135+0000] {logging_mixin.py:188} INFO - [2026-05-30T06:48:40.134+0000] {dag.py:3954} INFO - Setting next_dagrun for update_db to 2026-05-29 12:00:00+00:00, run_after=2026-05-30 12:00:00+00:00
[2026-05-30T06:48:40.184+0000] {processor.py:183} INFO - Processing /opt/airflow/dags/main.py took 0.600 seconds
[2026-05-30T06:49:10.653+0000] {processor.py:161} INFO - Started process (PID=377) to work on /opt/airflow/dags/main.py
[2026-05-30T06:49:10.655+0000] {processor.py:830} INFO - Processing file /opt/airflow/dags/main.py for tasks to queue
[2026-05-30T06:49:10.661+0000] {logging_mixin.py:188} INFO - [2026-05-30T06:49:10.660+0000] {dagbag.py:545} INFO - Filling up the DagBag from /opt/airflow/dags/main.py
[2026-05-30T06:49:11.023+0000] {processor.py:840} INFO - DAG(s) 'update_db', 'produce_json', 'data_quality' retrieved from /opt/airflow/dags/main.py
[2026-05-30T06:49:11.066+0000] {logging_mixin.py:188} INFO - [2026-05-30T06:49:11.065+0000] {dag.py:3096} INFO - Sync 3 DAGs
[2026-05-30T06:49:11.094+0000] {logging_mixin.py:188} INFO - [2026-05-30T06:49:11.094+0000] {dag.py:3954} INFO - Setting next_dagrun for data_quality to 2026-05-29 13:00:00+00:00, run_after=2026-05-30 13:00:00+00:00
[2026-05-30T06:49:11.104+0000] {logging_mixin.py:188} INFO - [2026-05-30T06:49:11.103+0000] {dag.py:3954} INFO - Setting next_dagrun for produce_json to 2026-05-29 11:00:00+00:00, run_after=2026-05-30 11:00:00+00:00
[2026-05-30T06:49:11.109+0000] {logging_mixin.py:188} INFO - [2026-05-30T06:49:11.109+0000] {dag.py:3954} INFO - Setting next_dagrun for update_db to 2026-05-29 12:00:00+00:00, run_after=2026-05-30 12:00:00+00:00
[2026-05-30T06:49:11.198+0000] {processor.py:183} INFO - Processing /opt/airflow/dags/main.py took 0.558 seconds
[2026-05-30T06:49:41.316+0000] {processor.py:161} INFO - Started process (PID=384) to work on /opt/airflow/dags/main.py
[2026-05-30T06:49:41.318+0000] {processor.py:830} INFO - Processing file /opt/airflow/dags/main.py for tasks to queue
[2026-05-30T06:49:41.321+0000] {logging_mixin.py:188} INFO - [2026-05-30T06:49:41.321+0000] {dagbag.py:545} INFO - Filling up the DagBag from /opt/airflow/dags/main.py
[2026-05-30T06:49:41.599+0000] {processor.py:840} INFO - DAG(s) 'update_db', 'data_quality', 'produce_json' retrieved from /opt/airflow/dags/main.py
[2026-05-30T06:49:41.669+0000] {logging_mixin.py:188} INFO - [2026-05-30T06:49:41.669+0000] {dag.py:3096} INFO - Sync 3 DAGs
[2026-05-30T06:49:41.697+0000] {logging_mixin.py:188} INFO - [2026-05-30T06:49:41.696+0000] {dag.py:3954} INFO - Setting next_dagrun for data_quality to 2026-05-29 13:00:00+00:00, run_after=2026-05-30 13:00:00+00:00
[2026-05-30T06:49:41.703+0000] {logging_mixin.py:188} INFO - [2026-05-30T06:49:41.703+0000] {dag.py:3954} INFO - Setting next_dagrun for produce_json to 2026-05-29 11:00:00+00:00, run_after=2026-05-30 11:00:00+00:00
[2026-05-30T06:49:41.707+0000] {logging_mixin.py:188} INFO - [2026-05-30T06:49:41.707+0000] {dag.py:3954} INFO - Setting next_dagrun for update_db to 2026-05-29 12:00:00+00:00, run_after=2026-05-30 12:00:00+00:00
[2026-05-30T06:49:41.728+0000] {processor.py:183} INFO - Processing /opt/airflow/dags/main.py took 0.421 seconds
[2026-05-30T06:50:12.196+0000] {processor.py:161} INFO - Started process (PID=391) to work on /opt/airflow/dags/main.py
[2026-05-30T06:50:12.197+0000] {processor.py:830} INFO - Processing file /opt/airflow/dags/main.py for tasks to queue
[2026-05-30T06:50:12.199+0000] {logging_mixin.py:188} INFO - [2026-05-30T06:50:12.199+0000] {dagbag.py:545} INFO - Filling up the DagBag from /opt/airflow/dags/main.py
[2026-05-30T06:50:12.474+0000] {processor.py:840} INFO - DAG(s) 'produce_json', 'data_quality', 'update_db' retrieved from /opt/airflow/dags/main.py
[2026-05-30T06:50:12.527+0000] {logging_mixin.py:188} INFO - [2026-05-30T06:50:12.527+0000] {dag.py:3096} INFO - Sync 3 DAGs
[2026-05-30T06:50:12.569+0000] {logging_mixin.py:188} INFO - [2026-05-30T06:50:12.569+0000] {dag.py:3954} INFO - Setting next_dagrun for data_quality to 2026-05-29 13:00:00+00:00, run_after=2026-05-30 13:00:00+00:00
[2026-05-30T06:50:12.577+0000] {logging_mixin.py:188} INFO - [2026-05-30T06:50:12.577+0000] {dag.py:3954} INFO - Setting next_dagrun for produce_json to 2026-05-29 11:00:00+00:00, run_after=2026-05-30 11:00:00+00:00
[2026-05-30T06:50:12.581+0000] {logging_mixin.py:188} INFO - [2026-05-30T06:50:12.581+0000] {dag.py:3954} INFO - Setting next_dagrun for update_db to 2026-05-29 12:00:00+00:00, run_after=2026-05-30 12:00:00+00:00
[2026-05-30T06:50:12.604+0000] {processor.py:183} INFO - Processing /opt/airflow/dags/main.py took 0.417 seconds
[2026-05-30T06:50:42.958+0000] {processor.py:161} INFO - Started process (PID=398) to work on /opt/airflow/dags/main.py
[2026-05-30T06:50:42.960+0000] {processor.py:830} INFO - Processing file /opt/airflow/dags/main.py for tasks to queue
[2026-05-30T06:50:42.965+0000] {logging_mixin.py:188} INFO - [2026-05-30T06:50:42.965+0000] {dagbag.py:545} INFO - Filling up the DagBag from /opt/airflow/dags/main.py
[2026-05-30T06:50:43.307+0000] {processor.py:840} INFO - DAG(s) 'produce_json', 'update_db', 'data_quality' retrieved from /opt/airflow/dags/main.py
[2026-05-30T06:50:43.378+0000] {logging_mixin.py:188} INFO - [2026-05-30T06:50:43.378+0000] {dag.py:3096} INFO - Sync 3 DAGs
[2026-05-30T06:50:43.413+0000] {logging_mixin.py:188} INFO - [2026-05-30T06:50:43.413+0000] {dag.py:3954} INFO - Setting next_dagrun for data_quality to 2026-05-29 13:00:00+00:00, run_after=2026-05-30 13:00:00+00:00
[2026-05-30T06:50:43.423+0000] {logging_mixin.py:188} INFO - [2026-05-30T06:50:43.423+0000] {dag.py:3954} INFO - Setting next_dagrun for produce_json to 2026-05-29 11:00:00+00:00, run_after=2026-05-30 11:00:00+00:00
[2026-05-30T06:50:43.429+0000] {logging_mixin.py:188} INFO - [2026-05-30T06:50:43.428+0000] {dag.py:3954} INFO - Setting next_dagrun for update_db to 2026-05-29 12:00:00+00:00, run_after=2026-05-30 12:00:00+00:00
[2026-05-30T06:50:43.465+0000] {processor.py:183} INFO - Processing /opt/airflow/dags/main.py took 0.525 seconds
[2026-05-30T06:51:13.905+0000] {processor.py:161} INFO - Started process (PID=405) to work on /opt/airflow/dags/main.py
[2026-05-30T06:51:13.908+0000] {processor.py:830} INFO - Processing file /opt/airflow/dags/main.py for tasks to queue
[2026-05-30T06:51:13.913+0000] {logging_mixin.py:188} INFO - [2026-05-30T06:51:13.912+0000] {dagbag.py:545} INFO - Filling up the DagBag from /opt/airflow/dags/main.py
[2026-05-30T06:51:14.225+0000] {processor.py:840} INFO - DAG(s) 'update_db', 'produce_json', 'data_quality' retrieved from /opt/airflow/dags/main.py
[2026-05-30T06:51:14.277+0000] {logging_mixin.py:188} INFO - [2026-05-30T06:51:14.276+0000] {dag.py:3096} INFO - Sync 3 DAGs
[2026-05-30T06:51:14.306+0000] {logging_mixin.py:188} INFO - [2026-05-30T06:51:14.306+0000] {dag.py:3954} INFO - Setting next_dagrun for data_quality to 2026-05-29 13:00:00+00:00, run_after=2026-05-30 13:00:00+00:00
[2026-05-30T06:51:14.313+0000] {logging_mixin.py:188} INFO - [2026-05-30T06:51:14.312+0000] {dag.py:3954} INFO - Setting next_dagrun for produce_json to 2026-05-29 11:00:00+00:00, run_after=2026-05-30 11:00:00+00:00
[2026-05-30T06:51:14.318+0000] {logging_mixin.py:188} INFO - [2026-05-30T06:51:14.318+0000] {dag.py:3954} INFO - Setting next_dagrun for update_db to 2026-05-29 12:00:00+00:00, run_after=2026-05-30 12:00:00+00:00
[2026-05-30T06:51:14.382+0000] {processor.py:183} INFO - Processing /opt/airflow/dags/main.py took 0.499 seconds
[2026-05-30T06:51:44.612+0000] {processor.py:161} INFO - Started process (PID=412) to work on /opt/airflow/dags/main.py
[2026-05-30T06:51:44.613+0000] {processor.py:830} INFO - Processing file /opt/airflow/dags/main.py for tasks to queue
[2026-05-30T06:51:44.616+0000] {logging_mixin.py:188} INFO - [2026-05-30T06:51:44.615+0000] {dagbag.py:545} INFO - Filling up the DagBag from /opt/airflow/dags/main.py
[2026-05-30T06:51:44.785+0000] {processor.py:840} INFO - DAG(s) 'produce_json', 'data_quality', 'update_db' retrieved from /opt/airflow/dags/main.py
[2026-05-30T06:51:44.828+0000] {logging_mixin.py:188} INFO - [2026-05-30T06:51:44.828+0000] {dag.py:3096} INFO - Sync 3 DAGs
[2026-05-30T06:51:44.856+0000] {logging_mixin.py:188} INFO - [2026-05-30T06:51:44.855+0000] {dag.py:3954} INFO - Setting next_dagrun for data_quality to 2026-05-29 13:00:00+00:00, run_after=2026-05-30 13:00:00+00:00
[2026-05-30T06:51:44.862+0000] {logging_mixin.py:188} INFO - [2026-05-30T06:51:44.862+0000] {dag.py:3954} INFO - Setting next_dagrun for produce_json to 2026-05-29 11:00:00+00:00, run_after=2026-05-30 11:00:00+00:00
[2026-05-30T06:51:44.869+0000] {logging_mixin.py:188} INFO - [2026-05-30T06:51:44.869+0000] {dag.py:3954} INFO - Setting next_dagrun for update_db to 2026-05-29 12:00:00+00:00, run_after=2026-05-30 12:00:00+00:00
[2026-05-30T06:51:44.928+0000] {processor.py:183} INFO - Processing /opt/airflow/dags/main.py took 0.323 seconds
[2026-05-30T06:52:15.063+0000] {processor.py:161} INFO - Started process (PID=420) to work on /opt/airflow/dags/main.py
[2026-05-30T06:52:15.065+0000] {processor.py:830} INFO - Processing file /opt/airflow/dags/main.py for tasks to queue
[2026-05-30T06:52:15.069+0000] {logging_mixin.py:188} INFO - [2026-05-30T06:52:15.068+0000] {dagbag.py:545} INFO - Filling up the DagBag from /opt/airflow/dags/main.py
[2026-05-30T06:52:15.304+0000] {processor.py:840} INFO - DAG(s) 'update_db', 'data_quality', 'produce_json' retrieved from /opt/airflow/dags/main.py
[2026-05-30T06:52:15.354+0000] {logging_mixin.py:188} INFO - [2026-05-30T06:52:15.354+0000] {dag.py:3096} INFO - Sync 3 DAGs
[2026-05-30T06:52:15.398+0000] {logging_mixin.py:188} INFO - [2026-05-30T06:52:15.397+0000] {dag.py:3954} INFO - Setting next_dagrun for data_quality to 2026-05-29 13:00:00+00:00, run_after=2026-05-30 13:00:00+00:00
[2026-05-30T06:52:15.408+0000] {logging_mixin.py:188} INFO - [2026-05-30T06:52:15.408+0000] {dag.py:3954} INFO - Setting next_dagrun for produce_json to 2026-05-29 11:00:00+00:00, run_after=2026-05-30 11:00:00+00:00
[2026-05-30T06:52:15.414+0000] {logging_mixin.py:188} INFO - [2026-05-30T06:52:15.413+0000] {dag.py:3954} INFO - Setting next_dagrun for update_db to 2026-05-29 12:00:00+00:00, run_after=2026-05-30 12:00:00+00:00
[2026-05-30T06:52:15.478+0000] {processor.py:183} INFO - Processing /opt/airflow/dags/main.py took 0.426 seconds
[2026-05-30T06:52:45.628+0000] {processor.py:161} INFO - Started process (PID=427) to work on /opt/airflow/dags/main.py
[2026-05-30T06:52:45.630+0000] {processor.py:830} INFO - Processing file /opt/airflow/dags/main.py for tasks to queue
[2026-05-30T06:52:45.633+0000] {logging_mixin.py:188} INFO - [2026-05-30T06:52:45.633+0000] {dagbag.py:545} INFO - Filling up the DagBag from /opt/airflow/dags/main.py
[2026-05-30T06:52:45.875+0000] {processor.py:840} INFO - DAG(s) 'data_quality', 'update_db', 'produce_json' retrieved from /opt/airflow/dags/main.py
[2026-05-30T06:52:45.924+0000] {logging_mixin.py:188} INFO - [2026-05-30T06:52:45.924+0000] {dag.py:3096} INFO - Sync 3 DAGs
[2026-05-30T06:52:45.957+0000] {logging_mixin.py:188} INFO - [2026-05-30T06:52:45.957+0000] {dag.py:3954} INFO - Setting next_dagrun for data_quality to 2026-05-29 13:00:00+00:00, run_after=2026-05-30 13:00:00+00:00
[2026-05-30T06:52:45.965+0000] {logging_mixin.py:188} INFO - [2026-05-30T06:52:45.965+0000] {dag.py:3954} INFO - Setting next_dagrun for produce_json to 2026-05-29 11:00:00+00:00, run_after=2026-05-30 11:00:00+00:00
[2026-05-30T06:52:45.973+0000] {logging_mixin.py:188} INFO - [2026-05-30T06:52:45.972+0000] {dag.py:3954} INFO - Setting next_dagrun for update_db to 2026-05-29 12:00:00+00:00, run_after=2026-05-30 12:00:00+00:00
[2026-05-30T06:52:46.008+0000] {processor.py:183} INFO - Processing /opt/airflow/dags/main.py took 0.392 seconds
[2026-05-30T06:53:16.250+0000] {processor.py:161} INFO - Started process (PID=434) to work on /opt/airflow/dags/main.py
[2026-05-30T06:53:16.253+0000] {processor.py:830} INFO - Processing file /opt/airflow/dags/main.py for tasks to queue
[2026-05-30T06:53:16.257+0000] {logging_mixin.py:188} INFO - [2026-05-30T06:53:16.257+0000] {dagbag.py:545} INFO - Filling up the DagBag from /opt/airflow/dags/main.py
[2026-05-30T06:53:16.511+0000] {processor.py:840} INFO - DAG(s) 'data_quality', 'update_db', 'produce_json' retrieved from /opt/airflow/dags/main.py
[2026-05-30T06:53:16.581+0000] {logging_mixin.py:188} INFO - [2026-05-30T06:53:16.581+0000] {dag.py:3096} INFO - Sync 3 DAGs
[2026-05-30T06:53:16.610+0000] {logging_mixin.py:188} INFO - [2026-05-30T06:53:16.610+0000] {dag.py:3954} INFO - Setting next_dagrun for data_quality to 2026-05-29 13:00:00+00:00, run_after=2026-05-30 13:00:00+00:00
[2026-05-30T06:53:16.618+0000] {logging_mixin.py:188} INFO - [2026-05-30T06:53:16.618+0000] {dag.py:3954} INFO - Setting next_dagrun for produce_json to 2026-05-29 11:00:00+00:00, run_after=2026-05-30 11:00:00+00:00
[2026-05-30T06:53:16.624+0000] {logging_mixin.py:188} INFO - [2026-05-30T06:53:16.624+0000] {dag.py:3954} INFO - Setting next_dagrun for update_db to 2026-05-29 12:00:00+00:00, run_after=2026-05-30 12:00:00+00:00
[2026-05-30T06:53:16.685+0000] {processor.py:183} INFO - Processing /opt/airflow/dags/main.py took 0.452 seconds
[2026-05-30T06:53:47.111+0000] {processor.py:161} INFO - Started process (PID=441) to work on /opt/airflow/dags/main.py
[2026-05-30T06:53:47.114+0000] {processor.py:830} INFO - Processing file /opt/airflow/dags/main.py for tasks to queue
[2026-05-30T06:53:47.118+0000] {logging_mixin.py:188} INFO - [2026-05-30T06:53:47.117+0000] {dagbag.py:545} INFO - Filling up the DagBag from /opt/airflow/dags/main.py
[2026-05-30T06:53:47.387+0000] {processor.py:840} INFO - DAG(s) 'update_db', 'data_quality', 'produce_json' retrieved from /opt/airflow/dags/main.py
[2026-05-30T06:53:47.459+0000] {logging_mixin.py:188} INFO - [2026-05-30T06:53:47.458+0000] {dag.py:3096} INFO - Sync 3 DAGs
[2026-05-30T06:53:47.493+0000] {logging_mixin.py:188} INFO - [2026-05-30T06:53:47.493+0000] {dag.py:3954} INFO - Setting next_dagrun for data_quality to 2026-05-29 13:00:00+00:00, run_after=2026-05-30 13:00:00+00:00
[2026-05-30T06:53:47.501+0000] {logging_mixin.py:188} INFO - [2026-05-30T06:53:47.501+0000] {dag.py:3954} INFO - Setting next_dagrun for produce_json to 2026-05-29 11:00:00+00:00, run_after=2026-05-30 11:00:00+00:00
[2026-05-30T06:53:47.507+0000] {logging_mixin.py:188} INFO - [2026-05-30T06:53:47.507+0000] {dag.py:3954} INFO - Setting next_dagrun for update_db to 2026-05-29 12:00:00+00:00, run_after=2026-05-30 12:00:00+00:00
[2026-05-30T06:53:47.538+0000] {processor.py:183} INFO - Processing /opt/airflow/dags/main.py took 0.443 seconds
[2026-05-30T06:54:18.035+0000] {processor.py:161} INFO - Started process (PID=448) to work on /opt/airflow/dags/main.py
[2026-05-30T06:54:18.038+0000] {processor.py:830} INFO - Processing file /opt/airflow/dags/main.py for tasks to queue
[2026-05-30T06:54:18.041+0000] {logging_mixin.py:188} INFO - [2026-05-30T06:54:18.041+0000] {dagbag.py:545} INFO - Filling up the DagBag from /opt/airflow/dags/main.py
[2026-05-30T06:54:18.324+0000] {processor.py:840} INFO - DAG(s) 'data_quality', 'produce_json', 'update_db' retrieved from /opt/airflow/dags/main.py
[2026-05-30T06:54:18.374+0000] {logging_mixin.py:188} INFO - [2026-05-30T06:54:18.373+0000] {dag.py:3096} INFO - Sync 3 DAGs
[2026-05-30T06:54:18.402+0000] {logging_mixin.py:188} INFO - [2026-05-30T06:54:18.401+0000] {dag.py:3954} INFO - Setting next_dagrun for data_quality to 2026-05-29 13:00:00+00:00, run_after=2026-05-30 13:00:00+00:00
[2026-05-30T06:54:18.409+0000] {logging_mixin.py:188} INFO - [2026-05-30T06:54:18.409+0000] {dag.py:3954} INFO - Setting next_dagrun for produce_json to 2026-05-29 11:00:00+00:00, run_after=2026-05-30 11:00:00+00:00
[2026-05-30T06:54:18.414+0000] {logging_mixin.py:188} INFO - [2026-05-30T06:54:18.414+0000] {dag.py:3954} INFO - Setting next_dagrun for update_db to 2026-05-29 12:00:00+00:00, run_after=2026-05-30 12:00:00+00:00
[2026-05-30T06:54:18.435+0000] {processor.py:183} INFO - Processing /opt/airflow/dags/main.py took 0.417 seconds
[2026-05-30T06:54:49.364+0000] {processor.py:161} INFO - Started process (PID=455) to work on /opt/airflow/dags/main.py
[2026-05-30T06:54:49.367+0000] {processor.py:830} INFO - Processing file /opt/airflow/dags/main.py for tasks to queue
[2026-05-30T06:54:49.371+0000] {logging_mixin.py:188} INFO - [2026-05-30T06:54:49.370+0000] {dagbag.py:545} INFO - Filling up the DagBag from /opt/airflow/dags/main.py
[2026-05-30T06:54:49.606+0000] {processor.py:840} INFO - DAG(s) 'produce_json', 'update_db', 'data_quality' retrieved from /opt/airflow/dags/main.py
[2026-05-30T06:54:49.656+0000] {logging_mixin.py:188} INFO - [2026-05-30T06:54:49.655+0000] {dag.py:3096} INFO - Sync 3 DAGs
[2026-05-30T06:54:49.690+0000] {logging_mixin.py:188} INFO - [2026-05-30T06:54:49.690+0000] {dag.py:3954} INFO - Setting next_dagrun for data_quality to 2026-05-29 13:00:00+00:00, run_after=2026-05-30 13:00:00+00:00
[2026-05-30T06:54:49.696+0000] {logging_mixin.py:188} INFO - [2026-05-30T06:54:49.696+0000] {dag.py:3954} INFO - Setting next_dagrun for produce_json to 2026-05-29 11:00:00+00:00, run_after=2026-05-30 11:00:00+00:00
[2026-05-30T06:54:49.700+0000] {logging_mixin.py:188} INFO - [2026-05-30T06:54:49.700+0000] {dag.py:3954} INFO - Setting next_dagrun for update_db to 2026-05-29 12:00:00+00:00, run_after=2026-05-30 12:00:00+00:00
[2026-05-30T06:54:49.747+0000] {processor.py:183} INFO - Processing /opt/airflow/dags/main.py took 0.399 seconds
[2026-05-30T06:55:20.214+0000] {processor.py:161} INFO - Started process (PID=462) to work on /opt/airflow/dags/main.py
[2026-05-30T06:55:20.217+0000] {processor.py:830} INFO - Processing file /opt/airflow/dags/main.py for tasks to queue
[2026-05-30T06:55:20.223+0000] {logging_mixin.py:188} INFO - [2026-05-30T06:55:20.222+0000] {dagbag.py:545} INFO - Filling up the DagBag from /opt/airflow/dags/main.py
[2026-05-30T06:55:20.489+0000] {processor.py:840} INFO - DAG(s) 'produce_json', 'data_quality', 'update_db' retrieved from /opt/airflow/dags/main.py
[2026-05-30T06:55:20.562+0000] {logging_mixin.py:188} INFO - [2026-05-30T06:55:20.562+0000] {dag.py:3096} INFO - Sync 3 DAGs
[2026-05-30T06:55:20.611+0000] {logging_mixin.py:188} INFO - [2026-05-30T06:55:20.611+0000] {dag.py:3954} INFO - Setting next_dagrun for data_quality to 2026-05-29 13:00:00+00:00, run_after=2026-05-30 13:00:00+00:00
[2026-05-30T06:55:20.622+0000] {logging_mixin.py:188} INFO - [2026-05-30T06:55:20.622+0000] {dag.py:3954} INFO - Setting next_dagrun for produce_json to 2026-05-29 11:00:00+00:00, run_after=2026-05-30 11:00:00+00:00
[2026-05-30T06:55:20.629+0000] {logging_mixin.py:188} INFO - [2026-05-30T06:55:20.629+0000] {dag.py:3954} INFO - Setting next_dagrun for update_db to 2026-05-29 12:00:00+00:00, run_after=2026-05-30 12:00:00+00:00
[2026-05-30T06:55:20.670+0000] {processor.py:183} INFO - Processing /opt/airflow/dags/main.py took 0.480 seconds
[2026-05-30T06:55:51.065+0000] {processor.py:161} INFO - Started process (PID=469) to work on /opt/airflow/dags/main.py
[2026-05-30T06:55:51.067+0000] {processor.py:830} INFO - Processing file /opt/airflow/dags/main.py for tasks to queue
[2026-05-30T06:55:51.070+0000] {logging_mixin.py:188} INFO - [2026-05-30T06:55:51.069+0000] {dagbag.py:545} INFO - Filling up the DagBag from /opt/airflow/dags/main.py
[2026-05-30T06:55:51.304+0000] {processor.py:840} INFO - DAG(s) 'data_quality', 'produce_json', 'update_db' retrieved from /opt/airflow/dags/main.py
[2026-05-30T06:55:51.347+0000] {logging_mixin.py:188} INFO - [2026-05-30T06:55:51.347+0000] {dag.py:3096} INFO - Sync 3 DAGs
[2026-05-30T06:55:51.372+0000] {logging_mixin.py:188} INFO - [2026-05-30T06:55:51.372+0000] {dag.py:3954} INFO - Setting next_dagrun for data_quality to 2026-05-29 13:00:00+00:00, run_after=2026-05-30 13:00:00+00:00
[2026-05-30T06:55:51.379+0000] {logging_mixin.py:188} INFO - [2026-05-30T06:55:51.379+0000] {dag.py:3954} INFO - Setting next_dagrun for produce_json to 2026-05-29 11:00:00+00:00, run_after=2026-05-30 11:00:00+00:00
[2026-05-30T06:55:51.384+0000] {logging_mixin.py:188} INFO - [2026-05-30T06:55:51.383+0000] {dag.py:3954} INFO - Setting next_dagrun for update_db to 2026-05-29 12:00:00+00:00, run_after=2026-05-30 12:00:00+00:00
[2026-05-30T06:55:51.469+0000] {processor.py:183} INFO - Processing /opt/airflow/dags/main.py took 0.414 seconds
[2026-05-30T06:56:21.950+0000] {processor.py:161} INFO - Started process (PID=476) to work on /opt/airflow/dags/main.py
[2026-05-30T06:56:21.953+0000] {processor.py:830} INFO - Processing file /opt/airflow/dags/main.py for tasks to queue
[2026-05-30T06:56:21.957+0000] {logging_mixin.py:188} INFO - [2026-05-30T06:56:21.956+0000] {dagbag.py:545} INFO - Filling up the DagBag from /opt/airflow/dags/main.py
[2026-05-30T06:56:22.340+0000] {processor.py:840} INFO - DAG(s) 'produce_json', 'data_quality', 'update_db' retrieved from /opt/airflow/dags/main.py
[2026-05-30T06:56:22.386+0000] {logging_mixin.py:188} INFO - [2026-05-30T06:56:22.386+0000] {dag.py:3096} INFO - Sync 3 DAGs
[2026-05-30T06:56:22.414+0000] {logging_mixin.py:188} INFO - [2026-05-30T06:56:22.413+0000] {dag.py:3954} INFO - Setting next_dagrun for data_quality to 2026-05-29 13:00:00+00:00, run_after=2026-05-30 13:00:00+00:00
[2026-05-30T06:56:22.420+0000] {logging_mixin.py:188} INFO - [2026-05-30T06:56:22.419+0000] {dag.py:3954} INFO - Setting next_dagrun for produce_json to 2026-05-29 11:00:00+00:00, run_after=2026-05-30 11:00:00+00:00
[2026-05-30T06:56:22.424+0000] {logging_mixin.py:188} INFO - [2026-05-30T06:56:22.424+0000] {dag.py:3954} INFO - Setting next_dagrun for update_db to 2026-05-29 12:00:00+00:00, run_after=2026-05-30 12:00:00+00:00
[2026-05-30T06:56:22.445+0000] {processor.py:183} INFO - Processing /opt/airflow/dags/main.py took 0.513 seconds
[2026-05-30T06:56:52.902+0000] {processor.py:161} INFO - Started process (PID=483) to work on /opt/airflow/dags/main.py
[2026-05-30T06:56:52.904+0000] {processor.py:830} INFO - Processing file /opt/airflow/dags/main.py for tasks to queue
[2026-05-30T06:56:52.906+0000] {logging_mixin.py:188} INFO - [2026-05-30T06:56:52.906+0000] {dagbag.py:545} INFO - Filling up the DagBag from /opt/airflow/dags/main.py
[2026-05-30T06:56:53.176+0000] {processor.py:840} INFO - DAG(s) 'produce_json', 'update_db', 'data_quality' retrieved from /opt/airflow/dags/main.py
[2026-05-30T06:56:53.245+0000] {logging_mixin.py:188} INFO - [2026-05-30T06:56:53.245+0000] {dag.py:3096} INFO - Sync 3 DAGs
[2026-05-30T06:56:53.270+0000] {logging_mixin.py:188} INFO - [2026-05-30T06:56:53.269+0000] {dag.py:3954} INFO - Setting next_dagrun for data_quality to 2026-05-29 13:00:00+00:00, run_after=2026-05-30 13:00:00+00:00
[2026-05-30T06:56:53.277+0000] {logging_mixin.py:188} INFO - [2026-05-30T06:56:53.277+0000] {dag.py:3954} INFO - Setting next_dagrun for produce_json to 2026-05-29 11:00:00+00:00, run_after=2026-05-30 11:00:00+00:00
[2026-05-30T06:56:53.282+0000] {logging_mixin.py:188} INFO - [2026-05-30T06:56:53.282+0000] {dag.py:3954} INFO - Setting next_dagrun for update_db to 2026-05-29 12:00:00+00:00, run_after=2026-05-30 12:00:00+00:00
[2026-05-30T06:56:53.370+0000] {processor.py:183} INFO - Processing /opt/airflow/dags/main.py took 0.477 seconds
[2026-05-30T06:57:23.774+0000] {processor.py:161} INFO - Started process (PID=490) to work on /opt/airflow/dags/main.py
[2026-05-30T06:57:23.776+0000] {processor.py:830} INFO - Processing file /opt/airflow/dags/main.py for tasks to queue
[2026-05-30T06:57:23.780+0000] {logging_mixin.py:188} INFO - [2026-05-30T06:57:23.780+0000] {dagbag.py:545} INFO - Filling up the DagBag from /opt/airflow/dags/main.py
[2026-05-30T06:57:24.055+0000] {processor.py:840} INFO - DAG(s) 'data_quality', 'update_db', 'produce_json' retrieved from /opt/airflow/dags/main.py
[2026-05-30T06:57:24.101+0000] {logging_mixin.py:188} INFO - [2026-05-30T06:57:24.101+0000] {dag.py:3096} INFO - Sync 3 DAGs
[2026-05-30T06:57:24.133+0000] {logging_mixin.py:188} INFO - [2026-05-30T06:57:24.132+0000] {dag.py:3954} INFO - Setting next_dagrun for data_quality to 2026-05-29 13:00:00+00:00, run_after=2026-05-30 13:00:00+00:00
[2026-05-30T06:57:24.142+0000] {logging_mixin.py:188} INFO - [2026-05-30T06:57:24.141+0000] {dag.py:3954} INFO - Setting next_dagrun for produce_json to 2026-05-29 11:00:00+00:00, run_after=2026-05-30 11:00:00+00:00
[2026-05-30T06:57:24.148+0000] {logging_mixin.py:188} INFO - [2026-05-30T06:57:24.148+0000] {dag.py:3954} INFO - Setting next_dagrun for update_db to 2026-05-29 12:00:00+00:00, run_after=2026-05-30 12:00:00+00:00
[2026-05-30T06:57:24.231+0000] {processor.py:183} INFO - Processing /opt/airflow/dags/main.py took 0.468 seconds
[2026-05-30T06:57:54.630+0000] {processor.py:161} INFO - Started process (PID=497) to work on /opt/airflow/dags/main.py
[2026-05-30T06:57:54.631+0000] {processor.py:830} INFO - Processing file /opt/airflow/dags/main.py for tasks to queue
[2026-05-30T06:57:54.634+0000] {logging_mixin.py:188} INFO - [2026-05-30T06:57:54.634+0000] {dagbag.py:545} INFO - Filling up the DagBag from /opt/airflow/dags/main.py
[2026-05-30T06:57:54.926+0000] {processor.py:840} INFO - DAG(s) 'data_quality', 'update_db', 'produce_json' retrieved from /opt/airflow/dags/main.py
[2026-05-30T06:57:54.989+0000] {logging_mixin.py:188} INFO - [2026-05-30T06:57:54.988+0000] {dag.py:3096} INFO - Sync 3 DAGs
[2026-05-30T06:57:55.017+0000] {logging_mixin.py:188} INFO - [2026-05-30T06:57:55.017+0000] {dag.py:3954} INFO - Setting next_dagrun for data_quality to 2026-05-29 13:00:00+00:00, run_after=2026-05-30 13:00:00+00:00
[2026-05-30T06:57:55.026+0000] {logging_mixin.py:188} INFO - [2026-05-30T06:57:55.026+0000] {dag.py:3954} INFO - Setting next_dagrun for produce_json to 2026-05-29 11:00:00+00:00, run_after=2026-05-30 11:00:00+00:00
[2026-05-30T06:57:55.033+0000] {logging_mixin.py:188} INFO - [2026-05-30T06:57:55.033+0000] {dag.py:3954} INFO - Setting next_dagrun for update_db to 2026-05-29 12:00:00+00:00, run_after=2026-05-30 12:00:00+00:00
[2026-05-30T06:57:55.063+0000] {processor.py:183} INFO - Processing /opt/airflow/dags/main.py took 0.442 seconds
[2026-05-30T06:58:25.521+0000] {processor.py:161} INFO - Started process (PID=504) to work on /opt/airflow/dags/main.py
[2026-05-30T06:58:25.524+0000] {processor.py:830} INFO - Processing file /opt/airflow/dags/main.py for tasks to queue
[2026-05-30T06:58:25.529+0000] {logging_mixin.py:188} INFO - [2026-05-30T06:58:25.528+0000] {dagbag.py:545} INFO - Filling up the DagBag from /opt/airflow/dags/main.py
[2026-05-30T06:58:25.886+0000] {processor.py:840} INFO - DAG(s) 'update_db', 'produce_json', 'data_quality' retrieved from /opt/airflow/dags/main.py
[2026-05-30T06:58:25.935+0000] {logging_mixin.py:188} INFO - [2026-05-30T06:58:25.935+0000] {dag.py:3096} INFO - Sync 3 DAGs
[2026-05-30T06:58:25.971+0000] {logging_mixin.py:188} INFO - [2026-05-30T06:58:25.971+0000] {dag.py:3954} INFO - Setting next_dagrun for data_quality to 2026-05-29 13:00:00+00:00, run_after=2026-05-30 13:00:00+00:00
[2026-05-30T06:58:25.978+0000] {logging_mixin.py:188} INFO - [2026-05-30T06:58:25.978+0000] {dag.py:3954} INFO - Setting next_dagrun for produce_json to 2026-05-29 11:00:00+00:00, run_after=2026-05-30 11:00:00+00:00
[2026-05-30T06:58:25.982+0000] {logging_mixin.py:188} INFO - [2026-05-30T06:58:25.982+0000] {dag.py:3954} INFO - Setting next_dagrun for update_db to 2026-05-29 12:00:00+00:00, run_after=2026-05-30 12:00:00+00:00
[2026-05-30T06:58:26.068+0000] {processor.py:183} INFO - Processing /opt/airflow/dags/main.py took 0.567 seconds
[2026-05-30T06:58:56.296+0000] {processor.py:161} INFO - Started process (PID=511) to work on /opt/airflow/dags/main.py
[2026-05-30T06:58:56.298+0000] {processor.py:830} INFO - Processing file /opt/airflow/dags/main.py for tasks to queue
[2026-05-30T06:58:56.303+0000] {logging_mixin.py:188} INFO - [2026-05-30T06:58:56.303+0000] {dagbag.py:545} INFO - Filling up the DagBag from /opt/airflow/dags/main.py
[2026-05-30T06:58:56.614+0000] {processor.py:840} INFO - DAG(s) 'produce_json', 'update_db', 'data_quality' retrieved from /opt/airflow/dags/main.py
[2026-05-30T06:58:56.666+0000] {logging_mixin.py:188} INFO - [2026-05-30T06:58:56.665+0000] {dag.py:3096} INFO - Sync 3 DAGs
[2026-05-30T06:58:56.697+0000] {logging_mixin.py:188} INFO - [2026-05-30T06:58:56.697+0000] {dag.py:3954} INFO - Setting next_dagrun for data_quality to 2026-05-29 13:00:00+00:00, run_after=2026-05-30 13:00:00+00:00
[2026-05-30T06:58:56.705+0000] {logging_mixin.py:188} INFO - [2026-05-30T06:58:56.705+0000] {dag.py:3954} INFO - Setting next_dagrun for produce_json to 2026-05-29 11:00:00+00:00, run_after=2026-05-30 11:00:00+00:00
[2026-05-30T06:58:56.710+0000] {logging_mixin.py:188} INFO - [2026-05-30T06:58:56.710+0000] {dag.py:3954} INFO - Setting next_dagrun for update_db to 2026-05-29 12:00:00+00:00, run_after=2026-05-30 12:00:00+00:00
[2026-05-30T06:58:56.736+0000] {processor.py:183} INFO - Processing /opt/airflow/dags/main.py took 0.458 seconds
[2026-05-30T06:59:27.133+0000] {processor.py:161} INFO - Started process (PID=518) to work on /opt/airflow/dags/main.py
[2026-05-30T06:59:27.136+0000] {processor.py:830} INFO - Processing file /opt/airflow/dags/main.py for tasks to queue
[2026-05-30T06:59:27.141+0000] {logging_mixin.py:188} INFO - [2026-05-30T06:59:27.140+0000] {dagbag.py:545} INFO - Filling up the DagBag from /opt/airflow/dags/main.py
[2026-05-30T06:59:27.425+0000] {processor.py:840} INFO - DAG(s) 'data_quality', 'update_db', 'produce_json' retrieved from /opt/airflow/dags/main.py
[2026-05-30T06:59:27.476+0000] {logging_mixin.py:188} INFO - [2026-05-30T06:59:27.476+0000] {dag.py:3096} INFO - Sync 3 DAGs
[2026-05-30T06:59:27.505+0000] {logging_mixin.py:188} INFO - [2026-05-30T06:59:27.505+0000] {dag.py:3954} INFO - Setting next_dagrun for data_quality to 2026-05-29 13:00:00+00:00, run_after=2026-05-30 13:00:00+00:00
[2026-05-30T06:59:27.512+0000] {logging_mixin.py:188} INFO - [2026-05-30T06:59:27.512+0000] {dag.py:3954} INFO - Setting next_dagrun for produce_json to 2026-05-29 11:00:00+00:00, run_after=2026-05-30 11:00:00+00:00
[2026-05-30T06:59:27.518+0000] {logging_mixin.py:188} INFO - [2026-05-30T06:59:27.518+0000] {dag.py:3954} INFO - Setting next_dagrun for update_db to 2026-05-29 12:00:00+00:00, run_after=2026-05-30 12:00:00+00:00
[2026-05-30T06:59:27.607+0000] {processor.py:183} INFO - Processing /opt/airflow/dags/main.py took 0.492 seconds
[2026-05-30T06:59:58.562+0000] {processor.py:161} INFO - Started process (PID=525) to work on /opt/airflow/dags/main.py
[2026-05-30T06:59:58.564+0000] {processor.py:830} INFO - Processing file /opt/airflow/dags/main.py for tasks to queue
[2026-05-30T06:59:58.567+0000] {logging_mixin.py:188} INFO - [2026-05-30T06:59:58.566+0000] {dagbag.py:545} INFO - Filling up the DagBag from /opt/airflow/dags/main.py
[2026-05-30T06:59:58.791+0000] {processor.py:840} INFO - DAG(s) 'data_quality', 'update_db', 'produce_json' retrieved from /opt/airflow/dags/main.py
[2026-05-30T06:59:58.843+0000] {logging_mixin.py:188} INFO - [2026-05-30T06:59:58.843+0000] {dag.py:3096} INFO - Sync 3 DAGs
[2026-05-30T06:59:58.876+0000] {logging_mixin.py:188} INFO - [2026-05-30T06:59:58.876+0000] {dag.py:3954} INFO - Setting next_dagrun for data_quality to 2026-05-29 13:00:00+00:00, run_after=2026-05-30 13:00:00+00:00
[2026-05-30T06:59:58.885+0000] {logging_mixin.py:188} INFO - [2026-05-30T06:59:58.884+0000] {dag.py:3954} INFO - Setting next_dagrun for produce_json to 2026-05-29 11:00:00+00:00, run_after=2026-05-30 11:00:00+00:00
[2026-05-30T06:59:58.892+0000] {logging_mixin.py:188} INFO - [2026-05-30T06:59:58.891+0000] {dag.py:3954} INFO - Setting next_dagrun for update_db to 2026-05-29 12:00:00+00:00, run_after=2026-05-30 12:00:00+00:00
[2026-05-30T06:59:58.919+0000] {processor.py:183} INFO - Processing /opt/airflow/dags/main.py took 0.364 seconds
[2026-05-30T07:00:29.283+0000] {processor.py:161} INFO - Started process (PID=532) to work on /opt/airflow/dags/main.py
[2026-05-30T07:00:29.285+0000] {processor.py:830} INFO - Processing file /opt/airflow/dags/main.py for tasks to queue
[2026-05-30T07:00:29.289+0000] {logging_mixin.py:188} INFO - [2026-05-30T07:00:29.288+0000] {dagbag.py:545} INFO - Filling up the DagBag from /opt/airflow/dags/main.py
[2026-05-30T07:00:29.534+0000] {processor.py:840} INFO - DAG(s) 'update_db', 'produce_json', 'data_quality' retrieved from /opt/airflow/dags/main.py
[2026-05-30T07:00:29.592+0000] {logging_mixin.py:188} INFO - [2026-05-30T07:00:29.592+0000] {dag.py:3096} INFO - Sync 3 DAGs
[2026-05-30T07:00:29.628+0000] {logging_mixin.py:188} INFO - [2026-05-30T07:00:29.627+0000] {dag.py:3954} INFO - Setting next_dagrun for data_quality to 2026-05-29 13:00:00+00:00, run_after=2026-05-30 13:00:00+00:00
[2026-05-30T07:00:29.638+0000] {logging_mixin.py:188} INFO - [2026-05-30T07:00:29.637+0000] {dag.py:3954} INFO - Setting next_dagrun for produce_json to 2026-05-29 11:00:00+00:00, run_after=2026-05-30 11:00:00+00:00
[2026-05-30T07:00:29.644+0000] {logging_mixin.py:188} INFO - [2026-05-30T07:00:29.643+0000] {dag.py:3954} INFO - Setting next_dagrun for update_db to 2026-05-29 12:00:00+00:00, run_after=2026-05-30 12:00:00+00:00
[2026-05-30T07:00:29.669+0000] {processor.py:183} INFO - Processing /opt/airflow/dags/main.py took 0.394 seconds
[2026-05-30T07:01:00.072+0000] {processor.py:161} INFO - Started process (PID=539) to work on /opt/airflow/dags/main.py
[2026-05-30T07:01:00.074+0000] {processor.py:830} INFO - Processing file /opt/airflow/dags/main.py for tasks to queue
[2026-05-30T07:01:00.077+0000] {logging_mixin.py:188} INFO - [2026-05-30T07:01:00.076+0000] {dagbag.py:545} INFO - Filling up the DagBag from /opt/airflow/dags/main.py
[2026-05-30T07:01:00.376+0000] {processor.py:840} INFO - DAG(s) 'update_db', 'produce_json', 'data_quality' retrieved from /opt/airflow/dags/main.py
[2026-05-30T07:01:00.446+0000] {logging_mixin.py:188} INFO - [2026-05-30T07:01:00.446+0000] {dag.py:3096} INFO - Sync 3 DAGs
[2026-05-30T07:01:00.488+0000] {logging_mixin.py:188} INFO - [2026-05-30T07:01:00.488+0000] {dag.py:3954} INFO - Setting next_dagrun for data_quality to 2026-05-29 13:00:00+00:00, run_after=2026-05-30 13:00:00+00:00
[2026-05-30T07:01:00.496+0000] {logging_mixin.py:188} INFO - [2026-05-30T07:01:00.496+0000] {dag.py:3954} INFO - Setting next_dagrun for produce_json to 2026-05-29 11:00:00+00:00, run_after=2026-05-30 11:00:00+00:00
[2026-05-30T07:01:00.501+0000] {logging_mixin.py:188} INFO - [2026-05-30T07:01:00.501+0000] {dag.py:3954} INFO - Setting next_dagrun for update_db to 2026-05-29 12:00:00+00:00, run_after=2026-05-30 12:00:00+00:00
[2026-05-30T07:01:00.592+0000] {processor.py:183} INFO - Processing /opt/airflow/dags/main.py took 0.533 seconds
[2026-05-30T07:01:30.963+0000] {processor.py:161} INFO - Started process (PID=546) to work on /opt/airflow/dags/main.py
[2026-05-30T07:01:30.965+0000] {processor.py:830} INFO - Processing file /opt/airflow/dags/main.py for tasks to queue
[2026-05-30T07:01:30.969+0000] {logging_mixin.py:188} INFO - [2026-05-30T07:01:30.969+0000] {dagbag.py:545} INFO - Filling up the DagBag from /opt/airflow/dags/main.py
[2026-05-30T07:01:31.228+0000] {processor.py:840} INFO - DAG(s) 'produce_json', 'data_quality', 'update_db' retrieved from /opt/airflow/dags/main.py
[2026-05-30T07:01:31.284+0000] {logging_mixin.py:188} INFO - [2026-05-30T07:01:31.283+0000] {dag.py:3096} INFO - Sync 3 DAGs
[2026-05-30T07:01:31.324+0000] {logging_mixin.py:188} INFO - [2026-05-30T07:01:31.324+0000] {dag.py:3954} INFO - Setting next_dagrun for data_quality to 2026-05-29 13:00:00+00:00, run_after=2026-05-30 13:00:00+00:00
[2026-05-30T07:01:31.336+0000] {logging_mixin.py:188} INFO - [2026-05-30T07:01:31.336+0000] {dag.py:3954} INFO - Setting next_dagrun for produce_json to 2026-05-29 11:00:00+00:00, run_after=2026-05-30 11:00:00+00:00
[2026-05-30T07:01:31.342+0000] {logging_mixin.py:188} INFO - [2026-05-30T07:01:31.342+0000] {dag.py:3954} INFO - Setting next_dagrun for update_db to 2026-05-29 12:00:00+00:00, run_after=2026-05-30 12:00:00+00:00
[2026-05-30T07:01:31.363+0000] {processor.py:183} INFO - Processing /opt/airflow/dags/main.py took 0.410 seconds
[2026-05-30T07:02:01.775+0000] {processor.py:161} INFO - Started process (PID=553) to work on /opt/airflow/dags/main.py
[2026-05-30T07:02:01.777+0000] {processor.py:830} INFO - Processing file /opt/airflow/dags/main.py for tasks to queue
[2026-05-30T07:02:01.780+0000] {logging_mixin.py:188} INFO - [2026-05-30T07:02:01.779+0000] {dagbag.py:545} INFO - Filling up the DagBag from /opt/airflow/dags/main.py
[2026-05-30T07:02:02.104+0000] {processor.py:840} INFO - DAG(s) 'update_db', 'data_quality', 'produce_json' retrieved from /opt/airflow/dags/main.py
[2026-05-30T07:02:02.169+0000] {logging_mixin.py:188} INFO - [2026-05-30T07:02:02.169+0000] {dag.py:3096} INFO - Sync 3 DAGs
[2026-05-30T07:02:02.204+0000] {logging_mixin.py:188} INFO - [2026-05-30T07:02:02.204+0000] {dag.py:3954} INFO - Setting next_dagrun for data_quality to 2026-05-29 13:00:00+00:00, run_after=2026-05-30 13:00:00+00:00
[2026-05-30T07:02:02.215+0000] {logging_mixin.py:188} INFO - [2026-05-30T07:02:02.214+0000] {dag.py:3954} INFO - Setting next_dagrun for produce_json to 2026-05-29 11:00:00+00:00, run_after=2026-05-30 11:00:00+00:00
[2026-05-30T07:02:02.221+0000] {logging_mixin.py:188} INFO - [2026-05-30T07:02:02.221+0000] {dag.py:3954} INFO - Setting next_dagrun for update_db to 2026-05-29 12:00:00+00:00, run_after=2026-05-30 12:00:00+00:00
[2026-05-30T07:02:02.310+0000] {processor.py:183} INFO - Processing /opt/airflow/dags/main.py took 0.546 seconds
[2026-05-30T07:02:32.736+0000] {processor.py:161} INFO - Started process (PID=560) to work on /opt/airflow/dags/main.py
[2026-05-30T07:02:32.738+0000] {processor.py:830} INFO - Processing file /opt/airflow/dags/main.py for tasks to queue
[2026-05-30T07:02:32.741+0000] {logging_mixin.py:188} INFO - [2026-05-30T07:02:32.740+0000] {dagbag.py:545} INFO - Filling up the DagBag from /opt/airflow/dags/main.py
[2026-05-30T07:02:32.959+0000] {processor.py:840} INFO - DAG(s) 'data_quality', 'produce_json', 'update_db' retrieved from /opt/airflow/dags/main.py
[2026-05-30T07:02:33.008+0000] {logging_mixin.py:188} INFO - [2026-05-30T07:02:33.007+0000] {dag.py:3096} INFO - Sync 3 DAGs
[2026-05-30T07:02:33.035+0000] {logging_mixin.py:188} INFO - [2026-05-30T07:02:33.035+0000] {dag.py:3954} INFO - Setting next_dagrun for data_quality to 2026-05-29 13:00:00+00:00, run_after=2026-05-30 13:00:00+00:00
[2026-05-30T07:02:33.042+0000] {logging_mixin.py:188} INFO - [2026-05-30T07:02:33.042+0000] {dag.py:3954} INFO - Setting next_dagrun for produce_json to 2026-05-29 11:00:00+00:00, run_after=2026-05-30 11:00:00+00:00
[2026-05-30T07:02:33.046+0000] {logging_mixin.py:188} INFO - [2026-05-30T07:02:33.046+0000] {dag.py:3954} INFO - Setting next_dagrun for update_db to 2026-05-29 12:00:00+00:00, run_after=2026-05-30 12:00:00+00:00
[2026-05-30T07:02:33.129+0000] {processor.py:183} INFO - Processing /opt/airflow/dags/main.py took 0.404 seconds
[2026-05-30T07:03:03.635+0000] {processor.py:161} INFO - Started process (PID=567) to work on /opt/airflow/dags/main.py
[2026-05-30T07:03:03.638+0000] {processor.py:830} INFO - Processing file /opt/airflow/dags/main.py for tasks to queue
[2026-05-30T07:03:03.644+0000] {logging_mixin.py:188} INFO - [2026-05-30T07:03:03.643+0000] {dagbag.py:545} INFO - Filling up the DagBag from /opt/airflow/dags/main.py
[2026-05-30T07:03:03.887+0000] {processor.py:840} INFO - DAG(s) 'data_quality', 'produce_json', 'update_db' retrieved from /opt/airflow/dags/main.py
[2026-05-30T07:03:03.926+0000] {logging_mixin.py:188} INFO - [2026-05-30T07:03:03.926+0000] {dag.py:3096} INFO - Sync 3 DAGs
[2026-05-30T07:03:03.957+0000] {logging_mixin.py:188} INFO - [2026-05-30T07:03:03.957+0000] {dag.py:3954} INFO - Setting next_dagrun for data_quality to 2026-05-29 13:00:00+00:00, run_after=2026-05-30 13:00:00+00:00
[2026-05-30T07:03:03.965+0000] {logging_mixin.py:188} INFO - [2026-05-30T07:03:03.965+0000] {dag.py:3954} INFO - Setting next_dagrun for produce_json to 2026-05-29 11:00:00+00:00, run_after=2026-05-30 11:00:00+00:00
[2026-05-30T07:03:03.969+0000] {logging_mixin.py:188} INFO - [2026-05-30T07:03:03.969+0000] {dag.py:3954} INFO - Setting next_dagrun for update_db to 2026-05-29 12:00:00+00:00, run_after=2026-05-30 12:00:00+00:00
[2026-05-30T07:03:04.056+0000] {processor.py:183} INFO - Processing /opt/airflow/dags/main.py took 0.447 seconds
[2026-05-30T07:03:34.485+0000] {processor.py:161} INFO - Started process (PID=574) to work on /opt/airflow/dags/main.py
[2026-05-30T07:03:34.487+0000] {processor.py:830} INFO - Processing file /opt/airflow/dags/main.py for tasks to queue
[2026-05-30T07:03:34.490+0000] {logging_mixin.py:188} INFO - [2026-05-30T07:03:34.490+0000] {dagbag.py:545} INFO - Filling up the DagBag from /opt/airflow/dags/main.py
[2026-05-30T07:03:34.735+0000] {processor.py:840} INFO - DAG(s) 'update_db', 'produce_json', 'data_quality' retrieved from /opt/airflow/dags/main.py
[2026-05-30T07:03:34.781+0000] {logging_mixin.py:188} INFO - [2026-05-30T07:03:34.781+0000] {dag.py:3096} INFO - Sync 3 DAGs
[2026-05-30T07:03:34.815+0000] {logging_mixin.py:188} INFO - [2026-05-30T07:03:34.815+0000] {dag.py:3954} INFO - Setting next_dagrun for data_quality to 2026-05-29 13:00:00+00:00, run_after=2026-05-30 13:00:00+00:00
[2026-05-30T07:03:34.826+0000] {logging_mixin.py:188} INFO - [2026-05-30T07:03:34.825+0000] {dag.py:3954} INFO - Setting next_dagrun for produce_json to 2026-05-29 11:00:00+00:00, run_after=2026-05-30 11:00:00+00:00
[2026-05-30T07:03:34.833+0000] {logging_mixin.py:188} INFO - [2026-05-30T07:03:34.833+0000] {dag.py:3954} INFO - Setting next_dagrun for update_db to 2026-05-29 12:00:00+00:00, run_after=2026-05-30 12:00:00+00:00
[2026-05-30T07:03:34.853+0000] {processor.py:183} INFO - Processing /opt/airflow/dags/main.py took 0.382 seconds
[2026-05-30T07:04:05.367+0000] {processor.py:161} INFO - Started process (PID=581) to work on /opt/airflow/dags/main.py
[2026-05-30T07:04:05.370+0000] {processor.py:830} INFO - Processing file /opt/airflow/dags/main.py for tasks to queue
[2026-05-30T07:04:05.373+0000] {logging_mixin.py:188} INFO - [2026-05-30T07:04:05.373+0000] {dagbag.py:545} INFO - Filling up the DagBag from /opt/airflow/dags/main.py
[2026-05-30T07:04:05.593+0000] {processor.py:840} INFO - DAG(s) 'produce_json', 'data_quality', 'update_db' retrieved from /opt/airflow/dags/main.py
[2026-05-30T07:04:05.636+0000] {logging_mixin.py:188} INFO - [2026-05-30T07:04:05.636+0000] {dag.py:3096} INFO - Sync 3 DAGs
[2026-05-30T07:04:05.662+0000] {logging_mixin.py:188} INFO - [2026-05-30T07:04:05.662+0000] {dag.py:3954} INFO - Setting next_dagrun for data_quality to 2026-05-29 13:00:00+00:00, run_after=2026-05-30 13:00:00+00:00
[2026-05-30T07:04:05.669+0000] {logging_mixin.py:188} INFO - [2026-05-30T07:04:05.669+0000] {dag.py:3954} INFO - Setting next_dagrun for produce_json to 2026-05-29 11:00:00+00:00, run_after=2026-05-30 11:00:00+00:00
[2026-05-30T07:04:05.673+0000] {logging_mixin.py:188} INFO - [2026-05-30T07:04:05.673+0000] {dag.py:3954} INFO - Setting next_dagrun for update_db to 2026-05-29 12:00:00+00:00, run_after=2026-05-30 12:00:00+00:00
[2026-05-30T07:04:05.761+0000] {processor.py:183} INFO - Processing /opt/airflow/dags/main.py took 0.414 seconds
[2026-05-30T07:04:36.112+0000] {processor.py:161} INFO - Started process (PID=588) to work on /opt/airflow/dags/main.py
[2026-05-30T07:04:36.115+0000] {processor.py:830} INFO - Processing file /opt/airflow/dags/main.py for tasks to queue
[2026-05-30T07:04:36.118+0000] {logging_mixin.py:188} INFO - [2026-05-30T07:04:36.118+0000] {dagbag.py:545} INFO - Filling up the DagBag from /opt/airflow/dags/main.py
[2026-05-30T07:04:36.415+0000] {processor.py:840} INFO - DAG(s) 'produce_json', 'data_quality', 'update_db' retrieved from /opt/airflow/dags/main.py
[2026-05-30T07:04:36.489+0000] {logging_mixin.py:188} INFO - [2026-05-30T07:04:36.488+0000] {dag.py:3096} INFO - Sync 3 DAGs
[2026-05-30T07:04:36.521+0000] {logging_mixin.py:188} INFO - [2026-05-30T07:04:36.521+0000] {dag.py:3954} INFO - Setting next_dagrun for data_quality to 2026-05-29 13:00:00+00:00, run_after=2026-05-30 13:00:00+00:00
[2026-05-30T07:04:36.530+0000] {logging_mixin.py:188} INFO - [2026-05-30T07:04:36.530+0000] {dag.py:3954} INFO - Setting next_dagrun for produce_json to 2026-05-29 11:00:00+00:00, run_after=2026-05-30 11:00:00+00:00
[2026-05-30T07:04:36.536+0000] {logging_mixin.py:188} INFO - [2026-05-30T07:04:36.536+0000] {dag.py:3954} INFO - Setting next_dagrun for update_db to 2026-05-29 12:00:00+00:00, run_after=2026-05-30 12:00:00+00:00
[2026-05-30T07:04:36.631+0000] {processor.py:183} INFO - Processing /opt/airflow/dags/main.py took 0.529 seconds
[2026-05-30T07:05:07.142+0000] {processor.py:161} INFO - Started process (PID=595) to work on /opt/airflow/dags/main.py
[2026-05-30T07:05:07.145+0000] {processor.py:830} INFO - Processing file /opt/airflow/dags/main.py for tasks to queue
[2026-05-30T07:05:07.150+0000] {logging_mixin.py:188} INFO - [2026-05-30T07:05:07.149+0000] {dagbag.py:545} INFO - Filling up the DagBag from /opt/airflow/dags/main.py
[2026-05-30T07:05:07.479+0000] {processor.py:840} INFO - DAG(s) 'update_db', 'produce_json', 'data_quality' retrieved from /opt/airflow/dags/main.py
[2026-05-30T07:05:07.531+0000] {logging_mixin.py:188} INFO - [2026-05-30T07:05:07.531+0000] {dag.py:3096} INFO - Sync 3 DAGs
[2026-05-30T07:05:07.560+0000] {logging_mixin.py:188} INFO - [2026-05-30T07:05:07.560+0000] {dag.py:3954} INFO - Setting next_dagrun for data_quality to 2026-05-29 13:00:00+00:00, run_after=2026-05-30 13:00:00+00:00
[2026-05-30T07:05:07.568+0000] {logging_mixin.py:188} INFO - [2026-05-30T07:05:07.568+0000] {dag.py:3954} INFO - Setting next_dagrun for produce_json to 2026-05-29 11:00:00+00:00, run_after=2026-05-30 11:00:00+00:00
[2026-05-30T07:05:07.572+0000] {logging_mixin.py:188} INFO - [2026-05-30T07:05:07.572+0000] {dag.py:3954} INFO - Setting next_dagrun for update_db to 2026-05-29 12:00:00+00:00, run_after=2026-05-30 12:00:00+00:00
[2026-05-30T07:05:07.659+0000] {processor.py:183} INFO - Processing /opt/airflow/dags/main.py took 0.544 seconds
[2026-05-30T07:05:37.965+0000] {processor.py:161} INFO - Started process (PID=603) to work on /opt/airflow/dags/main.py
[2026-05-30T07:05:37.967+0000] {processor.py:830} INFO - Processing file /opt/airflow/dags/main.py for tasks to queue
[2026-05-30T07:05:37.972+0000] {logging_mixin.py:188} INFO - [2026-05-30T07:05:37.972+0000] {dagbag.py:545} INFO - Filling up the DagBag from /opt/airflow/dags/main.py
[2026-05-30T07:05:38.302+0000] {processor.py:840} INFO - DAG(s) 'update_db', 'produce_json', 'data_quality' retrieved from /opt/airflow/dags/main.py
[2026-05-30T07:05:38.369+0000] {logging_mixin.py:188} INFO - [2026-05-30T07:05:38.368+0000] {dag.py:3096} INFO - Sync 3 DAGs
[2026-05-30T07:05:38.394+0000] {logging_mixin.py:188} INFO - [2026-05-30T07:05:38.393+0000] {dag.py:3954} INFO - Setting next_dagrun for data_quality to 2026-05-29 13:00:00+00:00, run_after=2026-05-30 13:00:00+00:00
[2026-05-30T07:05:38.400+0000] {logging_mixin.py:188} INFO - [2026-05-30T07:05:38.400+0000] {dag.py:3954} INFO - Setting next_dagrun for produce_json to 2026-05-29 11:00:00+00:00, run_after=2026-05-30 11:00:00+00:00
[2026-05-30T07:05:38.404+0000] {logging_mixin.py:188} INFO - [2026-05-30T07:05:38.404+0000] {dag.py:3954} INFO - Setting next_dagrun for update_db to 2026-05-29 12:00:00+00:00, run_after=2026-05-30 12:00:00+00:00
[2026-05-30T07:05:38.486+0000] {processor.py:183} INFO - Processing /opt/airflow/dags/main.py took 0.535 seconds
[2026-05-30T07:06:09.016+0000] {processor.py:161} INFO - Started process (PID=616) to work on /opt/airflow/dags/main.py
[2026-05-30T07:06:09.019+0000] {processor.py:830} INFO - Processing file /opt/airflow/dags/main.py for tasks to queue
[2026-05-30T07:06:09.023+0000] {logging_mixin.py:188} INFO - [2026-05-30T07:06:09.022+0000] {dagbag.py:545} INFO - Filling up the DagBag from /opt/airflow/dags/main.py
[2026-05-30T07:06:09.263+0000] {processor.py:840} INFO - DAG(s) 'update_db', 'data_quality', 'produce_json' retrieved from /opt/airflow/dags/main.py
[2026-05-30T07:06:09.303+0000] {logging_mixin.py:188} INFO - [2026-05-30T07:06:09.302+0000] {dag.py:3096} INFO - Sync 3 DAGs
[2026-05-30T07:06:09.339+0000] {logging_mixin.py:188} INFO - [2026-05-30T07:06:09.339+0000] {dag.py:3954} INFO - Setting next_dagrun for data_quality to 2026-05-29 13:00:00+00:00, run_after=2026-05-30 13:00:00+00:00
[2026-05-30T07:06:09.350+0000] {logging_mixin.py:188} INFO - [2026-05-30T07:06:09.349+0000] {dag.py:3954} INFO - Setting next_dagrun for produce_json to 2026-05-29 11:00:00+00:00, run_after=2026-05-30 11:00:00+00:00
[2026-05-30T07:06:09.354+0000] {logging_mixin.py:188} INFO - [2026-05-30T07:06:09.354+0000] {dag.py:3954} INFO - Setting next_dagrun for update_db to 2026-05-29 12:00:00+00:00, run_after=2026-05-30 12:00:00+00:00
[2026-05-30T07:06:09.440+0000] {processor.py:183} INFO - Processing /opt/airflow/dags/main.py took 0.443 seconds
[2026-05-30T07:06:39.830+0000] {processor.py:161} INFO - Started process (PID=624) to work on /opt/airflow/dags/main.py
[2026-05-30T07:06:39.832+0000] {processor.py:830} INFO - Processing file /opt/airflow/dags/main.py for tasks to queue
[2026-05-30T07:06:39.835+0000] {logging_mixin.py:188} INFO - [2026-05-30T07:06:39.834+0000] {dagbag.py:545} INFO - Filling up the DagBag from /opt/airflow/dags/main.py
[2026-05-30T07:06:40.035+0000] {processor.py:840} INFO - DAG(s) 'produce_json', 'update_db', 'data_quality' retrieved from /opt/airflow/dags/main.py
[2026-05-30T07:06:40.078+0000] {logging_mixin.py:188} INFO - [2026-05-30T07:06:40.077+0000] {dag.py:3096} INFO - Sync 3 DAGs
[2026-05-30T07:06:40.107+0000] {logging_mixin.py:188} INFO - [2026-05-30T07:06:40.107+0000] {dag.py:3954} INFO - Setting next_dagrun for data_quality to 2026-05-29 13:00:00+00:00, run_after=2026-05-30 13:00:00+00:00
[2026-05-30T07:06:40.115+0000] {logging_mixin.py:188} INFO - [2026-05-30T07:06:40.114+0000] {dag.py:3954} INFO - Setting next_dagrun for produce_json to 2026-05-29 11:00:00+00:00, run_after=2026-05-30 11:00:00+00:00
[2026-05-30T07:06:40.120+0000] {logging_mixin.py:188} INFO - [2026-05-30T07:06:40.119+0000] {dag.py:3954} INFO - Setting next_dagrun for update_db to 2026-05-29 12:00:00+00:00, run_after=2026-05-30 12:00:00+00:00
[2026-05-30T07:06:40.191+0000] {processor.py:183} INFO - Processing /opt/airflow/dags/main.py took 0.369 seconds
[2026-05-30T07:07:10.632+0000] {processor.py:161} INFO - Started process (PID=631) to work on /opt/airflow/dags/main.py
[2026-05-30T07:07:10.635+0000] {processor.py:830} INFO - Processing file /opt/airflow/dags/main.py for tasks to queue
[2026-05-30T07:07:10.640+0000] {logging_mixin.py:188} INFO - [2026-05-30T07:07:10.639+0000] {dagbag.py:545} INFO - Filling up the DagBag from /opt/airflow/dags/main.py
[2026-05-30T07:07:10.867+0000] {processor.py:840} INFO - DAG(s) 'update_db', 'produce_json', 'data_quality' retrieved from /opt/airflow/dags/main.py
[2026-05-30T07:07:10.911+0000] {logging_mixin.py:188} INFO - [2026-05-30T07:07:10.911+0000] {dag.py:3096} INFO - Sync 3 DAGs
[2026-05-30T07:07:10.937+0000] {logging_mixin.py:188} INFO - [2026-05-30T07:07:10.937+0000] {dag.py:3954} INFO - Setting next_dagrun for data_quality to 2026-05-29 13:00:00+00:00, run_after=2026-05-30 13:00:00+00:00
[2026-05-30T07:07:10.943+0000] {logging_mixin.py:188} INFO - [2026-05-30T07:07:10.943+0000] {dag.py:3954} INFO - Setting next_dagrun for produce_json to 2026-05-29 11:00:00+00:00, run_after=2026-05-30 11:00:00+00:00
[2026-05-30T07:07:10.950+0000] {logging_mixin.py:188} INFO - [2026-05-30T07:07:10.950+0000] {dag.py:3954} INFO - Setting next_dagrun for update_db to 2026-05-29 12:00:00+00:00, run_after=2026-05-30 12:00:00+00:00
[2026-05-30T07:07:10.979+0000] {processor.py:183} INFO - Processing /opt/airflow/dags/main.py took 0.366 seconds
[2026-05-30T07:07:41.449+0000] {processor.py:161} INFO - Started process (PID=638) to work on /opt/airflow/dags/main.py
[2026-05-30T07:07:41.451+0000] {processor.py:830} INFO - Processing file /opt/airflow/dags/main.py for tasks to queue
[2026-05-30T07:07:41.453+0000] {logging_mixin.py:188} INFO - [2026-05-30T07:07:41.453+0000] {dagbag.py:545} INFO - Filling up the DagBag from /opt/airflow/dags/main.py
[2026-05-30T07:07:41.836+0000] {processor.py:840} INFO - DAG(s) 'produce_json', 'update_db', 'data_quality' retrieved from /opt/airflow/dags/main.py
[2026-05-30T07:07:41.903+0000] {logging_mixin.py:188} INFO - [2026-05-30T07:07:41.902+0000] {dag.py:3096} INFO - Sync 3 DAGs
[2026-05-30T07:07:41.937+0000] {logging_mixin.py:188} INFO - [2026-05-30T07:07:41.937+0000] {dag.py:3954} INFO - Setting next_dagrun for data_quality to 2026-05-29 13:00:00+00:00, run_after=2026-05-30 13:00:00+00:00
[2026-05-30T07:07:41.944+0000] {logging_mixin.py:188} INFO - [2026-05-30T07:07:41.943+0000] {dag.py:3954} INFO - Setting next_dagrun for produce_json to 2026-05-29 11:00:00+00:00, run_after=2026-05-30 11:00:00+00:00
[2026-05-30T07:07:41.948+0000] {logging_mixin.py:188} INFO - [2026-05-30T07:07:41.947+0000] {dag.py:3954} INFO - Setting next_dagrun for update_db to 2026-05-29 12:00:00+00:00, run_after=2026-05-30 12:00:00+00:00
[2026-05-30T07:07:42.031+0000] {processor.py:183} INFO - Processing /opt/airflow/dags/main.py took 0.592 seconds
[2026-05-30T07:08:12.401+0000] {processor.py:161} INFO - Started process (PID=645) to work on /opt/airflow/dags/main.py
[2026-05-30T07:08:12.403+0000] {processor.py:830} INFO - Processing file /opt/airflow/dags/main.py for tasks to queue
[2026-05-30T07:08:12.407+0000] {logging_mixin.py:188} INFO - [2026-05-30T07:08:12.406+0000] {dagbag.py:545} INFO - Filling up the DagBag from /opt/airflow/dags/main.py
[2026-05-30T07:08:12.690+0000] {processor.py:840} INFO - DAG(s) 'produce_json', 'update_db', 'data_quality' retrieved from /opt/airflow/dags/main.py
[2026-05-30T07:08:12.731+0000] {logging_mixin.py:188} INFO - [2026-05-30T07:08:12.731+0000] {dag.py:3096} INFO - Sync 3 DAGs
[2026-05-30T07:08:12.768+0000] {logging_mixin.py:188} INFO - [2026-05-30T07:08:12.768+0000] {dag.py:3954} INFO - Setting next_dagrun for data_quality to 2026-05-29 13:00:00+00:00, run_after=2026-05-30 13:00:00+00:00
[2026-05-30T07:08:12.777+0000] {logging_mixin.py:188} INFO - [2026-05-30T07:08:12.777+0000] {dag.py:3954} INFO - Setting next_dagrun for produce_json to 2026-05-29 11:00:00+00:00, run_after=2026-05-30 11:00:00+00:00
[2026-05-30T07:08:12.782+0000] {logging_mixin.py:188} INFO - [2026-05-30T07:08:12.782+0000] {dag.py:3954} INFO - Setting next_dagrun for update_db to 2026-05-29 12:00:00+00:00, run_after=2026-05-30 12:00:00+00:00
[2026-05-30T07:08:12.871+0000] {processor.py:183} INFO - Processing /opt/airflow/dags/main.py took 0.485 seconds
[2026-05-30T07:08:43.367+0000] {processor.py:161} INFO - Started process (PID=652) to work on /opt/airflow/dags/main.py
[2026-05-30T07:08:43.370+0000] {processor.py:830} INFO - Processing file /opt/airflow/dags/main.py for tasks to queue
[2026-05-30T07:08:43.375+0000] {logging_mixin.py:188} INFO - [2026-05-30T07:08:43.375+0000] {dagbag.py:545} INFO - Filling up the DagBag from /opt/airflow/dags/main.py
[2026-05-30T07:08:43.732+0000] {processor.py:840} INFO - DAG(s) 'data_quality', 'produce_json', 'update_db' retrieved from /opt/airflow/dags/main.py
[2026-05-30T07:08:43.781+0000] {logging_mixin.py:188} INFO - [2026-05-30T07:08:43.781+0000] {dag.py:3096} INFO - Sync 3 DAGs
[2026-05-30T07:08:43.808+0000] {logging_mixin.py:188} INFO - [2026-05-30T07:08:43.808+0000] {dag.py:3954} INFO - Setting next_dagrun for data_quality to 2026-05-29 13:00:00+00:00, run_after=2026-05-30 13:00:00+00:00
[2026-05-30T07:08:43.814+0000] {logging_mixin.py:188} INFO - [2026-05-30T07:08:43.814+0000] {dag.py:3954} INFO - Setting next_dagrun for produce_json to 2026-05-29 11:00:00+00:00, run_after=2026-05-30 11:00:00+00:00
[2026-05-30T07:08:43.818+0000] {logging_mixin.py:188} INFO - [2026-05-30T07:08:43.818+0000] {dag.py:3954} INFO - Setting next_dagrun for update_db to 2026-05-29 12:00:00+00:00, run_after=2026-05-30 12:00:00+00:00
[2026-05-30T07:08:43.839+0000] {processor.py:183} INFO - Processing /opt/airflow/dags/main.py took 0.489 seconds
[2026-05-30T07:09:14.272+0000] {processor.py:161} INFO - Started process (PID=659) to work on /opt/airflow/dags/main.py
[2026-05-30T07:09:14.274+0000] {processor.py:830} INFO - Processing file /opt/airflow/dags/main.py for tasks to queue
[2026-05-30T07:09:14.279+0000] {logging_mixin.py:188} INFO - [2026-05-30T07:09:14.279+0000] {dagbag.py:545} INFO - Filling up the DagBag from /opt/airflow/dags/main.py
[2026-05-30T07:09:14.593+0000] {processor.py:840} INFO - DAG(s) 'produce_json', 'data_quality', 'update_db' retrieved from /opt/airflow/dags/main.py
[2026-05-30T07:09:14.642+0000] {logging_mixin.py:188} INFO - [2026-05-30T07:09:14.641+0000] {dag.py:3096} INFO - Sync 3 DAGs
[2026-05-30T07:09:14.681+0000] {logging_mixin.py:188} INFO - [2026-05-30T07:09:14.681+0000] {dag.py:3954} INFO - Setting next_dagrun for data_quality to 2026-05-29 13:00:00+00:00, run_after=2026-05-30 13:00:00+00:00
[2026-05-30T07:09:14.690+0000] {logging_mixin.py:188} INFO - [2026-05-30T07:09:14.690+0000] {dag.py:3954} INFO - Setting next_dagrun for produce_json to 2026-05-29 11:00:00+00:00, run_after=2026-05-30 11:00:00+00:00
[2026-05-30T07:09:14.696+0000] {logging_mixin.py:188} INFO - [2026-05-30T07:09:14.695+0000] {dag.py:3954} INFO - Setting next_dagrun for update_db to 2026-05-29 12:00:00+00:00, run_after=2026-05-30 12:00:00+00:00
[2026-05-30T07:09:14.780+0000] {processor.py:183} INFO - Processing /opt/airflow/dags/main.py took 0.522 seconds
[2026-05-30T07:09:45.560+0000] {processor.py:161} INFO - Started process (PID=666) to work on /opt/airflow/dags/main.py
[2026-05-30T07:09:45.562+0000] {processor.py:830} INFO - Processing file /opt/airflow/dags/main.py for tasks to queue
[2026-05-30T07:09:45.565+0000] {logging_mixin.py:188} INFO - [2026-05-30T07:09:45.565+0000] {dagbag.py:545} INFO - Filling up the DagBag from /opt/airflow/dags/main.py
[2026-05-30T07:09:45.769+0000] {processor.py:840} INFO - DAG(s) 'produce_json', 'data_quality', 'update_db' retrieved from /opt/airflow/dags/main.py
[2026-05-30T07:09:45.817+0000] {logging_mixin.py:188} INFO - [2026-05-30T07:09:45.816+0000] {dag.py:3096} INFO - Sync 3 DAGs
[2026-05-30T07:09:45.853+0000] {logging_mixin.py:188} INFO - [2026-05-30T07:09:45.853+0000] {dag.py:3954} INFO - Setting next_dagrun for data_quality to 2026-05-29 13:00:00+00:00, run_after=2026-05-30 13:00:00+00:00
[2026-05-30T07:09:45.863+0000] {logging_mixin.py:188} INFO - [2026-05-30T07:09:45.863+0000] {dag.py:3954} INFO - Setting next_dagrun for produce_json to 2026-05-29 11:00:00+00:00, run_after=2026-05-30 11:00:00+00:00
[2026-05-30T07:09:45.868+0000] {logging_mixin.py:188} INFO - [2026-05-30T07:09:45.868+0000] {dag.py:3954} INFO - Setting next_dagrun for update_db to 2026-05-29 12:00:00+00:00, run_after=2026-05-30 12:00:00+00:00
[2026-05-30T07:09:45.896+0000] {processor.py:183} INFO - Processing /opt/airflow/dags/main.py took 0.345 seconds
[2026-05-30T07:10:16.022+0000] {processor.py:161} INFO - Started process (PID=673) to work on /opt/airflow/dags/main.py
[2026-05-30T07:10:16.024+0000] {processor.py:830} INFO - Processing file /opt/airflow/dags/main.py for tasks to queue
[2026-05-30T07:10:16.029+0000] {logging_mixin.py:188} INFO - [2026-05-30T07:10:16.029+0000] {dagbag.py:545} INFO - Filling up the DagBag from /opt/airflow/dags/main.py
[2026-05-30T07:10:16.220+0000] {processor.py:840} INFO - DAG(s) 'data_quality', 'produce_json', 'update_db' retrieved from /opt/airflow/dags/main.py
[2026-05-30T07:10:16.303+0000] {logging_mixin.py:188} INFO - [2026-05-30T07:10:16.303+0000] {dag.py:3096} INFO - Sync 3 DAGs
[2026-05-30T07:10:16.345+0000] {logging_mixin.py:188} INFO - [2026-05-30T07:10:16.345+0000] {dag.py:3954} INFO - Setting next_dagrun for data_quality to 2026-05-29 13:00:00+00:00, run_after=2026-05-30 13:00:00+00:00
[2026-05-30T07:10:16.352+0000] {logging_mixin.py:188} INFO - [2026-05-30T07:10:16.352+0000] {dag.py:3954} INFO - Setting next_dagrun for produce_json to 2026-05-29 11:00:00+00:00, run_after=2026-05-30 11:00:00+00:00
[2026-05-30T07:10:16.357+0000] {logging_mixin.py:188} INFO - [2026-05-30T07:10:16.357+0000] {dag.py:3954} INFO - Setting next_dagrun for update_db to 2026-05-29 12:00:00+00:00, run_after=2026-05-30 12:00:00+00:00
[2026-05-30T07:10:16.428+0000] {processor.py:183} INFO - Processing /opt/airflow/dags/main.py took 0.424 seconds
[2026-05-30T07:10:46.744+0000] {processor.py:161} INFO - Started process (PID=680) to work on /opt/airflow/dags/main.py
[2026-05-30T07:10:46.747+0000] {processor.py:830} INFO - Processing file /opt/airflow/dags/main.py for tasks to queue
[2026-05-30T07:10:46.751+0000] {logging_mixin.py:188} INFO - [2026-05-30T07:10:46.750+0000] {dagbag.py:545} INFO - Filling up the DagBag from /opt/airflow/dags/main.py
[2026-05-30T07:10:47.005+0000] {processor.py:840} INFO - DAG(s) 'data_quality', 'update_db', 'produce_json' retrieved from /opt/airflow/dags/main.py
[2026-05-30T07:10:47.085+0000] {logging_mixin.py:188} INFO - [2026-05-30T07:10:47.085+0000] {dag.py:3096} INFO - Sync 3 DAGs
[2026-05-30T07:10:47.129+0000] {logging_mixin.py:188} INFO - [2026-05-30T07:10:47.129+0000] {dag.py:3954} INFO - Setting next_dagrun for data_quality to 2026-05-29 13:00:00+00:00, run_after=2026-05-30 13:00:00+00:00
[2026-05-30T07:10:47.138+0000] {logging_mixin.py:188} INFO - [2026-05-30T07:10:47.138+0000] {dag.py:3954} INFO - Setting next_dagrun for produce_json to 2026-05-29 11:00:00+00:00, run_after=2026-05-30 11:00:00+00:00
[2026-05-30T07:10:47.144+0000] {logging_mixin.py:188} INFO - [2026-05-30T07:10:47.143+0000] {dag.py:3954} INFO - Setting next_dagrun for update_db to 2026-05-29 12:00:00+00:00, run_after=2026-05-30 12:00:00+00:00
[2026-05-30T07:10:47.174+0000] {processor.py:183} INFO - Processing /opt/airflow/dags/main.py took 0.446 seconds
[2026-05-30T07:11:17.670+0000] {processor.py:161} INFO - Started process (PID=687) to work on /opt/airflow/dags/main.py
[2026-05-30T07:11:17.674+0000] {processor.py:830} INFO - Processing file /opt/airflow/dags/main.py for tasks to queue
[2026-05-30T07:11:17.679+0000] {logging_mixin.py:188} INFO - [2026-05-30T07:11:17.678+0000] {dagbag.py:545} INFO - Filling up the DagBag from /opt/airflow/dags/main.py
[2026-05-30T07:11:17.928+0000] {processor.py:840} INFO - DAG(s) 'data_quality', 'update_db', 'produce_json' retrieved from /opt/airflow/dags/main.py
[2026-05-30T07:11:17.974+0000] {logging_mixin.py:188} INFO - [2026-05-30T07:11:17.974+0000] {dag.py:3096} INFO - Sync 3 DAGs
[2026-05-30T07:11:18.008+0000] {logging_mixin.py:188} INFO - [2026-05-30T07:11:18.008+0000] {dag.py:3954} INFO - Setting next_dagrun for data_quality to 2026-05-29 13:00:00+00:00, run_after=2026-05-30 13:00:00+00:00
[2026-05-30T07:11:18.016+0000] {logging_mixin.py:188} INFO - [2026-05-30T07:11:18.015+0000] {dag.py:3954} INFO - Setting next_dagrun for produce_json to 2026-05-29 11:00:00+00:00, run_after=2026-05-30 11:00:00+00:00
[2026-05-30T07:11:18.021+0000] {logging_mixin.py:188} INFO - [2026-05-30T07:11:18.020+0000] {dag.py:3954} INFO - Setting next_dagrun for update_db to 2026-05-29 12:00:00+00:00, run_after=2026-05-30 12:00:00+00:00
[2026-05-30T07:11:18.107+0000] {processor.py:183} INFO - Processing /opt/airflow/dags/main.py took 0.457 seconds
[2026-05-30T07:11:48.622+0000] {processor.py:161} INFO - Started process (PID=694) to work on /opt/airflow/dags/main.py
[2026-05-30T07:11:48.625+0000] {processor.py:830} INFO - Processing file /opt/airflow/dags/main.py for tasks to queue
[2026-05-30T07:11:48.630+0000] {logging_mixin.py:188} INFO - [2026-05-30T07:11:48.630+0000] {dagbag.py:545} INFO - Filling up the DagBag from /opt/airflow/dags/main.py
[2026-05-30T07:11:49.000+0000] {processor.py:840} INFO - DAG(s) 'data_quality', 'produce_json', 'update_db' retrieved from /opt/airflow/dags/main.py
[2026-05-30T07:11:49.068+0000] {logging_mixin.py:188} INFO - [2026-05-30T07:11:49.067+0000] {dag.py:3096} INFO - Sync 3 DAGs
[2026-05-30T07:11:49.100+0000] {logging_mixin.py:188} INFO - [2026-05-30T07:11:49.099+0000] {dag.py:3954} INFO - Setting next_dagrun for data_quality to 2026-05-29 13:00:00+00:00, run_after=2026-05-30 13:00:00+00:00
[2026-05-30T07:11:49.109+0000] {logging_mixin.py:188} INFO - [2026-05-30T07:11:49.109+0000] {dag.py:3954} INFO - Setting next_dagrun for produce_json to 2026-05-29 11:00:00+00:00, run_after=2026-05-30 11:00:00+00:00
[2026-05-30T07:11:49.114+0000] {logging_mixin.py:188} INFO - [2026-05-30T07:11:49.113+0000] {dag.py:3954} INFO - Setting next_dagrun for update_db to 2026-05-29 12:00:00+00:00, run_after=2026-05-30 12:00:00+00:00
[2026-05-30T07:11:49.201+0000] {processor.py:183} INFO - Processing /opt/airflow/dags/main.py took 0.606 seconds
[2026-05-30T07:12:19.469+0000] {processor.py:161} INFO - Started process (PID=701) to work on /opt/airflow/dags/main.py
[2026-05-30T07:12:19.471+0000] {processor.py:830} INFO - Processing file /opt/airflow/dags/main.py for tasks to queue
[2026-05-30T07:12:19.477+0000] {logging_mixin.py:188} INFO - [2026-05-30T07:12:19.477+0000] {dagbag.py:545} INFO - Filling up the DagBag from /opt/airflow/dags/main.py
[2026-05-30T07:12:19.860+0000] {processor.py:840} INFO - DAG(s) 'data_quality', 'update_db', 'produce_json' retrieved from /opt/airflow/dags/main.py
[2026-05-30T07:12:19.918+0000] {logging_mixin.py:188} INFO - [2026-05-30T07:12:19.918+0000] {dag.py:3096} INFO - Sync 3 DAGs
[2026-05-30T07:12:19.949+0000] {logging_mixin.py:188} INFO - [2026-05-30T07:12:19.948+0000] {dag.py:3954} INFO - Setting next_dagrun for data_quality to 2026-05-29 13:00:00+00:00, run_after=2026-05-30 13:00:00+00:00
[2026-05-30T07:12:19.959+0000] {logging_mixin.py:188} INFO - [2026-05-30T07:12:19.958+0000] {dag.py:3954} INFO - Setting next_dagrun for produce_json to 2026-05-29 11:00:00+00:00, run_after=2026-05-30 11:00:00+00:00
[2026-05-30T07:12:19.964+0000] {logging_mixin.py:188} INFO - [2026-05-30T07:12:19.964+0000] {dag.py:3954} INFO - Setting next_dagrun for update_db to 2026-05-29 12:00:00+00:00, run_after=2026-05-30 12:00:00+00:00
[2026-05-30T07:12:20.052+0000] {processor.py:183} INFO - Processing /opt/airflow/dags/main.py took 0.610 seconds
[2026-05-30T07:12:50.525+0000] {processor.py:161} INFO - Started process (PID=708) to work on /opt/airflow/dags/main.py
[2026-05-30T07:12:50.527+0000] {processor.py:830} INFO - Processing file /opt/airflow/dags/main.py for tasks to queue
[2026-05-30T07:12:50.533+0000] {logging_mixin.py:188} INFO - [2026-05-30T07:12:50.532+0000] {dagbag.py:545} INFO - Filling up the DagBag from /opt/airflow/dags/main.py
[2026-05-30T07:12:50.866+0000] {processor.py:840} INFO - DAG(s) 'data_quality', 'produce_json', 'update_db' retrieved from /opt/airflow/dags/main.py
[2026-05-30T07:12:50.934+0000] {logging_mixin.py:188} INFO - [2026-05-30T07:12:50.933+0000] {dag.py:3096} INFO - Sync 3 DAGs
[2026-05-30T07:12:50.963+0000] {logging_mixin.py:188} INFO - [2026-05-30T07:12:50.963+0000] {dag.py:3954} INFO - Setting next_dagrun for data_quality to 2026-05-29 13:00:00+00:00, run_after=2026-05-30 13:00:00+00:00
[2026-05-30T07:12:50.975+0000] {logging_mixin.py:188} INFO - [2026-05-30T07:12:50.975+0000] {dag.py:3954} INFO - Setting next_dagrun for produce_json to 2026-05-29 11:00:00+00:00, run_after=2026-05-30 11:00:00+00:00
[2026-05-30T07:12:50.983+0000] {logging_mixin.py:188} INFO - [2026-05-30T07:12:50.983+0000] {dag.py:3954} INFO - Setting next_dagrun for update_db to 2026-05-29 12:00:00+00:00, run_after=2026-05-30 12:00:00+00:00
[2026-05-30T07:12:51.077+0000] {processor.py:183} INFO - Processing /opt/airflow/dags/main.py took 0.565 seconds
[2026-05-30T07:13:21.418+0000] {processor.py:161} INFO - Started process (PID=715) to work on /opt/airflow/dags/main.py
[2026-05-30T07:13:21.420+0000] {processor.py:830} INFO - Processing file /opt/airflow/dags/main.py for tasks to queue
[2026-05-30T07:13:21.423+0000] {logging_mixin.py:188} INFO - [2026-05-30T07:13:21.423+0000] {dagbag.py:545} INFO - Filling up the DagBag from /opt/airflow/dags/main.py
[2026-05-30T07:13:21.767+0000] {processor.py:840} INFO - DAG(s) 'produce_json', 'data_quality', 'update_db' retrieved from /opt/airflow/dags/main.py
[2026-05-30T07:13:21.813+0000] {logging_mixin.py:188} INFO - [2026-05-30T07:13:21.813+0000] {dag.py:3096} INFO - Sync 3 DAGs
[2026-05-30T07:13:21.838+0000] {logging_mixin.py:188} INFO - [2026-05-30T07:13:21.838+0000] {dag.py:3954} INFO - Setting next_dagrun for data_quality to 2026-05-29 13:00:00+00:00, run_after=2026-05-30 13:00:00+00:00
[2026-05-30T07:13:21.844+0000] {logging_mixin.py:188} INFO - [2026-05-30T07:13:21.844+0000] {dag.py:3954} INFO - Setting next_dagrun for produce_json to 2026-05-29 11:00:00+00:00, run_after=2026-05-30 11:00:00+00:00
[2026-05-30T07:13:21.848+0000] {logging_mixin.py:188} INFO - [2026-05-30T07:13:21.848+0000] {dag.py:3954} INFO - Setting next_dagrun for update_db to 2026-05-29 12:00:00+00:00, run_after=2026-05-30 12:00:00+00:00
[2026-05-30T07:13:21.936+0000] {processor.py:183} INFO - Processing /opt/airflow/dags/main.py took 0.529 seconds
[2026-05-30T07:13:52.432+0000] {processor.py:161} INFO - Started process (PID=722) to work on /opt/airflow/dags/main.py
[2026-05-30T07:13:52.434+0000] {processor.py:830} INFO - Processing file /opt/airflow/dags/main.py for tasks to queue
[2026-05-30T07:13:52.438+0000] {logging_mixin.py:188} INFO - [2026-05-30T07:13:52.438+0000] {dagbag.py:545} INFO - Filling up the DagBag from /opt/airflow/dags/main.py
[2026-05-30T07:13:52.680+0000] {processor.py:840} INFO - DAG(s) 'produce_json', 'data_quality', 'update_db' retrieved from /opt/airflow/dags/main.py
[2026-05-30T07:13:52.718+0000] {logging_mixin.py:188} INFO - [2026-05-30T07:13:52.718+0000] {dag.py:3096} INFO - Sync 3 DAGs
[2026-05-30T07:13:52.741+0000] {logging_mixin.py:188} INFO - [2026-05-30T07:13:52.741+0000] {dag.py:3954} INFO - Setting next_dagrun for data_quality to 2026-05-29 13:00:00+00:00, run_after=2026-05-30 13:00:00+00:00
[2026-05-30T07:13:52.747+0000] {logging_mixin.py:188} INFO - [2026-05-30T07:13:52.747+0000] {dag.py:3954} INFO - Setting next_dagrun for produce_json to 2026-05-29 11:00:00+00:00, run_after=2026-05-30 11:00:00+00:00
[2026-05-30T07:13:52.753+0000] {logging_mixin.py:188} INFO - [2026-05-30T07:13:52.753+0000] {dag.py:3954} INFO - Setting next_dagrun for update_db to 2026-05-29 12:00:00+00:00, run_after=2026-05-30 12:00:00+00:00
[2026-05-30T07:13:52.837+0000] {processor.py:183} INFO - Processing /opt/airflow/dags/main.py took 0.417 seconds
[2026-05-30T07:14:23.313+0000] {processor.py:161} INFO - Started process (PID=729) to work on /opt/airflow/dags/main.py
[2026-05-30T07:14:23.316+0000] {processor.py:830} INFO - Processing file /opt/airflow/dags/main.py for tasks to queue
[2026-05-30T07:14:23.320+0000] {logging_mixin.py:188} INFO - [2026-05-30T07:14:23.320+0000] {dagbag.py:545} INFO - Filling up the DagBag from /opt/airflow/dags/main.py
[2026-05-30T07:14:23.625+0000] {processor.py:840} INFO - DAG(s) 'data_quality', 'produce_json', 'update_db' retrieved from /opt/airflow/dags/main.py
[2026-05-30T07:14:23.678+0000] {logging_mixin.py:188} INFO - [2026-05-30T07:14:23.678+0000] {dag.py:3096} INFO - Sync 3 DAGs
[2026-05-30T07:14:23.714+0000] {logging_mixin.py:188} INFO - [2026-05-30T07:14:23.714+0000] {dag.py:3954} INFO - Setting next_dagrun for data_quality to 2026-05-29 13:00:00+00:00, run_after=2026-05-30 13:00:00+00:00
[2026-05-30T07:14:23.722+0000] {logging_mixin.py:188} INFO - [2026-05-30T07:14:23.722+0000] {dag.py:3954} INFO - Setting next_dagrun for produce_json to 2026-05-29 11:00:00+00:00, run_after=2026-05-30 11:00:00+00:00
[2026-05-30T07:14:23.726+0000] {logging_mixin.py:188} INFO - [2026-05-30T07:14:23.726+0000] {dag.py:3954} INFO - Setting next_dagrun for update_db to 2026-05-29 12:00:00+00:00, run_after=2026-05-30 12:00:00+00:00
[2026-05-30T07:14:23.761+0000] {processor.py:183} INFO - Processing /opt/airflow/dags/main.py took 0.459 seconds
[2026-05-30T07:14:54.551+0000] {processor.py:161} INFO - Started process (PID=736) to work on /opt/airflow/dags/main.py
[2026-05-30T07:14:54.554+0000] {processor.py:830} INFO - Processing file /opt/airflow/dags/main.py for tasks to queue
[2026-05-30T07:14:54.560+0000] {logging_mixin.py:188} INFO - [2026-05-30T07:14:54.559+0000] {dagbag.py:545} INFO - Filling up the DagBag from /opt/airflow/dags/main.py
[2026-05-30T07:14:54.953+0000] {processor.py:840} INFO - DAG(s) 'produce_json', 'update_db', 'data_quality' retrieved from /opt/airflow/dags/main.py
[2026-05-30T07:14:55.019+0000] {logging_mixin.py:188} INFO - [2026-05-30T07:14:55.019+0000] {dag.py:3096} INFO - Sync 3 DAGs
[2026-05-30T07:14:55.046+0000] {logging_mixin.py:188} INFO - [2026-05-30T07:14:55.046+0000] {dag.py:3954} INFO - Setting next_dagrun for data_quality to 2026-05-29 13:00:00+00:00, run_after=2026-05-30 13:00:00+00:00
[2026-05-30T07:14:55.052+0000] {logging_mixin.py:188} INFO - [2026-05-30T07:14:55.052+0000] {dag.py:3954} INFO - Setting next_dagrun for produce_json to 2026-05-29 11:00:00+00:00, run_after=2026-05-30 11:00:00+00:00
[2026-05-30T07:14:55.056+0000] {logging_mixin.py:188} INFO - [2026-05-30T07:14:55.056+0000] {dag.py:3954} INFO - Setting next_dagrun for update_db to 2026-05-29 12:00:00+00:00, run_after=2026-05-30 12:00:00+00:00
[2026-05-30T07:14:55.138+0000] {processor.py:183} INFO - Processing /opt/airflow/dags/main.py took 0.605 seconds
[2026-05-30T07:15:25.634+0000] {processor.py:161} INFO - Started process (PID=743) to work on /opt/airflow/dags/main.py
[2026-05-30T07:15:25.637+0000] {processor.py:830} INFO - Processing file /opt/airflow/dags/main.py for tasks to queue
[2026-05-30T07:15:25.640+0000] {logging_mixin.py:188} INFO - [2026-05-30T07:15:25.640+0000] {dagbag.py:545} INFO - Filling up the DagBag from /opt/airflow/dags/main.py
[2026-05-30T07:15:25.948+0000] {processor.py:840} INFO - DAG(s) 'update_db', 'data_quality', 'produce_json' retrieved from /opt/airflow/dags/main.py
[2026-05-30T07:15:26.017+0000] {logging_mixin.py:188} INFO - [2026-05-30T07:15:26.016+0000] {dag.py:3096} INFO - Sync 3 DAGs
[2026-05-30T07:15:26.053+0000] {logging_mixin.py:188} INFO - [2026-05-30T07:15:26.053+0000] {dag.py:3954} INFO - Setting next_dagrun for data_quality to 2026-05-29 13:00:00+00:00, run_after=2026-05-30 13:00:00+00:00
[2026-05-30T07:15:26.063+0000] {logging_mixin.py:188} INFO - [2026-05-30T07:15:26.062+0000] {dag.py:3954} INFO - Setting next_dagrun for produce_json to 2026-05-29 11:00:00+00:00, run_after=2026-05-30 11:00:00+00:00
[2026-05-30T07:15:26.068+0000] {logging_mixin.py:188} INFO - [2026-05-30T07:15:26.068+0000] {dag.py:3954} INFO - Setting next_dagrun for update_db to 2026-05-29 12:00:00+00:00, run_after=2026-05-30 12:00:00+00:00
[2026-05-30T07:15:26.153+0000] {processor.py:183} INFO - Processing /opt/airflow/dags/main.py took 0.535 seconds
[2026-05-30T07:15:56.521+0000] {processor.py:161} INFO - Started process (PID=750) to work on /opt/airflow/dags/main.py
[2026-05-30T07:15:56.524+0000] {processor.py:830} INFO - Processing file /opt/airflow/dags/main.py for tasks to queue
[2026-05-30T07:15:56.527+0000] {logging_mixin.py:188} INFO - [2026-05-30T07:15:56.527+0000] {dagbag.py:545} INFO - Filling up the DagBag from /opt/airflow/dags/main.py
[2026-05-30T07:15:56.793+0000] {processor.py:840} INFO - DAG(s) 'update_db', 'data_quality', 'produce_json' retrieved from /opt/airflow/dags/main.py
[2026-05-30T07:15:56.846+0000] {logging_mixin.py:188} INFO - [2026-05-30T07:15:56.846+0000] {dag.py:3096} INFO - Sync 3 DAGs
[2026-05-30T07:15:56.875+0000] {logging_mixin.py:188} INFO - [2026-05-30T07:15:56.875+0000] {dag.py:3954} INFO - Setting next_dagrun for data_quality to 2026-05-29 13:00:00+00:00, run_after=2026-05-30 13:00:00+00:00
[2026-05-30T07:15:56.883+0000] {logging_mixin.py:188} INFO - [2026-05-30T07:15:56.883+0000] {dag.py:3954} INFO - Setting next_dagrun for produce_json to 2026-05-29 11:00:00+00:00, run_after=2026-05-30 11:00:00+00:00
[2026-05-30T07:15:56.887+0000] {logging_mixin.py:188} INFO - [2026-05-30T07:15:56.887+0000] {dag.py:3954} INFO - Setting next_dagrun for update_db to 2026-05-29 12:00:00+00:00, run_after=2026-05-30 12:00:00+00:00
[2026-05-30T07:15:56.973+0000] {processor.py:183} INFO - Processing /opt/airflow/dags/main.py took 0.466 seconds
[2026-05-30T07:16:27.490+0000] {processor.py:161} INFO - Started process (PID=757) to work on /opt/airflow/dags/main.py
[2026-05-30T07:16:27.493+0000] {processor.py:830} INFO - Processing file /opt/airflow/dags/main.py for tasks to queue
[2026-05-30T07:16:27.497+0000] {logging_mixin.py:188} INFO - [2026-05-30T07:16:27.496+0000] {dagbag.py:545} INFO - Filling up the DagBag from /opt/airflow/dags/main.py
[2026-05-30T07:16:27.755+0000] {processor.py:840} INFO - DAG(s) 'produce_json', 'data_quality', 'update_db' retrieved from /opt/airflow/dags/main.py
[2026-05-30T07:16:27.830+0000] {logging_mixin.py:188} INFO - [2026-05-30T07:16:27.830+0000] {dag.py:3096} INFO - Sync 3 DAGs
[2026-05-30T07:16:27.872+0000] {logging_mixin.py:188} INFO - [2026-05-30T07:16:27.871+0000] {dag.py:3954} INFO - Setting next_dagrun for data_quality to 2026-05-29 13:00:00+00:00, run_after=2026-05-30 13:00:00+00:00
[2026-05-30T07:16:27.879+0000] {logging_mixin.py:188} INFO - [2026-05-30T07:16:27.879+0000] {dag.py:3954} INFO - Setting next_dagrun for produce_json to 2026-05-29 11:00:00+00:00, run_after=2026-05-30 11:00:00+00:00
[2026-05-30T07:16:27.884+0000] {logging_mixin.py:188} INFO - [2026-05-30T07:16:27.884+0000] {dag.py:3954} INFO - Setting next_dagrun for update_db to 2026-05-29 12:00:00+00:00, run_after=2026-05-30 12:00:00+00:00
[2026-05-30T07:16:27.959+0000] {processor.py:183} INFO - Processing /opt/airflow/dags/main.py took 0.488 seconds
[2026-05-30T07:16:58.371+0000] {processor.py:161} INFO - Started process (PID=764) to work on /opt/airflow/dags/main.py
[2026-05-30T07:16:58.374+0000] {processor.py:830} INFO - Processing file /opt/airflow/dags/main.py for tasks to queue
[2026-05-30T07:16:58.377+0000] {logging_mixin.py:188} INFO - [2026-05-30T07:16:58.377+0000] {dagbag.py:545} INFO - Filling up the DagBag from /opt/airflow/dags/main.py
[2026-05-30T07:16:58.592+0000] {processor.py:840} INFO - DAG(s) 'data_quality', 'produce_json', 'update_db' retrieved from /opt/airflow/dags/main.py
[2026-05-30T07:16:58.654+0000] {logging_mixin.py:188} INFO - [2026-05-30T07:16:58.654+0000] {dag.py:3096} INFO - Sync 3 DAGs
[2026-05-30T07:16:58.678+0000] {logging_mixin.py:188} INFO - [2026-05-30T07:16:58.678+0000] {dag.py:3954} INFO - Setting next_dagrun for data_quality to 2026-05-29 13:00:00+00:00, run_after=2026-05-30 13:00:00+00:00
[2026-05-30T07:16:58.687+0000] {logging_mixin.py:188} INFO - [2026-05-30T07:16:58.686+0000] {dag.py:3954} INFO - Setting next_dagrun for produce_json to 2026-05-29 11:00:00+00:00, run_after=2026-05-30 11:00:00+00:00
[2026-05-30T07:16:58.692+0000] {logging_mixin.py:188} INFO - [2026-05-30T07:16:58.691+0000] {dag.py:3954} INFO - Setting next_dagrun for update_db to 2026-05-29 12:00:00+00:00, run_after=2026-05-30 12:00:00+00:00
[2026-05-30T07:16:58.768+0000] {processor.py:183} INFO - Processing /opt/airflow/dags/main.py took 0.414 seconds
[2026-05-30T07:17:29.249+0000] {processor.py:161} INFO - Started process (PID=771) to work on /opt/airflow/dags/main.py
[2026-05-30T07:17:29.251+0000] {processor.py:830} INFO - Processing file /opt/airflow/dags/main.py for tasks to queue
[2026-05-30T07:17:29.254+0000] {logging_mixin.py:188} INFO - [2026-05-30T07:17:29.254+0000] {dagbag.py:545} INFO - Filling up the DagBag from /opt/airflow/dags/main.py
[2026-05-30T07:17:29.429+0000] {processor.py:840} INFO - DAG(s) 'produce_json', 'data_quality', 'update_db' retrieved from /opt/airflow/dags/main.py
[2026-05-30T07:17:29.477+0000] {logging_mixin.py:188} INFO - [2026-05-30T07:17:29.476+0000] {dag.py:3096} INFO - Sync 3 DAGs
[2026-05-30T07:17:29.511+0000] {logging_mixin.py:188} INFO - [2026-05-30T07:17:29.510+0000] {dag.py:3954} INFO - Setting next_dagrun for data_quality to 2026-05-29 13:00:00+00:00, run_after=2026-05-30 13:00:00+00:00
[2026-05-30T07:17:29.524+0000] {logging_mixin.py:188} INFO - [2026-05-30T07:17:29.524+0000] {dag.py:3954} INFO - Setting next_dagrun for produce_json to 2026-05-29 11:00:00+00:00, run_after=2026-05-30 11:00:00+00:00
[2026-05-30T07:17:29.532+0000] {logging_mixin.py:188} INFO - [2026-05-30T07:17:29.532+0000] {dag.py:3954} INFO - Setting next_dagrun for update_db to 2026-05-29 12:00:00+00:00, run_after=2026-05-30 12:00:00+00:00
[2026-05-30T07:17:29.574+0000] {processor.py:183} INFO - Processing /opt/airflow/dags/main.py took 0.340 seconds
[2026-05-30T07:18:00.066+0000] {processor.py:161} INFO - Started process (PID=778) to work on /opt/airflow/dags/main.py
[2026-05-30T07:18:00.069+0000] {processor.py:830} INFO - Processing file /opt/airflow/dags/main.py for tasks to queue
[2026-05-30T07:18:00.074+0000] {logging_mixin.py:188} INFO - [2026-05-30T07:18:00.073+0000] {dagbag.py:545} INFO - Filling up the DagBag from /opt/airflow/dags/main.py
[2026-05-30T07:18:00.400+0000] {processor.py:840} INFO - DAG(s) 'update_db', 'data_quality', 'produce_json' retrieved from /opt/airflow/dags/main.py
[2026-05-30T07:18:00.452+0000] {logging_mixin.py:188} INFO - [2026-05-30T07:18:00.452+0000] {dag.py:3096} INFO - Sync 3 DAGs
[2026-05-30T07:18:00.482+0000] {logging_mixin.py:188} INFO - [2026-05-30T07:18:00.481+0000] {dag.py:3954} INFO - Setting next_dagrun for data_quality to 2026-05-29 13:00:00+00:00, run_after=2026-05-30 13:00:00+00:00
[2026-05-30T07:18:00.489+0000] {logging_mixin.py:188} INFO - [2026-05-30T07:18:00.489+0000] {dag.py:3954} INFO - Setting next_dagrun for produce_json to 2026-05-29 11:00:00+00:00, run_after=2026-05-30 11:00:00+00:00
[2026-05-30T07:18:00.494+0000] {logging_mixin.py:188} INFO - [2026-05-30T07:18:00.494+0000] {dag.py:3954} INFO - Setting next_dagrun for update_db to 2026-05-29 12:00:00+00:00, run_after=2026-05-30 12:00:00+00:00
[2026-05-30T07:18:00.584+0000] {processor.py:183} INFO - Processing /opt/airflow/dags/main.py took 0.534 seconds
[2026-05-30T07:18:31.079+0000] {processor.py:161} INFO - Started process (PID=785) to work on /opt/airflow/dags/main.py
[2026-05-30T07:18:31.082+0000] {processor.py:830} INFO - Processing file /opt/airflow/dags/main.py for tasks to queue
[2026-05-30T07:18:31.089+0000] {logging_mixin.py:188} INFO - [2026-05-30T07:18:31.088+0000] {dagbag.py:545} INFO - Filling up the DagBag from /opt/airflow/dags/main.py
[2026-05-30T07:18:31.357+0000] {processor.py:840} INFO - DAG(s) 'data_quality', 'produce_json', 'update_db' retrieved from /opt/airflow/dags/main.py
[2026-05-30T07:18:31.403+0000] {logging_mixin.py:188} INFO - [2026-05-30T07:18:31.403+0000] {dag.py:3096} INFO - Sync 3 DAGs
[2026-05-30T07:18:31.431+0000] {logging_mixin.py:188} INFO - [2026-05-30T07:18:31.431+0000] {dag.py:3954} INFO - Setting next_dagrun for data_quality to 2026-05-29 13:00:00+00:00, run_after=2026-05-30 13:00:00+00:00
[2026-05-30T07:18:31.437+0000] {logging_mixin.py:188} INFO - [2026-05-30T07:18:31.437+0000] {dag.py:3954} INFO - Setting next_dagrun for produce_json to 2026-05-29 11:00:00+00:00, run_after=2026-05-30 11:00:00+00:00
[2026-05-30T07:18:31.441+0000] {logging_mixin.py:188} INFO - [2026-05-30T07:18:31.441+0000] {dag.py:3954} INFO - Setting next_dagrun for update_db to 2026-05-29 12:00:00+00:00, run_after=2026-05-30 12:00:00+00:00
[2026-05-30T07:18:31.518+0000] {processor.py:183} INFO - Processing /opt/airflow/dags/main.py took 0.465 seconds
[2026-05-30T07:19:01.765+0000] {processor.py:161} INFO - Started process (PID=792) to work on /opt/airflow/dags/main.py
[2026-05-30T07:19:01.767+0000] {processor.py:830} INFO - Processing file /opt/airflow/dags/main.py for tasks to queue
[2026-05-30T07:19:01.771+0000] {logging_mixin.py:188} INFO - [2026-05-30T07:19:01.771+0000] {dagbag.py:545} INFO - Filling up the DagBag from /opt/airflow/dags/main.py
[2026-05-30T07:19:02.014+0000] {processor.py:840} INFO - DAG(s) 'update_db', 'produce_json', 'data_quality' retrieved from /opt/airflow/dags/main.py
[2026-05-30T07:19:02.071+0000] {logging_mixin.py:188} INFO - [2026-05-30T07:19:02.070+0000] {dag.py:3096} INFO - Sync 3 DAGs
[2026-05-30T07:19:02.105+0000] {logging_mixin.py:188} INFO - [2026-05-30T07:19:02.105+0000] {dag.py:3954} INFO - Setting next_dagrun for data_quality to 2026-05-29 13:00:00+00:00, run_after=2026-05-30 13:00:00+00:00
[2026-05-30T07:19:02.116+0000] {logging_mixin.py:188} INFO - [2026-05-30T07:19:02.116+0000] {dag.py:3954} INFO - Setting next_dagrun for produce_json to 2026-05-29 11:00:00+00:00, run_after=2026-05-30 11:00:00+00:00
[2026-05-30T07:19:02.120+0000] {logging_mixin.py:188} INFO - [2026-05-30T07:19:02.120+0000] {dag.py:3954} INFO - Setting next_dagrun for update_db to 2026-05-29 12:00:00+00:00, run_after=2026-05-30 12:00:00+00:00
[2026-05-30T07:19:02.149+0000] {processor.py:183} INFO - Processing /opt/airflow/dags/main.py took 0.401 seconds
[2026-05-30T07:19:32.589+0000] {processor.py:161} INFO - Started process (PID=799) to work on /opt/airflow/dags/main.py
[2026-05-30T07:19:32.591+0000] {processor.py:830} INFO - Processing file /opt/airflow/dags/main.py for tasks to queue
[2026-05-30T07:19:32.595+0000] {logging_mixin.py:188} INFO - [2026-05-30T07:19:32.594+0000] {dagbag.py:545} INFO - Filling up the DagBag from /opt/airflow/dags/main.py
[2026-05-30T07:19:32.924+0000] {processor.py:840} INFO - DAG(s) 'data_quality', 'update_db', 'produce_json' retrieved from /opt/airflow/dags/main.py
[2026-05-30T07:19:32.974+0000] {logging_mixin.py:188} INFO - [2026-05-30T07:19:32.973+0000] {dag.py:3096} INFO - Sync 3 DAGs
[2026-05-30T07:19:32.998+0000] {logging_mixin.py:188} INFO - [2026-05-30T07:19:32.998+0000] {dag.py:3954} INFO - Setting next_dagrun for data_quality to 2026-05-29 13:00:00+00:00, run_after=2026-05-30 13:00:00+00:00
[2026-05-30T07:19:33.005+0000] {logging_mixin.py:188} INFO - [2026-05-30T07:19:33.005+0000] {dag.py:3954} INFO - Setting next_dagrun for produce_json to 2026-05-29 11:00:00+00:00, run_after=2026-05-30 11:00:00+00:00
[2026-05-30T07:19:33.009+0000] {logging_mixin.py:188} INFO - [2026-05-30T07:19:33.009+0000] {dag.py:3954} INFO - Setting next_dagrun for update_db to 2026-05-29 12:00:00+00:00, run_after=2026-05-30 12:00:00+00:00
[2026-05-30T07:19:33.097+0000] {processor.py:183} INFO - Processing /opt/airflow/dags/main.py took 0.521 seconds
[2026-05-30T07:20:03.899+0000] {processor.py:161} INFO - Started process (PID=806) to work on /opt/airflow/dags/main.py
[2026-05-30T07:20:03.901+0000] {processor.py:830} INFO - Processing file /opt/airflow/dags/main.py for tasks to queue
[2026-05-30T07:20:03.904+0000] {logging_mixin.py:188} INFO - [2026-05-30T07:20:03.904+0000] {dagbag.py:545} INFO - Filling up the DagBag from /opt/airflow/dags/main.py
[2026-05-30T07:20:04.170+0000] {processor.py:840} INFO - DAG(s) 'update_db', 'produce_json', 'data_quality' retrieved from /opt/airflow/dags/main.py
[2026-05-30T07:20:04.216+0000] {logging_mixin.py:188} INFO - [2026-05-30T07:20:04.216+0000] {dag.py:3096} INFO - Sync 3 DAGs
[2026-05-30T07:20:04.257+0000] {logging_mixin.py:188} INFO - [2026-05-30T07:20:04.257+0000] {dag.py:3954} INFO - Setting next_dagrun for data_quality to 2026-05-29 13:00:00+00:00, run_after=2026-05-30 13:00:00+00:00
[2026-05-30T07:20:04.267+0000] {logging_mixin.py:188} INFO - [2026-05-30T07:20:04.266+0000] {dag.py:3954} INFO - Setting next_dagrun for produce_json to 2026-05-29 11:00:00+00:00, run_after=2026-05-30 11:00:00+00:00
[2026-05-30T07:20:04.272+0000] {logging_mixin.py:188} INFO - [2026-05-30T07:20:04.272+0000] {dag.py:3954} INFO - Setting next_dagrun for update_db to 2026-05-29 12:00:00+00:00, run_after=2026-05-30 12:00:00+00:00
[2026-05-30T07:20:04.356+0000] {processor.py:183} INFO - Processing /opt/airflow/dags/main.py took 0.465 seconds
[2026-05-30T07:20:34.783+0000] {processor.py:161} INFO - Started process (PID=813) to work on /opt/airflow/dags/main.py
[2026-05-30T07:20:34.785+0000] {processor.py:830} INFO - Processing file /opt/airflow/dags/main.py for tasks to queue
[2026-05-30T07:20:34.789+0000] {logging_mixin.py:188} INFO - [2026-05-30T07:20:34.788+0000] {dagbag.py:545} INFO - Filling up the DagBag from /opt/airflow/dags/main.py
[2026-05-30T07:20:35.057+0000] {processor.py:840} INFO - DAG(s) 'data_quality', 'update_db', 'produce_json' retrieved from /opt/airflow/dags/main.py
[2026-05-30T07:20:35.113+0000] {logging_mixin.py:188} INFO - [2026-05-30T07:20:35.113+0000] {dag.py:3096} INFO - Sync 3 DAGs
[2026-05-30T07:20:35.156+0000] {logging_mixin.py:188} INFO - [2026-05-30T07:20:35.155+0000] {dag.py:3954} INFO - Setting next_dagrun for data_quality to 2026-05-29 13:00:00+00:00, run_after=2026-05-30 13:00:00+00:00
[2026-05-30T07:20:35.165+0000] {logging_mixin.py:188} INFO - [2026-05-30T07:20:35.165+0000] {dag.py:3954} INFO - Setting next_dagrun for produce_json to 2026-05-29 11:00:00+00:00, run_after=2026-05-30 11:00:00+00:00
[2026-05-30T07:20:35.170+0000] {logging_mixin.py:188} INFO - [2026-05-30T07:20:35.169+0000] {dag.py:3954} INFO - Setting next_dagrun for update_db to 2026-05-29 12:00:00+00:00, run_after=2026-05-30 12:00:00+00:00
[2026-05-30T07:20:35.262+0000] {processor.py:183} INFO - Processing /opt/airflow/dags/main.py took 0.499 seconds
[2026-05-30T07:21:05.612+0000] {processor.py:161} INFO - Started process (PID=820) to work on /opt/airflow/dags/main.py
[2026-05-30T07:21:05.614+0000] {processor.py:830} INFO - Processing file /opt/airflow/dags/main.py for tasks to queue
[2026-05-30T07:21:05.618+0000] {logging_mixin.py:188} INFO - [2026-05-30T07:21:05.617+0000] {dagbag.py:545} INFO - Filling up the DagBag from /opt/airflow/dags/main.py
[2026-05-30T07:21:05.978+0000] {processor.py:840} INFO - DAG(s) 'data_quality', 'update_db', 'produce_json' retrieved from /opt/airflow/dags/main.py
[2026-05-30T07:21:06.024+0000] {logging_mixin.py:188} INFO - [2026-05-30T07:21:06.023+0000] {dag.py:3096} INFO - Sync 3 DAGs
[2026-05-30T07:21:06.050+0000] {logging_mixin.py:188} INFO - [2026-05-30T07:21:06.050+0000] {dag.py:3954} INFO - Setting next_dagrun for data_quality to 2026-05-29 13:00:00+00:00, run_after=2026-05-30 13:00:00+00:00
[2026-05-30T07:21:06.057+0000] {logging_mixin.py:188} INFO - [2026-05-30T07:21:06.057+0000] {dag.py:3954} INFO - Setting next_dagrun for produce_json to 2026-05-29 11:00:00+00:00, run_after=2026-05-30 11:00:00+00:00
[2026-05-30T07:21:06.061+0000] {logging_mixin.py:188} INFO - [2026-05-30T07:21:06.061+0000] {dag.py:3954} INFO - Setting next_dagrun for update_db to 2026-05-29 12:00:00+00:00, run_after=2026-05-30 12:00:00+00:00
[2026-05-30T07:21:06.098+0000] {processor.py:183} INFO - Processing /opt/airflow/dags/main.py took 0.503 seconds
[2026-05-30T07:21:36.583+0000] {processor.py:161} INFO - Started process (PID=827) to work on /opt/airflow/dags/main.py
[2026-05-30T07:21:36.586+0000] {processor.py:830} INFO - Processing file /opt/airflow/dags/main.py for tasks to queue
[2026-05-30T07:21:36.590+0000] {logging_mixin.py:188} INFO - [2026-05-30T07:21:36.590+0000] {dagbag.py:545} INFO - Filling up the DagBag from /opt/airflow/dags/main.py
[2026-05-30T07:21:36.941+0000] {processor.py:840} INFO - DAG(s) 'update_db', 'produce_json', 'data_quality' retrieved from /opt/airflow/dags/main.py
[2026-05-30T07:21:37.009+0000] {logging_mixin.py:188} INFO - [2026-05-30T07:21:37.008+0000] {dag.py:3096} INFO - Sync 3 DAGs
[2026-05-30T07:21:37.045+0000] {logging_mixin.py:188} INFO - [2026-05-30T07:21:37.045+0000] {dag.py:3954} INFO - Setting next_dagrun for data_quality to 2026-05-29 13:00:00+00:00, run_after=2026-05-30 13:00:00+00:00
[2026-05-30T07:21:37.052+0000] {logging_mixin.py:188} INFO - [2026-05-30T07:21:37.052+0000] {dag.py:3954} INFO - Setting next_dagrun for produce_json to 2026-05-29 11:00:00+00:00, run_after=2026-05-30 11:00:00+00:00
[2026-05-30T07:21:37.056+0000] {logging_mixin.py:188} INFO - [2026-05-30T07:21:37.056+0000] {dag.py:3954} INFO - Setting next_dagrun for update_db to 2026-05-29 12:00:00+00:00, run_after=2026-05-30 12:00:00+00:00
[2026-05-30T07:21:37.079+0000] {processor.py:183} INFO - Processing /opt/airflow/dags/main.py took 0.519 seconds
[2026-05-30T07:22:07.450+0000] {processor.py:161} INFO - Started process (PID=834) to work on /opt/airflow/dags/main.py
[2026-05-30T07:22:07.454+0000] {processor.py:830} INFO - Processing file /opt/airflow/dags/main.py for tasks to queue
[2026-05-30T07:22:07.459+0000] {logging_mixin.py:188} INFO - [2026-05-30T07:22:07.458+0000] {dagbag.py:545} INFO - Filling up the DagBag from /opt/airflow/dags/main.py
[2026-05-30T07:22:07.782+0000] {processor.py:840} INFO - DAG(s) 'produce_json', 'data_quality', 'update_db' retrieved from /opt/airflow/dags/main.py
[2026-05-30T07:22:07.843+0000] {logging_mixin.py:188} INFO - [2026-05-30T07:22:07.843+0000] {dag.py:3096} INFO - Sync 3 DAGs
[2026-05-30T07:22:07.874+0000] {logging_mixin.py:188} INFO - [2026-05-30T07:22:07.873+0000] {dag.py:3954} INFO - Setting next_dagrun for data_quality to 2026-05-29 13:00:00+00:00, run_after=2026-05-30 13:00:00+00:00
[2026-05-30T07:22:07.880+0000] {logging_mixin.py:188} INFO - [2026-05-30T07:22:07.880+0000] {dag.py:3954} INFO - Setting next_dagrun for produce_json to 2026-05-29 11:00:00+00:00, run_after=2026-05-30 11:00:00+00:00
[2026-05-30T07:22:07.884+0000] {logging_mixin.py:188} INFO - [2026-05-30T07:22:07.884+0000] {dag.py:3954} INFO - Setting next_dagrun for update_db to 2026-05-29 12:00:00+00:00, run_after=2026-05-30 12:00:00+00:00
[2026-05-30T07:22:07.965+0000] {processor.py:183} INFO - Processing /opt/airflow/dags/main.py took 0.532 seconds
[2026-05-30T07:22:38.434+0000] {processor.py:161} INFO - Started process (PID=841) to work on /opt/airflow/dags/main.py
[2026-05-30T07:22:38.436+0000] {processor.py:830} INFO - Processing file /opt/airflow/dags/main.py for tasks to queue
[2026-05-30T07:22:38.440+0000] {logging_mixin.py:188} INFO - [2026-05-30T07:22:38.439+0000] {dagbag.py:545} INFO - Filling up the DagBag from /opt/airflow/dags/main.py
[2026-05-30T07:22:38.762+0000] {processor.py:840} INFO - DAG(s) 'produce_json', 'update_db', 'data_quality' retrieved from /opt/airflow/dags/main.py
[2026-05-30T07:22:38.803+0000] {logging_mixin.py:188} INFO - [2026-05-30T07:22:38.803+0000] {dag.py:3096} INFO - Sync 3 DAGs
[2026-05-30T07:22:38.832+0000] {logging_mixin.py:188} INFO - [2026-05-30T07:22:38.832+0000] {dag.py:3954} INFO - Setting next_dagrun for data_quality to 2026-05-29 13:00:00+00:00, run_after=2026-05-30 13:00:00+00:00
[2026-05-30T07:22:38.838+0000] {logging_mixin.py:188} INFO - [2026-05-30T07:22:38.838+0000] {dag.py:3954} INFO - Setting next_dagrun for produce_json to 2026-05-29 11:00:00+00:00, run_after=2026-05-30 11:00:00+00:00
[2026-05-30T07:22:38.842+0000] {logging_mixin.py:188} INFO - [2026-05-30T07:22:38.842+0000] {dag.py:3954} INFO - Setting next_dagrun for update_db to 2026-05-29 12:00:00+00:00, run_after=2026-05-30 12:00:00+00:00
[2026-05-30T07:22:38.863+0000] {processor.py:183} INFO - Processing /opt/airflow/dags/main.py took 0.446 seconds
[2026-05-30T07:23:09.258+0000] {processor.py:161} INFO - Started process (PID=848) to work on /opt/airflow/dags/main.py
[2026-05-30T07:23:09.261+0000] {processor.py:830} INFO - Processing file /opt/airflow/dags/main.py for tasks to queue
[2026-05-30T07:23:09.264+0000] {logging_mixin.py:188} INFO - [2026-05-30T07:23:09.264+0000] {dagbag.py:545} INFO - Filling up the DagBag from /opt/airflow/dags/main.py
[2026-05-30T07:23:09.494+0000] {processor.py:840} INFO - DAG(s) 'produce_json', 'data_quality', 'update_db' retrieved from /opt/airflow/dags/main.py
[2026-05-30T07:23:09.532+0000] {logging_mixin.py:188} INFO - [2026-05-30T07:23:09.532+0000] {dag.py:3096} INFO - Sync 3 DAGs
[2026-05-30T07:23:09.561+0000] {logging_mixin.py:188} INFO - [2026-05-30T07:23:09.560+0000] {dag.py:3954} INFO - Setting next_dagrun for data_quality to 2026-05-29 13:00:00+00:00, run_after=2026-05-30 13:00:00+00:00
[2026-05-30T07:23:09.570+0000] {logging_mixin.py:188} INFO - [2026-05-30T07:23:09.570+0000] {dag.py:3954} INFO - Setting next_dagrun for produce_json to 2026-05-29 11:00:00+00:00, run_after=2026-05-30 11:00:00+00:00
[2026-05-30T07:23:09.576+0000] {logging_mixin.py:188} INFO - [2026-05-30T07:23:09.576+0000] {dag.py:3954} INFO - Setting next_dagrun for update_db to 2026-05-29 12:00:00+00:00, run_after=2026-05-30 12:00:00+00:00
[2026-05-30T07:23:09.657+0000] {processor.py:183} INFO - Processing /opt/airflow/dags/main.py took 0.415 seconds
[2026-05-30T07:23:40.120+0000] {processor.py:161} INFO - Started process (PID=855) to work on /opt/airflow/dags/main.py
[2026-05-30T07:23:40.122+0000] {processor.py:830} INFO - Processing file /opt/airflow/dags/main.py for tasks to queue
[2026-05-30T07:23:40.127+0000] {logging_mixin.py:188} INFO - [2026-05-30T07:23:40.126+0000] {dagbag.py:545} INFO - Filling up the DagBag from /opt/airflow/dags/main.py
[2026-05-30T07:23:40.350+0000] {processor.py:840} INFO - DAG(s) 'produce_json', 'data_quality', 'update_db' retrieved from /opt/airflow/dags/main.py
[2026-05-30T07:23:40.402+0000] {logging_mixin.py:188} INFO - [2026-05-30T07:23:40.401+0000] {dag.py:3096} INFO - Sync 3 DAGs
[2026-05-30T07:23:40.459+0000] {logging_mixin.py:188} INFO - [2026-05-30T07:23:40.459+0000] {dag.py:3954} INFO - Setting next_dagrun for data_quality to 2026-05-29 13:00:00+00:00, run_after=2026-05-30 13:00:00+00:00
[2026-05-30T07:23:40.473+0000] {logging_mixin.py:188} INFO - [2026-05-30T07:23:40.472+0000] {dag.py:3954} INFO - Setting next_dagrun for produce_json to 2026-05-29 11:00:00+00:00, run_after=2026-05-30 11:00:00+00:00
[2026-05-30T07:23:40.481+0000] {logging_mixin.py:188} INFO - [2026-05-30T07:23:40.481+0000] {dag.py:3954} INFO - Setting next_dagrun for update_db to 2026-05-29 12:00:00+00:00, run_after=2026-05-30 12:00:00+00:00
[2026-05-30T07:23:40.562+0000] {processor.py:183} INFO - Processing /opt/airflow/dags/main.py took 0.456 seconds
[2026-05-30T07:24:11.087+0000] {processor.py:161} INFO - Started process (PID=862) to work on /opt/airflow/dags/main.py
[2026-05-30T07:24:11.090+0000] {processor.py:830} INFO - Processing file /opt/airflow/dags/main.py for tasks to queue
[2026-05-30T07:24:11.094+0000] {logging_mixin.py:188} INFO - [2026-05-30T07:24:11.093+0000] {dagbag.py:545} INFO - Filling up the DagBag from /opt/airflow/dags/main.py
[2026-05-30T07:24:11.271+0000] {processor.py:840} INFO - DAG(s) 'data_quality', 'produce_json', 'update_db' retrieved from /opt/airflow/dags/main.py
[2026-05-30T07:24:11.323+0000] {logging_mixin.py:188} INFO - [2026-05-30T07:24:11.322+0000] {dag.py:3096} INFO - Sync 3 DAGs
[2026-05-30T07:24:11.349+0000] {logging_mixin.py:188} INFO - [2026-05-30T07:24:11.348+0000] {dag.py:3954} INFO - Setting next_dagrun for data_quality to 2026-05-29 13:00:00+00:00, run_after=2026-05-30 13:00:00+00:00
[2026-05-30T07:24:11.354+0000] {logging_mixin.py:188} INFO - [2026-05-30T07:24:11.354+0000] {dag.py:3954} INFO - Setting next_dagrun for produce_json to 2026-05-29 11:00:00+00:00, run_after=2026-05-30 11:00:00+00:00
[2026-05-30T07:24:11.362+0000] {logging_mixin.py:188} INFO - [2026-05-30T07:24:11.362+0000] {dag.py:3954} INFO - Setting next_dagrun for update_db to 2026-05-29 12:00:00+00:00, run_after=2026-05-30 12:00:00+00:00
[2026-05-30T07:24:11.454+0000] {processor.py:183} INFO - Processing /opt/airflow/dags/main.py took 0.387 seconds
[2026-05-30T07:24:41.540+0000] {processor.py:161} INFO - Started process (PID=870) to work on /opt/airflow/dags/main.py
[2026-05-30T07:24:41.542+0000] {processor.py:830} INFO - Processing file /opt/airflow/dags/main.py for tasks to queue
[2026-05-30T07:24:41.544+0000] {logging_mixin.py:188} INFO - [2026-05-30T07:24:41.544+0000] {dagbag.py:545} INFO - Filling up the DagBag from /opt/airflow/dags/main.py
[2026-05-30T07:24:41.758+0000] {processor.py:840} INFO - DAG(s) 'update_db', 'data_quality', 'produce_json' retrieved from /opt/airflow/dags/main.py
[2026-05-30T07:24:41.806+0000] {logging_mixin.py:188} INFO - [2026-05-30T07:24:41.806+0000] {dag.py:3096} INFO - Sync 3 DAGs
[2026-05-30T07:24:41.848+0000] {logging_mixin.py:188} INFO - [2026-05-30T07:24:41.847+0000] {dag.py:3954} INFO - Setting next_dagrun for data_quality to 2026-05-29 13:00:00+00:00, run_after=2026-05-30 13:00:00+00:00
[2026-05-30T07:24:41.860+0000] {logging_mixin.py:188} INFO - [2026-05-30T07:24:41.859+0000] {dag.py:3954} INFO - Setting next_dagrun for produce_json to 2026-05-29 11:00:00+00:00, run_after=2026-05-30 11:00:00+00:00
[2026-05-30T07:24:41.866+0000] {logging_mixin.py:188} INFO - [2026-05-30T07:24:41.866+0000] {dag.py:3954} INFO - Setting next_dagrun for update_db to 2026-05-29 12:00:00+00:00, run_after=2026-05-30 12:00:00+00:00
[2026-05-30T07:24:41.942+0000] {processor.py:183} INFO - Processing /opt/airflow/dags/main.py took 0.411 seconds
[2026-05-30T07:25:12.418+0000] {processor.py:161} INFO - Started process (PID=877) to work on /opt/airflow/dags/main.py
[2026-05-30T07:25:12.422+0000] {processor.py:830} INFO - Processing file /opt/airflow/dags/main.py for tasks to queue
[2026-05-30T07:25:12.427+0000] {logging_mixin.py:188} INFO - [2026-05-30T07:25:12.426+0000] {dagbag.py:545} INFO - Filling up the DagBag from /opt/airflow/dags/main.py
[2026-05-30T07:25:12.732+0000] {processor.py:840} INFO - DAG(s) 'data_quality', 'update_db', 'produce_json' retrieved from /opt/airflow/dags/main.py
[2026-05-30T07:25:12.789+0000] {logging_mixin.py:188} INFO - [2026-05-30T07:25:12.788+0000] {dag.py:3096} INFO - Sync 3 DAGs
[2026-05-30T07:25:12.815+0000] {logging_mixin.py:188} INFO - [2026-05-30T07:25:12.815+0000] {dag.py:3954} INFO - Setting next_dagrun for data_quality to 2026-05-29 13:00:00+00:00, run_after=2026-05-30 13:00:00+00:00
[2026-05-30T07:25:12.821+0000] {logging_mixin.py:188} INFO - [2026-05-30T07:25:12.821+0000] {dag.py:3954} INFO - Setting next_dagrun for produce_json to 2026-05-29 11:00:00+00:00, run_after=2026-05-30 11:00:00+00:00
[2026-05-30T07:25:12.825+0000] {logging_mixin.py:188} INFO - [2026-05-30T07:25:12.825+0000] {dag.py:3954} INFO - Setting next_dagrun for update_db to 2026-05-29 12:00:00+00:00, run_after=2026-05-30 12:00:00+00:00
[2026-05-30T07:25:12.907+0000] {processor.py:183} INFO - Processing /opt/airflow/dags/main.py took 0.517 seconds
[2026-05-30T07:25:43.289+0000] {processor.py:161} INFO - Started process (PID=884) to work on /opt/airflow/dags/main.py
[2026-05-30T07:25:43.292+0000] {processor.py:830} INFO - Processing file /opt/airflow/dags/main.py for tasks to queue
[2026-05-30T07:25:43.296+0000] {logging_mixin.py:188} INFO - [2026-05-30T07:25:43.295+0000] {dagbag.py:545} INFO - Filling up the DagBag from /opt/airflow/dags/main.py
[2026-05-30T07:25:43.512+0000] {processor.py:840} INFO - DAG(s) 'produce_json', 'update_db', 'data_quality' retrieved from /opt/airflow/dags/main.py
[2026-05-30T07:25:43.563+0000] {logging_mixin.py:188} INFO - [2026-05-30T07:25:43.563+0000] {dag.py:3096} INFO - Sync 3 DAGs
[2026-05-30T07:25:43.594+0000] {logging_mixin.py:188} INFO - [2026-05-30T07:25:43.594+0000] {dag.py:3954} INFO - Setting next_dagrun for data_quality to 2026-05-29 13:00:00+00:00, run_after=2026-05-30 13:00:00+00:00
[2026-05-30T07:25:43.602+0000] {logging_mixin.py:188} INFO - [2026-05-30T07:25:43.601+0000] {dag.py:3954} INFO - Setting next_dagrun for produce_json to 2026-05-29 11:00:00+00:00, run_after=2026-05-30 11:00:00+00:00
[2026-05-30T07:25:43.606+0000] {logging_mixin.py:188} INFO - [2026-05-30T07:25:43.606+0000] {dag.py:3954} INFO - Setting next_dagrun for update_db to 2026-05-29 12:00:00+00:00, run_after=2026-05-30 12:00:00+00:00
[2026-05-30T07:25:43.664+0000] {processor.py:183} INFO - Processing /opt/airflow/dags/main.py took 0.391 seconds
[2026-05-30T07:26:14.118+0000] {processor.py:161} INFO - Started process (PID=897) to work on /opt/airflow/dags/main.py
[2026-05-30T07:26:14.121+0000] {processor.py:830} INFO - Processing file /opt/airflow/dags/main.py for tasks to queue
[2026-05-30T07:26:14.126+0000] {logging_mixin.py:188} INFO - [2026-05-30T07:26:14.125+0000] {dagbag.py:545} INFO - Filling up the DagBag from /opt/airflow/dags/main.py
[2026-05-30T07:26:14.416+0000] {processor.py:840} INFO - DAG(s) 'data_quality', 'produce_json', 'update_db' retrieved from /opt/airflow/dags/main.py
[2026-05-30T07:26:14.462+0000] {logging_mixin.py:188} INFO - [2026-05-30T07:26:14.462+0000] {dag.py:3096} INFO - Sync 3 DAGs
[2026-05-30T07:26:14.492+0000] {logging_mixin.py:188} INFO - [2026-05-30T07:26:14.492+0000] {dag.py:3954} INFO - Setting next_dagrun for data_quality to 2026-05-29 13:00:00+00:00, run_after=2026-05-30 13:00:00+00:00
[2026-05-30T07:26:14.503+0000] {logging_mixin.py:188} INFO - [2026-05-30T07:26:14.502+0000] {dag.py:3954} INFO - Setting next_dagrun for produce_json to 2026-05-29 11:00:00+00:00, run_after=2026-05-30 11:00:00+00:00
[2026-05-30T07:26:14.511+0000] {logging_mixin.py:188} INFO - [2026-05-30T07:26:14.511+0000] {dag.py:3954} INFO - Setting next_dagrun for update_db to 2026-05-29 12:00:00+00:00, run_after=2026-05-30 12:00:00+00:00
[2026-05-30T07:26:14.590+0000] {processor.py:183} INFO - Processing /opt/airflow/dags/main.py took 0.497 seconds
[2026-05-30T07:26:45.054+0000] {processor.py:161} INFO - Started process (PID=904) to work on /opt/airflow/dags/main.py
[2026-05-30T07:26:45.056+0000] {processor.py:830} INFO - Processing file /opt/airflow/dags/main.py for tasks to queue
[2026-05-30T07:26:45.059+0000] {logging_mixin.py:188} INFO - [2026-05-30T07:26:45.059+0000] {dagbag.py:545} INFO - Filling up the DagBag from /opt/airflow/dags/main.py
[2026-05-30T07:26:45.331+0000] {processor.py:840} INFO - DAG(s) 'produce_json', 'update_db', 'data_quality' retrieved from /opt/airflow/dags/main.py
[2026-05-30T07:26:45.388+0000] {logging_mixin.py:188} INFO - [2026-05-30T07:26:45.387+0000] {dag.py:3096} INFO - Sync 3 DAGs
[2026-05-30T07:26:45.422+0000] {logging_mixin.py:188} INFO - [2026-05-30T07:26:45.422+0000] {dag.py:3954} INFO - Setting next_dagrun for data_quality to 2026-05-29 13:00:00+00:00, run_after=2026-05-30 13:00:00+00:00
[2026-05-30T07:26:45.432+0000] {logging_mixin.py:188} INFO - [2026-05-30T07:26:45.431+0000] {dag.py:3954} INFO - Setting next_dagrun for produce_json to 2026-05-29 11:00:00+00:00, run_after=2026-05-30 11:00:00+00:00
[2026-05-30T07:26:45.436+0000] {logging_mixin.py:188} INFO - [2026-05-30T07:26:45.436+0000] {dag.py:3954} INFO - Setting next_dagrun for update_db to 2026-05-29 12:00:00+00:00, run_after=2026-05-30 12:00:00+00:00
[2026-05-30T07:26:45.498+0000] {processor.py:183} INFO - Processing /opt/airflow/dags/main.py took 0.454 seconds
[2026-05-30T07:27:15.854+0000] {processor.py:161} INFO - Started process (PID=911) to work on /opt/airflow/dags/main.py
[2026-05-30T07:27:15.856+0000] {processor.py:830} INFO - Processing file /opt/airflow/dags/main.py for tasks to queue
[2026-05-30T07:27:15.860+0000] {logging_mixin.py:188} INFO - [2026-05-30T07:27:15.860+0000] {dagbag.py:545} INFO - Filling up the DagBag from /opt/airflow/dags/main.py
[2026-05-30T07:27:16.117+0000] {processor.py:840} INFO - DAG(s) 'produce_json', 'update_db', 'data_quality' retrieved from /opt/airflow/dags/main.py
[2026-05-30T07:27:16.168+0000] {logging_mixin.py:188} INFO - [2026-05-30T07:27:16.167+0000] {dag.py:3096} INFO - Sync 3 DAGs
[2026-05-30T07:27:16.211+0000] {logging_mixin.py:188} INFO - [2026-05-30T07:27:16.210+0000] {dag.py:3954} INFO - Setting next_dagrun for data_quality to 2026-05-29 13:00:00+00:00, run_after=2026-05-30 13:00:00+00:00
[2026-05-30T07:27:16.225+0000] {logging_mixin.py:188} INFO - [2026-05-30T07:27:16.224+0000] {dag.py:3954} INFO - Setting next_dagrun for produce_json to 2026-05-29 11:00:00+00:00, run_after=2026-05-30 11:00:00+00:00
[2026-05-30T07:27:16.233+0000] {logging_mixin.py:188} INFO - [2026-05-30T07:27:16.232+0000] {dag.py:3954} INFO - Setting next_dagrun for update_db to 2026-05-29 12:00:00+00:00, run_after=2026-05-30 12:00:00+00:00
[2026-05-30T07:27:16.274+0000] {processor.py:183} INFO - Processing /opt/airflow/dags/main.py took 0.429 seconds
[2026-05-30T07:27:46.675+0000] {processor.py:161} INFO - Started process (PID=918) to work on /opt/airflow/dags/main.py
[2026-05-30T07:27:46.677+0000] {processor.py:830} INFO - Processing file /opt/airflow/dags/main.py for tasks to queue
[2026-05-30T07:27:46.682+0000] {logging_mixin.py:188} INFO - [2026-05-30T07:27:46.682+0000] {dagbag.py:545} INFO - Filling up the DagBag from /opt/airflow/dags/main.py
[2026-05-30T07:27:46.919+0000] {processor.py:840} INFO - DAG(s) 'update_db', 'data_quality', 'produce_json' retrieved from /opt/airflow/dags/main.py
[2026-05-30T07:27:46.972+0000] {logging_mixin.py:188} INFO - [2026-05-30T07:27:46.972+0000] {dag.py:3096} INFO - Sync 3 DAGs
[2026-05-30T07:27:47.007+0000] {logging_mixin.py:188} INFO - [2026-05-30T07:27:47.007+0000] {dag.py:3954} INFO - Setting next_dagrun for data_quality to 2026-05-29 13:00:00+00:00, run_after=2026-05-30 13:00:00+00:00
[2026-05-30T07:27:47.018+0000] {logging_mixin.py:188} INFO - [2026-05-30T07:27:47.017+0000] {dag.py:3954} INFO - Setting next_dagrun for produce_json to 2026-05-29 11:00:00+00:00, run_after=2026-05-30 11:00:00+00:00
[2026-05-30T07:27:47.022+0000] {logging_mixin.py:188} INFO - [2026-05-30T07:27:47.022+0000] {dag.py:3954} INFO - Setting next_dagrun for update_db to 2026-05-29 12:00:00+00:00, run_after=2026-05-30 12:00:00+00:00
[2026-05-30T07:27:47.088+0000] {processor.py:183} INFO - Processing /opt/airflow/dags/main.py took 0.423 seconds
[2026-05-30T07:28:17.509+0000] {processor.py:161} INFO - Started process (PID=925) to work on /opt/airflow/dags/main.py
[2026-05-30T07:28:17.512+0000] {processor.py:830} INFO - Processing file /opt/airflow/dags/main.py for tasks to queue
[2026-05-30T07:28:17.515+0000] {logging_mixin.py:188} INFO - [2026-05-30T07:28:17.515+0000] {dagbag.py:545} INFO - Filling up the DagBag from /opt/airflow/dags/main.py
[2026-05-30T07:28:17.812+0000] {processor.py:840} INFO - DAG(s) 'data_quality', 'update_db', 'produce_json' retrieved from /opt/airflow/dags/main.py
[2026-05-30T07:28:17.872+0000] {logging_mixin.py:188} INFO - [2026-05-30T07:28:17.872+0000] {dag.py:3096} INFO - Sync 3 DAGs
[2026-05-30T07:28:17.925+0000] {logging_mixin.py:188} INFO - [2026-05-30T07:28:17.925+0000] {dag.py:3954} INFO - Setting next_dagrun for data_quality to 2026-05-29 13:00:00+00:00, run_after=2026-05-30 13:00:00+00:00
[2026-05-30T07:28:17.939+0000] {logging_mixin.py:188} INFO - [2026-05-30T07:28:17.939+0000] {dag.py:3954} INFO - Setting next_dagrun for produce_json to 2026-05-29 11:00:00+00:00, run_after=2026-05-30 11:00:00+00:00
[2026-05-30T07:28:17.948+0000] {logging_mixin.py:188} INFO - [2026-05-30T07:28:17.947+0000] {dag.py:3954} INFO - Setting next_dagrun for update_db to 2026-05-29 12:00:00+00:00, run_after=2026-05-30 12:00:00+00:00
[2026-05-30T07:28:18.046+0000] {processor.py:183} INFO - Processing /opt/airflow/dags/main.py took 0.554 seconds
[2026-05-30T07:28:48.387+0000] {processor.py:161} INFO - Started process (PID=932) to work on /opt/airflow/dags/main.py
[2026-05-30T07:28:48.390+0000] {processor.py:830} INFO - Processing file /opt/airflow/dags/main.py for tasks to queue
[2026-05-30T07:28:48.393+0000] {logging_mixin.py:188} INFO - [2026-05-30T07:28:48.393+0000] {dagbag.py:545} INFO - Filling up the DagBag from /opt/airflow/dags/main.py
[2026-05-30T07:28:48.732+0000] {processor.py:840} INFO - DAG(s) 'data_quality', 'update_db', 'produce_json' retrieved from /opt/airflow/dags/main.py
[2026-05-30T07:28:48.810+0000] {logging_mixin.py:188} INFO - [2026-05-30T07:28:48.810+0000] {dag.py:3096} INFO - Sync 3 DAGs
[2026-05-30T07:28:48.855+0000] {logging_mixin.py:188} INFO - [2026-05-30T07:28:48.854+0000] {dag.py:3954} INFO - Setting next_dagrun for data_quality to 2026-05-29 13:00:00+00:00, run_after=2026-05-30 13:00:00+00:00
[2026-05-30T07:28:48.866+0000] {logging_mixin.py:188} INFO - [2026-05-30T07:28:48.866+0000] {dag.py:3954} INFO - Setting next_dagrun for produce_json to 2026-05-29 11:00:00+00:00, run_after=2026-05-30 11:00:00+00:00
[2026-05-30T07:28:48.874+0000] {logging_mixin.py:188} INFO - [2026-05-30T07:28:48.874+0000] {dag.py:3954} INFO - Setting next_dagrun for update_db to 2026-05-29 12:00:00+00:00, run_after=2026-05-30 12:00:00+00:00
[2026-05-30T07:28:48.969+0000] {processor.py:183} INFO - Processing /opt/airflow/dags/main.py took 0.605 seconds
[2026-05-30T07:29:19.528+0000] {processor.py:161} INFO - Started process (PID=939) to work on /opt/airflow/dags/main.py
[2026-05-30T07:29:19.531+0000] {processor.py:830} INFO - Processing file /opt/airflow/dags/main.py for tasks to queue
[2026-05-30T07:29:19.536+0000] {logging_mixin.py:188} INFO - [2026-05-30T07:29:19.535+0000] {dagbag.py:545} INFO - Filling up the DagBag from /opt/airflow/dags/main.py
[2026-05-30T07:29:19.864+0000] {processor.py:840} INFO - DAG(s) 'produce_json', 'data_quality', 'update_db' retrieved from /opt/airflow/dags/main.py
[2026-05-30T07:29:19.941+0000] {logging_mixin.py:188} INFO - [2026-05-30T07:29:19.940+0000] {dag.py:3096} INFO - Sync 3 DAGs
[2026-05-30T07:29:19.975+0000] {logging_mixin.py:188} INFO - [2026-05-30T07:29:19.975+0000] {dag.py:3954} INFO - Setting next_dagrun for data_quality to 2026-05-29 13:00:00+00:00, run_after=2026-05-30 13:00:00+00:00
[2026-05-30T07:29:19.983+0000] {logging_mixin.py:188} INFO - [2026-05-30T07:29:19.983+0000] {dag.py:3954} INFO - Setting next_dagrun for produce_json to 2026-05-29 11:00:00+00:00, run_after=2026-05-30 11:00:00+00:00
[2026-05-30T07:29:19.988+0000] {logging_mixin.py:188} INFO - [2026-05-30T07:29:19.988+0000] {dag.py:3954} INFO - Setting next_dagrun for update_db to 2026-05-29 12:00:00+00:00, run_after=2026-05-30 12:00:00+00:00
[2026-05-30T07:29:20.051+0000] {processor.py:183} INFO - Processing /opt/airflow/dags/main.py took 0.549 seconds
[2026-05-30T07:29:50.994+0000] {processor.py:161} INFO - Started process (PID=946) to work on /opt/airflow/dags/main.py
[2026-05-30T07:29:50.996+0000] {processor.py:830} INFO - Processing file /opt/airflow/dags/main.py for tasks to queue
[2026-05-30T07:29:51.003+0000] {logging_mixin.py:188} INFO - [2026-05-30T07:29:51.002+0000] {dagbag.py:545} INFO - Filling up the DagBag from /opt/airflow/dags/main.py
[2026-05-30T07:29:51.361+0000] {processor.py:840} INFO - DAG(s) 'produce_json', 'update_db', 'data_quality' retrieved from /opt/airflow/dags/main.py
[2026-05-30T07:29:51.429+0000] {logging_mixin.py:188} INFO - [2026-05-30T07:29:51.429+0000] {dag.py:3096} INFO - Sync 3 DAGs
[2026-05-30T07:29:51.454+0000] {logging_mixin.py:188} INFO - [2026-05-30T07:29:51.453+0000] {dag.py:3954} INFO - Setting next_dagrun for data_quality to 2026-05-29 13:00:00+00:00, run_after=2026-05-30 13:00:00+00:00
[2026-05-30T07:29:51.460+0000] {logging_mixin.py:188} INFO - [2026-05-30T07:29:51.460+0000] {dag.py:3954} INFO - Setting next_dagrun for produce_json to 2026-05-29 11:00:00+00:00, run_after=2026-05-30 11:00:00+00:00
[2026-05-30T07:29:51.467+0000] {logging_mixin.py:188} INFO - [2026-05-30T07:29:51.467+0000] {dag.py:3954} INFO - Setting next_dagrun for update_db to 2026-05-29 12:00:00+00:00, run_after=2026-05-30 12:00:00+00:00
[2026-05-30T07:29:51.558+0000] {processor.py:183} INFO - Processing /opt/airflow/dags/main.py took 0.577 seconds
[2026-05-30T07:30:22.038+0000] {processor.py:161} INFO - Started process (PID=953) to work on /opt/airflow/dags/main.py
[2026-05-30T07:30:22.041+0000] {processor.py:830} INFO - Processing file /opt/airflow/dags/main.py for tasks to queue
[2026-05-30T07:30:22.047+0000] {logging_mixin.py:188} INFO - [2026-05-30T07:30:22.046+0000] {dagbag.py:545} INFO - Filling up the DagBag from /opt/airflow/dags/main.py
[2026-05-30T07:30:22.337+0000] {processor.py:840} INFO - DAG(s) 'produce_json', 'data_quality', 'update_db' retrieved from /opt/airflow/dags/main.py
[2026-05-30T07:30:22.381+0000] {logging_mixin.py:188} INFO - [2026-05-30T07:30:22.381+0000] {dag.py:3096} INFO - Sync 3 DAGs
[2026-05-30T07:30:22.409+0000] {logging_mixin.py:188} INFO - [2026-05-30T07:30:22.409+0000] {dag.py:3954} INFO - Setting next_dagrun for data_quality to 2026-05-29 13:00:00+00:00, run_after=2026-05-30 13:00:00+00:00
[2026-05-30T07:30:22.415+0000] {logging_mixin.py:188} INFO - [2026-05-30T07:30:22.415+0000] {dag.py:3954} INFO - Setting next_dagrun for produce_json to 2026-05-29 11:00:00+00:00, run_after=2026-05-30 11:00:00+00:00
[2026-05-30T07:30:22.420+0000] {logging_mixin.py:188} INFO - [2026-05-30T07:30:22.420+0000] {dag.py:3954} INFO - Setting next_dagrun for update_db to 2026-05-29 12:00:00+00:00, run_after=2026-05-30 12:00:00+00:00
[2026-05-30T07:30:22.509+0000] {processor.py:183} INFO - Processing /opt/airflow/dags/main.py took 0.484 seconds
[2026-05-30T07:30:52.805+0000] {processor.py:161} INFO - Started process (PID=960) to work on /opt/airflow/dags/main.py
[2026-05-30T07:30:52.809+0000] {processor.py:830} INFO - Processing file /opt/airflow/dags/main.py for tasks to queue
[2026-05-30T07:30:52.813+0000] {logging_mixin.py:188} INFO - [2026-05-30T07:30:52.813+0000] {dagbag.py:545} INFO - Filling up the DagBag from /opt/airflow/dags/main.py
[2026-05-30T07:30:53.088+0000] {processor.py:840} INFO - DAG(s) 'produce_json', 'data_quality', 'update_db' retrieved from /opt/airflow/dags/main.py
[2026-05-30T07:30:53.150+0000] {logging_mixin.py:188} INFO - [2026-05-30T07:30:53.150+0000] {dag.py:3096} INFO - Sync 3 DAGs
[2026-05-30T07:30:53.183+0000] {logging_mixin.py:188} INFO - [2026-05-30T07:30:53.183+0000] {dag.py:3954} INFO - Setting next_dagrun for data_quality to 2026-05-29 13:00:00+00:00, run_after=2026-05-30 13:00:00+00:00
[2026-05-30T07:30:53.190+0000] {logging_mixin.py:188} INFO - [2026-05-30T07:30:53.190+0000] {dag.py:3954} INFO - Setting next_dagrun for produce_json to 2026-05-29 11:00:00+00:00, run_after=2026-05-30 11:00:00+00:00
[2026-05-30T07:30:53.194+0000] {logging_mixin.py:188} INFO - [2026-05-30T07:30:53.194+0000] {dag.py:3954} INFO - Setting next_dagrun for update_db to 2026-05-29 12:00:00+00:00, run_after=2026-05-30 12:00:00+00:00
[2026-05-30T07:30:53.217+0000] {processor.py:183} INFO - Processing /opt/airflow/dags/main.py took 0.439 seconds
[2026-05-30T07:31:23.651+0000] {processor.py:161} INFO - Started process (PID=967) to work on /opt/airflow/dags/main.py
[2026-05-30T07:31:23.654+0000] {processor.py:830} INFO - Processing file /opt/airflow/dags/main.py for tasks to queue
[2026-05-30T07:31:23.660+0000] {logging_mixin.py:188} INFO - [2026-05-30T07:31:23.659+0000] {dagbag.py:545} INFO - Filling up the DagBag from /opt/airflow/dags/main.py
[2026-05-30T07:31:23.967+0000] {processor.py:840} INFO - DAG(s) 'data_quality', 'update_db', 'produce_json' retrieved from /opt/airflow/dags/main.py
[2026-05-30T07:31:24.038+0000] {logging_mixin.py:188} INFO - [2026-05-30T07:31:24.038+0000] {dag.py:3096} INFO - Sync 3 DAGs
[2026-05-30T07:31:24.091+0000] {logging_mixin.py:188} INFO - [2026-05-30T07:31:24.091+0000] {dag.py:3954} INFO - Setting next_dagrun for data_quality to 2026-05-29 13:00:00+00:00, run_after=2026-05-30 13:00:00+00:00
[2026-05-30T07:31:24.103+0000] {logging_mixin.py:188} INFO - [2026-05-30T07:31:24.102+0000] {dag.py:3954} INFO - Setting next_dagrun for produce_json to 2026-05-29 11:00:00+00:00, run_after=2026-05-30 11:00:00+00:00
[2026-05-30T07:31:24.109+0000] {logging_mixin.py:188} INFO - [2026-05-30T07:31:24.109+0000] {dag.py:3954} INFO - Setting next_dagrun for update_db to 2026-05-29 12:00:00+00:00, run_after=2026-05-30 12:00:00+00:00
[2026-05-30T07:31:24.183+0000] {processor.py:183} INFO - Processing /opt/airflow/dags/main.py took 0.549 seconds
[2026-05-30T07:31:54.574+0000] {processor.py:161} INFO - Started process (PID=974) to work on /opt/airflow/dags/main.py
[2026-05-30T07:31:54.576+0000] {processor.py:830} INFO - Processing file /opt/airflow/dags/main.py for tasks to queue
[2026-05-30T07:31:54.580+0000] {logging_mixin.py:188} INFO - [2026-05-30T07:31:54.579+0000] {dagbag.py:545} INFO - Filling up the DagBag from /opt/airflow/dags/main.py
[2026-05-30T07:31:54.853+0000] {processor.py:840} INFO - DAG(s) 'data_quality', 'produce_json', 'update_db' retrieved from /opt/airflow/dags/main.py
[2026-05-30T07:31:54.899+0000] {logging_mixin.py:188} INFO - [2026-05-30T07:31:54.899+0000] {dag.py:3096} INFO - Sync 3 DAGs
[2026-05-30T07:31:54.934+0000] {logging_mixin.py:188} INFO - [2026-05-30T07:31:54.934+0000] {dag.py:3954} INFO - Setting next_dagrun for data_quality to 2026-05-29 13:00:00+00:00, run_after=2026-05-30 13:00:00+00:00
[2026-05-30T07:31:54.942+0000] {logging_mixin.py:188} INFO - [2026-05-30T07:31:54.941+0000] {dag.py:3954} INFO - Setting next_dagrun for produce_json to 2026-05-29 11:00:00+00:00, run_after=2026-05-30 11:00:00+00:00
[2026-05-30T07:31:54.947+0000] {logging_mixin.py:188} INFO - [2026-05-30T07:31:54.946+0000] {dag.py:3954} INFO - Setting next_dagrun for update_db to 2026-05-29 12:00:00+00:00, run_after=2026-05-30 12:00:00+00:00
[2026-05-30T07:31:55.038+0000] {processor.py:183} INFO - Processing /opt/airflow/dags/main.py took 0.480 seconds
[2026-05-30T07:32:25.299+0000] {processor.py:161} INFO - Started process (PID=981) to work on /opt/airflow/dags/main.py
[2026-05-30T07:32:25.301+0000] {processor.py:830} INFO - Processing file /opt/airflow/dags/main.py for tasks to queue
[2026-05-30T07:32:25.305+0000] {logging_mixin.py:188} INFO - [2026-05-30T07:32:25.305+0000] {dagbag.py:545} INFO - Filling up the DagBag from /opt/airflow/dags/main.py
[2026-05-30T07:32:25.610+0000] {processor.py:840} INFO - DAG(s) 'produce_json', 'data_quality', 'update_db' retrieved from /opt/airflow/dags/main.py
[2026-05-30T07:32:25.659+0000] {logging_mixin.py:188} INFO - [2026-05-30T07:32:25.658+0000] {dag.py:3096} INFO - Sync 3 DAGs
[2026-05-30T07:32:25.689+0000] {logging_mixin.py:188} INFO - [2026-05-30T07:32:25.688+0000] {dag.py:3954} INFO - Setting next_dagrun for data_quality to 2026-05-29 13:00:00+00:00, run_after=2026-05-30 13:00:00+00:00
[2026-05-30T07:32:25.695+0000] {logging_mixin.py:188} INFO - [2026-05-30T07:32:25.695+0000] {dag.py:3954} INFO - Setting next_dagrun for produce_json to 2026-05-29 11:00:00+00:00, run_after=2026-05-30 11:00:00+00:00
[2026-05-30T07:32:25.699+0000] {logging_mixin.py:188} INFO - [2026-05-30T07:32:25.699+0000] {dag.py:3954} INFO - Setting next_dagrun for update_db to 2026-05-29 12:00:00+00:00, run_after=2026-05-30 12:00:00+00:00
[2026-05-30T07:32:25.784+0000] {processor.py:183} INFO - Processing /opt/airflow/dags/main.py took 0.504 seconds
[2026-05-30T07:32:29.583+0000] {processor.py:161} INFO - Started process (PID=982) to work on /opt/airflow/dags/main.py
[2026-05-30T07:32:29.584+0000] {processor.py:830} INFO - Processing file /opt/airflow/dags/main.py for tasks to queue
[2026-05-30T07:32:29.587+0000] {logging_mixin.py:188} INFO - [2026-05-30T07:32:29.587+0000] {dagbag.py:545} INFO - Filling up the DagBag from /opt/airflow/dags/main.py
[2026-05-30T07:32:29.946+0000] {processor.py:840} INFO - DAG(s) 'update_db', 'data_quality', 'produce_json' retrieved from /opt/airflow/dags/main.py
[2026-05-30T07:32:29.990+0000] {logging_mixin.py:188} INFO - [2026-05-30T07:32:29.990+0000] {dag.py:3096} INFO - Sync 3 DAGs
[2026-05-30T07:32:30.022+0000] {logging_mixin.py:188} INFO - [2026-05-30T07:32:30.022+0000] {dag.py:3954} INFO - Setting next_dagrun for data_quality to 2026-05-29 13:00:00+00:00, run_after=2026-05-30 13:00:00+00:00
[2026-05-30T07:32:30.029+0000] {logging_mixin.py:188} INFO - [2026-05-30T07:32:30.029+0000] {dag.py:3954} INFO - Setting next_dagrun for produce_json to 2026-05-29 11:00:00+00:00, run_after=2026-05-30 11:00:00+00:00
[2026-05-30T07:32:30.034+0000] {logging_mixin.py:188} INFO - [2026-05-30T07:32:30.033+0000] {dag.py:3954} INFO - Setting next_dagrun for update_db to 2026-05-29 12:00:00+00:00, run_after=2026-05-30 12:00:00+00:00
[2026-05-30T07:32:30.128+0000] {processor.py:183} INFO - Processing /opt/airflow/dags/main.py took 0.568 seconds
[2026-05-30T07:33:00.431+0000] {processor.py:161} INFO - Started process (PID=989) to work on /opt/airflow/dags/main.py
[2026-05-30T07:33:00.432+0000] {processor.py:830} INFO - Processing file /opt/airflow/dags/main.py for tasks to queue
[2026-05-30T07:33:00.435+0000] {logging_mixin.py:188} INFO - [2026-05-30T07:33:00.435+0000] {dagbag.py:545} INFO - Filling up the DagBag from /opt/airflow/dags/main.py
[2026-05-30T07:33:00.668+0000] {processor.py:840} INFO - DAG(s) 'produce_json', 'data_quality', 'update_db' retrieved from /opt/airflow/dags/main.py
[2026-05-30T07:33:00.714+0000] {logging_mixin.py:188} INFO - [2026-05-30T07:33:00.714+0000] {dag.py:3096} INFO - Sync 3 DAGs
[2026-05-30T07:33:00.749+0000] {logging_mixin.py:188} INFO - [2026-05-30T07:33:00.749+0000] {dag.py:3954} INFO - Setting next_dagrun for data_quality to 2026-05-29 13:00:00+00:00, run_after=2026-05-30 13:00:00+00:00
[2026-05-30T07:33:00.757+0000] {logging_mixin.py:188} INFO - [2026-05-30T07:33:00.757+0000] {dag.py:3954} INFO - Setting next_dagrun for produce_json to 2026-05-29 11:00:00+00:00, run_after=2026-05-30 11:00:00+00:00
[2026-05-30T07:33:00.764+0000] {logging_mixin.py:188} INFO - [2026-05-30T07:33:00.764+0000] {dag.py:3954} INFO - Setting next_dagrun for update_db to 2026-05-29 12:00:00+00:00, run_after=2026-05-30 12:00:00+00:00
[2026-05-30T07:33:00.790+0000] {processor.py:183} INFO - Processing /opt/airflow/dags/main.py took 0.368 seconds
[2026-05-30T07:33:25.047+0000] {processor.py:161} INFO - Started process (PID=996) to work on /opt/airflow/dags/main.py
[2026-05-30T07:33:25.049+0000] {processor.py:830} INFO - Processing file /opt/airflow/dags/main.py for tasks to queue
[2026-05-30T07:33:25.053+0000] {logging_mixin.py:188} INFO - [2026-05-30T07:33:25.053+0000] {dagbag.py:545} INFO - Filling up the DagBag from /opt/airflow/dags/main.py
[2026-05-30T07:33:25.361+0000] {logging_mixin.py:188} INFO - [2026-05-30T07:33:25.329+0000] {dagbag.py:355} ERROR - Failed to import: /opt/airflow/dags/main.py
Traceback (most recent call last):
  File "/home/airflow/.local/lib/python3.10/site-packages/airflow/models/dagbag.py", line 351, in parse
    loader.exec_module(new_module)
  File "<frozen importlib._bootstrap_external>", line 883, in exec_module
  File "<frozen importlib._bootstrap>", line 241, in _call_with_frames_removed
  File "/opt/airflow/dags/main.py", line 46, in <module>
    tigger_update_db
NameError: name 'tigger_update_db' is not defined
[2026-05-30T07:33:25.380+0000] {processor.py:842} WARNING - No viable dags retrieved from /opt/airflow/dags/main.py
[2026-05-30T07:33:25.436+0000] {processor.py:183} INFO - Processing /opt/airflow/dags/main.py took 0.402 seconds
[2026-05-30T07:51:45.516+0000] {processor.py:161} INFO - Started process (PID=997) to work on /opt/airflow/dags/main.py
[2026-05-30T07:51:45.526+0000] {processor.py:830} INFO - Processing file /opt/airflow/dags/main.py for tasks to queue
[2026-05-30T07:51:45.546+0000] {logging_mixin.py:188} INFO - [2026-05-30T07:51:45.545+0000] {dagbag.py:545} INFO - Filling up the DagBag from /opt/airflow/dags/main.py
[2026-05-30T07:51:46.842+0000] {logging_mixin.py:188} INFO - [2026-05-30T07:51:46.585+0000] {dagbag.py:355} ERROR - Failed to import: /opt/airflow/dags/main.py
Traceback (most recent call last):
  File "/home/airflow/.local/lib/python3.10/site-packages/airflow/models/dagbag.py", line 351, in parse
    loader.exec_module(new_module)
  File "<frozen importlib._bootstrap_external>", line 883, in exec_module
  File "<frozen importlib._bootstrap>", line 241, in _call_with_frames_removed
  File "/opt/airflow/dags/main.py", line 46, in <module>
    tigger_update_db
NameError: name 'tigger_update_db' is not defined
[2026-05-30T07:51:46.933+0000] {processor.py:842} WARNING - No viable dags retrieved from /opt/airflow/dags/main.py
[2026-05-30T07:51:47.219+0000] {processor.py:183} INFO - Processing /opt/airflow/dags/main.py took 1.737 seconds
[2026-05-30T07:52:17.769+0000] {processor.py:161} INFO - Started process (PID=1004) to work on /opt/airflow/dags/main.py
[2026-05-30T07:52:17.771+0000] {processor.py:830} INFO - Processing file /opt/airflow/dags/main.py for tasks to queue
[2026-05-30T07:52:17.774+0000] {logging_mixin.py:188} INFO - [2026-05-30T07:52:17.773+0000] {dagbag.py:545} INFO - Filling up the DagBag from /opt/airflow/dags/main.py
[2026-05-30T07:52:18.021+0000] {logging_mixin.py:188} INFO - [2026-05-30T07:52:18.009+0000] {dagbag.py:355} ERROR - Failed to import: /opt/airflow/dags/main.py
Traceback (most recent call last):
  File "/home/airflow/.local/lib/python3.10/site-packages/airflow/models/dagbag.py", line 351, in parse
    loader.exec_module(new_module)
  File "<frozen importlib._bootstrap_external>", line 883, in exec_module
  File "<frozen importlib._bootstrap>", line 241, in _call_with_frames_removed
  File "/opt/airflow/dags/main.py", line 46, in <module>
    tigger_update_db
NameError: name 'tigger_update_db' is not defined
[2026-05-30T07:52:18.031+0000] {processor.py:842} WARNING - No viable dags retrieved from /opt/airflow/dags/main.py
[2026-05-30T07:52:18.095+0000] {processor.py:183} INFO - Processing /opt/airflow/dags/main.py took 0.342 seconds
[2026-05-30T07:52:48.450+0000] {processor.py:161} INFO - Started process (PID=1017) to work on /opt/airflow/dags/main.py
[2026-05-30T07:52:48.452+0000] {processor.py:830} INFO - Processing file /opt/airflow/dags/main.py for tasks to queue
[2026-05-30T07:52:48.455+0000] {logging_mixin.py:188} INFO - [2026-05-30T07:52:48.454+0000] {dagbag.py:545} INFO - Filling up the DagBag from /opt/airflow/dags/main.py
[2026-05-30T07:52:48.643+0000] {logging_mixin.py:188} INFO - [2026-05-30T07:52:48.628+0000] {dagbag.py:355} ERROR - Failed to import: /opt/airflow/dags/main.py
Traceback (most recent call last):
  File "/home/airflow/.local/lib/python3.10/site-packages/airflow/models/dagbag.py", line 351, in parse
    loader.exec_module(new_module)
  File "<frozen importlib._bootstrap_external>", line 883, in exec_module
  File "<frozen importlib._bootstrap>", line 241, in _call_with_frames_removed
  File "/opt/airflow/dags/main.py", line 46, in <module>
    tigger_update_db
NameError: name 'tigger_update_db' is not defined
[2026-05-30T07:52:48.651+0000] {processor.py:842} WARNING - No viable dags retrieved from /opt/airflow/dags/main.py
[2026-05-30T07:52:48.672+0000] {processor.py:183} INFO - Processing /opt/airflow/dags/main.py took 0.230 seconds
[2026-05-30T07:53:18.914+0000] {processor.py:161} INFO - Started process (PID=1024) to work on /opt/airflow/dags/main.py
[2026-05-30T07:53:18.916+0000] {processor.py:830} INFO - Processing file /opt/airflow/dags/main.py for tasks to queue
[2026-05-30T07:53:18.917+0000] {logging_mixin.py:188} INFO - [2026-05-30T07:53:18.917+0000] {dagbag.py:545} INFO - Filling up the DagBag from /opt/airflow/dags/main.py
[2026-05-30T07:53:19.183+0000] {logging_mixin.py:188} INFO - [2026-05-30T07:53:19.155+0000] {dagbag.py:355} ERROR - Failed to import: /opt/airflow/dags/main.py
Traceback (most recent call last):
  File "/home/airflow/.local/lib/python3.10/site-packages/airflow/models/dagbag.py", line 351, in parse
    loader.exec_module(new_module)
  File "<frozen importlib._bootstrap_external>", line 883, in exec_module
  File "<frozen importlib._bootstrap>", line 241, in _call_with_frames_removed
  File "/opt/airflow/dags/main.py", line 46, in <module>
    tigger_update_db
NameError: name 'tigger_update_db' is not defined
[2026-05-30T07:53:19.205+0000] {processor.py:842} WARNING - No viable dags retrieved from /opt/airflow/dags/main.py
[2026-05-30T07:53:19.249+0000] {processor.py:183} INFO - Processing /opt/airflow/dags/main.py took 0.345 seconds
[2026-05-30T07:53:37.171+0000] {processor.py:161} INFO - Started process (PID=1025) to work on /opt/airflow/dags/main.py
[2026-05-30T07:53:37.173+0000] {processor.py:830} INFO - Processing file /opt/airflow/dags/main.py for tasks to queue
[2026-05-30T07:53:37.175+0000] {logging_mixin.py:188} INFO - [2026-05-30T07:53:37.174+0000] {dagbag.py:545} INFO - Filling up the DagBag from /opt/airflow/dags/main.py
[2026-05-30T07:53:37.426+0000] {processor.py:840} INFO - DAG(s) 'update_db', 'produce_json', 'data_quality' retrieved from /opt/airflow/dags/main.py
[2026-05-30T07:53:37.656+0000] {logging_mixin.py:188} INFO - [2026-05-30T07:53:37.655+0000] {dag.py:3096} INFO - Sync 3 DAGs
[2026-05-30T07:53:37.688+0000] {logging_mixin.py:188} INFO - [2026-05-30T07:53:37.687+0000] {dag.py:3954} INFO - Setting next_dagrun for data_quality to 2026-05-29 13:00:00+00:00, run_after=2026-05-30 13:00:00+00:00
[2026-05-30T07:53:37.696+0000] {logging_mixin.py:188} INFO - [2026-05-30T07:53:37.696+0000] {dag.py:3954} INFO - Setting next_dagrun for produce_json to 2026-05-29 11:00:00+00:00, run_after=2026-05-30 11:00:00+00:00
[2026-05-30T07:53:37.702+0000] {logging_mixin.py:188} INFO - [2026-05-30T07:53:37.702+0000] {dag.py:3954} INFO - Setting next_dagrun for update_db to 2026-05-29 12:00:00+00:00, run_after=2026-05-30 12:00:00+00:00
[2026-05-30T07:53:37.784+0000] {processor.py:183} INFO - Processing /opt/airflow/dags/main.py took 0.627 seconds
[2026-05-30T07:54:07.945+0000] {processor.py:161} INFO - Started process (PID=1033) to work on /opt/airflow/dags/main.py
[2026-05-30T07:54:07.949+0000] {processor.py:830} INFO - Processing file /opt/airflow/dags/main.py for tasks to queue
[2026-05-30T07:54:07.952+0000] {logging_mixin.py:188} INFO - [2026-05-30T07:54:07.951+0000] {dagbag.py:545} INFO - Filling up the DagBag from /opt/airflow/dags/main.py
[2026-05-30T07:54:08.267+0000] {processor.py:840} INFO - DAG(s) 'update_db', 'data_quality', 'produce_json' retrieved from /opt/airflow/dags/main.py
[2026-05-30T07:54:08.308+0000] {logging_mixin.py:188} INFO - [2026-05-30T07:54:08.308+0000] {dag.py:3096} INFO - Sync 3 DAGs
[2026-05-30T07:54:08.341+0000] {logging_mixin.py:188} INFO - [2026-05-30T07:54:08.341+0000] {dag.py:3954} INFO - Setting next_dagrun for data_quality to 2026-05-29 13:00:00+00:00, run_after=2026-05-30 13:00:00+00:00
[2026-05-30T07:54:08.349+0000] {logging_mixin.py:188} INFO - [2026-05-30T07:54:08.349+0000] {dag.py:3954} INFO - Setting next_dagrun for produce_json to 2026-05-29 11:00:00+00:00, run_after=2026-05-30 11:00:00+00:00
[2026-05-30T07:54:08.355+0000] {logging_mixin.py:188} INFO - [2026-05-30T07:54:08.354+0000] {dag.py:3954} INFO - Setting next_dagrun for update_db to 2026-05-29 12:00:00+00:00, run_after=2026-05-30 12:00:00+00:00
[2026-05-30T07:54:08.415+0000] {processor.py:183} INFO - Processing /opt/airflow/dags/main.py took 0.491 seconds
[2026-05-30T07:54:38.615+0000] {processor.py:161} INFO - Started process (PID=1040) to work on /opt/airflow/dags/main.py
[2026-05-30T07:54:38.619+0000] {processor.py:830} INFO - Processing file /opt/airflow/dags/main.py for tasks to queue
[2026-05-30T07:54:38.622+0000] {logging_mixin.py:188} INFO - [2026-05-30T07:54:38.622+0000] {dagbag.py:545} INFO - Filling up the DagBag from /opt/airflow/dags/main.py
[2026-05-30T07:54:38.970+0000] {processor.py:840} INFO - DAG(s) 'data_quality', 'produce_json', 'update_db' retrieved from /opt/airflow/dags/main.py
[2026-05-30T07:54:39.011+0000] {logging_mixin.py:188} INFO - [2026-05-30T07:54:39.011+0000] {dag.py:3096} INFO - Sync 3 DAGs
[2026-05-30T07:54:39.037+0000] {logging_mixin.py:188} INFO - [2026-05-30T07:54:39.037+0000] {dag.py:3954} INFO - Setting next_dagrun for data_quality to 2026-05-29 13:00:00+00:00, run_after=2026-05-30 13:00:00+00:00
[2026-05-30T07:54:39.044+0000] {logging_mixin.py:188} INFO - [2026-05-30T07:54:39.044+0000] {dag.py:3954} INFO - Setting next_dagrun for produce_json to 2026-05-29 11:00:00+00:00, run_after=2026-05-30 11:00:00+00:00
[2026-05-30T07:54:39.048+0000] {logging_mixin.py:188} INFO - [2026-05-30T07:54:39.048+0000] {dag.py:3954} INFO - Setting next_dagrun for update_db to 2026-05-29 12:00:00+00:00, run_after=2026-05-30 12:00:00+00:00
[2026-05-30T07:54:39.127+0000] {processor.py:183} INFO - Processing /opt/airflow/dags/main.py took 0.533 seconds
[2026-05-30T07:55:09.542+0000] {processor.py:161} INFO - Started process (PID=1047) to work on /opt/airflow/dags/main.py
[2026-05-30T07:55:09.545+0000] {processor.py:830} INFO - Processing file /opt/airflow/dags/main.py for tasks to queue
[2026-05-30T07:55:09.548+0000] {logging_mixin.py:188} INFO - [2026-05-30T07:55:09.547+0000] {dagbag.py:545} INFO - Filling up the DagBag from /opt/airflow/dags/main.py
[2026-05-30T07:55:09.806+0000] {processor.py:840} INFO - DAG(s) 'data_quality', 'update_db', 'produce_json' retrieved from /opt/airflow/dags/main.py
[2026-05-30T07:55:09.870+0000] {logging_mixin.py:188} INFO - [2026-05-30T07:55:09.869+0000] {dag.py:3096} INFO - Sync 3 DAGs
[2026-05-30T07:55:09.910+0000] {logging_mixin.py:188} INFO - [2026-05-30T07:55:09.909+0000] {dag.py:3954} INFO - Setting next_dagrun for data_quality to 2026-05-29 13:00:00+00:00, run_after=2026-05-30 13:00:00+00:00
[2026-05-30T07:55:09.918+0000] {logging_mixin.py:188} INFO - [2026-05-30T07:55:09.918+0000] {dag.py:3954} INFO - Setting next_dagrun for produce_json to 2026-05-29 11:00:00+00:00, run_after=2026-05-30 11:00:00+00:00
[2026-05-30T07:55:09.925+0000] {logging_mixin.py:188} INFO - [2026-05-30T07:55:09.924+0000] {dag.py:3954} INFO - Setting next_dagrun for update_db to 2026-05-29 12:00:00+00:00, run_after=2026-05-30 12:00:00+00:00
[2026-05-30T07:55:10.028+0000] {processor.py:183} INFO - Processing /opt/airflow/dags/main.py took 0.500 seconds
[2026-05-30T07:55:40.481+0000] {processor.py:161} INFO - Started process (PID=1055) to work on /opt/airflow/dags/main.py
[2026-05-30T07:55:40.484+0000] {processor.py:830} INFO - Processing file /opt/airflow/dags/main.py for tasks to queue
[2026-05-30T07:55:40.487+0000] {logging_mixin.py:188} INFO - [2026-05-30T07:55:40.486+0000] {dagbag.py:545} INFO - Filling up the DagBag from /opt/airflow/dags/main.py
[2026-05-30T07:55:40.746+0000] {processor.py:840} INFO - DAG(s) 'data_quality', 'update_db', 'produce_json' retrieved from /opt/airflow/dags/main.py
[2026-05-30T07:55:40.785+0000] {logging_mixin.py:188} INFO - [2026-05-30T07:55:40.785+0000] {dag.py:3096} INFO - Sync 3 DAGs
[2026-05-30T07:55:40.813+0000] {logging_mixin.py:188} INFO - [2026-05-30T07:55:40.813+0000] {dag.py:3954} INFO - Setting next_dagrun for data_quality to 2026-05-29 13:00:00+00:00, run_after=2026-05-30 13:00:00+00:00
[2026-05-30T07:55:40.822+0000] {logging_mixin.py:188} INFO - [2026-05-30T07:55:40.822+0000] {dag.py:3954} INFO - Setting next_dagrun for produce_json to 2026-05-29 11:00:00+00:00, run_after=2026-05-30 11:00:00+00:00
[2026-05-30T07:55:40.826+0000] {logging_mixin.py:188} INFO - [2026-05-30T07:55:40.826+0000] {dag.py:3954} INFO - Setting next_dagrun for update_db to 2026-05-29 12:00:00+00:00, run_after=2026-05-30 12:00:00+00:00
[2026-05-30T07:55:40.890+0000] {processor.py:183} INFO - Processing /opt/airflow/dags/main.py took 0.427 seconds
[2026-05-30T07:55:42.948+0000] {processor.py:161} INFO - Started process (PID=1056) to work on /opt/airflow/dags/main.py
[2026-05-30T07:55:42.951+0000] {processor.py:830} INFO - Processing file /opt/airflow/dags/main.py for tasks to queue
[2026-05-30T07:55:42.954+0000] {logging_mixin.py:188} INFO - [2026-05-30T07:55:42.953+0000] {dagbag.py:545} INFO - Filling up the DagBag from /opt/airflow/dags/main.py
[2026-05-30T07:55:43.262+0000] {processor.py:840} INFO - DAG(s) 'produce_json', 'data_quality', 'update_db' retrieved from /opt/airflow/dags/main.py
[2026-05-30T07:55:43.435+0000] {logging_mixin.py:188} INFO - [2026-05-30T07:55:43.434+0000] {dag.py:3096} INFO - Sync 3 DAGs
[2026-05-30T07:55:43.463+0000] {logging_mixin.py:188} INFO - [2026-05-30T07:55:43.463+0000] {dag.py:3954} INFO - Setting next_dagrun for data_quality to 2026-05-29 13:00:00+00:00, run_after=2026-05-30 13:00:00+00:00
[2026-05-30T07:55:43.470+0000] {logging_mixin.py:188} INFO - [2026-05-30T07:55:43.469+0000] {dag.py:3954} INFO - Setting next_dagrun for produce_json to 2026-05-29 11:00:00+00:00, run_after=2026-05-30 11:00:00+00:00
[2026-05-30T07:55:43.472+0000] {logging_mixin.py:188} INFO - [2026-05-30T07:55:43.472+0000] {dag.py:3954} INFO - Setting next_dagrun for update_db to None, run_after=None
[2026-05-30T07:55:43.506+0000] {processor.py:183} INFO - Processing /opt/airflow/dags/main.py took 0.577 seconds
[2026-05-30T07:56:13.946+0000] {processor.py:161} INFO - Started process (PID=1063) to work on /opt/airflow/dags/main.py
[2026-05-30T07:56:13.949+0000] {processor.py:830} INFO - Processing file /opt/airflow/dags/main.py for tasks to queue
[2026-05-30T07:56:13.951+0000] {logging_mixin.py:188} INFO - [2026-05-30T07:56:13.950+0000] {dagbag.py:545} INFO - Filling up the DagBag from /opt/airflow/dags/main.py
[2026-05-30T07:56:14.124+0000] {processor.py:840} INFO - DAG(s) 'produce_json', 'data_quality', 'update_db' retrieved from /opt/airflow/dags/main.py
[2026-05-30T07:56:14.162+0000] {logging_mixin.py:188} INFO - [2026-05-30T07:56:14.162+0000] {dag.py:3096} INFO - Sync 3 DAGs
[2026-05-30T07:56:14.198+0000] {logging_mixin.py:188} INFO - [2026-05-30T07:56:14.198+0000] {dag.py:3954} INFO - Setting next_dagrun for data_quality to 2026-05-29 13:00:00+00:00, run_after=2026-05-30 13:00:00+00:00
[2026-05-30T07:56:14.210+0000] {logging_mixin.py:188} INFO - [2026-05-30T07:56:14.210+0000] {dag.py:3954} INFO - Setting next_dagrun for produce_json to 2026-05-29 11:00:00+00:00, run_after=2026-05-30 11:00:00+00:00
[2026-05-30T07:56:14.213+0000] {logging_mixin.py:188} INFO - [2026-05-30T07:56:14.213+0000] {dag.py:3954} INFO - Setting next_dagrun for update_db to None, run_after=None
[2026-05-30T07:56:14.287+0000] {processor.py:183} INFO - Processing /opt/airflow/dags/main.py took 0.358 seconds
[2026-05-30T07:56:36.611+0000] {processor.py:161} INFO - Started process (PID=1070) to work on /opt/airflow/dags/main.py
[2026-05-30T07:56:36.614+0000] {processor.py:830} INFO - Processing file /opt/airflow/dags/main.py for tasks to queue
[2026-05-30T07:56:36.616+0000] {logging_mixin.py:188} INFO - [2026-05-30T07:56:36.616+0000] {dagbag.py:545} INFO - Filling up the DagBag from /opt/airflow/dags/main.py
[2026-05-30T07:56:36.936+0000] {processor.py:840} INFO - DAG(s) 'update_db', 'data_quality', 'produce_json' retrieved from /opt/airflow/dags/main.py
[2026-05-30T07:56:37.085+0000] {logging_mixin.py:188} INFO - [2026-05-30T07:56:37.085+0000] {dag.py:3096} INFO - Sync 3 DAGs
[2026-05-30T07:56:37.112+0000] {logging_mixin.py:188} INFO - [2026-05-30T07:56:37.112+0000] {dag.py:3954} INFO - Setting next_dagrun for data_quality to 2026-05-29 13:00:00+00:00, run_after=2026-05-30 13:00:00+00:00
[2026-05-30T07:56:37.120+0000] {logging_mixin.py:188} INFO - [2026-05-30T07:56:37.119+0000] {dag.py:3954} INFO - Setting next_dagrun for produce_json to 2026-05-29 11:00:00+00:00, run_after=2026-05-30 11:00:00+00:00
[2026-05-30T07:56:37.122+0000] {logging_mixin.py:188} INFO - [2026-05-30T07:56:37.122+0000] {dag.py:3954} INFO - Setting next_dagrun for update_db to None, run_after=None
[2026-05-30T07:56:37.207+0000] {processor.py:183} INFO - Processing /opt/airflow/dags/main.py took 0.612 seconds
[2026-05-30T07:57:07.485+0000] {processor.py:161} INFO - Started process (PID=1077) to work on /opt/airflow/dags/main.py
[2026-05-30T07:57:07.487+0000] {processor.py:830} INFO - Processing file /opt/airflow/dags/main.py for tasks to queue
[2026-05-30T07:57:07.489+0000] {logging_mixin.py:188} INFO - [2026-05-30T07:57:07.489+0000] {dagbag.py:545} INFO - Filling up the DagBag from /opt/airflow/dags/main.py
[2026-05-30T07:57:07.727+0000] {processor.py:840} INFO - DAG(s) 'data_quality', 'produce_json', 'update_db' retrieved from /opt/airflow/dags/main.py
[2026-05-30T07:57:07.781+0000] {logging_mixin.py:188} INFO - [2026-05-30T07:57:07.780+0000] {dag.py:3096} INFO - Sync 3 DAGs
[2026-05-30T07:57:07.812+0000] {logging_mixin.py:188} INFO - [2026-05-30T07:57:07.812+0000] {dag.py:3954} INFO - Setting next_dagrun for data_quality to 2026-05-29 13:00:00+00:00, run_after=2026-05-30 13:00:00+00:00
[2026-05-30T07:57:07.824+0000] {logging_mixin.py:188} INFO - [2026-05-30T07:57:07.824+0000] {dag.py:3954} INFO - Setting next_dagrun for produce_json to 2026-05-29 11:00:00+00:00, run_after=2026-05-30 11:00:00+00:00
[2026-05-30T07:57:07.827+0000] {logging_mixin.py:188} INFO - [2026-05-30T07:57:07.827+0000] {dag.py:3954} INFO - Setting next_dagrun for update_db to None, run_after=None
[2026-05-30T07:57:07.891+0000] {processor.py:183} INFO - Processing /opt/airflow/dags/main.py took 0.433 seconds
[2026-05-30T07:57:16.765+0000] {processor.py:161} INFO - Started process (PID=1078) to work on /opt/airflow/dags/main.py
[2026-05-30T07:57:16.768+0000] {processor.py:830} INFO - Processing file /opt/airflow/dags/main.py for tasks to queue
[2026-05-30T07:57:16.770+0000] {logging_mixin.py:188} INFO - [2026-05-30T07:57:16.770+0000] {dagbag.py:545} INFO - Filling up the DagBag from /opt/airflow/dags/main.py
[2026-05-30T07:57:17.088+0000] {processor.py:840} INFO - DAG(s) 'update_db', 'data_quality', 'produce_json' retrieved from /opt/airflow/dags/main.py
[2026-05-30T07:57:17.209+0000] {logging_mixin.py:188} INFO - [2026-05-30T07:57:17.208+0000] {dag.py:3096} INFO - Sync 3 DAGs
[2026-05-30T07:57:17.228+0000] {logging_mixin.py:188} INFO - [2026-05-30T07:57:17.227+0000] {dag.py:3954} INFO - Setting next_dagrun for data_quality to None, run_after=None
[2026-05-30T07:57:17.233+0000] {logging_mixin.py:188} INFO - [2026-05-30T07:57:17.233+0000] {dag.py:3954} INFO - Setting next_dagrun for produce_json to 2026-05-29 11:00:00+00:00, run_after=2026-05-30 11:00:00+00:00
[2026-05-30T07:57:17.235+0000] {logging_mixin.py:188} INFO - [2026-05-30T07:57:17.235+0000] {dag.py:3954} INFO - Setting next_dagrun for update_db to None, run_after=None
[2026-05-30T07:57:17.322+0000] {processor.py:183} INFO - Processing /opt/airflow/dags/main.py took 0.573 seconds
[2026-05-30T07:57:44.429+0000] {processor.py:161} INFO - Started process (PID=1085) to work on /opt/airflow/dags/main.py
[2026-05-30T07:57:44.432+0000] {processor.py:830} INFO - Processing file /opt/airflow/dags/main.py for tasks to queue
[2026-05-30T07:57:44.434+0000] {logging_mixin.py:188} INFO - [2026-05-30T07:57:44.433+0000] {dagbag.py:545} INFO - Filling up the DagBag from /opt/airflow/dags/main.py
[2026-05-30T07:57:44.767+0000] {processor.py:840} INFO - DAG(s) 'data_quality', 'produce_json', 'update_db' retrieved from /opt/airflow/dags/main.py
[2026-05-30T07:57:44.955+0000] {logging_mixin.py:188} INFO - [2026-05-30T07:57:44.954+0000] {dag.py:3096} INFO - Sync 3 DAGs
[2026-05-30T07:57:44.981+0000] {logging_mixin.py:188} INFO - [2026-05-30T07:57:44.981+0000] {dag.py:3954} INFO - Setting next_dagrun for data_quality to None, run_after=None
[2026-05-30T07:57:44.988+0000] {logging_mixin.py:188} INFO - [2026-05-30T07:57:44.988+0000] {dag.py:3954} INFO - Setting next_dagrun for produce_json to 2026-05-29 11:00:00+00:00, run_after=2026-05-30 11:00:00+00:00
[2026-05-30T07:57:44.992+0000] {logging_mixin.py:188} INFO - [2026-05-30T07:57:44.991+0000] {dag.py:3954} INFO - Setting next_dagrun for update_db to None, run_after=None
[2026-05-30T07:57:45.080+0000] {processor.py:183} INFO - Processing /opt/airflow/dags/main.py took 0.669 seconds
[2026-05-30T07:58:07.022+0000] {processor.py:161} INFO - Started process (PID=1092) to work on /opt/airflow/dags/main.py
[2026-05-30T07:58:07.029+0000] {processor.py:830} INFO - Processing file /opt/airflow/dags/main.py for tasks to queue
[2026-05-30T07:58:07.036+0000] {logging_mixin.py:188} INFO - [2026-05-30T07:58:07.033+0000] {dagbag.py:545} INFO - Filling up the DagBag from /opt/airflow/dags/main.py
[2026-05-30T07:58:07.255+0000] {processor.py:840} INFO - DAG(s) 'update_db', 'produce_json', 'data_quality' retrieved from /opt/airflow/dags/main.py
[2026-05-30T07:58:07.291+0000] {logging_mixin.py:188} INFO - [2026-05-30T07:58:07.291+0000] {dag.py:3096} INFO - Sync 3 DAGs
[2026-05-30T07:58:07.317+0000] {logging_mixin.py:188} INFO - [2026-05-30T07:58:07.317+0000] {dag.py:3954} INFO - Setting next_dagrun for data_quality to None, run_after=None
[2026-05-30T07:58:07.324+0000] {logging_mixin.py:188} INFO - [2026-05-30T07:58:07.324+0000] {dag.py:3954} INFO - Setting next_dagrun for produce_json to 2026-05-29 11:00:00+00:00, run_after=2026-05-30 11:00:00+00:00
[2026-05-30T07:58:07.327+0000] {logging_mixin.py:188} INFO - [2026-05-30T07:58:07.326+0000] {dag.py:3954} INFO - Setting next_dagrun for update_db to None, run_after=None
[2026-05-30T07:58:07.359+0000] {processor.py:183} INFO - Processing /opt/airflow/dags/main.py took 0.360 seconds
[2026-05-30T07:58:14.531+0000] {processor.py:161} INFO - Started process (PID=1093) to work on /opt/airflow/dags/main.py
[2026-05-30T07:58:14.533+0000] {processor.py:830} INFO - Processing file /opt/airflow/dags/main.py for tasks to queue
[2026-05-30T07:58:14.535+0000] {logging_mixin.py:188} INFO - [2026-05-30T07:58:14.534+0000] {dagbag.py:545} INFO - Filling up the DagBag from /opt/airflow/dags/main.py
[2026-05-30T07:58:14.914+0000] {processor.py:840} INFO - DAG(s) 'produce_json', 'update_db', 'data_quality' retrieved from /opt/airflow/dags/main.py
[2026-05-30T07:58:15.049+0000] {logging_mixin.py:188} INFO - [2026-05-30T07:58:15.049+0000] {dag.py:3096} INFO - Sync 3 DAGs
[2026-05-30T07:58:15.080+0000] {logging_mixin.py:188} INFO - [2026-05-30T07:58:15.079+0000] {dag.py:3954} INFO - Setting next_dagrun for data_quality to None, run_after=None
[2026-05-30T07:58:15.089+0000] {logging_mixin.py:188} INFO - [2026-05-30T07:58:15.088+0000] {dag.py:3954} INFO - Setting next_dagrun for produce_json to 2026-05-29 11:00:00+00:00, run_after=2026-05-30 11:00:00+00:00
[2026-05-30T07:58:15.091+0000] {logging_mixin.py:188} INFO - [2026-05-30T07:58:15.091+0000] {dag.py:3954} INFO - Setting next_dagrun for update_db to None, run_after=None
[2026-05-30T07:58:15.129+0000] {processor.py:183} INFO - Processing /opt/airflow/dags/main.py took 0.611 seconds
[2026-05-30T07:58:45.552+0000] {processor.py:161} INFO - Started process (PID=1100) to work on /opt/airflow/dags/main.py
[2026-05-30T07:58:45.554+0000] {processor.py:830} INFO - Processing file /opt/airflow/dags/main.py for tasks to queue
[2026-05-30T07:58:45.557+0000] {logging_mixin.py:188} INFO - [2026-05-30T07:58:45.556+0000] {dagbag.py:545} INFO - Filling up the DagBag from /opt/airflow/dags/main.py
[2026-05-30T07:58:45.901+0000] {processor.py:840} INFO - DAG(s) 'data_quality', 'update_db', 'produce_json' retrieved from /opt/airflow/dags/main.py
[2026-05-30T07:58:45.973+0000] {logging_mixin.py:188} INFO - [2026-05-30T07:58:45.972+0000] {dag.py:3096} INFO - Sync 3 DAGs
[2026-05-30T07:58:46.018+0000] {logging_mixin.py:188} INFO - [2026-05-30T07:58:46.018+0000] {dag.py:3954} INFO - Setting next_dagrun for data_quality to None, run_after=None
[2026-05-30T07:58:46.041+0000] {logging_mixin.py:188} INFO - [2026-05-30T07:58:46.040+0000] {dag.py:3954} INFO - Setting next_dagrun for produce_json to 2026-05-29 11:00:00+00:00, run_after=2026-05-30 11:00:00+00:00
[2026-05-30T07:58:46.047+0000] {logging_mixin.py:188} INFO - [2026-05-30T07:58:46.047+0000] {dag.py:3954} INFO - Setting next_dagrun for update_db to None, run_after=None
[2026-05-30T07:58:46.122+0000] {processor.py:183} INFO - Processing /opt/airflow/dags/main.py took 0.587 seconds
[2026-05-30T07:58:48.279+0000] {processor.py:161} INFO - Started process (PID=1101) to work on /opt/airflow/dags/main.py
[2026-05-30T07:58:48.282+0000] {processor.py:830} INFO - Processing file /opt/airflow/dags/main.py for tasks to queue
[2026-05-30T07:58:48.284+0000] {logging_mixin.py:188} INFO - [2026-05-30T07:58:48.283+0000] {dagbag.py:545} INFO - Filling up the DagBag from /opt/airflow/dags/main.py
[2026-05-30T07:58:48.549+0000] {processor.py:840} INFO - DAG(s) 'update_db', 'produce_json', 'data_quality' retrieved from /opt/airflow/dags/main.py
[2026-05-30T07:58:48.591+0000] {logging_mixin.py:188} INFO - [2026-05-30T07:58:48.591+0000] {dag.py:3096} INFO - Sync 3 DAGs
[2026-05-30T07:58:48.641+0000] {logging_mixin.py:188} INFO - [2026-05-30T07:58:48.640+0000] {dag.py:3954} INFO - Setting next_dagrun for data_quality to None, run_after=None
[2026-05-30T07:58:48.652+0000] {logging_mixin.py:188} INFO - [2026-05-30T07:58:48.651+0000] {dag.py:3954} INFO - Setting next_dagrun for produce_json to 2026-05-29 11:00:00+00:00, run_after=2026-05-30 11:00:00+00:00
[2026-05-30T07:58:48.655+0000] {logging_mixin.py:188} INFO - [2026-05-30T07:58:48.654+0000] {dag.py:3954} INFO - Setting next_dagrun for update_db to None, run_after=None
[2026-05-30T07:58:48.731+0000] {processor.py:183} INFO - Processing /opt/airflow/dags/main.py took 0.470 seconds
[2026-05-30T07:59:19.132+0000] {processor.py:161} INFO - Started process (PID=1108) to work on /opt/airflow/dags/main.py
[2026-05-30T07:59:19.134+0000] {processor.py:830} INFO - Processing file /opt/airflow/dags/main.py for tasks to queue
[2026-05-30T07:59:19.136+0000] {logging_mixin.py:188} INFO - [2026-05-30T07:59:19.135+0000] {dagbag.py:545} INFO - Filling up the DagBag from /opt/airflow/dags/main.py
[2026-05-30T07:59:19.402+0000] {processor.py:840} INFO - DAG(s) 'update_db', 'produce_json', 'data_quality' retrieved from /opt/airflow/dags/main.py
[2026-05-30T07:59:19.443+0000] {logging_mixin.py:188} INFO - [2026-05-30T07:59:19.442+0000] {dag.py:3096} INFO - Sync 3 DAGs
[2026-05-30T07:59:19.470+0000] {logging_mixin.py:188} INFO - [2026-05-30T07:59:19.470+0000] {dag.py:3954} INFO - Setting next_dagrun for data_quality to None, run_after=None
[2026-05-30T07:59:19.479+0000] {logging_mixin.py:188} INFO - [2026-05-30T07:59:19.479+0000] {dag.py:3954} INFO - Setting next_dagrun for produce_json to 2026-05-29 11:00:00+00:00, run_after=2026-05-30 11:00:00+00:00
[2026-05-30T07:59:19.482+0000] {logging_mixin.py:188} INFO - [2026-05-30T07:59:19.482+0000] {dag.py:3954} INFO - Setting next_dagrun for update_db to None, run_after=None
[2026-05-30T07:59:19.556+0000] {processor.py:183} INFO - Processing /opt/airflow/dags/main.py took 0.444 seconds
[2026-05-30T07:59:49.877+0000] {processor.py:161} INFO - Started process (PID=1121) to work on /opt/airflow/dags/main.py
[2026-05-30T07:59:49.879+0000] {processor.py:830} INFO - Processing file /opt/airflow/dags/main.py for tasks to queue
[2026-05-30T07:59:49.881+0000] {logging_mixin.py:188} INFO - [2026-05-30T07:59:49.880+0000] {dagbag.py:545} INFO - Filling up the DagBag from /opt/airflow/dags/main.py
[2026-05-30T07:59:50.106+0000] {processor.py:840} INFO - DAG(s) 'update_db', 'produce_json', 'data_quality' retrieved from /opt/airflow/dags/main.py
[2026-05-30T07:59:50.155+0000] {logging_mixin.py:188} INFO - [2026-05-30T07:59:50.155+0000] {dag.py:3096} INFO - Sync 3 DAGs
[2026-05-30T07:59:50.185+0000] {logging_mixin.py:188} INFO - [2026-05-30T07:59:50.184+0000] {dag.py:3954} INFO - Setting next_dagrun for data_quality to None, run_after=None
[2026-05-30T07:59:50.195+0000] {logging_mixin.py:188} INFO - [2026-05-30T07:59:50.194+0000] {dag.py:3954} INFO - Setting next_dagrun for produce_json to 2026-05-29 11:00:00+00:00, run_after=2026-05-30 11:00:00+00:00
[2026-05-30T07:59:50.197+0000] {logging_mixin.py:188} INFO - [2026-05-30T07:59:50.197+0000] {dag.py:3954} INFO - Setting next_dagrun for update_db to None, run_after=None
[2026-05-30T07:59:50.229+0000] {processor.py:183} INFO - Processing /opt/airflow/dags/main.py took 0.369 seconds
[2026-05-30T08:00:20.538+0000] {processor.py:161} INFO - Started process (PID=1128) to work on /opt/airflow/dags/main.py
[2026-05-30T08:00:20.540+0000] {processor.py:830} INFO - Processing file /opt/airflow/dags/main.py for tasks to queue
[2026-05-30T08:00:20.542+0000] {logging_mixin.py:188} INFO - [2026-05-30T08:00:20.542+0000] {dagbag.py:545} INFO - Filling up the DagBag from /opt/airflow/dags/main.py
[2026-05-30T08:00:20.785+0000] {processor.py:840} INFO - DAG(s) 'update_db', 'data_quality', 'produce_json' retrieved from /opt/airflow/dags/main.py
[2026-05-30T08:00:20.833+0000] {logging_mixin.py:188} INFO - [2026-05-30T08:00:20.833+0000] {dag.py:3096} INFO - Sync 3 DAGs
[2026-05-30T08:00:20.865+0000] {logging_mixin.py:188} INFO - [2026-05-30T08:00:20.865+0000] {dag.py:3954} INFO - Setting next_dagrun for data_quality to None, run_after=None
[2026-05-30T08:00:20.873+0000] {logging_mixin.py:188} INFO - [2026-05-30T08:00:20.873+0000] {dag.py:3954} INFO - Setting next_dagrun for produce_json to 2026-05-29 11:00:00+00:00, run_after=2026-05-30 11:00:00+00:00
[2026-05-30T08:00:20.876+0000] {logging_mixin.py:188} INFO - [2026-05-30T08:00:20.875+0000] {dag.py:3954} INFO - Setting next_dagrun for update_db to None, run_after=None
[2026-05-30T08:00:20.937+0000] {processor.py:183} INFO - Processing /opt/airflow/dags/main.py took 0.413 seconds
[2026-05-30T08:00:51.310+0000] {processor.py:161} INFO - Started process (PID=1135) to work on /opt/airflow/dags/main.py
[2026-05-30T08:00:51.313+0000] {processor.py:830} INFO - Processing file /opt/airflow/dags/main.py for tasks to queue
[2026-05-30T08:00:51.315+0000] {logging_mixin.py:188} INFO - [2026-05-30T08:00:51.315+0000] {dagbag.py:545} INFO - Filling up the DagBag from /opt/airflow/dags/main.py
[2026-05-30T08:00:51.632+0000] {processor.py:840} INFO - DAG(s) 'update_db', 'data_quality', 'produce_json' retrieved from /opt/airflow/dags/main.py
[2026-05-30T08:00:51.704+0000] {logging_mixin.py:188} INFO - [2026-05-30T08:00:51.704+0000] {dag.py:3096} INFO - Sync 3 DAGs
[2026-05-30T08:00:51.740+0000] {logging_mixin.py:188} INFO - [2026-05-30T08:00:51.740+0000] {dag.py:3954} INFO - Setting next_dagrun for data_quality to None, run_after=None
[2026-05-30T08:00:51.749+0000] {logging_mixin.py:188} INFO - [2026-05-30T08:00:51.749+0000] {dag.py:3954} INFO - Setting next_dagrun for produce_json to 2026-05-29 11:00:00+00:00, run_after=2026-05-30 11:00:00+00:00
[2026-05-30T08:00:51.751+0000] {logging_mixin.py:188} INFO - [2026-05-30T08:00:51.751+0000] {dag.py:3954} INFO - Setting next_dagrun for update_db to None, run_after=None
[2026-05-30T08:00:51.831+0000] {processor.py:183} INFO - Processing /opt/airflow/dags/main.py took 0.540 seconds
[2026-05-30T08:01:22.208+0000] {processor.py:161} INFO - Started process (PID=1142) to work on /opt/airflow/dags/main.py
[2026-05-30T08:01:22.210+0000] {processor.py:830} INFO - Processing file /opt/airflow/dags/main.py for tasks to queue
[2026-05-30T08:01:22.211+0000] {logging_mixin.py:188} INFO - [2026-05-30T08:01:22.211+0000] {dagbag.py:545} INFO - Filling up the DagBag from /opt/airflow/dags/main.py
[2026-05-30T08:01:22.468+0000] {processor.py:840} INFO - DAG(s) 'produce_json', 'data_quality', 'update_db' retrieved from /opt/airflow/dags/main.py
[2026-05-30T08:01:22.517+0000] {logging_mixin.py:188} INFO - [2026-05-30T08:01:22.517+0000] {dag.py:3096} INFO - Sync 3 DAGs
[2026-05-30T08:01:22.552+0000] {logging_mixin.py:188} INFO - [2026-05-30T08:01:22.552+0000] {dag.py:3954} INFO - Setting next_dagrun for data_quality to None, run_after=None
[2026-05-30T08:01:22.563+0000] {logging_mixin.py:188} INFO - [2026-05-30T08:01:22.562+0000] {dag.py:3954} INFO - Setting next_dagrun for produce_json to 2026-05-29 11:00:00+00:00, run_after=2026-05-30 11:00:00+00:00
[2026-05-30T08:01:22.569+0000] {logging_mixin.py:188} INFO - [2026-05-30T08:01:22.568+0000] {dag.py:3954} INFO - Setting next_dagrun for update_db to None, run_after=None
[2026-05-30T08:01:22.607+0000] {processor.py:183} INFO - Processing /opt/airflow/dags/main.py took 0.406 seconds
[2026-05-30T08:01:53.288+0000] {processor.py:161} INFO - Started process (PID=1149) to work on /opt/airflow/dags/main.py
[2026-05-30T08:01:53.289+0000] {processor.py:830} INFO - Processing file /opt/airflow/dags/main.py for tasks to queue
[2026-05-30T08:01:53.291+0000] {logging_mixin.py:188} INFO - [2026-05-30T08:01:53.290+0000] {dagbag.py:545} INFO - Filling up the DagBag from /opt/airflow/dags/main.py
[2026-05-30T08:01:53.467+0000] {processor.py:840} INFO - DAG(s) 'data_quality', 'update_db', 'produce_json' retrieved from /opt/airflow/dags/main.py
[2026-05-30T08:01:53.507+0000] {logging_mixin.py:188} INFO - [2026-05-30T08:01:53.507+0000] {dag.py:3096} INFO - Sync 3 DAGs
[2026-05-30T08:01:53.539+0000] {logging_mixin.py:188} INFO - [2026-05-30T08:01:53.538+0000] {dag.py:3954} INFO - Setting next_dagrun for data_quality to None, run_after=None
[2026-05-30T08:01:53.546+0000] {logging_mixin.py:188} INFO - [2026-05-30T08:01:53.546+0000] {dag.py:3954} INFO - Setting next_dagrun for produce_json to 2026-05-29 11:00:00+00:00, run_after=2026-05-30 11:00:00+00:00
[2026-05-30T08:01:53.549+0000] {logging_mixin.py:188} INFO - [2026-05-30T08:01:53.548+0000] {dag.py:3954} INFO - Setting next_dagrun for update_db to None, run_after=None
[2026-05-30T08:01:53.576+0000] {processor.py:183} INFO - Processing /opt/airflow/dags/main.py took 0.297 seconds
[2026-05-30T08:02:23.915+0000] {processor.py:161} INFO - Started process (PID=1156) to work on /opt/airflow/dags/main.py
[2026-05-30T08:02:23.918+0000] {processor.py:830} INFO - Processing file /opt/airflow/dags/main.py for tasks to queue
[2026-05-30T08:02:23.919+0000] {logging_mixin.py:188} INFO - [2026-05-30T08:02:23.919+0000] {dagbag.py:545} INFO - Filling up the DagBag from /opt/airflow/dags/main.py
[2026-05-30T08:02:24.162+0000] {processor.py:840} INFO - DAG(s) 'update_db', 'produce_json', 'data_quality' retrieved from /opt/airflow/dags/main.py
[2026-05-30T08:02:24.207+0000] {logging_mixin.py:188} INFO - [2026-05-30T08:02:24.206+0000] {dag.py:3096} INFO - Sync 3 DAGs
[2026-05-30T08:02:24.238+0000] {logging_mixin.py:188} INFO - [2026-05-30T08:02:24.237+0000] {dag.py:3954} INFO - Setting next_dagrun for data_quality to None, run_after=None
[2026-05-30T08:02:24.247+0000] {logging_mixin.py:188} INFO - [2026-05-30T08:02:24.246+0000] {dag.py:3954} INFO - Setting next_dagrun for produce_json to 2026-05-29 11:00:00+00:00, run_after=2026-05-30 11:00:00+00:00
[2026-05-30T08:02:24.249+0000] {logging_mixin.py:188} INFO - [2026-05-30T08:02:24.249+0000] {dag.py:3954} INFO - Setting next_dagrun for update_db to None, run_after=None
[2026-05-30T08:02:24.275+0000] {processor.py:183} INFO - Processing /opt/airflow/dags/main.py took 0.376 seconds
[2026-05-30T08:02:54.666+0000] {processor.py:161} INFO - Started process (PID=1163) to work on /opt/airflow/dags/main.py
[2026-05-30T08:02:54.669+0000] {processor.py:830} INFO - Processing file /opt/airflow/dags/main.py for tasks to queue
[2026-05-30T08:02:54.672+0000] {logging_mixin.py:188} INFO - [2026-05-30T08:02:54.671+0000] {dagbag.py:545} INFO - Filling up the DagBag from /opt/airflow/dags/main.py
[2026-05-30T08:02:55.213+0000] {processor.py:840} INFO - DAG(s) 'produce_json', 'update_db', 'data_quality' retrieved from /opt/airflow/dags/main.py
[2026-05-30T08:02:55.268+0000] {logging_mixin.py:188} INFO - [2026-05-30T08:02:55.268+0000] {dag.py:3096} INFO - Sync 3 DAGs
[2026-05-30T08:02:55.304+0000] {logging_mixin.py:188} INFO - [2026-05-30T08:02:55.303+0000] {dag.py:3954} INFO - Setting next_dagrun for data_quality to None, run_after=None
[2026-05-30T08:02:55.312+0000] {logging_mixin.py:188} INFO - [2026-05-30T08:02:55.312+0000] {dag.py:3954} INFO - Setting next_dagrun for produce_json to 2026-05-29 11:00:00+00:00, run_after=2026-05-30 11:00:00+00:00
[2026-05-30T08:02:55.315+0000] {logging_mixin.py:188} INFO - [2026-05-30T08:02:55.314+0000] {dag.py:3954} INFO - Setting next_dagrun for update_db to None, run_after=None
[2026-05-30T08:02:55.340+0000] {processor.py:183} INFO - Processing /opt/airflow/dags/main.py took 0.692 seconds
[2026-05-30T08:03:25.653+0000] {processor.py:161} INFO - Started process (PID=1170) to work on /opt/airflow/dags/main.py
[2026-05-30T08:03:25.659+0000] {processor.py:830} INFO - Processing file /opt/airflow/dags/main.py for tasks to queue
[2026-05-30T08:03:25.663+0000] {logging_mixin.py:188} INFO - [2026-05-30T08:03:25.662+0000] {dagbag.py:545} INFO - Filling up the DagBag from /opt/airflow/dags/main.py
[2026-05-30T08:03:26.111+0000] {processor.py:840} INFO - DAG(s) 'produce_json', 'data_quality', 'update_db' retrieved from /opt/airflow/dags/main.py
[2026-05-30T08:03:26.160+0000] {logging_mixin.py:188} INFO - [2026-05-30T08:03:26.159+0000] {dag.py:3096} INFO - Sync 3 DAGs
[2026-05-30T08:03:26.187+0000] {logging_mixin.py:188} INFO - [2026-05-30T08:03:26.187+0000] {dag.py:3954} INFO - Setting next_dagrun for data_quality to None, run_after=None
[2026-05-30T08:03:26.198+0000] {logging_mixin.py:188} INFO - [2026-05-30T08:03:26.198+0000] {dag.py:3954} INFO - Setting next_dagrun for produce_json to 2026-05-29 11:00:00+00:00, run_after=2026-05-30 11:00:00+00:00
[2026-05-30T08:03:26.201+0000] {logging_mixin.py:188} INFO - [2026-05-30T08:03:26.201+0000] {dag.py:3954} INFO - Setting next_dagrun for update_db to None, run_after=None
[2026-05-30T08:03:26.233+0000] {processor.py:183} INFO - Processing /opt/airflow/dags/main.py took 0.613 seconds
[2026-05-30T08:03:56.608+0000] {processor.py:161} INFO - Started process (PID=1177) to work on /opt/airflow/dags/main.py
[2026-05-30T08:03:56.609+0000] {processor.py:830} INFO - Processing file /opt/airflow/dags/main.py for tasks to queue
[2026-05-30T08:03:56.610+0000] {logging_mixin.py:188} INFO - [2026-05-30T08:03:56.610+0000] {dagbag.py:545} INFO - Filling up the DagBag from /opt/airflow/dags/main.py
[2026-05-30T08:03:56.847+0000] {processor.py:840} INFO - DAG(s) 'data_quality', 'produce_json', 'update_db' retrieved from /opt/airflow/dags/main.py
[2026-05-30T08:03:56.895+0000] {logging_mixin.py:188} INFO - [2026-05-30T08:03:56.894+0000] {dag.py:3096} INFO - Sync 3 DAGs
[2026-05-30T08:03:56.928+0000] {logging_mixin.py:188} INFO - [2026-05-30T08:03:56.927+0000] {dag.py:3954} INFO - Setting next_dagrun for data_quality to None, run_after=None
[2026-05-30T08:03:56.937+0000] {logging_mixin.py:188} INFO - [2026-05-30T08:03:56.937+0000] {dag.py:3954} INFO - Setting next_dagrun for produce_json to 2026-05-29 11:00:00+00:00, run_after=2026-05-30 11:00:00+00:00
[2026-05-30T08:03:56.940+0000] {logging_mixin.py:188} INFO - [2026-05-30T08:03:56.940+0000] {dag.py:3954} INFO - Setting next_dagrun for update_db to None, run_after=None
[2026-05-30T08:03:56.965+0000] {processor.py:183} INFO - Processing /opt/airflow/dags/main.py took 0.369 seconds
[2026-05-30T08:04:27.400+0000] {processor.py:161} INFO - Started process (PID=1184) to work on /opt/airflow/dags/main.py
[2026-05-30T08:04:27.403+0000] {processor.py:830} INFO - Processing file /opt/airflow/dags/main.py for tasks to queue
[2026-05-30T08:04:27.406+0000] {logging_mixin.py:188} INFO - [2026-05-30T08:04:27.405+0000] {dagbag.py:545} INFO - Filling up the DagBag from /opt/airflow/dags/main.py
[2026-05-30T08:04:27.720+0000] {processor.py:840} INFO - DAG(s) 'data_quality', 'produce_json', 'update_db' retrieved from /opt/airflow/dags/main.py
[2026-05-30T08:04:27.793+0000] {logging_mixin.py:188} INFO - [2026-05-30T08:04:27.792+0000] {dag.py:3096} INFO - Sync 3 DAGs
[2026-05-30T08:04:27.833+0000] {logging_mixin.py:188} INFO - [2026-05-30T08:04:27.832+0000] {dag.py:3954} INFO - Setting next_dagrun for data_quality to None, run_after=None
[2026-05-30T08:04:27.845+0000] {logging_mixin.py:188} INFO - [2026-05-30T08:04:27.844+0000] {dag.py:3954} INFO - Setting next_dagrun for produce_json to 2026-05-29 11:00:00+00:00, run_after=2026-05-30 11:00:00+00:00
[2026-05-30T08:04:27.848+0000] {logging_mixin.py:188} INFO - [2026-05-30T08:04:27.848+0000] {dag.py:3954} INFO - Setting next_dagrun for update_db to None, run_after=None
[2026-05-30T08:04:27.910+0000] {processor.py:183} INFO - Processing /opt/airflow/dags/main.py took 0.531 seconds
[2026-05-30T08:04:58.333+0000] {processor.py:161} INFO - Started process (PID=1191) to work on /opt/airflow/dags/main.py
[2026-05-30T08:04:58.336+0000] {processor.py:830} INFO - Processing file /opt/airflow/dags/main.py for tasks to queue
[2026-05-30T08:04:58.337+0000] {logging_mixin.py:188} INFO - [2026-05-30T08:04:58.337+0000] {dagbag.py:545} INFO - Filling up the DagBag from /opt/airflow/dags/main.py
[2026-05-30T08:04:58.559+0000] {processor.py:840} INFO - DAG(s) 'data_quality', 'update_db', 'produce_json' retrieved from /opt/airflow/dags/main.py
[2026-05-30T08:04:58.598+0000] {logging_mixin.py:188} INFO - [2026-05-30T08:04:58.597+0000] {dag.py:3096} INFO - Sync 3 DAGs
[2026-05-30T08:04:58.622+0000] {logging_mixin.py:188} INFO - [2026-05-30T08:04:58.622+0000] {dag.py:3954} INFO - Setting next_dagrun for data_quality to None, run_after=None
[2026-05-30T08:04:58.630+0000] {logging_mixin.py:188} INFO - [2026-05-30T08:04:58.629+0000] {dag.py:3954} INFO - Setting next_dagrun for produce_json to 2026-05-29 11:00:00+00:00, run_after=2026-05-30 11:00:00+00:00
[2026-05-30T08:04:58.632+0000] {logging_mixin.py:188} INFO - [2026-05-30T08:04:58.632+0000] {dag.py:3954} INFO - Setting next_dagrun for update_db to None, run_after=None
[2026-05-30T08:04:58.659+0000] {processor.py:183} INFO - Processing /opt/airflow/dags/main.py took 0.341 seconds
[2026-05-30T08:05:28.764+0000] {processor.py:161} INFO - Started process (PID=1198) to work on /opt/airflow/dags/main.py
[2026-05-30T08:05:28.767+0000] {processor.py:830} INFO - Processing file /opt/airflow/dags/main.py for tasks to queue
[2026-05-30T08:05:28.769+0000] {logging_mixin.py:188} INFO - [2026-05-30T08:05:28.768+0000] {dagbag.py:545} INFO - Filling up the DagBag from /opt/airflow/dags/main.py
[2026-05-30T08:05:29.030+0000] {processor.py:840} INFO - DAG(s) 'data_quality', 'update_db', 'produce_json' retrieved from /opt/airflow/dags/main.py
[2026-05-30T08:05:29.076+0000] {logging_mixin.py:188} INFO - [2026-05-30T08:05:29.076+0000] {dag.py:3096} INFO - Sync 3 DAGs
[2026-05-30T08:05:29.124+0000] {logging_mixin.py:188} INFO - [2026-05-30T08:05:29.124+0000] {dag.py:3954} INFO - Setting next_dagrun for data_quality to None, run_after=None
[2026-05-30T08:05:29.134+0000] {logging_mixin.py:188} INFO - [2026-05-30T08:05:29.134+0000] {dag.py:3954} INFO - Setting next_dagrun for produce_json to 2026-05-29 11:00:00+00:00, run_after=2026-05-30 11:00:00+00:00
[2026-05-30T08:05:29.136+0000] {logging_mixin.py:188} INFO - [2026-05-30T08:05:29.136+0000] {dag.py:3954} INFO - Setting next_dagrun for update_db to None, run_after=None
[2026-05-30T08:05:29.163+0000] {processor.py:183} INFO - Processing /opt/airflow/dags/main.py took 0.417 seconds
[2026-05-30T08:05:59.483+0000] {processor.py:161} INFO - Started process (PID=1205) to work on /opt/airflow/dags/main.py
[2026-05-30T08:05:59.485+0000] {processor.py:830} INFO - Processing file /opt/airflow/dags/main.py for tasks to queue
[2026-05-30T08:05:59.486+0000] {logging_mixin.py:188} INFO - [2026-05-30T08:05:59.486+0000] {dagbag.py:545} INFO - Filling up the DagBag from /opt/airflow/dags/main.py
[2026-05-30T08:05:59.690+0000] {processor.py:840} INFO - DAG(s) 'update_db', 'data_quality', 'produce_json' retrieved from /opt/airflow/dags/main.py
[2026-05-30T08:05:59.728+0000] {logging_mixin.py:188} INFO - [2026-05-30T08:05:59.728+0000] {dag.py:3096} INFO - Sync 3 DAGs
[2026-05-30T08:05:59.753+0000] {logging_mixin.py:188} INFO - [2026-05-30T08:05:59.753+0000] {dag.py:3954} INFO - Setting next_dagrun for data_quality to None, run_after=None
[2026-05-30T08:05:59.761+0000] {logging_mixin.py:188} INFO - [2026-05-30T08:05:59.760+0000] {dag.py:3954} INFO - Setting next_dagrun for produce_json to 2026-05-29 11:00:00+00:00, run_after=2026-05-30 11:00:00+00:00
[2026-05-30T08:05:59.762+0000] {logging_mixin.py:188} INFO - [2026-05-30T08:05:59.762+0000] {dag.py:3954} INFO - Setting next_dagrun for update_db to None, run_after=None
[2026-05-30T08:05:59.822+0000] {processor.py:183} INFO - Processing /opt/airflow/dags/main.py took 0.347 seconds
[2026-05-30T08:06:30.032+0000] {processor.py:161} INFO - Started process (PID=1212) to work on /opt/airflow/dags/main.py
[2026-05-30T08:06:30.035+0000] {processor.py:830} INFO - Processing file /opt/airflow/dags/main.py for tasks to queue
[2026-05-30T08:06:30.037+0000] {logging_mixin.py:188} INFO - [2026-05-30T08:06:30.036+0000] {dagbag.py:545} INFO - Filling up the DagBag from /opt/airflow/dags/main.py
[2026-05-30T08:06:30.295+0000] {processor.py:840} INFO - DAG(s) 'produce_json', 'data_quality', 'update_db' retrieved from /opt/airflow/dags/main.py
[2026-05-30T08:06:30.351+0000] {logging_mixin.py:188} INFO - [2026-05-30T08:06:30.351+0000] {dag.py:3096} INFO - Sync 3 DAGs
[2026-05-30T08:06:30.396+0000] {logging_mixin.py:188} INFO - [2026-05-30T08:06:30.396+0000] {dag.py:3954} INFO - Setting next_dagrun for data_quality to None, run_after=None
[2026-05-30T08:06:30.410+0000] {logging_mixin.py:188} INFO - [2026-05-30T08:06:30.410+0000] {dag.py:3954} INFO - Setting next_dagrun for produce_json to 2026-05-29 11:00:00+00:00, run_after=2026-05-30 11:00:00+00:00
[2026-05-30T08:06:30.414+0000] {logging_mixin.py:188} INFO - [2026-05-30T08:06:30.413+0000] {dag.py:3954} INFO - Setting next_dagrun for update_db to None, run_after=None
[2026-05-30T08:06:30.492+0000] {processor.py:183} INFO - Processing /opt/airflow/dags/main.py took 0.484 seconds
[2026-05-30T08:07:01.290+0000] {processor.py:161} INFO - Started process (PID=1219) to work on /opt/airflow/dags/main.py
[2026-05-30T08:07:01.292+0000] {processor.py:830} INFO - Processing file /opt/airflow/dags/main.py for tasks to queue
[2026-05-30T08:07:01.295+0000] {logging_mixin.py:188} INFO - [2026-05-30T08:07:01.294+0000] {dagbag.py:545} INFO - Filling up the DagBag from /opt/airflow/dags/main.py
[2026-05-30T08:07:01.613+0000] {processor.py:840} INFO - DAG(s) 'produce_json', 'update_db', 'data_quality' retrieved from /opt/airflow/dags/main.py
[2026-05-30T08:07:01.682+0000] {logging_mixin.py:188} INFO - [2026-05-30T08:07:01.681+0000] {dag.py:3096} INFO - Sync 3 DAGs
[2026-05-30T08:07:01.726+0000] {logging_mixin.py:188} INFO - [2026-05-30T08:07:01.726+0000] {dag.py:3954} INFO - Setting next_dagrun for data_quality to None, run_after=None
[2026-05-30T08:07:01.743+0000] {logging_mixin.py:188} INFO - [2026-05-30T08:07:01.743+0000] {dag.py:3954} INFO - Setting next_dagrun for produce_json to 2026-05-29 11:00:00+00:00, run_after=2026-05-30 11:00:00+00:00
[2026-05-30T08:07:01.747+0000] {logging_mixin.py:188} INFO - [2026-05-30T08:07:01.747+0000] {dag.py:3954} INFO - Setting next_dagrun for update_db to None, run_after=None
[2026-05-30T08:07:01.787+0000] {processor.py:183} INFO - Processing /opt/airflow/dags/main.py took 0.513 seconds
[2026-05-30T08:07:32.284+0000] {processor.py:161} INFO - Started process (PID=1226) to work on /opt/airflow/dags/main.py
[2026-05-30T08:07:32.287+0000] {processor.py:830} INFO - Processing file /opt/airflow/dags/main.py for tasks to queue
[2026-05-30T08:07:32.289+0000] {logging_mixin.py:188} INFO - [2026-05-30T08:07:32.288+0000] {dagbag.py:545} INFO - Filling up the DagBag from /opt/airflow/dags/main.py
[2026-05-30T08:07:32.565+0000] {processor.py:840} INFO - DAG(s) 'data_quality', 'update_db', 'produce_json' retrieved from /opt/airflow/dags/main.py
[2026-05-30T08:07:32.610+0000] {logging_mixin.py:188} INFO - [2026-05-30T08:07:32.609+0000] {dag.py:3096} INFO - Sync 3 DAGs
[2026-05-30T08:07:32.633+0000] {logging_mixin.py:188} INFO - [2026-05-30T08:07:32.633+0000] {dag.py:3954} INFO - Setting next_dagrun for data_quality to None, run_after=None
[2026-05-30T08:07:32.641+0000] {logging_mixin.py:188} INFO - [2026-05-30T08:07:32.641+0000] {dag.py:3954} INFO - Setting next_dagrun for produce_json to 2026-05-29 11:00:00+00:00, run_after=2026-05-30 11:00:00+00:00
[2026-05-30T08:07:32.643+0000] {logging_mixin.py:188} INFO - [2026-05-30T08:07:32.643+0000] {dag.py:3954} INFO - Setting next_dagrun for update_db to None, run_after=None
[2026-05-30T08:07:32.730+0000] {processor.py:183} INFO - Processing /opt/airflow/dags/main.py took 0.473 seconds
[2026-05-30T08:08:03.145+0000] {processor.py:161} INFO - Started process (PID=1233) to work on /opt/airflow/dags/main.py
[2026-05-30T08:08:03.148+0000] {processor.py:830} INFO - Processing file /opt/airflow/dags/main.py for tasks to queue
[2026-05-30T08:08:03.150+0000] {logging_mixin.py:188} INFO - [2026-05-30T08:08:03.149+0000] {dagbag.py:545} INFO - Filling up the DagBag from /opt/airflow/dags/main.py
[2026-05-30T08:08:03.401+0000] {processor.py:840} INFO - DAG(s) 'produce_json', 'data_quality', 'update_db' retrieved from /opt/airflow/dags/main.py
[2026-05-30T08:08:03.467+0000] {logging_mixin.py:188} INFO - [2026-05-30T08:08:03.466+0000] {dag.py:3096} INFO - Sync 3 DAGs
[2026-05-30T08:08:03.491+0000] {logging_mixin.py:188} INFO - [2026-05-30T08:08:03.490+0000] {dag.py:3954} INFO - Setting next_dagrun for data_quality to None, run_after=None
[2026-05-30T08:08:03.497+0000] {logging_mixin.py:188} INFO - [2026-05-30T08:08:03.497+0000] {dag.py:3954} INFO - Setting next_dagrun for produce_json to 2026-05-29 11:00:00+00:00, run_after=2026-05-30 11:00:00+00:00
[2026-05-30T08:08:03.499+0000] {logging_mixin.py:188} INFO - [2026-05-30T08:08:03.499+0000] {dag.py:3954} INFO - Setting next_dagrun for update_db to None, run_after=None
[2026-05-30T08:08:03.587+0000] {processor.py:183} INFO - Processing /opt/airflow/dags/main.py took 0.453 seconds
[2026-05-30T08:08:34.101+0000] {processor.py:161} INFO - Started process (PID=1240) to work on /opt/airflow/dags/main.py
[2026-05-30T08:08:34.104+0000] {processor.py:830} INFO - Processing file /opt/airflow/dags/main.py for tasks to queue
[2026-05-30T08:08:34.106+0000] {logging_mixin.py:188} INFO - [2026-05-30T08:08:34.105+0000] {dagbag.py:545} INFO - Filling up the DagBag from /opt/airflow/dags/main.py
[2026-05-30T08:08:34.479+0000] {processor.py:840} INFO - DAG(s) 'update_db', 'produce_json', 'data_quality' retrieved from /opt/airflow/dags/main.py
[2026-05-30T08:08:34.549+0000] {logging_mixin.py:188} INFO - [2026-05-30T08:08:34.549+0000] {dag.py:3096} INFO - Sync 3 DAGs
[2026-05-30T08:08:34.587+0000] {logging_mixin.py:188} INFO - [2026-05-30T08:08:34.587+0000] {dag.py:3954} INFO - Setting next_dagrun for data_quality to None, run_after=None
[2026-05-30T08:08:34.600+0000] {logging_mixin.py:188} INFO - [2026-05-30T08:08:34.600+0000] {dag.py:3954} INFO - Setting next_dagrun for produce_json to 2026-05-29 11:00:00+00:00, run_after=2026-05-30 11:00:00+00:00
[2026-05-30T08:08:34.604+0000] {logging_mixin.py:188} INFO - [2026-05-30T08:08:34.603+0000] {dag.py:3954} INFO - Setting next_dagrun for update_db to None, run_after=None
[2026-05-30T08:08:34.640+0000] {processor.py:183} INFO - Processing /opt/airflow/dags/main.py took 0.559 seconds
[2026-05-30T08:09:04.962+0000] {processor.py:161} INFO - Started process (PID=1247) to work on /opt/airflow/dags/main.py
[2026-05-30T08:09:04.964+0000] {processor.py:830} INFO - Processing file /opt/airflow/dags/main.py for tasks to queue
[2026-05-30T08:09:04.965+0000] {logging_mixin.py:188} INFO - [2026-05-30T08:09:04.965+0000] {dagbag.py:545} INFO - Filling up the DagBag from /opt/airflow/dags/main.py
[2026-05-30T08:09:05.195+0000] {processor.py:840} INFO - DAG(s) 'produce_json', 'update_db', 'data_quality' retrieved from /opt/airflow/dags/main.py
[2026-05-30T08:09:05.244+0000] {logging_mixin.py:188} INFO - [2026-05-30T08:09:05.244+0000] {dag.py:3096} INFO - Sync 3 DAGs
[2026-05-30T08:09:05.280+0000] {logging_mixin.py:188} INFO - [2026-05-30T08:09:05.280+0000] {dag.py:3954} INFO - Setting next_dagrun for data_quality to None, run_after=None
[2026-05-30T08:09:05.288+0000] {logging_mixin.py:188} INFO - [2026-05-30T08:09:05.287+0000] {dag.py:3954} INFO - Setting next_dagrun for produce_json to 2026-05-29 11:00:00+00:00, run_after=2026-05-30 11:00:00+00:00
[2026-05-30T08:09:05.290+0000] {logging_mixin.py:188} INFO - [2026-05-30T08:09:05.290+0000] {dag.py:3954} INFO - Setting next_dagrun for update_db to None, run_after=None
[2026-05-30T08:09:05.372+0000] {processor.py:183} INFO - Processing /opt/airflow/dags/main.py took 0.420 seconds
[2026-05-30T08:09:35.827+0000] {processor.py:161} INFO - Started process (PID=1254) to work on /opt/airflow/dags/main.py
[2026-05-30T08:09:35.829+0000] {processor.py:830} INFO - Processing file /opt/airflow/dags/main.py for tasks to queue
[2026-05-30T08:09:35.831+0000] {logging_mixin.py:188} INFO - [2026-05-30T08:09:35.830+0000] {dagbag.py:545} INFO - Filling up the DagBag from /opt/airflow/dags/main.py
[2026-05-30T08:09:36.074+0000] {processor.py:840} INFO - DAG(s) 'produce_json', 'update_db', 'data_quality' retrieved from /opt/airflow/dags/main.py
[2026-05-30T08:09:36.128+0000] {logging_mixin.py:188} INFO - [2026-05-30T08:09:36.128+0000] {dag.py:3096} INFO - Sync 3 DAGs
[2026-05-30T08:09:36.159+0000] {logging_mixin.py:188} INFO - [2026-05-30T08:09:36.159+0000] {dag.py:3954} INFO - Setting next_dagrun for data_quality to None, run_after=None
[2026-05-30T08:09:36.171+0000] {logging_mixin.py:188} INFO - [2026-05-30T08:09:36.170+0000] {dag.py:3954} INFO - Setting next_dagrun for produce_json to 2026-05-29 11:00:00+00:00, run_after=2026-05-30 11:00:00+00:00
[2026-05-30T08:09:36.173+0000] {logging_mixin.py:188} INFO - [2026-05-30T08:09:36.173+0000] {dag.py:3954} INFO - Setting next_dagrun for update_db to None, run_after=None
[2026-05-30T08:09:36.199+0000] {processor.py:183} INFO - Processing /opt/airflow/dags/main.py took 0.381 seconds
[2026-05-30T08:10:06.689+0000] {processor.py:161} INFO - Started process (PID=1261) to work on /opt/airflow/dags/main.py
[2026-05-30T08:10:06.692+0000] {processor.py:830} INFO - Processing file /opt/airflow/dags/main.py for tasks to queue
[2026-05-30T08:10:06.694+0000] {logging_mixin.py:188} INFO - [2026-05-30T08:10:06.694+0000] {dagbag.py:545} INFO - Filling up the DagBag from /opt/airflow/dags/main.py
[2026-05-30T08:10:06.944+0000] {processor.py:840} INFO - DAG(s) 'data_quality', 'update_db', 'produce_json' retrieved from /opt/airflow/dags/main.py
[2026-05-30T08:10:06.992+0000] {logging_mixin.py:188} INFO - [2026-05-30T08:10:06.992+0000] {dag.py:3096} INFO - Sync 3 DAGs
[2026-05-30T08:10:07.021+0000] {logging_mixin.py:188} INFO - [2026-05-30T08:10:07.020+0000] {dag.py:3954} INFO - Setting next_dagrun for data_quality to None, run_after=None
[2026-05-30T08:10:07.028+0000] {logging_mixin.py:188} INFO - [2026-05-30T08:10:07.028+0000] {dag.py:3954} INFO - Setting next_dagrun for produce_json to 2026-05-29 11:00:00+00:00, run_after=2026-05-30 11:00:00+00:00
[2026-05-30T08:10:07.030+0000] {logging_mixin.py:188} INFO - [2026-05-30T08:10:07.030+0000] {dag.py:3954} INFO - Setting next_dagrun for update_db to None, run_after=None
[2026-05-30T08:10:07.051+0000] {processor.py:183} INFO - Processing /opt/airflow/dags/main.py took 0.383 seconds
[2026-05-30T08:10:37.548+0000] {processor.py:161} INFO - Started process (PID=1268) to work on /opt/airflow/dags/main.py
[2026-05-30T08:10:37.553+0000] {processor.py:830} INFO - Processing file /opt/airflow/dags/main.py for tasks to queue
[2026-05-30T08:10:37.559+0000] {logging_mixin.py:188} INFO - [2026-05-30T08:10:37.557+0000] {dagbag.py:545} INFO - Filling up the DagBag from /opt/airflow/dags/main.py
[2026-05-30T08:10:37.897+0000] {processor.py:840} INFO - DAG(s) 'data_quality', 'update_db', 'produce_json' retrieved from /opt/airflow/dags/main.py
[2026-05-30T08:10:37.963+0000] {logging_mixin.py:188} INFO - [2026-05-30T08:10:37.962+0000] {dag.py:3096} INFO - Sync 3 DAGs
[2026-05-30T08:10:38.008+0000] {logging_mixin.py:188} INFO - [2026-05-30T08:10:38.007+0000] {dag.py:3954} INFO - Setting next_dagrun for data_quality to None, run_after=None
[2026-05-30T08:10:38.022+0000] {logging_mixin.py:188} INFO - [2026-05-30T08:10:38.022+0000] {dag.py:3954} INFO - Setting next_dagrun for produce_json to 2026-05-29 11:00:00+00:00, run_after=2026-05-30 11:00:00+00:00
[2026-05-30T08:10:38.026+0000] {logging_mixin.py:188} INFO - [2026-05-30T08:10:38.025+0000] {dag.py:3954} INFO - Setting next_dagrun for update_db to None, run_after=None
[2026-05-30T08:10:38.067+0000] {processor.py:183} INFO - Processing /opt/airflow/dags/main.py took 0.540 seconds
[2026-05-30T08:11:08.508+0000] {processor.py:161} INFO - Started process (PID=1275) to work on /opt/airflow/dags/main.py
[2026-05-30T08:11:08.511+0000] {processor.py:830} INFO - Processing file /opt/airflow/dags/main.py for tasks to queue
[2026-05-30T08:11:08.514+0000] {logging_mixin.py:188} INFO - [2026-05-30T08:11:08.513+0000] {dagbag.py:545} INFO - Filling up the DagBag from /opt/airflow/dags/main.py
[2026-05-30T08:11:08.867+0000] {processor.py:840} INFO - DAG(s) 'update_db', 'produce_json', 'data_quality' retrieved from /opt/airflow/dags/main.py
[2026-05-30T08:11:08.933+0000] {logging_mixin.py:188} INFO - [2026-05-30T08:11:08.933+0000] {dag.py:3096} INFO - Sync 3 DAGs
[2026-05-30T08:11:08.971+0000] {logging_mixin.py:188} INFO - [2026-05-30T08:11:08.971+0000] {dag.py:3954} INFO - Setting next_dagrun for data_quality to None, run_after=None
[2026-05-30T08:11:08.979+0000] {logging_mixin.py:188} INFO - [2026-05-30T08:11:08.979+0000] {dag.py:3954} INFO - Setting next_dagrun for produce_json to 2026-05-29 11:00:00+00:00, run_after=2026-05-30 11:00:00+00:00
[2026-05-30T08:11:08.982+0000] {logging_mixin.py:188} INFO - [2026-05-30T08:11:08.981+0000] {dag.py:3954} INFO - Setting next_dagrun for update_db to None, run_after=None
[2026-05-30T08:11:09.074+0000] {processor.py:183} INFO - Processing /opt/airflow/dags/main.py took 0.580 seconds
[2026-05-30T08:11:39.598+0000] {processor.py:161} INFO - Started process (PID=1282) to work on /opt/airflow/dags/main.py
[2026-05-30T08:11:39.601+0000] {processor.py:830} INFO - Processing file /opt/airflow/dags/main.py for tasks to queue
[2026-05-30T08:11:39.603+0000] {logging_mixin.py:188} INFO - [2026-05-30T08:11:39.602+0000] {dagbag.py:545} INFO - Filling up the DagBag from /opt/airflow/dags/main.py
[2026-05-30T08:11:39.817+0000] {processor.py:840} INFO - DAG(s) 'update_db', 'produce_json', 'data_quality' retrieved from /opt/airflow/dags/main.py
[2026-05-30T08:11:39.853+0000] {logging_mixin.py:188} INFO - [2026-05-30T08:11:39.852+0000] {dag.py:3096} INFO - Sync 3 DAGs
[2026-05-30T08:11:39.878+0000] {logging_mixin.py:188} INFO - [2026-05-30T08:11:39.878+0000] {dag.py:3954} INFO - Setting next_dagrun for data_quality to None, run_after=None
[2026-05-30T08:11:39.885+0000] {logging_mixin.py:188} INFO - [2026-05-30T08:11:39.885+0000] {dag.py:3954} INFO - Setting next_dagrun for produce_json to 2026-05-29 11:00:00+00:00, run_after=2026-05-30 11:00:00+00:00
[2026-05-30T08:11:39.887+0000] {logging_mixin.py:188} INFO - [2026-05-30T08:11:39.887+0000] {dag.py:3954} INFO - Setting next_dagrun for update_db to None, run_after=None
[2026-05-30T08:11:39.909+0000] {processor.py:183} INFO - Processing /opt/airflow/dags/main.py took 0.336 seconds
[2026-05-30T08:12:11.010+0000] {processor.py:161} INFO - Started process (PID=1289) to work on /opt/airflow/dags/main.py
[2026-05-30T08:12:11.013+0000] {processor.py:830} INFO - Processing file /opt/airflow/dags/main.py for tasks to queue
[2026-05-30T08:12:11.016+0000] {logging_mixin.py:188} INFO - [2026-05-30T08:12:11.015+0000] {dagbag.py:545} INFO - Filling up the DagBag from /opt/airflow/dags/main.py
[2026-05-30T08:12:11.329+0000] {processor.py:840} INFO - DAG(s) 'data_quality', 'update_db', 'produce_json' retrieved from /opt/airflow/dags/main.py
[2026-05-30T08:12:11.393+0000] {logging_mixin.py:188} INFO - [2026-05-30T08:12:11.393+0000] {dag.py:3096} INFO - Sync 3 DAGs
[2026-05-30T08:12:11.426+0000] {logging_mixin.py:188} INFO - [2026-05-30T08:12:11.426+0000] {dag.py:3954} INFO - Setting next_dagrun for data_quality to None, run_after=None
[2026-05-30T08:12:11.437+0000] {logging_mixin.py:188} INFO - [2026-05-30T08:12:11.437+0000] {dag.py:3954} INFO - Setting next_dagrun for produce_json to 2026-05-29 11:00:00+00:00, run_after=2026-05-30 11:00:00+00:00
[2026-05-30T08:12:11.440+0000] {logging_mixin.py:188} INFO - [2026-05-30T08:12:11.440+0000] {dag.py:3954} INFO - Setting next_dagrun for update_db to None, run_after=None
[2026-05-30T08:12:11.539+0000] {processor.py:183} INFO - Processing /opt/airflow/dags/main.py took 0.545 seconds
[2026-05-30T08:12:42.068+0000] {processor.py:161} INFO - Started process (PID=1296) to work on /opt/airflow/dags/main.py
[2026-05-30T08:12:42.071+0000] {processor.py:830} INFO - Processing file /opt/airflow/dags/main.py for tasks to queue
[2026-05-30T08:12:42.074+0000] {logging_mixin.py:188} INFO - [2026-05-30T08:12:42.073+0000] {dagbag.py:545} INFO - Filling up the DagBag from /opt/airflow/dags/main.py
[2026-05-30T08:12:42.461+0000] {processor.py:840} INFO - DAG(s) 'data_quality', 'produce_json', 'update_db' retrieved from /opt/airflow/dags/main.py
[2026-05-30T08:12:42.525+0000] {logging_mixin.py:188} INFO - [2026-05-30T08:12:42.525+0000] {dag.py:3096} INFO - Sync 3 DAGs
[2026-05-30T08:12:42.563+0000] {logging_mixin.py:188} INFO - [2026-05-30T08:12:42.563+0000] {dag.py:3954} INFO - Setting next_dagrun for data_quality to None, run_after=None
[2026-05-30T08:12:42.578+0000] {logging_mixin.py:188} INFO - [2026-05-30T08:12:42.577+0000] {dag.py:3954} INFO - Setting next_dagrun for produce_json to 2026-05-29 11:00:00+00:00, run_after=2026-05-30 11:00:00+00:00
[2026-05-30T08:12:42.581+0000] {logging_mixin.py:188} INFO - [2026-05-30T08:12:42.581+0000] {dag.py:3954} INFO - Setting next_dagrun for update_db to None, run_after=None
[2026-05-30T08:12:42.672+0000] {processor.py:183} INFO - Processing /opt/airflow/dags/main.py took 0.625 seconds
[2026-05-30T08:13:12.834+0000] {processor.py:161} INFO - Started process (PID=1303) to work on /opt/airflow/dags/main.py
[2026-05-30T08:13:12.836+0000] {processor.py:830} INFO - Processing file /opt/airflow/dags/main.py for tasks to queue
[2026-05-30T08:13:12.839+0000] {logging_mixin.py:188} INFO - [2026-05-30T08:13:12.838+0000] {dagbag.py:545} INFO - Filling up the DagBag from /opt/airflow/dags/main.py
[2026-05-30T08:13:13.202+0000] {processor.py:840} INFO - DAG(s) 'data_quality', 'produce_json', 'update_db' retrieved from /opt/airflow/dags/main.py
[2026-05-30T08:13:13.264+0000] {logging_mixin.py:188} INFO - [2026-05-30T08:13:13.263+0000] {dag.py:3096} INFO - Sync 3 DAGs
[2026-05-30T08:13:13.308+0000] {logging_mixin.py:188} INFO - [2026-05-30T08:13:13.308+0000] {dag.py:3954} INFO - Setting next_dagrun for data_quality to None, run_after=None
[2026-05-30T08:13:13.318+0000] {logging_mixin.py:188} INFO - [2026-05-30T08:13:13.317+0000] {dag.py:3954} INFO - Setting next_dagrun for produce_json to 2026-05-29 11:00:00+00:00, run_after=2026-05-30 11:00:00+00:00
[2026-05-30T08:13:13.321+0000] {logging_mixin.py:188} INFO - [2026-05-30T08:13:13.321+0000] {dag.py:3954} INFO - Setting next_dagrun for update_db to None, run_after=None
[2026-05-30T08:13:13.411+0000] {processor.py:183} INFO - Processing /opt/airflow/dags/main.py took 0.599 seconds
[2026-05-30T08:13:43.506+0000] {processor.py:161} INFO - Started process (PID=1310) to work on /opt/airflow/dags/main.py
[2026-05-30T08:13:43.507+0000] {processor.py:830} INFO - Processing file /opt/airflow/dags/main.py for tasks to queue
[2026-05-30T08:13:43.509+0000] {logging_mixin.py:188} INFO - [2026-05-30T08:13:43.509+0000] {dagbag.py:545} INFO - Filling up the DagBag from /opt/airflow/dags/main.py
[2026-05-30T08:13:43.736+0000] {processor.py:840} INFO - DAG(s) 'data_quality', 'update_db', 'produce_json' retrieved from /opt/airflow/dags/main.py
[2026-05-30T08:13:43.779+0000] {logging_mixin.py:188} INFO - [2026-05-30T08:13:43.779+0000] {dag.py:3096} INFO - Sync 3 DAGs
[2026-05-30T08:13:43.809+0000] {logging_mixin.py:188} INFO - [2026-05-30T08:13:43.809+0000] {dag.py:3954} INFO - Setting next_dagrun for data_quality to None, run_after=None
[2026-05-30T08:13:43.817+0000] {logging_mixin.py:188} INFO - [2026-05-30T08:13:43.816+0000] {dag.py:3954} INFO - Setting next_dagrun for produce_json to 2026-05-29 11:00:00+00:00, run_after=2026-05-30 11:00:00+00:00
[2026-05-30T08:13:43.819+0000] {logging_mixin.py:188} INFO - [2026-05-30T08:13:43.819+0000] {dag.py:3954} INFO - Setting next_dagrun for update_db to None, run_after=None
[2026-05-30T08:13:43.884+0000] {processor.py:183} INFO - Processing /opt/airflow/dags/main.py took 0.390 seconds
[2026-05-30T08:14:14.285+0000] {processor.py:161} INFO - Started process (PID=1318) to work on /opt/airflow/dags/main.py
[2026-05-30T08:14:14.287+0000] {processor.py:830} INFO - Processing file /opt/airflow/dags/main.py for tasks to queue
[2026-05-30T08:14:14.289+0000] {logging_mixin.py:188} INFO - [2026-05-30T08:14:14.288+0000] {dagbag.py:545} INFO - Filling up the DagBag from /opt/airflow/dags/main.py
[2026-05-30T08:14:14.544+0000] {processor.py:840} INFO - DAG(s) 'data_quality', 'update_db', 'produce_json' retrieved from /opt/airflow/dags/main.py
[2026-05-30T08:14:14.611+0000] {logging_mixin.py:188} INFO - [2026-05-30T08:14:14.611+0000] {dag.py:3096} INFO - Sync 3 DAGs
[2026-05-30T08:14:14.653+0000] {logging_mixin.py:188} INFO - [2026-05-30T08:14:14.652+0000] {dag.py:3954} INFO - Setting next_dagrun for data_quality to None, run_after=None
[2026-05-30T08:14:14.663+0000] {logging_mixin.py:188} INFO - [2026-05-30T08:14:14.662+0000] {dag.py:3954} INFO - Setting next_dagrun for produce_json to 2026-05-29 11:00:00+00:00, run_after=2026-05-30 11:00:00+00:00
[2026-05-30T08:14:14.665+0000] {logging_mixin.py:188} INFO - [2026-05-30T08:14:14.665+0000] {dag.py:3954} INFO - Setting next_dagrun for update_db to None, run_after=None
[2026-05-30T08:14:14.751+0000] {processor.py:183} INFO - Processing /opt/airflow/dags/main.py took 0.488 seconds
[2026-05-30T08:14:45.192+0000] {processor.py:161} INFO - Started process (PID=1325) to work on /opt/airflow/dags/main.py
[2026-05-30T08:14:45.194+0000] {processor.py:830} INFO - Processing file /opt/airflow/dags/main.py for tasks to queue
[2026-05-30T08:14:45.196+0000] {logging_mixin.py:188} INFO - [2026-05-30T08:14:45.195+0000] {dagbag.py:545} INFO - Filling up the DagBag from /opt/airflow/dags/main.py
[2026-05-30T08:14:45.559+0000] {processor.py:840} INFO - DAG(s) 'update_db', 'produce_json', 'data_quality' retrieved from /opt/airflow/dags/main.py
[2026-05-30T08:14:45.635+0000] {logging_mixin.py:188} INFO - [2026-05-30T08:14:45.634+0000] {dag.py:3096} INFO - Sync 3 DAGs
[2026-05-30T08:14:45.684+0000] {logging_mixin.py:188} INFO - [2026-05-30T08:14:45.683+0000] {dag.py:3954} INFO - Setting next_dagrun for data_quality to None, run_after=None
[2026-05-30T08:14:45.698+0000] {logging_mixin.py:188} INFO - [2026-05-30T08:14:45.698+0000] {dag.py:3954} INFO - Setting next_dagrun for produce_json to 2026-05-29 11:00:00+00:00, run_after=2026-05-30 11:00:00+00:00
[2026-05-30T08:14:45.702+0000] {logging_mixin.py:188} INFO - [2026-05-30T08:14:45.701+0000] {dag.py:3954} INFO - Setting next_dagrun for update_db to None, run_after=None
[2026-05-30T08:14:45.799+0000] {processor.py:183} INFO - Processing /opt/airflow/dags/main.py took 0.616 seconds
[2026-05-30T08:15:16.126+0000] {processor.py:161} INFO - Started process (PID=1332) to work on /opt/airflow/dags/main.py
[2026-05-30T08:15:16.128+0000] {processor.py:830} INFO - Processing file /opt/airflow/dags/main.py for tasks to queue
[2026-05-30T08:15:16.130+0000] {logging_mixin.py:188} INFO - [2026-05-30T08:15:16.129+0000] {dagbag.py:545} INFO - Filling up the DagBag from /opt/airflow/dags/main.py
[2026-05-30T08:15:16.395+0000] {processor.py:840} INFO - DAG(s) 'data_quality', 'produce_json', 'update_db' retrieved from /opt/airflow/dags/main.py
[2026-05-30T08:15:16.434+0000] {logging_mixin.py:188} INFO - [2026-05-30T08:15:16.434+0000] {dag.py:3096} INFO - Sync 3 DAGs
[2026-05-30T08:15:16.468+0000] {logging_mixin.py:188} INFO - [2026-05-30T08:15:16.467+0000] {dag.py:3954} INFO - Setting next_dagrun for data_quality to None, run_after=None
[2026-05-30T08:15:16.484+0000] {logging_mixin.py:188} INFO - [2026-05-30T08:15:16.484+0000] {dag.py:3954} INFO - Setting next_dagrun for produce_json to 2026-05-29 11:00:00+00:00, run_after=2026-05-30 11:00:00+00:00
[2026-05-30T08:15:16.488+0000] {logging_mixin.py:188} INFO - [2026-05-30T08:15:16.488+0000] {dag.py:3954} INFO - Setting next_dagrun for update_db to None, run_after=None
[2026-05-30T08:15:16.581+0000] {processor.py:183} INFO - Processing /opt/airflow/dags/main.py took 0.474 seconds
[2026-05-30T08:15:47.051+0000] {processor.py:161} INFO - Started process (PID=1339) to work on /opt/airflow/dags/main.py
[2026-05-30T08:15:47.053+0000] {processor.py:830} INFO - Processing file /opt/airflow/dags/main.py for tasks to queue
[2026-05-30T08:15:47.055+0000] {logging_mixin.py:188} INFO - [2026-05-30T08:15:47.055+0000] {dagbag.py:545} INFO - Filling up the DagBag from /opt/airflow/dags/main.py
[2026-05-30T08:15:47.408+0000] {processor.py:840} INFO - DAG(s) 'produce_json', 'update_db', 'data_quality' retrieved from /opt/airflow/dags/main.py
[2026-05-30T08:15:47.450+0000] {logging_mixin.py:188} INFO - [2026-05-30T08:15:47.449+0000] {dag.py:3096} INFO - Sync 3 DAGs
[2026-05-30T08:15:47.482+0000] {logging_mixin.py:188} INFO - [2026-05-30T08:15:47.481+0000] {dag.py:3954} INFO - Setting next_dagrun for data_quality to None, run_after=None
[2026-05-30T08:15:47.491+0000] {logging_mixin.py:188} INFO - [2026-05-30T08:15:47.491+0000] {dag.py:3954} INFO - Setting next_dagrun for produce_json to 2026-05-29 11:00:00+00:00, run_after=2026-05-30 11:00:00+00:00
[2026-05-30T08:15:47.493+0000] {logging_mixin.py:188} INFO - [2026-05-30T08:15:47.493+0000] {dag.py:3954} INFO - Setting next_dagrun for update_db to None, run_after=None
[2026-05-30T08:15:47.584+0000] {processor.py:183} INFO - Processing /opt/airflow/dags/main.py took 0.549 seconds
[2026-05-30T08:16:18.109+0000] {processor.py:161} INFO - Started process (PID=1346) to work on /opt/airflow/dags/main.py
[2026-05-30T08:16:18.111+0000] {processor.py:830} INFO - Processing file /opt/airflow/dags/main.py for tasks to queue
[2026-05-30T08:16:18.113+0000] {logging_mixin.py:188} INFO - [2026-05-30T08:16:18.113+0000] {dagbag.py:545} INFO - Filling up the DagBag from /opt/airflow/dags/main.py
[2026-05-30T08:16:18.398+0000] {processor.py:840} INFO - DAG(s) 'update_db', 'data_quality', 'produce_json' retrieved from /opt/airflow/dags/main.py
[2026-05-30T08:16:18.465+0000] {logging_mixin.py:188} INFO - [2026-05-30T08:16:18.464+0000] {dag.py:3096} INFO - Sync 3 DAGs
[2026-05-30T08:16:18.487+0000] {logging_mixin.py:188} INFO - [2026-05-30T08:16:18.487+0000] {dag.py:3954} INFO - Setting next_dagrun for data_quality to None, run_after=None
[2026-05-30T08:16:18.493+0000] {logging_mixin.py:188} INFO - [2026-05-30T08:16:18.493+0000] {dag.py:3954} INFO - Setting next_dagrun for produce_json to 2026-05-29 11:00:00+00:00, run_after=2026-05-30 11:00:00+00:00
[2026-05-30T08:16:18.496+0000] {logging_mixin.py:188} INFO - [2026-05-30T08:16:18.495+0000] {dag.py:3954} INFO - Setting next_dagrun for update_db to None, run_after=None
[2026-05-30T08:16:18.558+0000] {processor.py:183} INFO - Processing /opt/airflow/dags/main.py took 0.465 seconds
[2026-05-30T08:16:49.060+0000] {processor.py:161} INFO - Started process (PID=1353) to work on /opt/airflow/dags/main.py
[2026-05-30T08:16:49.064+0000] {processor.py:830} INFO - Processing file /opt/airflow/dags/main.py for tasks to queue
[2026-05-30T08:16:49.065+0000] {logging_mixin.py:188} INFO - [2026-05-30T08:16:49.065+0000] {dagbag.py:545} INFO - Filling up the DagBag from /opt/airflow/dags/main.py
[2026-05-30T08:16:49.298+0000] {processor.py:840} INFO - DAG(s) 'data_quality', 'update_db', 'produce_json' retrieved from /opt/airflow/dags/main.py
[2026-05-30T08:16:49.343+0000] {logging_mixin.py:188} INFO - [2026-05-30T08:16:49.342+0000] {dag.py:3096} INFO - Sync 3 DAGs
[2026-05-30T08:16:49.371+0000] {logging_mixin.py:188} INFO - [2026-05-30T08:16:49.371+0000] {dag.py:3954} INFO - Setting next_dagrun for data_quality to None, run_after=None
[2026-05-30T08:16:49.380+0000] {logging_mixin.py:188} INFO - [2026-05-30T08:16:49.380+0000] {dag.py:3954} INFO - Setting next_dagrun for produce_json to 2026-05-29 11:00:00+00:00, run_after=2026-05-30 11:00:00+00:00
[2026-05-30T08:16:49.383+0000] {logging_mixin.py:188} INFO - [2026-05-30T08:16:49.383+0000] {dag.py:3954} INFO - Setting next_dagrun for update_db to None, run_after=None
[2026-05-30T08:16:49.449+0000] {processor.py:183} INFO - Processing /opt/airflow/dags/main.py took 0.398 seconds
[2026-05-30T08:17:19.796+0000] {processor.py:161} INFO - Started process (PID=1360) to work on /opt/airflow/dags/main.py
[2026-05-30T08:17:19.798+0000] {processor.py:830} INFO - Processing file /opt/airflow/dags/main.py for tasks to queue
[2026-05-30T08:17:19.799+0000] {logging_mixin.py:188} INFO - [2026-05-30T08:17:19.799+0000] {dagbag.py:545} INFO - Filling up the DagBag from /opt/airflow/dags/main.py
[2026-05-30T08:17:20.028+0000] {processor.py:840} INFO - DAG(s) 'data_quality', 'produce_json', 'update_db' retrieved from /opt/airflow/dags/main.py
[2026-05-30T08:17:20.067+0000] {logging_mixin.py:188} INFO - [2026-05-30T08:17:20.067+0000] {dag.py:3096} INFO - Sync 3 DAGs
[2026-05-30T08:17:20.098+0000] {logging_mixin.py:188} INFO - [2026-05-30T08:17:20.098+0000] {dag.py:3954} INFO - Setting next_dagrun for data_quality to None, run_after=None
[2026-05-30T08:17:20.111+0000] {logging_mixin.py:188} INFO - [2026-05-30T08:17:20.110+0000] {dag.py:3954} INFO - Setting next_dagrun for produce_json to 2026-05-29 11:00:00+00:00, run_after=2026-05-30 11:00:00+00:00
[2026-05-30T08:17:20.114+0000] {logging_mixin.py:188} INFO - [2026-05-30T08:17:20.114+0000] {dag.py:3954} INFO - Setting next_dagrun for update_db to None, run_after=None
[2026-05-30T08:17:20.200+0000] {processor.py:183} INFO - Processing /opt/airflow/dags/main.py took 0.413 seconds
[2026-05-30T08:17:50.571+0000] {processor.py:161} INFO - Started process (PID=1367) to work on /opt/airflow/dags/main.py
[2026-05-30T08:17:50.573+0000] {processor.py:830} INFO - Processing file /opt/airflow/dags/main.py for tasks to queue
[2026-05-30T08:17:50.575+0000] {logging_mixin.py:188} INFO - [2026-05-30T08:17:50.574+0000] {dagbag.py:545} INFO - Filling up the DagBag from /opt/airflow/dags/main.py
[2026-05-30T08:17:50.808+0000] {processor.py:840} INFO - DAG(s) 'update_db', 'produce_json', 'data_quality' retrieved from /opt/airflow/dags/main.py
[2026-05-30T08:17:50.856+0000] {logging_mixin.py:188} INFO - [2026-05-30T08:17:50.856+0000] {dag.py:3096} INFO - Sync 3 DAGs
[2026-05-30T08:17:50.885+0000] {logging_mixin.py:188} INFO - [2026-05-30T08:17:50.884+0000] {dag.py:3954} INFO - Setting next_dagrun for data_quality to None, run_after=None
[2026-05-30T08:17:50.894+0000] {logging_mixin.py:188} INFO - [2026-05-30T08:17:50.894+0000] {dag.py:3954} INFO - Setting next_dagrun for produce_json to 2026-05-29 11:00:00+00:00, run_after=2026-05-30 11:00:00+00:00
[2026-05-30T08:17:50.896+0000] {logging_mixin.py:188} INFO - [2026-05-30T08:17:50.896+0000] {dag.py:3954} INFO - Setting next_dagrun for update_db to None, run_after=None
[2026-05-30T08:17:50.960+0000] {processor.py:183} INFO - Processing /opt/airflow/dags/main.py took 0.403 seconds
