[2026-05-31T11:53:24.908+0000] {processor.py:161} INFO - Started process (PID=3892) to work on /opt/airflow/dags/main.py
[2026-05-31T11:53:24.912+0000] {processor.py:830} INFO - Processing file /opt/airflow/dags/main.py for tasks to queue
[2026-05-31T11:53:24.923+0000] {logging_mixin.py:188} INFO - [2026-05-31T11:53:24.921+0000] {dagbag.py:545} INFO - Filling up the DagBag from /opt/airflow/dags/main.py
[2026-05-31T11:53:25.566+0000] {processor.py:840} INFO - DAG(s) 'update_db', 'produce_json', 'data_quality' retrieved from /opt/airflow/dags/main.py
[2026-05-31T11:53:25.716+0000] {logging_mixin.py:188} INFO - [2026-05-31T11:53:25.715+0000] {dag.py:3096} INFO - Sync 3 DAGs
[2026-05-31T11:53:25.821+0000] {logging_mixin.py:188} INFO - [2026-05-31T11:53:25.820+0000] {dag.py:3954} INFO - Setting next_dagrun for data_quality to None, run_after=None
[2026-05-31T11:53:25.844+0000] {logging_mixin.py:188} INFO - [2026-05-31T11:53:25.843+0000] {dag.py:3954} INFO - Setting next_dagrun for produce_json to 2026-05-31 11:00:00+00:00, run_after=2026-06-01 11:00:00+00:00
[2026-05-31T11:53:25.852+0000] {logging_mixin.py:188} INFO - [2026-05-31T11:53:25.852+0000] {dag.py:3954} INFO - Setting next_dagrun for update_db to None, run_after=None
[2026-05-31T11:53:25.940+0000] {processor.py:183} INFO - Processing /opt/airflow/dags/main.py took 1.084 seconds
[2026-05-31T11:53:56.064+0000] {processor.py:161} INFO - Started process (PID=3899) to work on /opt/airflow/dags/main.py
[2026-05-31T11:53:56.065+0000] {processor.py:830} INFO - Processing file /opt/airflow/dags/main.py for tasks to queue
[2026-05-31T11:53:56.067+0000] {logging_mixin.py:188} INFO - [2026-05-31T11:53:56.066+0000] {dagbag.py:545} INFO - Filling up the DagBag from /opt/airflow/dags/main.py
[2026-05-31T11:53:56.316+0000] {processor.py:840} INFO - DAG(s) 'produce_json', 'update_db', 'data_quality' retrieved from /opt/airflow/dags/main.py
[2026-05-31T11:53:56.367+0000] {logging_mixin.py:188} INFO - [2026-05-31T11:53:56.366+0000] {dag.py:3096} INFO - Sync 3 DAGs
[2026-05-31T11:53:56.394+0000] {logging_mixin.py:188} INFO - [2026-05-31T11:53:56.393+0000] {dag.py:3954} INFO - Setting next_dagrun for data_quality to None, run_after=None
[2026-05-31T11:53:56.401+0000] {logging_mixin.py:188} INFO - [2026-05-31T11:53:56.400+0000] {dag.py:3954} INFO - Setting next_dagrun for produce_json to 2026-05-31 11:00:00+00:00, run_after=2026-06-01 11:00:00+00:00
[2026-05-31T11:53:56.403+0000] {logging_mixin.py:188} INFO - [2026-05-31T11:53:56.403+0000] {dag.py:3954} INFO - Setting next_dagrun for update_db to None, run_after=None
[2026-05-31T11:53:56.427+0000] {processor.py:183} INFO - Processing /opt/airflow/dags/main.py took 0.370 seconds
[2026-05-31T11:54:26.622+0000] {processor.py:161} INFO - Started process (PID=3906) to work on /opt/airflow/dags/main.py
[2026-05-31T11:54:26.623+0000] {processor.py:830} INFO - Processing file /opt/airflow/dags/main.py for tasks to queue
[2026-05-31T11:54:26.624+0000] {logging_mixin.py:188} INFO - [2026-05-31T11:54:26.624+0000] {dagbag.py:545} INFO - Filling up the DagBag from /opt/airflow/dags/main.py
[2026-05-31T11:54:26.815+0000] {processor.py:840} INFO - DAG(s) 'produce_json', 'data_quality', 'update_db' retrieved from /opt/airflow/dags/main.py
[2026-05-31T11:54:26.844+0000] {logging_mixin.py:188} INFO - [2026-05-31T11:54:26.844+0000] {dag.py:3096} INFO - Sync 3 DAGs
[2026-05-31T11:54:26.863+0000] {logging_mixin.py:188} INFO - [2026-05-31T11:54:26.862+0000] {dag.py:3954} INFO - Setting next_dagrun for data_quality to None, run_after=None
[2026-05-31T11:54:26.868+0000] {logging_mixin.py:188} INFO - [2026-05-31T11:54:26.868+0000] {dag.py:3954} INFO - Setting next_dagrun for produce_json to 2026-05-31 11:00:00+00:00, run_after=2026-06-01 11:00:00+00:00
[2026-05-31T11:54:26.870+0000] {logging_mixin.py:188} INFO - [2026-05-31T11:54:26.869+0000] {dag.py:3954} INFO - Setting next_dagrun for update_db to None, run_after=None
[2026-05-31T11:54:26.887+0000] {processor.py:183} INFO - Processing /opt/airflow/dags/main.py took 0.272 seconds
[2026-05-31T11:54:57.177+0000] {processor.py:161} INFO - Started process (PID=3913) to work on /opt/airflow/dags/main.py
[2026-05-31T11:54:57.180+0000] {processor.py:830} INFO - Processing file /opt/airflow/dags/main.py for tasks to queue
[2026-05-31T11:54:57.183+0000] {logging_mixin.py:188} INFO - [2026-05-31T11:54:57.182+0000] {dagbag.py:545} INFO - Filling up the DagBag from /opt/airflow/dags/main.py
[2026-05-31T11:54:57.422+0000] {processor.py:840} INFO - DAG(s) 'produce_json', 'update_db', 'data_quality' retrieved from /opt/airflow/dags/main.py
[2026-05-31T11:54:57.475+0000] {logging_mixin.py:188} INFO - [2026-05-31T11:54:57.475+0000] {dag.py:3096} INFO - Sync 3 DAGs
[2026-05-31T11:54:57.514+0000] {logging_mixin.py:188} INFO - [2026-05-31T11:54:57.513+0000] {dag.py:3954} INFO - Setting next_dagrun for data_quality to None, run_after=None
[2026-05-31T11:54:57.521+0000] {logging_mixin.py:188} INFO - [2026-05-31T11:54:57.521+0000] {dag.py:3954} INFO - Setting next_dagrun for produce_json to 2026-05-31 11:00:00+00:00, run_after=2026-06-01 11:00:00+00:00
[2026-05-31T11:54:57.523+0000] {logging_mixin.py:188} INFO - [2026-05-31T11:54:57.523+0000] {dag.py:3954} INFO - Setting next_dagrun for update_db to None, run_after=None
[2026-05-31T11:54:57.610+0000] {processor.py:183} INFO - Processing /opt/airflow/dags/main.py took 0.451 seconds
[2026-05-31T11:55:28.106+0000] {processor.py:161} INFO - Started process (PID=3920) to work on /opt/airflow/dags/main.py
[2026-05-31T11:55:28.108+0000] {processor.py:830} INFO - Processing file /opt/airflow/dags/main.py for tasks to queue
[2026-05-31T11:55:28.110+0000] {logging_mixin.py:188} INFO - [2026-05-31T11:55:28.109+0000] {dagbag.py:545} INFO - Filling up the DagBag from /opt/airflow/dags/main.py
[2026-05-31T11:55:28.377+0000] {processor.py:840} INFO - DAG(s) 'update_db', 'data_quality', 'produce_json' retrieved from /opt/airflow/dags/main.py
[2026-05-31T11:55:28.422+0000] {logging_mixin.py:188} INFO - [2026-05-31T11:55:28.421+0000] {dag.py:3096} INFO - Sync 3 DAGs
[2026-05-31T11:55:28.447+0000] {logging_mixin.py:188} INFO - [2026-05-31T11:55:28.447+0000] {dag.py:3954} INFO - Setting next_dagrun for data_quality to None, run_after=None
[2026-05-31T11:55:28.455+0000] {logging_mixin.py:188} INFO - [2026-05-31T11:55:28.455+0000] {dag.py:3954} INFO - Setting next_dagrun for produce_json to 2026-05-31 11:00:00+00:00, run_after=2026-06-01 11:00:00+00:00
[2026-05-31T11:55:28.457+0000] {logging_mixin.py:188} INFO - [2026-05-31T11:55:28.457+0000] {dag.py:3954} INFO - Setting next_dagrun for update_db to None, run_after=None
[2026-05-31T11:55:28.483+0000] {processor.py:183} INFO - Processing /opt/airflow/dags/main.py took 0.389 seconds
[2026-05-31T11:55:58.854+0000] {processor.py:161} INFO - Started process (PID=3927) to work on /opt/airflow/dags/main.py
[2026-05-31T11:55:58.856+0000] {processor.py:830} INFO - Processing file /opt/airflow/dags/main.py for tasks to queue
[2026-05-31T11:55:58.858+0000] {logging_mixin.py:188} INFO - [2026-05-31T11:55:58.858+0000] {dagbag.py:545} INFO - Filling up the DagBag from /opt/airflow/dags/main.py
[2026-05-31T11:55:59.178+0000] {processor.py:840} INFO - DAG(s) 'data_quality', 'produce_json', 'update_db' retrieved from /opt/airflow/dags/main.py
[2026-05-31T11:55:59.239+0000] {logging_mixin.py:188} INFO - [2026-05-31T11:55:59.239+0000] {dag.py:3096} INFO - Sync 3 DAGs
[2026-05-31T11:55:59.263+0000] {logging_mixin.py:188} INFO - [2026-05-31T11:55:59.263+0000] {dag.py:3954} INFO - Setting next_dagrun for data_quality to None, run_after=None
[2026-05-31T11:55:59.270+0000] {logging_mixin.py:188} INFO - [2026-05-31T11:55:59.269+0000] {dag.py:3954} INFO - Setting next_dagrun for produce_json to 2026-05-31 11:00:00+00:00, run_after=2026-06-01 11:00:00+00:00
[2026-05-31T11:55:59.271+0000] {logging_mixin.py:188} INFO - [2026-05-31T11:55:59.271+0000] {dag.py:3954} INFO - Setting next_dagrun for update_db to None, run_after=None
[2026-05-31T11:55:59.293+0000] {processor.py:183} INFO - Processing /opt/airflow/dags/main.py took 0.455 seconds
[2026-05-31T11:56:29.694+0000] {processor.py:161} INFO - Started process (PID=3934) to work on /opt/airflow/dags/main.py
[2026-05-31T11:56:29.696+0000] {processor.py:830} INFO - Processing file /opt/airflow/dags/main.py for tasks to queue
[2026-05-31T11:56:29.697+0000] {logging_mixin.py:188} INFO - [2026-05-31T11:56:29.697+0000] {dagbag.py:545} INFO - Filling up the DagBag from /opt/airflow/dags/main.py
[2026-05-31T11:56:29.933+0000] {processor.py:840} INFO - DAG(s) 'produce_json', 'data_quality', 'update_db' retrieved from /opt/airflow/dags/main.py
[2026-05-31T11:56:29.995+0000] {logging_mixin.py:188} INFO - [2026-05-31T11:56:29.995+0000] {dag.py:3096} INFO - Sync 3 DAGs
[2026-05-31T11:56:30.027+0000] {logging_mixin.py:188} INFO - [2026-05-31T11:56:30.026+0000] {dag.py:3954} INFO - Setting next_dagrun for data_quality to None, run_after=None
[2026-05-31T11:56:30.041+0000] {logging_mixin.py:188} INFO - [2026-05-31T11:56:30.040+0000] {dag.py:3954} INFO - Setting next_dagrun for produce_json to 2026-05-31 11:00:00+00:00, run_after=2026-06-01 11:00:00+00:00
[2026-05-31T11:56:30.044+0000] {logging_mixin.py:188} INFO - [2026-05-31T11:56:30.043+0000] {dag.py:3954} INFO - Setting next_dagrun for update_db to None, run_after=None
[2026-05-31T11:56:30.082+0000] {processor.py:183} INFO - Processing /opt/airflow/dags/main.py took 0.397 seconds
[2026-05-31T11:57:00.385+0000] {processor.py:161} INFO - Started process (PID=3941) to work on /opt/airflow/dags/main.py
[2026-05-31T11:57:00.387+0000] {processor.py:830} INFO - Processing file /opt/airflow/dags/main.py for tasks to queue
[2026-05-31T11:57:00.388+0000] {logging_mixin.py:188} INFO - [2026-05-31T11:57:00.388+0000] {dagbag.py:545} INFO - Filling up the DagBag from /opt/airflow/dags/main.py
[2026-05-31T11:57:00.652+0000] {processor.py:840} INFO - DAG(s) 'data_quality', 'produce_json', 'update_db' retrieved from /opt/airflow/dags/main.py
[2026-05-31T11:57:00.691+0000] {logging_mixin.py:188} INFO - [2026-05-31T11:57:00.690+0000] {dag.py:3096} INFO - Sync 3 DAGs
[2026-05-31T11:57:00.718+0000] {logging_mixin.py:188} INFO - [2026-05-31T11:57:00.717+0000] {dag.py:3954} INFO - Setting next_dagrun for data_quality to None, run_after=None
[2026-05-31T11:57:00.725+0000] {logging_mixin.py:188} INFO - [2026-05-31T11:57:00.725+0000] {dag.py:3954} INFO - Setting next_dagrun for produce_json to 2026-05-31 11:00:00+00:00, run_after=2026-06-01 11:00:00+00:00
[2026-05-31T11:57:00.728+0000] {logging_mixin.py:188} INFO - [2026-05-31T11:57:00.727+0000] {dag.py:3954} INFO - Setting next_dagrun for update_db to None, run_after=None
[2026-05-31T11:57:00.752+0000] {processor.py:183} INFO - Processing /opt/airflow/dags/main.py took 0.375 seconds
[2026-05-31T11:57:31.062+0000] {processor.py:161} INFO - Started process (PID=3948) to work on /opt/airflow/dags/main.py
[2026-05-31T11:57:31.065+0000] {processor.py:830} INFO - Processing file /opt/airflow/dags/main.py for tasks to queue
[2026-05-31T11:57:31.068+0000] {logging_mixin.py:188} INFO - [2026-05-31T11:57:31.067+0000] {dagbag.py:545} INFO - Filling up the DagBag from /opt/airflow/dags/main.py
[2026-05-31T11:57:31.283+0000] {processor.py:840} INFO - DAG(s) 'produce_json', 'data_quality', 'update_db' retrieved from /opt/airflow/dags/main.py
[2026-05-31T11:57:31.331+0000] {logging_mixin.py:188} INFO - [2026-05-31T11:57:31.330+0000] {dag.py:3096} INFO - Sync 3 DAGs
[2026-05-31T11:57:31.358+0000] {logging_mixin.py:188} INFO - [2026-05-31T11:57:31.358+0000] {dag.py:3954} INFO - Setting next_dagrun for data_quality to None, run_after=None
[2026-05-31T11:57:31.366+0000] {logging_mixin.py:188} INFO - [2026-05-31T11:57:31.365+0000] {dag.py:3954} INFO - Setting next_dagrun for produce_json to 2026-05-31 11:00:00+00:00, run_after=2026-06-01 11:00:00+00:00
[2026-05-31T11:57:31.368+0000] {logging_mixin.py:188} INFO - [2026-05-31T11:57:31.367+0000] {dag.py:3954} INFO - Setting next_dagrun for update_db to None, run_after=None
[2026-05-31T11:57:31.389+0000] {processor.py:183} INFO - Processing /opt/airflow/dags/main.py took 0.343 seconds
[2026-05-31T11:58:01.730+0000] {processor.py:161} INFO - Started process (PID=3955) to work on /opt/airflow/dags/main.py
[2026-05-31T11:58:01.732+0000] {processor.py:830} INFO - Processing file /opt/airflow/dags/main.py for tasks to queue
[2026-05-31T11:58:01.735+0000] {logging_mixin.py:188} INFO - [2026-05-31T11:58:01.734+0000] {dagbag.py:545} INFO - Filling up the DagBag from /opt/airflow/dags/main.py
[2026-05-31T11:58:02.028+0000] {processor.py:840} INFO - DAG(s) 'update_db', 'data_quality', 'produce_json' retrieved from /opt/airflow/dags/main.py
[2026-05-31T11:58:02.084+0000] {logging_mixin.py:188} INFO - [2026-05-31T11:58:02.083+0000] {dag.py:3096} INFO - Sync 3 DAGs
[2026-05-31T11:58:02.115+0000] {logging_mixin.py:188} INFO - [2026-05-31T11:58:02.115+0000] {dag.py:3954} INFO - Setting next_dagrun for data_quality to None, run_after=None
[2026-05-31T11:58:02.128+0000] {logging_mixin.py:188} INFO - [2026-05-31T11:58:02.127+0000] {dag.py:3954} INFO - Setting next_dagrun for produce_json to 2026-05-31 11:00:00+00:00, run_after=2026-06-01 11:00:00+00:00
[2026-05-31T11:58:02.131+0000] {logging_mixin.py:188} INFO - [2026-05-31T11:58:02.131+0000] {dag.py:3954} INFO - Setting next_dagrun for update_db to None, run_after=None
[2026-05-31T11:58:02.211+0000] {processor.py:183} INFO - Processing /opt/airflow/dags/main.py took 0.499 seconds
[2026-05-31T11:58:32.656+0000] {processor.py:161} INFO - Started process (PID=3962) to work on /opt/airflow/dags/main.py
[2026-05-31T11:58:32.658+0000] {processor.py:830} INFO - Processing file /opt/airflow/dags/main.py for tasks to queue
[2026-05-31T11:58:32.659+0000] {logging_mixin.py:188} INFO - [2026-05-31T11:58:32.659+0000] {dagbag.py:545} INFO - Filling up the DagBag from /opt/airflow/dags/main.py
[2026-05-31T11:58:32.863+0000] {processor.py:840} INFO - DAG(s) 'produce_json', 'data_quality', 'update_db' retrieved from /opt/airflow/dags/main.py
[2026-05-31T11:58:32.907+0000] {logging_mixin.py:188} INFO - [2026-05-31T11:58:32.907+0000] {dag.py:3096} INFO - Sync 3 DAGs
[2026-05-31T11:58:32.940+0000] {logging_mixin.py:188} INFO - [2026-05-31T11:58:32.940+0000] {dag.py:3954} INFO - Setting next_dagrun for data_quality to None, run_after=None
[2026-05-31T11:58:32.948+0000] {logging_mixin.py:188} INFO - [2026-05-31T11:58:32.948+0000] {dag.py:3954} INFO - Setting next_dagrun for produce_json to 2026-05-31 11:00:00+00:00, run_after=2026-06-01 11:00:00+00:00
[2026-05-31T11:58:32.951+0000] {logging_mixin.py:188} INFO - [2026-05-31T11:58:32.951+0000] {dag.py:3954} INFO - Setting next_dagrun for update_db to None, run_after=None
[2026-05-31T11:58:33.015+0000] {processor.py:183} INFO - Processing /opt/airflow/dags/main.py took 0.370 seconds
[2026-05-31T11:59:03.389+0000] {processor.py:161} INFO - Started process (PID=3969) to work on /opt/airflow/dags/main.py
[2026-05-31T11:59:03.391+0000] {processor.py:830} INFO - Processing file /opt/airflow/dags/main.py for tasks to queue
[2026-05-31T11:59:03.392+0000] {logging_mixin.py:188} INFO - [2026-05-31T11:59:03.391+0000] {dagbag.py:545} INFO - Filling up the DagBag from /opt/airflow/dags/main.py
[2026-05-31T11:59:03.628+0000] {processor.py:840} INFO - DAG(s) 'data_quality', 'produce_json', 'update_db' retrieved from /opt/airflow/dags/main.py
[2026-05-31T11:59:03.677+0000] {logging_mixin.py:188} INFO - [2026-05-31T11:59:03.677+0000] {dag.py:3096} INFO - Sync 3 DAGs
[2026-05-31T11:59:03.708+0000] {logging_mixin.py:188} INFO - [2026-05-31T11:59:03.708+0000] {dag.py:3954} INFO - Setting next_dagrun for data_quality to None, run_after=None
[2026-05-31T11:59:03.718+0000] {logging_mixin.py:188} INFO - [2026-05-31T11:59:03.718+0000] {dag.py:3954} INFO - Setting next_dagrun for produce_json to 2026-05-31 11:00:00+00:00, run_after=2026-06-01 11:00:00+00:00
[2026-05-31T11:59:03.720+0000] {logging_mixin.py:188} INFO - [2026-05-31T11:59:03.720+0000] {dag.py:3954} INFO - Setting next_dagrun for update_db to None, run_after=None
[2026-05-31T11:59:03.780+0000] {processor.py:183} INFO - Processing /opt/airflow/dags/main.py took 0.402 seconds
[2026-05-31T11:59:34.273+0000] {processor.py:161} INFO - Started process (PID=3976) to work on /opt/airflow/dags/main.py
[2026-05-31T11:59:34.276+0000] {processor.py:830} INFO - Processing file /opt/airflow/dags/main.py for tasks to queue
[2026-05-31T11:59:34.279+0000] {logging_mixin.py:188} INFO - [2026-05-31T11:59:34.278+0000] {dagbag.py:545} INFO - Filling up the DagBag from /opt/airflow/dags/main.py
[2026-05-31T11:59:34.574+0000] {processor.py:840} INFO - DAG(s) 'produce_json', 'data_quality', 'update_db' retrieved from /opt/airflow/dags/main.py
[2026-05-31T11:59:34.619+0000] {logging_mixin.py:188} INFO - [2026-05-31T11:59:34.619+0000] {dag.py:3096} INFO - Sync 3 DAGs
[2026-05-31T11:59:34.659+0000] {logging_mixin.py:188} INFO - [2026-05-31T11:59:34.659+0000] {dag.py:3954} INFO - Setting next_dagrun for data_quality to None, run_after=None
[2026-05-31T11:59:34.673+0000] {logging_mixin.py:188} INFO - [2026-05-31T11:59:34.672+0000] {dag.py:3954} INFO - Setting next_dagrun for produce_json to 2026-05-31 11:00:00+00:00, run_after=2026-06-01 11:00:00+00:00
[2026-05-31T11:59:34.676+0000] {logging_mixin.py:188} INFO - [2026-05-31T11:59:34.676+0000] {dag.py:3954} INFO - Setting next_dagrun for update_db to None, run_after=None
[2026-05-31T11:59:34.775+0000] {processor.py:183} INFO - Processing /opt/airflow/dags/main.py took 0.522 seconds
[2026-05-31T12:00:05.091+0000] {processor.py:161} INFO - Started process (PID=3983) to work on /opt/airflow/dags/main.py
[2026-05-31T12:00:05.093+0000] {processor.py:830} INFO - Processing file /opt/airflow/dags/main.py for tasks to queue
[2026-05-31T12:00:05.095+0000] {logging_mixin.py:188} INFO - [2026-05-31T12:00:05.095+0000] {dagbag.py:545} INFO - Filling up the DagBag from /opt/airflow/dags/main.py
[2026-05-31T12:00:05.338+0000] {processor.py:840} INFO - DAG(s) 'update_db', 'data_quality', 'produce_json' retrieved from /opt/airflow/dags/main.py
[2026-05-31T12:00:05.400+0000] {logging_mixin.py:188} INFO - [2026-05-31T12:00:05.400+0000] {dag.py:3096} INFO - Sync 3 DAGs
[2026-05-31T12:00:05.456+0000] {logging_mixin.py:188} INFO - [2026-05-31T12:00:05.456+0000] {dag.py:3954} INFO - Setting next_dagrun for data_quality to None, run_after=None
[2026-05-31T12:00:05.473+0000] {logging_mixin.py:188} INFO - [2026-05-31T12:00:05.473+0000] {dag.py:3954} INFO - Setting next_dagrun for produce_json to 2026-05-31 11:00:00+00:00, run_after=2026-06-01 11:00:00+00:00
[2026-05-31T12:00:05.477+0000] {logging_mixin.py:188} INFO - [2026-05-31T12:00:05.477+0000] {dag.py:3954} INFO - Setting next_dagrun for update_db to None, run_after=None
[2026-05-31T12:00:05.503+0000] {processor.py:183} INFO - Processing /opt/airflow/dags/main.py took 0.426 seconds
[2026-05-31T12:00:35.933+0000] {processor.py:161} INFO - Started process (PID=3990) to work on /opt/airflow/dags/main.py
[2026-05-31T12:00:35.937+0000] {processor.py:830} INFO - Processing file /opt/airflow/dags/main.py for tasks to queue
[2026-05-31T12:00:35.939+0000] {logging_mixin.py:188} INFO - [2026-05-31T12:00:35.938+0000] {dagbag.py:545} INFO - Filling up the DagBag from /opt/airflow/dags/main.py
[2026-05-31T12:00:36.282+0000] {processor.py:840} INFO - DAG(s) 'data_quality', 'update_db', 'produce_json' retrieved from /opt/airflow/dags/main.py
[2026-05-31T12:00:36.357+0000] {logging_mixin.py:188} INFO - [2026-05-31T12:00:36.356+0000] {dag.py:3096} INFO - Sync 3 DAGs
[2026-05-31T12:00:36.393+0000] {logging_mixin.py:188} INFO - [2026-05-31T12:00:36.393+0000] {dag.py:3954} INFO - Setting next_dagrun for data_quality to None, run_after=None
[2026-05-31T12:00:36.399+0000] {logging_mixin.py:188} INFO - [2026-05-31T12:00:36.399+0000] {dag.py:3954} INFO - Setting next_dagrun for produce_json to 2026-05-31 11:00:00+00:00, run_after=2026-06-01 11:00:00+00:00
[2026-05-31T12:00:36.401+0000] {logging_mixin.py:188} INFO - [2026-05-31T12:00:36.401+0000] {dag.py:3954} INFO - Setting next_dagrun for update_db to None, run_after=None
[2026-05-31T12:00:36.492+0000] {processor.py:183} INFO - Processing /opt/airflow/dags/main.py took 0.576 seconds
[2026-05-31T12:01:06.952+0000] {processor.py:161} INFO - Started process (PID=3997) to work on /opt/airflow/dags/main.py
[2026-05-31T12:01:06.954+0000] {processor.py:830} INFO - Processing file /opt/airflow/dags/main.py for tasks to queue
[2026-05-31T12:01:06.955+0000] {logging_mixin.py:188} INFO - [2026-05-31T12:01:06.955+0000] {dagbag.py:545} INFO - Filling up the DagBag from /opt/airflow/dags/main.py
[2026-05-31T12:01:07.191+0000] {processor.py:840} INFO - DAG(s) 'data_quality', 'update_db', 'produce_json' retrieved from /opt/airflow/dags/main.py
[2026-05-31T12:01:07.247+0000] {logging_mixin.py:188} INFO - [2026-05-31T12:01:07.247+0000] {dag.py:3096} INFO - Sync 3 DAGs
[2026-05-31T12:01:07.300+0000] {logging_mixin.py:188} INFO - [2026-05-31T12:01:07.299+0000] {dag.py:3954} INFO - Setting next_dagrun for data_quality to None, run_after=None
[2026-05-31T12:01:07.315+0000] {logging_mixin.py:188} INFO - [2026-05-31T12:01:07.315+0000] {dag.py:3954} INFO - Setting next_dagrun for produce_json to 2026-05-31 11:00:00+00:00, run_after=2026-06-01 11:00:00+00:00
[2026-05-31T12:01:07.320+0000] {logging_mixin.py:188} INFO - [2026-05-31T12:01:07.319+0000] {dag.py:3954} INFO - Setting next_dagrun for update_db to None, run_after=None
[2026-05-31T12:01:07.402+0000] {processor.py:183} INFO - Processing /opt/airflow/dags/main.py took 0.462 seconds
[2026-05-31T12:01:37.809+0000] {processor.py:161} INFO - Started process (PID=4004) to work on /opt/airflow/dags/main.py
[2026-05-31T12:01:37.812+0000] {processor.py:830} INFO - Processing file /opt/airflow/dags/main.py for tasks to queue
[2026-05-31T12:01:37.814+0000] {logging_mixin.py:188} INFO - [2026-05-31T12:01:37.814+0000] {dagbag.py:545} INFO - Filling up the DagBag from /opt/airflow/dags/main.py
[2026-05-31T12:01:38.093+0000] {processor.py:840} INFO - DAG(s) 'produce_json', 'data_quality', 'update_db' retrieved from /opt/airflow/dags/main.py
[2026-05-31T12:01:38.139+0000] {logging_mixin.py:188} INFO - [2026-05-31T12:01:38.139+0000] {dag.py:3096} INFO - Sync 3 DAGs
[2026-05-31T12:01:38.168+0000] {logging_mixin.py:188} INFO - [2026-05-31T12:01:38.168+0000] {dag.py:3954} INFO - Setting next_dagrun for data_quality to None, run_after=None
[2026-05-31T12:01:38.176+0000] {logging_mixin.py:188} INFO - [2026-05-31T12:01:38.175+0000] {dag.py:3954} INFO - Setting next_dagrun for produce_json to 2026-05-31 11:00:00+00:00, run_after=2026-06-01 11:00:00+00:00
[2026-05-31T12:01:38.178+0000] {logging_mixin.py:188} INFO - [2026-05-31T12:01:38.178+0000] {dag.py:3954} INFO - Setting next_dagrun for update_db to None, run_after=None
[2026-05-31T12:01:38.255+0000] {processor.py:183} INFO - Processing /opt/airflow/dags/main.py took 0.458 seconds
[2026-05-31T12:02:08.740+0000] {processor.py:161} INFO - Started process (PID=4011) to work on /opt/airflow/dags/main.py
[2026-05-31T12:02:08.742+0000] {processor.py:830} INFO - Processing file /opt/airflow/dags/main.py for tasks to queue
[2026-05-31T12:02:08.744+0000] {logging_mixin.py:188} INFO - [2026-05-31T12:02:08.744+0000] {dagbag.py:545} INFO - Filling up the DagBag from /opt/airflow/dags/main.py
[2026-05-31T12:02:09.049+0000] {processor.py:840} INFO - DAG(s) 'produce_json', 'update_db', 'data_quality' retrieved from /opt/airflow/dags/main.py
[2026-05-31T12:02:09.123+0000] {logging_mixin.py:188} INFO - [2026-05-31T12:02:09.122+0000] {dag.py:3096} INFO - Sync 3 DAGs
[2026-05-31T12:02:09.153+0000] {logging_mixin.py:188} INFO - [2026-05-31T12:02:09.152+0000] {dag.py:3954} INFO - Setting next_dagrun for data_quality to None, run_after=None
[2026-05-31T12:02:09.161+0000] {logging_mixin.py:188} INFO - [2026-05-31T12:02:09.161+0000] {dag.py:3954} INFO - Setting next_dagrun for produce_json to 2026-05-31 11:00:00+00:00, run_after=2026-06-01 11:00:00+00:00
[2026-05-31T12:02:09.163+0000] {logging_mixin.py:188} INFO - [2026-05-31T12:02:09.163+0000] {dag.py:3954} INFO - Setting next_dagrun for update_db to None, run_after=None
[2026-05-31T12:02:09.190+0000] {processor.py:183} INFO - Processing /opt/airflow/dags/main.py took 0.467 seconds
[2026-05-31T12:02:39.555+0000] {processor.py:161} INFO - Started process (PID=4018) to work on /opt/airflow/dags/main.py
[2026-05-31T12:02:39.557+0000] {processor.py:830} INFO - Processing file /opt/airflow/dags/main.py for tasks to queue
[2026-05-31T12:02:39.558+0000] {logging_mixin.py:188} INFO - [2026-05-31T12:02:39.558+0000] {dagbag.py:545} INFO - Filling up the DagBag from /opt/airflow/dags/main.py
[2026-05-31T12:02:39.759+0000] {processor.py:840} INFO - DAG(s) 'update_db', 'produce_json', 'data_quality' retrieved from /opt/airflow/dags/main.py
[2026-05-31T12:02:39.804+0000] {logging_mixin.py:188} INFO - [2026-05-31T12:02:39.804+0000] {dag.py:3096} INFO - Sync 3 DAGs
[2026-05-31T12:02:39.843+0000] {logging_mixin.py:188} INFO - [2026-05-31T12:02:39.843+0000] {dag.py:3954} INFO - Setting next_dagrun for data_quality to None, run_after=None
[2026-05-31T12:02:39.852+0000] {logging_mixin.py:188} INFO - [2026-05-31T12:02:39.852+0000] {dag.py:3954} INFO - Setting next_dagrun for produce_json to 2026-05-31 11:00:00+00:00, run_after=2026-06-01 11:00:00+00:00
[2026-05-31T12:02:39.856+0000] {logging_mixin.py:188} INFO - [2026-05-31T12:02:39.855+0000] {dag.py:3954} INFO - Setting next_dagrun for update_db to None, run_after=None
[2026-05-31T12:02:39.880+0000] {processor.py:183} INFO - Processing /opt/airflow/dags/main.py took 0.342 seconds
[2026-05-31T12:03:10.241+0000] {processor.py:161} INFO - Started process (PID=4026) to work on /opt/airflow/dags/main.py
[2026-05-31T12:03:10.243+0000] {processor.py:830} INFO - Processing file /opt/airflow/dags/main.py for tasks to queue
[2026-05-31T12:03:10.249+0000] {logging_mixin.py:188} INFO - [2026-05-31T12:03:10.249+0000] {dagbag.py:545} INFO - Filling up the DagBag from /opt/airflow/dags/main.py
[2026-05-31T12:03:10.553+0000] {processor.py:840} INFO - DAG(s) 'data_quality', 'update_db', 'produce_json' retrieved from /opt/airflow/dags/main.py
[2026-05-31T12:03:10.628+0000] {logging_mixin.py:188} INFO - [2026-05-31T12:03:10.628+0000] {dag.py:3096} INFO - Sync 3 DAGs
[2026-05-31T12:03:10.660+0000] {logging_mixin.py:188} INFO - [2026-05-31T12:03:10.660+0000] {dag.py:3954} INFO - Setting next_dagrun for data_quality to None, run_after=None
[2026-05-31T12:03:10.669+0000] {logging_mixin.py:188} INFO - [2026-05-31T12:03:10.669+0000] {dag.py:3954} INFO - Setting next_dagrun for produce_json to 2026-05-31 11:00:00+00:00, run_after=2026-06-01 11:00:00+00:00
[2026-05-31T12:03:10.672+0000] {logging_mixin.py:188} INFO - [2026-05-31T12:03:10.672+0000] {dag.py:3954} INFO - Setting next_dagrun for update_db to None, run_after=None
[2026-05-31T12:03:10.762+0000] {processor.py:183} INFO - Processing /opt/airflow/dags/main.py took 0.533 seconds
[2026-05-31T12:03:41.628+0000] {processor.py:161} INFO - Started process (PID=4033) to work on /opt/airflow/dags/main.py
[2026-05-31T12:03:41.631+0000] {processor.py:830} INFO - Processing file /opt/airflow/dags/main.py for tasks to queue
[2026-05-31T12:03:41.633+0000] {logging_mixin.py:188} INFO - [2026-05-31T12:03:41.632+0000] {dagbag.py:545} INFO - Filling up the DagBag from /opt/airflow/dags/main.py
[2026-05-31T12:03:41.824+0000] {processor.py:840} INFO - DAG(s) 'data_quality', 'update_db', 'produce_json' retrieved from /opt/airflow/dags/main.py
[2026-05-31T12:03:41.867+0000] {logging_mixin.py:188} INFO - [2026-05-31T12:03:41.867+0000] {dag.py:3096} INFO - Sync 3 DAGs
[2026-05-31T12:03:41.901+0000] {logging_mixin.py:188} INFO - [2026-05-31T12:03:41.901+0000] {dag.py:3954} INFO - Setting next_dagrun for data_quality to None, run_after=None
[2026-05-31T12:03:41.914+0000] {logging_mixin.py:188} INFO - [2026-05-31T12:03:41.914+0000] {dag.py:3954} INFO - Setting next_dagrun for produce_json to 2026-05-31 11:00:00+00:00, run_after=2026-06-01 11:00:00+00:00
[2026-05-31T12:03:41.917+0000] {logging_mixin.py:188} INFO - [2026-05-31T12:03:41.917+0000] {dag.py:3954} INFO - Setting next_dagrun for update_db to None, run_after=None
[2026-05-31T12:03:41.946+0000] {processor.py:183} INFO - Processing /opt/airflow/dags/main.py took 0.337 seconds
[2026-05-31T12:04:12.335+0000] {processor.py:161} INFO - Started process (PID=4040) to work on /opt/airflow/dags/main.py
[2026-05-31T12:04:12.338+0000] {processor.py:830} INFO - Processing file /opt/airflow/dags/main.py for tasks to queue
[2026-05-31T12:04:12.340+0000] {logging_mixin.py:188} INFO - [2026-05-31T12:04:12.340+0000] {dagbag.py:545} INFO - Filling up the DagBag from /opt/airflow/dags/main.py
[2026-05-31T12:04:12.797+0000] {processor.py:840} INFO - DAG(s) 'data_quality', 'update_db', 'produce_json' retrieved from /opt/airflow/dags/main.py
[2026-05-31T12:04:12.840+0000] {logging_mixin.py:188} INFO - [2026-05-31T12:04:12.840+0000] {dag.py:3096} INFO - Sync 3 DAGs
[2026-05-31T12:04:12.868+0000] {logging_mixin.py:188} INFO - [2026-05-31T12:04:12.868+0000] {dag.py:3954} INFO - Setting next_dagrun for data_quality to None, run_after=None
[2026-05-31T12:04:12.875+0000] {logging_mixin.py:188} INFO - [2026-05-31T12:04:12.875+0000] {dag.py:3954} INFO - Setting next_dagrun for produce_json to 2026-05-31 11:00:00+00:00, run_after=2026-06-01 11:00:00+00:00
[2026-05-31T12:04:12.877+0000] {logging_mixin.py:188} INFO - [2026-05-31T12:04:12.877+0000] {dag.py:3954} INFO - Setting next_dagrun for update_db to None, run_after=None
[2026-05-31T12:04:12.901+0000] {processor.py:183} INFO - Processing /opt/airflow/dags/main.py took 0.582 seconds
[2026-05-31T12:04:43.274+0000] {processor.py:161} INFO - Started process (PID=4048) to work on /opt/airflow/dags/main.py
[2026-05-31T12:04:43.276+0000] {processor.py:830} INFO - Processing file /opt/airflow/dags/main.py for tasks to queue
[2026-05-31T12:04:43.278+0000] {logging_mixin.py:188} INFO - [2026-05-31T12:04:43.277+0000] {dagbag.py:545} INFO - Filling up the DagBag from /opt/airflow/dags/main.py
[2026-05-31T12:04:43.582+0000] {processor.py:840} INFO - DAG(s) 'update_db', 'produce_json', 'data_quality' retrieved from /opt/airflow/dags/main.py
[2026-05-31T12:04:43.629+0000] {logging_mixin.py:188} INFO - [2026-05-31T12:04:43.629+0000] {dag.py:3096} INFO - Sync 3 DAGs
[2026-05-31T12:04:43.652+0000] {logging_mixin.py:188} INFO - [2026-05-31T12:04:43.652+0000] {dag.py:3954} INFO - Setting next_dagrun for data_quality to None, run_after=None
[2026-05-31T12:04:43.659+0000] {logging_mixin.py:188} INFO - [2026-05-31T12:04:43.659+0000] {dag.py:3954} INFO - Setting next_dagrun for produce_json to 2026-05-31 11:00:00+00:00, run_after=2026-06-01 11:00:00+00:00
[2026-05-31T12:04:43.661+0000] {logging_mixin.py:188} INFO - [2026-05-31T12:04:43.661+0000] {dag.py:3954} INFO - Setting next_dagrun for update_db to None, run_after=None
[2026-05-31T12:04:43.741+0000] {processor.py:183} INFO - Processing /opt/airflow/dags/main.py took 0.478 seconds
[2026-05-31T12:05:14.276+0000] {processor.py:161} INFO - Started process (PID=4055) to work on /opt/airflow/dags/main.py
[2026-05-31T12:05:14.279+0000] {processor.py:830} INFO - Processing file /opt/airflow/dags/main.py for tasks to queue
[2026-05-31T12:05:14.281+0000] {logging_mixin.py:188} INFO - [2026-05-31T12:05:14.281+0000] {dagbag.py:545} INFO - Filling up the DagBag from /opt/airflow/dags/main.py
[2026-05-31T12:05:14.556+0000] {processor.py:840} INFO - DAG(s) 'produce_json', 'data_quality', 'update_db' retrieved from /opt/airflow/dags/main.py
[2026-05-31T12:05:14.596+0000] {logging_mixin.py:188} INFO - [2026-05-31T12:05:14.596+0000] {dag.py:3096} INFO - Sync 3 DAGs
[2026-05-31T12:05:14.626+0000] {logging_mixin.py:188} INFO - [2026-05-31T12:05:14.626+0000] {dag.py:3954} INFO - Setting next_dagrun for data_quality to None, run_after=None
[2026-05-31T12:05:14.637+0000] {logging_mixin.py:188} INFO - [2026-05-31T12:05:14.636+0000] {dag.py:3954} INFO - Setting next_dagrun for produce_json to 2026-05-31 11:00:00+00:00, run_after=2026-06-01 11:00:00+00:00
[2026-05-31T12:05:14.639+0000] {logging_mixin.py:188} INFO - [2026-05-31T12:05:14.639+0000] {dag.py:3954} INFO - Setting next_dagrun for update_db to None, run_after=None
[2026-05-31T12:05:14.679+0000] {processor.py:183} INFO - Processing /opt/airflow/dags/main.py took 0.429 seconds
[2026-05-31T12:05:45.013+0000] {processor.py:161} INFO - Started process (PID=4062) to work on /opt/airflow/dags/main.py
[2026-05-31T12:05:45.015+0000] {processor.py:830} INFO - Processing file /opt/airflow/dags/main.py for tasks to queue
[2026-05-31T12:05:45.016+0000] {logging_mixin.py:188} INFO - [2026-05-31T12:05:45.016+0000] {dagbag.py:545} INFO - Filling up the DagBag from /opt/airflow/dags/main.py
[2026-05-31T12:05:45.320+0000] {processor.py:840} INFO - DAG(s) 'update_db', 'data_quality', 'produce_json' retrieved from /opt/airflow/dags/main.py
[2026-05-31T12:05:45.373+0000] {logging_mixin.py:188} INFO - [2026-05-31T12:05:45.372+0000] {dag.py:3096} INFO - Sync 3 DAGs
[2026-05-31T12:05:45.427+0000] {logging_mixin.py:188} INFO - [2026-05-31T12:05:45.427+0000] {dag.py:3954} INFO - Setting next_dagrun for data_quality to None, run_after=None
[2026-05-31T12:05:45.436+0000] {logging_mixin.py:188} INFO - [2026-05-31T12:05:45.436+0000] {dag.py:3954} INFO - Setting next_dagrun for produce_json to 2026-05-31 11:00:00+00:00, run_after=2026-06-01 11:00:00+00:00
[2026-05-31T12:05:45.439+0000] {logging_mixin.py:188} INFO - [2026-05-31T12:05:45.439+0000] {dag.py:3954} INFO - Setting next_dagrun for update_db to None, run_after=None
[2026-05-31T12:05:45.463+0000] {processor.py:183} INFO - Processing /opt/airflow/dags/main.py took 0.459 seconds
[2026-05-31T12:06:15.936+0000] {processor.py:161} INFO - Started process (PID=4069) to work on /opt/airflow/dags/main.py
[2026-05-31T12:06:15.939+0000] {processor.py:830} INFO - Processing file /opt/airflow/dags/main.py for tasks to queue
[2026-05-31T12:06:15.940+0000] {logging_mixin.py:188} INFO - [2026-05-31T12:06:15.940+0000] {dagbag.py:545} INFO - Filling up the DagBag from /opt/airflow/dags/main.py
[2026-05-31T12:06:16.171+0000] {processor.py:840} INFO - DAG(s) 'produce_json', 'data_quality', 'update_db' retrieved from /opt/airflow/dags/main.py
[2026-05-31T12:06:16.207+0000] {logging_mixin.py:188} INFO - [2026-05-31T12:06:16.207+0000] {dag.py:3096} INFO - Sync 3 DAGs
[2026-05-31T12:06:16.234+0000] {logging_mixin.py:188} INFO - [2026-05-31T12:06:16.234+0000] {dag.py:3954} INFO - Setting next_dagrun for data_quality to None, run_after=None
[2026-05-31T12:06:16.242+0000] {logging_mixin.py:188} INFO - [2026-05-31T12:06:16.242+0000] {dag.py:3954} INFO - Setting next_dagrun for produce_json to 2026-05-31 11:00:00+00:00, run_after=2026-06-01 11:00:00+00:00
[2026-05-31T12:06:16.246+0000] {logging_mixin.py:188} INFO - [2026-05-31T12:06:16.245+0000] {dag.py:3954} INFO - Setting next_dagrun for update_db to None, run_after=None
[2026-05-31T12:06:16.325+0000] {processor.py:183} INFO - Processing /opt/airflow/dags/main.py took 0.405 seconds
[2026-05-31T12:06:46.777+0000] {processor.py:161} INFO - Started process (PID=4082) to work on /opt/airflow/dags/main.py
[2026-05-31T12:06:46.779+0000] {processor.py:830} INFO - Processing file /opt/airflow/dags/main.py for tasks to queue
[2026-05-31T12:06:46.781+0000] {logging_mixin.py:188} INFO - [2026-05-31T12:06:46.780+0000] {dagbag.py:545} INFO - Filling up the DagBag from /opt/airflow/dags/main.py
[2026-05-31T12:06:46.971+0000] {processor.py:840} INFO - DAG(s) 'update_db', 'data_quality', 'produce_json' retrieved from /opt/airflow/dags/main.py
[2026-05-31T12:06:47.009+0000] {logging_mixin.py:188} INFO - [2026-05-31T12:06:47.008+0000] {dag.py:3096} INFO - Sync 3 DAGs
[2026-05-31T12:06:47.038+0000] {logging_mixin.py:188} INFO - [2026-05-31T12:06:47.038+0000] {dag.py:3954} INFO - Setting next_dagrun for data_quality to None, run_after=None
[2026-05-31T12:06:47.046+0000] {logging_mixin.py:188} INFO - [2026-05-31T12:06:47.045+0000] {dag.py:3954} INFO - Setting next_dagrun for produce_json to 2026-05-31 11:00:00+00:00, run_after=2026-06-01 11:00:00+00:00
[2026-05-31T12:06:47.048+0000] {logging_mixin.py:188} INFO - [2026-05-31T12:06:47.048+0000] {dag.py:3954} INFO - Setting next_dagrun for update_db to None, run_after=None
[2026-05-31T12:06:47.095+0000] {processor.py:183} INFO - Processing /opt/airflow/dags/main.py took 0.326 seconds
[2026-05-31T12:07:17.292+0000] {processor.py:161} INFO - Started process (PID=4089) to work on /opt/airflow/dags/main.py
[2026-05-31T12:07:17.295+0000] {processor.py:830} INFO - Processing file /opt/airflow/dags/main.py for tasks to queue
[2026-05-31T12:07:17.297+0000] {logging_mixin.py:188} INFO - [2026-05-31T12:07:17.296+0000] {dagbag.py:545} INFO - Filling up the DagBag from /opt/airflow/dags/main.py
[2026-05-31T12:07:17.603+0000] {processor.py:840} INFO - DAG(s) 'update_db', 'data_quality', 'produce_json' retrieved from /opt/airflow/dags/main.py
[2026-05-31T12:07:17.658+0000] {logging_mixin.py:188} INFO - [2026-05-31T12:07:17.658+0000] {dag.py:3096} INFO - Sync 3 DAGs
[2026-05-31T12:07:17.682+0000] {logging_mixin.py:188} INFO - [2026-05-31T12:07:17.682+0000] {dag.py:3954} INFO - Setting next_dagrun for data_quality to None, run_after=None
[2026-05-31T12:07:17.689+0000] {logging_mixin.py:188} INFO - [2026-05-31T12:07:17.689+0000] {dag.py:3954} INFO - Setting next_dagrun for produce_json to 2026-05-31 11:00:00+00:00, run_after=2026-06-01 11:00:00+00:00
[2026-05-31T12:07:17.691+0000] {logging_mixin.py:188} INFO - [2026-05-31T12:07:17.691+0000] {dag.py:3954} INFO - Setting next_dagrun for update_db to None, run_after=None
[2026-05-31T12:07:17.711+0000] {processor.py:183} INFO - Processing /opt/airflow/dags/main.py took 0.439 seconds
[2026-05-31T12:07:47.975+0000] {processor.py:161} INFO - Started process (PID=4096) to work on /opt/airflow/dags/main.py
[2026-05-31T12:07:47.978+0000] {processor.py:830} INFO - Processing file /opt/airflow/dags/main.py for tasks to queue
[2026-05-31T12:07:47.980+0000] {logging_mixin.py:188} INFO - [2026-05-31T12:07:47.980+0000] {dagbag.py:545} INFO - Filling up the DagBag from /opt/airflow/dags/main.py
[2026-05-31T12:07:48.320+0000] {processor.py:840} INFO - DAG(s) 'update_db', 'data_quality', 'produce_json' retrieved from /opt/airflow/dags/main.py
[2026-05-31T12:07:48.383+0000] {logging_mixin.py:188} INFO - [2026-05-31T12:07:48.382+0000] {dag.py:3096} INFO - Sync 3 DAGs
[2026-05-31T12:07:48.423+0000] {logging_mixin.py:188} INFO - [2026-05-31T12:07:48.423+0000] {dag.py:3954} INFO - Setting next_dagrun for data_quality to None, run_after=None
[2026-05-31T12:07:48.437+0000] {logging_mixin.py:188} INFO - [2026-05-31T12:07:48.437+0000] {dag.py:3954} INFO - Setting next_dagrun for produce_json to 2026-05-31 11:00:00+00:00, run_after=2026-06-01 11:00:00+00:00
[2026-05-31T12:07:48.441+0000] {logging_mixin.py:188} INFO - [2026-05-31T12:07:48.440+0000] {dag.py:3954} INFO - Setting next_dagrun for update_db to None, run_after=None
[2026-05-31T12:07:48.533+0000] {processor.py:183} INFO - Processing /opt/airflow/dags/main.py took 0.580 seconds
[2026-05-31T12:08:19.041+0000] {processor.py:161} INFO - Started process (PID=4103) to work on /opt/airflow/dags/main.py
[2026-05-31T12:08:19.043+0000] {processor.py:830} INFO - Processing file /opt/airflow/dags/main.py for tasks to queue
[2026-05-31T12:08:19.046+0000] {logging_mixin.py:188} INFO - [2026-05-31T12:08:19.045+0000] {dagbag.py:545} INFO - Filling up the DagBag from /opt/airflow/dags/main.py
[2026-05-31T12:08:19.367+0000] {processor.py:840} INFO - DAG(s) 'produce_json', 'data_quality', 'update_db' retrieved from /opt/airflow/dags/main.py
[2026-05-31T12:08:19.441+0000] {logging_mixin.py:188} INFO - [2026-05-31T12:08:19.441+0000] {dag.py:3096} INFO - Sync 3 DAGs
[2026-05-31T12:08:19.491+0000] {logging_mixin.py:188} INFO - [2026-05-31T12:08:19.490+0000] {dag.py:3954} INFO - Setting next_dagrun for data_quality to None, run_after=None
[2026-05-31T12:08:19.505+0000] {logging_mixin.py:188} INFO - [2026-05-31T12:08:19.505+0000] {dag.py:3954} INFO - Setting next_dagrun for produce_json to 2026-05-31 11:00:00+00:00, run_after=2026-06-01 11:00:00+00:00
[2026-05-31T12:08:19.508+0000] {logging_mixin.py:188} INFO - [2026-05-31T12:08:19.508+0000] {dag.py:3954} INFO - Setting next_dagrun for update_db to None, run_after=None
[2026-05-31T12:08:19.596+0000] {processor.py:183} INFO - Processing /opt/airflow/dags/main.py took 0.574 seconds
[2026-05-31T12:08:50.319+0000] {processor.py:161} INFO - Started process (PID=4110) to work on /opt/airflow/dags/main.py
[2026-05-31T12:08:50.322+0000] {processor.py:830} INFO - Processing file /opt/airflow/dags/main.py for tasks to queue
[2026-05-31T12:08:50.325+0000] {logging_mixin.py:188} INFO - [2026-05-31T12:08:50.324+0000] {dagbag.py:545} INFO - Filling up the DagBag from /opt/airflow/dags/main.py
[2026-05-31T12:08:50.672+0000] {processor.py:840} INFO - DAG(s) 'produce_json', 'update_db', 'data_quality' retrieved from /opt/airflow/dags/main.py
[2026-05-31T12:08:50.740+0000] {logging_mixin.py:188} INFO - [2026-05-31T12:08:50.740+0000] {dag.py:3096} INFO - Sync 3 DAGs
[2026-05-31T12:08:50.770+0000] {logging_mixin.py:188} INFO - [2026-05-31T12:08:50.770+0000] {dag.py:3954} INFO - Setting next_dagrun for data_quality to None, run_after=None
[2026-05-31T12:08:50.776+0000] {logging_mixin.py:188} INFO - [2026-05-31T12:08:50.776+0000] {dag.py:3954} INFO - Setting next_dagrun for produce_json to 2026-05-31 11:00:00+00:00, run_after=2026-06-01 11:00:00+00:00
[2026-05-31T12:08:50.779+0000] {logging_mixin.py:188} INFO - [2026-05-31T12:08:50.778+0000] {dag.py:3954} INFO - Setting next_dagrun for update_db to None, run_after=None
[2026-05-31T12:08:50.863+0000] {processor.py:183} INFO - Processing /opt/airflow/dags/main.py took 0.560 seconds
[2026-05-31T12:09:21.386+0000] {processor.py:161} INFO - Started process (PID=4117) to work on /opt/airflow/dags/main.py
[2026-05-31T12:09:21.389+0000] {processor.py:830} INFO - Processing file /opt/airflow/dags/main.py for tasks to queue
[2026-05-31T12:09:21.391+0000] {logging_mixin.py:188} INFO - [2026-05-31T12:09:21.391+0000] {dagbag.py:545} INFO - Filling up the DagBag from /opt/airflow/dags/main.py
[2026-05-31T12:09:21.734+0000] {processor.py:840} INFO - DAG(s) 'data_quality', 'produce_json', 'update_db' retrieved from /opt/airflow/dags/main.py
[2026-05-31T12:09:21.787+0000] {logging_mixin.py:188} INFO - [2026-05-31T12:09:21.787+0000] {dag.py:3096} INFO - Sync 3 DAGs
[2026-05-31T12:09:21.815+0000] {logging_mixin.py:188} INFO - [2026-05-31T12:09:21.814+0000] {dag.py:3954} INFO - Setting next_dagrun for data_quality to None, run_after=None
[2026-05-31T12:09:21.824+0000] {logging_mixin.py:188} INFO - [2026-05-31T12:09:21.823+0000] {dag.py:3954} INFO - Setting next_dagrun for produce_json to 2026-05-31 11:00:00+00:00, run_after=2026-06-01 11:00:00+00:00
[2026-05-31T12:09:21.826+0000] {logging_mixin.py:188} INFO - [2026-05-31T12:09:21.826+0000] {dag.py:3954} INFO - Setting next_dagrun for update_db to None, run_after=None
[2026-05-31T12:09:21.914+0000] {processor.py:183} INFO - Processing /opt/airflow/dags/main.py took 0.549 seconds
[2026-05-31T12:09:52.116+0000] {processor.py:161} INFO - Started process (PID=4124) to work on /opt/airflow/dags/main.py
[2026-05-31T12:09:52.118+0000] {processor.py:830} INFO - Processing file /opt/airflow/dags/main.py for tasks to queue
[2026-05-31T12:09:52.119+0000] {logging_mixin.py:188} INFO - [2026-05-31T12:09:52.119+0000] {dagbag.py:545} INFO - Filling up the DagBag from /opt/airflow/dags/main.py
[2026-05-31T12:09:52.454+0000] {processor.py:840} INFO - DAG(s) 'produce_json', 'update_db', 'data_quality' retrieved from /opt/airflow/dags/main.py
[2026-05-31T12:09:52.505+0000] {logging_mixin.py:188} INFO - [2026-05-31T12:09:52.505+0000] {dag.py:3096} INFO - Sync 3 DAGs
[2026-05-31T12:09:52.528+0000] {logging_mixin.py:188} INFO - [2026-05-31T12:09:52.528+0000] {dag.py:3954} INFO - Setting next_dagrun for data_quality to None, run_after=None
[2026-05-31T12:09:52.534+0000] {logging_mixin.py:188} INFO - [2026-05-31T12:09:52.534+0000] {dag.py:3954} INFO - Setting next_dagrun for produce_json to 2026-05-31 11:00:00+00:00, run_after=2026-06-01 11:00:00+00:00
[2026-05-31T12:09:52.537+0000] {logging_mixin.py:188} INFO - [2026-05-31T12:09:52.536+0000] {dag.py:3954} INFO - Setting next_dagrun for update_db to None, run_after=None
[2026-05-31T12:09:52.604+0000] {processor.py:183} INFO - Processing /opt/airflow/dags/main.py took 0.496 seconds
[2026-05-31T12:10:22.806+0000] {processor.py:161} INFO - Started process (PID=4131) to work on /opt/airflow/dags/main.py
[2026-05-31T12:10:22.808+0000] {processor.py:830} INFO - Processing file /opt/airflow/dags/main.py for tasks to queue
[2026-05-31T12:10:22.810+0000] {logging_mixin.py:188} INFO - [2026-05-31T12:10:22.810+0000] {dagbag.py:545} INFO - Filling up the DagBag from /opt/airflow/dags/main.py
[2026-05-31T12:10:23.137+0000] {processor.py:840} INFO - DAG(s) 'produce_json', 'update_db', 'data_quality' retrieved from /opt/airflow/dags/main.py
[2026-05-31T12:10:23.188+0000] {logging_mixin.py:188} INFO - [2026-05-31T12:10:23.187+0000] {dag.py:3096} INFO - Sync 3 DAGs
[2026-05-31T12:10:23.214+0000] {logging_mixin.py:188} INFO - [2026-05-31T12:10:23.213+0000] {dag.py:3954} INFO - Setting next_dagrun for data_quality to None, run_after=None
[2026-05-31T12:10:23.221+0000] {logging_mixin.py:188} INFO - [2026-05-31T12:10:23.220+0000] {dag.py:3954} INFO - Setting next_dagrun for produce_json to 2026-05-31 11:00:00+00:00, run_after=2026-06-01 11:00:00+00:00
[2026-05-31T12:10:23.222+0000] {logging_mixin.py:188} INFO - [2026-05-31T12:10:23.222+0000] {dag.py:3954} INFO - Setting next_dagrun for update_db to None, run_after=None
[2026-05-31T12:10:23.243+0000] {processor.py:183} INFO - Processing /opt/airflow/dags/main.py took 0.455 seconds
[2026-05-31T12:10:53.430+0000] {processor.py:161} INFO - Started process (PID=4138) to work on /opt/airflow/dags/main.py
[2026-05-31T12:10:53.432+0000] {processor.py:830} INFO - Processing file /opt/airflow/dags/main.py for tasks to queue
[2026-05-31T12:10:53.433+0000] {logging_mixin.py:188} INFO - [2026-05-31T12:10:53.433+0000] {dagbag.py:545} INFO - Filling up the DagBag from /opt/airflow/dags/main.py
[2026-05-31T12:10:53.686+0000] {processor.py:840} INFO - DAG(s) 'data_quality', 'update_db', 'produce_json' retrieved from /opt/airflow/dags/main.py
[2026-05-31T12:10:53.723+0000] {logging_mixin.py:188} INFO - [2026-05-31T12:10:53.723+0000] {dag.py:3096} INFO - Sync 3 DAGs
[2026-05-31T12:10:53.745+0000] {logging_mixin.py:188} INFO - [2026-05-31T12:10:53.745+0000] {dag.py:3954} INFO - Setting next_dagrun for data_quality to None, run_after=None
[2026-05-31T12:10:53.752+0000] {logging_mixin.py:188} INFO - [2026-05-31T12:10:53.752+0000] {dag.py:3954} INFO - Setting next_dagrun for produce_json to 2026-05-31 11:00:00+00:00, run_after=2026-06-01 11:00:00+00:00
[2026-05-31T12:10:53.754+0000] {logging_mixin.py:188} INFO - [2026-05-31T12:10:53.754+0000] {dag.py:3954} INFO - Setting next_dagrun for update_db to None, run_after=None
[2026-05-31T12:10:53.818+0000] {processor.py:183} INFO - Processing /opt/airflow/dags/main.py took 0.398 seconds
[2026-05-31T12:11:24.018+0000] {processor.py:161} INFO - Started process (PID=4146) to work on /opt/airflow/dags/main.py
[2026-05-31T12:11:24.020+0000] {processor.py:830} INFO - Processing file /opt/airflow/dags/main.py for tasks to queue
[2026-05-31T12:11:24.022+0000] {logging_mixin.py:188} INFO - [2026-05-31T12:11:24.022+0000] {dagbag.py:545} INFO - Filling up the DagBag from /opt/airflow/dags/main.py
[2026-05-31T12:11:24.359+0000] {processor.py:840} INFO - DAG(s) 'data_quality', 'update_db', 'produce_json' retrieved from /opt/airflow/dags/main.py
[2026-05-31T12:11:24.420+0000] {logging_mixin.py:188} INFO - [2026-05-31T12:11:24.420+0000] {dag.py:3096} INFO - Sync 3 DAGs
[2026-05-31T12:11:24.444+0000] {logging_mixin.py:188} INFO - [2026-05-31T12:11:24.444+0000] {dag.py:3954} INFO - Setting next_dagrun for data_quality to None, run_after=None
[2026-05-31T12:11:24.452+0000] {logging_mixin.py:188} INFO - [2026-05-31T12:11:24.451+0000] {dag.py:3954} INFO - Setting next_dagrun for produce_json to 2026-05-31 11:00:00+00:00, run_after=2026-06-01 11:00:00+00:00
[2026-05-31T12:11:24.454+0000] {logging_mixin.py:188} INFO - [2026-05-31T12:11:24.454+0000] {dag.py:3954} INFO - Setting next_dagrun for update_db to None, run_after=None
[2026-05-31T12:11:24.550+0000] {processor.py:183} INFO - Processing /opt/airflow/dags/main.py took 0.549 seconds
[2026-05-31T12:11:55.015+0000] {processor.py:161} INFO - Started process (PID=4153) to work on /opt/airflow/dags/main.py
[2026-05-31T12:11:55.017+0000] {processor.py:830} INFO - Processing file /opt/airflow/dags/main.py for tasks to queue
[2026-05-31T12:11:55.019+0000] {logging_mixin.py:188} INFO - [2026-05-31T12:11:55.019+0000] {dagbag.py:545} INFO - Filling up the DagBag from /opt/airflow/dags/main.py
[2026-05-31T12:11:55.342+0000] {processor.py:840} INFO - DAG(s) 'data_quality', 'update_db', 'produce_json' retrieved from /opt/airflow/dags/main.py
[2026-05-31T12:11:55.406+0000] {logging_mixin.py:188} INFO - [2026-05-31T12:11:55.405+0000] {dag.py:3096} INFO - Sync 3 DAGs
[2026-05-31T12:11:55.429+0000] {logging_mixin.py:188} INFO - [2026-05-31T12:11:55.428+0000] {dag.py:3954} INFO - Setting next_dagrun for data_quality to None, run_after=None
[2026-05-31T12:11:55.435+0000] {logging_mixin.py:188} INFO - [2026-05-31T12:11:55.435+0000] {dag.py:3954} INFO - Setting next_dagrun for produce_json to 2026-05-31 11:00:00+00:00, run_after=2026-06-01 11:00:00+00:00
[2026-05-31T12:11:55.437+0000] {logging_mixin.py:188} INFO - [2026-05-31T12:11:55.437+0000] {dag.py:3954} INFO - Setting next_dagrun for update_db to None, run_after=None
[2026-05-31T12:11:55.526+0000] {processor.py:183} INFO - Processing /opt/airflow/dags/main.py took 0.525 seconds
[2026-05-31T12:12:25.976+0000] {processor.py:161} INFO - Started process (PID=4160) to work on /opt/airflow/dags/main.py
[2026-05-31T12:12:25.978+0000] {processor.py:830} INFO - Processing file /opt/airflow/dags/main.py for tasks to queue
[2026-05-31T12:12:25.981+0000] {logging_mixin.py:188} INFO - [2026-05-31T12:12:25.980+0000] {dagbag.py:545} INFO - Filling up the DagBag from /opt/airflow/dags/main.py
[2026-05-31T12:12:26.296+0000] {processor.py:840} INFO - DAG(s) 'data_quality', 'produce_json', 'update_db' retrieved from /opt/airflow/dags/main.py
[2026-05-31T12:12:26.349+0000] {logging_mixin.py:188} INFO - [2026-05-31T12:12:26.348+0000] {dag.py:3096} INFO - Sync 3 DAGs
[2026-05-31T12:12:26.402+0000] {logging_mixin.py:188} INFO - [2026-05-31T12:12:26.402+0000] {dag.py:3954} INFO - Setting next_dagrun for data_quality to None, run_after=None
[2026-05-31T12:12:26.417+0000] {logging_mixin.py:188} INFO - [2026-05-31T12:12:26.416+0000] {dag.py:3954} INFO - Setting next_dagrun for produce_json to 2026-05-31 11:00:00+00:00, run_after=2026-06-01 11:00:00+00:00
[2026-05-31T12:12:26.420+0000] {logging_mixin.py:188} INFO - [2026-05-31T12:12:26.420+0000] {dag.py:3954} INFO - Setting next_dagrun for update_db to None, run_after=None
[2026-05-31T12:12:26.514+0000] {processor.py:183} INFO - Processing /opt/airflow/dags/main.py took 0.550 seconds
[2026-05-31T12:12:56.730+0000] {processor.py:161} INFO - Started process (PID=4167) to work on /opt/airflow/dags/main.py
[2026-05-31T12:12:56.732+0000] {processor.py:830} INFO - Processing file /opt/airflow/dags/main.py for tasks to queue
[2026-05-31T12:12:56.734+0000] {logging_mixin.py:188} INFO - [2026-05-31T12:12:56.733+0000] {dagbag.py:545} INFO - Filling up the DagBag from /opt/airflow/dags/main.py
[2026-05-31T12:12:56.964+0000] {processor.py:840} INFO - DAG(s) 'update_db', 'data_quality', 'produce_json' retrieved from /opt/airflow/dags/main.py
[2026-05-31T12:12:57.016+0000] {logging_mixin.py:188} INFO - [2026-05-31T12:12:57.015+0000] {dag.py:3096} INFO - Sync 3 DAGs
[2026-05-31T12:12:57.064+0000] {logging_mixin.py:188} INFO - [2026-05-31T12:12:57.064+0000] {dag.py:3954} INFO - Setting next_dagrun for data_quality to None, run_after=None
[2026-05-31T12:12:57.074+0000] {logging_mixin.py:188} INFO - [2026-05-31T12:12:57.074+0000] {dag.py:3954} INFO - Setting next_dagrun for produce_json to 2026-05-31 11:00:00+00:00, run_after=2026-06-01 11:00:00+00:00
[2026-05-31T12:12:57.077+0000] {logging_mixin.py:188} INFO - [2026-05-31T12:12:57.076+0000] {dag.py:3954} INFO - Setting next_dagrun for update_db to None, run_after=None
[2026-05-31T12:12:57.169+0000] {processor.py:183} INFO - Processing /opt/airflow/dags/main.py took 0.453 seconds
[2026-05-31T12:13:27.326+0000] {processor.py:161} INFO - Started process (PID=4174) to work on /opt/airflow/dags/main.py
[2026-05-31T12:13:27.328+0000] {processor.py:830} INFO - Processing file /opt/airflow/dags/main.py for tasks to queue
[2026-05-31T12:13:27.330+0000] {logging_mixin.py:188} INFO - [2026-05-31T12:13:27.330+0000] {dagbag.py:545} INFO - Filling up the DagBag from /opt/airflow/dags/main.py
[2026-05-31T12:13:27.675+0000] {processor.py:840} INFO - DAG(s) 'produce_json', 'update_db', 'data_quality' retrieved from /opt/airflow/dags/main.py
[2026-05-31T12:13:27.717+0000] {logging_mixin.py:188} INFO - [2026-05-31T12:13:27.717+0000] {dag.py:3096} INFO - Sync 3 DAGs
[2026-05-31T12:13:27.742+0000] {logging_mixin.py:188} INFO - [2026-05-31T12:13:27.742+0000] {dag.py:3954} INFO - Setting next_dagrun for data_quality to None, run_after=None
[2026-05-31T12:13:27.749+0000] {logging_mixin.py:188} INFO - [2026-05-31T12:13:27.749+0000] {dag.py:3954} INFO - Setting next_dagrun for produce_json to 2026-05-31 11:00:00+00:00, run_after=2026-06-01 11:00:00+00:00
[2026-05-31T12:13:27.751+0000] {logging_mixin.py:188} INFO - [2026-05-31T12:13:27.750+0000] {dag.py:3954} INFO - Setting next_dagrun for update_db to None, run_after=None
[2026-05-31T12:13:27.837+0000] {processor.py:183} INFO - Processing /opt/airflow/dags/main.py took 0.526 seconds
[2026-05-31T12:13:58.375+0000] {processor.py:161} INFO - Started process (PID=4182) to work on /opt/airflow/dags/main.py
[2026-05-31T12:13:58.377+0000] {processor.py:830} INFO - Processing file /opt/airflow/dags/main.py for tasks to queue
[2026-05-31T12:13:58.380+0000] {logging_mixin.py:188} INFO - [2026-05-31T12:13:58.379+0000] {dagbag.py:545} INFO - Filling up the DagBag from /opt/airflow/dags/main.py
[2026-05-31T12:13:58.722+0000] {processor.py:840} INFO - DAG(s) 'update_db', 'produce_json', 'data_quality' retrieved from /opt/airflow/dags/main.py
[2026-05-31T12:13:58.776+0000] {logging_mixin.py:188} INFO - [2026-05-31T12:13:58.776+0000] {dag.py:3096} INFO - Sync 3 DAGs
[2026-05-31T12:13:58.811+0000] {logging_mixin.py:188} INFO - [2026-05-31T12:13:58.810+0000] {dag.py:3954} INFO - Setting next_dagrun for data_quality to None, run_after=None
[2026-05-31T12:13:58.822+0000] {logging_mixin.py:188} INFO - [2026-05-31T12:13:58.822+0000] {dag.py:3954} INFO - Setting next_dagrun for produce_json to 2026-05-31 11:00:00+00:00, run_after=2026-06-01 11:00:00+00:00
[2026-05-31T12:13:58.824+0000] {logging_mixin.py:188} INFO - [2026-05-31T12:13:58.824+0000] {dag.py:3954} INFO - Setting next_dagrun for update_db to None, run_after=None
[2026-05-31T12:13:58.846+0000] {processor.py:183} INFO - Processing /opt/airflow/dags/main.py took 0.496 seconds
[2026-05-31T12:14:29.096+0000] {processor.py:161} INFO - Started process (PID=4189) to work on /opt/airflow/dags/main.py
[2026-05-31T12:14:29.099+0000] {processor.py:830} INFO - Processing file /opt/airflow/dags/main.py for tasks to queue
[2026-05-31T12:14:29.101+0000] {logging_mixin.py:188} INFO - [2026-05-31T12:14:29.100+0000] {dagbag.py:545} INFO - Filling up the DagBag from /opt/airflow/dags/main.py
[2026-05-31T12:14:29.433+0000] {processor.py:840} INFO - DAG(s) 'update_db', 'data_quality', 'produce_json' retrieved from /opt/airflow/dags/main.py
[2026-05-31T12:14:29.499+0000] {logging_mixin.py:188} INFO - [2026-05-31T12:14:29.498+0000] {dag.py:3096} INFO - Sync 3 DAGs
[2026-05-31T12:14:29.547+0000] {logging_mixin.py:188} INFO - [2026-05-31T12:14:29.546+0000] {dag.py:3954} INFO - Setting next_dagrun for data_quality to None, run_after=None
[2026-05-31T12:14:29.561+0000] {logging_mixin.py:188} INFO - [2026-05-31T12:14:29.561+0000] {dag.py:3954} INFO - Setting next_dagrun for produce_json to 2026-05-31 11:00:00+00:00, run_after=2026-06-01 11:00:00+00:00
[2026-05-31T12:14:29.565+0000] {logging_mixin.py:188} INFO - [2026-05-31T12:14:29.565+0000] {dag.py:3954} INFO - Setting next_dagrun for update_db to None, run_after=None
[2026-05-31T12:14:29.648+0000] {processor.py:183} INFO - Processing /opt/airflow/dags/main.py took 0.569 seconds
[2026-05-31T12:15:00.068+0000] {processor.py:161} INFO - Started process (PID=4196) to work on /opt/airflow/dags/main.py
[2026-05-31T12:15:00.070+0000] {processor.py:830} INFO - Processing file /opt/airflow/dags/main.py for tasks to queue
[2026-05-31T12:15:00.071+0000] {logging_mixin.py:188} INFO - [2026-05-31T12:15:00.071+0000] {dagbag.py:545} INFO - Filling up the DagBag from /opt/airflow/dags/main.py
[2026-05-31T12:15:00.270+0000] {processor.py:840} INFO - DAG(s) 'data_quality', 'produce_json', 'update_db' retrieved from /opt/airflow/dags/main.py
[2026-05-31T12:15:00.328+0000] {logging_mixin.py:188} INFO - [2026-05-31T12:15:00.327+0000] {dag.py:3096} INFO - Sync 3 DAGs
[2026-05-31T12:15:00.355+0000] {logging_mixin.py:188} INFO - [2026-05-31T12:15:00.355+0000] {dag.py:3954} INFO - Setting next_dagrun for data_quality to None, run_after=None
[2026-05-31T12:15:00.363+0000] {logging_mixin.py:188} INFO - [2026-05-31T12:15:00.363+0000] {dag.py:3954} INFO - Setting next_dagrun for produce_json to 2026-05-31 11:00:00+00:00, run_after=2026-06-01 11:00:00+00:00
[2026-05-31T12:15:00.365+0000] {logging_mixin.py:188} INFO - [2026-05-31T12:15:00.365+0000] {dag.py:3954} INFO - Setting next_dagrun for update_db to None, run_after=None
[2026-05-31T12:15:00.425+0000] {processor.py:183} INFO - Processing /opt/airflow/dags/main.py took 0.368 seconds
[2026-05-31T12:15:30.941+0000] {processor.py:161} INFO - Started process (PID=4203) to work on /opt/airflow/dags/main.py
[2026-05-31T12:15:30.944+0000] {processor.py:830} INFO - Processing file /opt/airflow/dags/main.py for tasks to queue
[2026-05-31T12:15:30.946+0000] {logging_mixin.py:188} INFO - [2026-05-31T12:15:30.945+0000] {dagbag.py:545} INFO - Filling up the DagBag from /opt/airflow/dags/main.py
[2026-05-31T12:15:31.181+0000] {processor.py:840} INFO - DAG(s) 'update_db', 'data_quality', 'produce_json' retrieved from /opt/airflow/dags/main.py
[2026-05-31T12:15:31.222+0000] {logging_mixin.py:188} INFO - [2026-05-31T12:15:31.221+0000] {dag.py:3096} INFO - Sync 3 DAGs
[2026-05-31T12:15:31.245+0000] {logging_mixin.py:188} INFO - [2026-05-31T12:15:31.245+0000] {dag.py:3954} INFO - Setting next_dagrun for data_quality to None, run_after=None
[2026-05-31T12:15:31.252+0000] {logging_mixin.py:188} INFO - [2026-05-31T12:15:31.251+0000] {dag.py:3954} INFO - Setting next_dagrun for produce_json to 2026-05-31 11:00:00+00:00, run_after=2026-06-01 11:00:00+00:00
[2026-05-31T12:15:31.254+0000] {logging_mixin.py:188} INFO - [2026-05-31T12:15:31.253+0000] {dag.py:3954} INFO - Setting next_dagrun for update_db to None, run_after=None
[2026-05-31T12:15:31.344+0000] {processor.py:183} INFO - Processing /opt/airflow/dags/main.py took 0.423 seconds
[2026-05-31T12:16:01.860+0000] {processor.py:161} INFO - Started process (PID=4210) to work on /opt/airflow/dags/main.py
[2026-05-31T12:16:01.862+0000] {processor.py:830} INFO - Processing file /opt/airflow/dags/main.py for tasks to queue
[2026-05-31T12:16:01.864+0000] {logging_mixin.py:188} INFO - [2026-05-31T12:16:01.863+0000] {dagbag.py:545} INFO - Filling up the DagBag from /opt/airflow/dags/main.py
[2026-05-31T12:16:02.133+0000] {processor.py:840} INFO - DAG(s) 'update_db', 'data_quality', 'produce_json' retrieved from /opt/airflow/dags/main.py
[2026-05-31T12:16:02.171+0000] {logging_mixin.py:188} INFO - [2026-05-31T12:16:02.170+0000] {dag.py:3096} INFO - Sync 3 DAGs
[2026-05-31T12:16:02.200+0000] {logging_mixin.py:188} INFO - [2026-05-31T12:16:02.199+0000] {dag.py:3954} INFO - Setting next_dagrun for data_quality to None, run_after=None
[2026-05-31T12:16:02.206+0000] {logging_mixin.py:188} INFO - [2026-05-31T12:16:02.206+0000] {dag.py:3954} INFO - Setting next_dagrun for produce_json to 2026-05-31 11:00:00+00:00, run_after=2026-06-01 11:00:00+00:00
[2026-05-31T12:16:02.208+0000] {logging_mixin.py:188} INFO - [2026-05-31T12:16:02.208+0000] {dag.py:3954} INFO - Setting next_dagrun for update_db to None, run_after=None
[2026-05-31T12:16:02.228+0000] {processor.py:183} INFO - Processing /opt/airflow/dags/main.py took 0.386 seconds
[2026-05-31T12:16:32.728+0000] {processor.py:161} INFO - Started process (PID=4217) to work on /opt/airflow/dags/main.py
[2026-05-31T12:16:32.730+0000] {processor.py:830} INFO - Processing file /opt/airflow/dags/main.py for tasks to queue
[2026-05-31T12:16:32.733+0000] {logging_mixin.py:188} INFO - [2026-05-31T12:16:32.732+0000] {dagbag.py:545} INFO - Filling up the DagBag from /opt/airflow/dags/main.py
[2026-05-31T12:16:33.053+0000] {processor.py:840} INFO - DAG(s) 'update_db', 'produce_json', 'data_quality' retrieved from /opt/airflow/dags/main.py
[2026-05-31T12:16:33.094+0000] {logging_mixin.py:188} INFO - [2026-05-31T12:16:33.094+0000] {dag.py:3096} INFO - Sync 3 DAGs
[2026-05-31T12:16:33.118+0000] {logging_mixin.py:188} INFO - [2026-05-31T12:16:33.118+0000] {dag.py:3954} INFO - Setting next_dagrun for data_quality to None, run_after=None
[2026-05-31T12:16:33.126+0000] {logging_mixin.py:188} INFO - [2026-05-31T12:16:33.125+0000] {dag.py:3954} INFO - Setting next_dagrun for produce_json to 2026-05-31 11:00:00+00:00, run_after=2026-06-01 11:00:00+00:00
[2026-05-31T12:16:33.128+0000] {logging_mixin.py:188} INFO - [2026-05-31T12:16:33.127+0000] {dag.py:3954} INFO - Setting next_dagrun for update_db to None, run_after=None
[2026-05-31T12:16:33.160+0000] {processor.py:183} INFO - Processing /opt/airflow/dags/main.py took 0.452 seconds
[2026-05-31T12:17:03.698+0000] {processor.py:161} INFO - Started process (PID=4224) to work on /opt/airflow/dags/main.py
[2026-05-31T12:17:03.700+0000] {processor.py:830} INFO - Processing file /opt/airflow/dags/main.py for tasks to queue
[2026-05-31T12:17:03.702+0000] {logging_mixin.py:188} INFO - [2026-05-31T12:17:03.702+0000] {dagbag.py:545} INFO - Filling up the DagBag from /opt/airflow/dags/main.py
[2026-05-31T12:17:03.989+0000] {processor.py:840} INFO - DAG(s) 'produce_json', 'data_quality', 'update_db' retrieved from /opt/airflow/dags/main.py
[2026-05-31T12:17:04.036+0000] {logging_mixin.py:188} INFO - [2026-05-31T12:17:04.036+0000] {dag.py:3096} INFO - Sync 3 DAGs
[2026-05-31T12:17:04.063+0000] {logging_mixin.py:188} INFO - [2026-05-31T12:17:04.063+0000] {dag.py:3954} INFO - Setting next_dagrun for data_quality to None, run_after=None
[2026-05-31T12:17:04.072+0000] {logging_mixin.py:188} INFO - [2026-05-31T12:17:04.071+0000] {dag.py:3954} INFO - Setting next_dagrun for produce_json to 2026-05-31 11:00:00+00:00, run_after=2026-06-01 11:00:00+00:00
[2026-05-31T12:17:04.074+0000] {logging_mixin.py:188} INFO - [2026-05-31T12:17:04.074+0000] {dag.py:3954} INFO - Setting next_dagrun for update_db to None, run_after=None
[2026-05-31T12:17:04.151+0000] {processor.py:183} INFO - Processing /opt/airflow/dags/main.py took 0.475 seconds
[2026-05-31T12:17:34.518+0000] {processor.py:161} INFO - Started process (PID=4231) to work on /opt/airflow/dags/main.py
[2026-05-31T12:17:34.520+0000] {processor.py:830} INFO - Processing file /opt/airflow/dags/main.py for tasks to queue
[2026-05-31T12:17:34.522+0000] {logging_mixin.py:188} INFO - [2026-05-31T12:17:34.522+0000] {dagbag.py:545} INFO - Filling up the DagBag from /opt/airflow/dags/main.py
[2026-05-31T12:17:34.817+0000] {processor.py:840} INFO - DAG(s) 'data_quality', 'produce_json', 'update_db' retrieved from /opt/airflow/dags/main.py
[2026-05-31T12:17:34.861+0000] {logging_mixin.py:188} INFO - [2026-05-31T12:17:34.860+0000] {dag.py:3096} INFO - Sync 3 DAGs
[2026-05-31T12:17:34.887+0000] {logging_mixin.py:188} INFO - [2026-05-31T12:17:34.887+0000] {dag.py:3954} INFO - Setting next_dagrun for data_quality to None, run_after=None
[2026-05-31T12:17:34.896+0000] {logging_mixin.py:188} INFO - [2026-05-31T12:17:34.895+0000] {dag.py:3954} INFO - Setting next_dagrun for produce_json to 2026-05-31 11:00:00+00:00, run_after=2026-06-01 11:00:00+00:00
[2026-05-31T12:17:34.898+0000] {logging_mixin.py:188} INFO - [2026-05-31T12:17:34.898+0000] {dag.py:3954} INFO - Setting next_dagrun for update_db to None, run_after=None
[2026-05-31T12:17:34.922+0000] {processor.py:183} INFO - Processing /opt/airflow/dags/main.py took 0.420 seconds
[2026-05-31T12:18:05.346+0000] {processor.py:161} INFO - Started process (PID=4238) to work on /opt/airflow/dags/main.py
[2026-05-31T12:18:05.348+0000] {processor.py:830} INFO - Processing file /opt/airflow/dags/main.py for tasks to queue
[2026-05-31T12:18:05.350+0000] {logging_mixin.py:188} INFO - [2026-05-31T12:18:05.349+0000] {dagbag.py:545} INFO - Filling up the DagBag from /opt/airflow/dags/main.py
[2026-05-31T12:18:05.588+0000] {processor.py:840} INFO - DAG(s) 'produce_json', 'data_quality', 'update_db' retrieved from /opt/airflow/dags/main.py
[2026-05-31T12:18:05.651+0000] {logging_mixin.py:188} INFO - [2026-05-31T12:18:05.651+0000] {dag.py:3096} INFO - Sync 3 DAGs
[2026-05-31T12:18:05.680+0000] {logging_mixin.py:188} INFO - [2026-05-31T12:18:05.680+0000] {dag.py:3954} INFO - Setting next_dagrun for data_quality to None, run_after=None
[2026-05-31T12:18:05.689+0000] {logging_mixin.py:188} INFO - [2026-05-31T12:18:05.689+0000] {dag.py:3954} INFO - Setting next_dagrun for produce_json to 2026-05-31 11:00:00+00:00, run_after=2026-06-01 11:00:00+00:00
[2026-05-31T12:18:05.692+0000] {logging_mixin.py:188} INFO - [2026-05-31T12:18:05.691+0000] {dag.py:3954} INFO - Setting next_dagrun for update_db to None, run_after=None
[2026-05-31T12:18:05.764+0000] {processor.py:183} INFO - Processing /opt/airflow/dags/main.py took 0.433 seconds
[2026-05-31T12:18:36.816+0000] {processor.py:161} INFO - Started process (PID=4245) to work on /opt/airflow/dags/main.py
[2026-05-31T12:18:36.818+0000] {processor.py:830} INFO - Processing file /opt/airflow/dags/main.py for tasks to queue
[2026-05-31T12:18:36.820+0000] {logging_mixin.py:188} INFO - [2026-05-31T12:18:36.819+0000] {dagbag.py:545} INFO - Filling up the DagBag from /opt/airflow/dags/main.py
[2026-05-31T12:18:37.131+0000] {processor.py:840} INFO - DAG(s) 'update_db', 'data_quality', 'produce_json' retrieved from /opt/airflow/dags/main.py
[2026-05-31T12:18:37.199+0000] {logging_mixin.py:188} INFO - [2026-05-31T12:18:37.199+0000] {dag.py:3096} INFO - Sync 3 DAGs
[2026-05-31T12:18:37.231+0000] {logging_mixin.py:188} INFO - [2026-05-31T12:18:37.230+0000] {dag.py:3954} INFO - Setting next_dagrun for data_quality to None, run_after=None
[2026-05-31T12:18:37.241+0000] {logging_mixin.py:188} INFO - [2026-05-31T12:18:37.240+0000] {dag.py:3954} INFO - Setting next_dagrun for produce_json to 2026-05-31 11:00:00+00:00, run_after=2026-06-01 11:00:00+00:00
[2026-05-31T12:18:37.244+0000] {logging_mixin.py:188} INFO - [2026-05-31T12:18:37.243+0000] {dag.py:3954} INFO - Setting next_dagrun for update_db to None, run_after=None
[2026-05-31T12:18:37.283+0000] {processor.py:183} INFO - Processing /opt/airflow/dags/main.py took 0.478 seconds
[2026-05-31T12:19:07.831+0000] {processor.py:161} INFO - Started process (PID=4252) to work on /opt/airflow/dags/main.py
[2026-05-31T12:19:07.834+0000] {processor.py:830} INFO - Processing file /opt/airflow/dags/main.py for tasks to queue
[2026-05-31T12:19:07.836+0000] {logging_mixin.py:188} INFO - [2026-05-31T12:19:07.835+0000] {dagbag.py:545} INFO - Filling up the DagBag from /opt/airflow/dags/main.py
[2026-05-31T12:19:08.199+0000] {processor.py:840} INFO - DAG(s) 'update_db', 'data_quality', 'produce_json' retrieved from /opt/airflow/dags/main.py
[2026-05-31T12:19:08.273+0000] {logging_mixin.py:188} INFO - [2026-05-31T12:19:08.273+0000] {dag.py:3096} INFO - Sync 3 DAGs
[2026-05-31T12:19:08.300+0000] {logging_mixin.py:188} INFO - [2026-05-31T12:19:08.300+0000] {dag.py:3954} INFO - Setting next_dagrun for data_quality to None, run_after=None
[2026-05-31T12:19:08.307+0000] {logging_mixin.py:188} INFO - [2026-05-31T12:19:08.307+0000] {dag.py:3954} INFO - Setting next_dagrun for produce_json to 2026-05-31 11:00:00+00:00, run_after=2026-06-01 11:00:00+00:00
[2026-05-31T12:19:08.310+0000] {logging_mixin.py:188} INFO - [2026-05-31T12:19:08.309+0000] {dag.py:3954} INFO - Setting next_dagrun for update_db to None, run_after=None
[2026-05-31T12:19:08.332+0000] {processor.py:183} INFO - Processing /opt/airflow/dags/main.py took 0.521 seconds
[2026-05-31T12:19:38.618+0000] {processor.py:161} INFO - Started process (PID=4259) to work on /opt/airflow/dags/main.py
[2026-05-31T12:19:38.621+0000] {processor.py:830} INFO - Processing file /opt/airflow/dags/main.py for tasks to queue
[2026-05-31T12:19:38.623+0000] {logging_mixin.py:188} INFO - [2026-05-31T12:19:38.622+0000] {dagbag.py:545} INFO - Filling up the DagBag from /opt/airflow/dags/main.py
[2026-05-31T12:19:38.858+0000] {processor.py:840} INFO - DAG(s) 'produce_json', 'update_db', 'data_quality' retrieved from /opt/airflow/dags/main.py
[2026-05-31T12:19:38.914+0000] {logging_mixin.py:188} INFO - [2026-05-31T12:19:38.914+0000] {dag.py:3096} INFO - Sync 3 DAGs
[2026-05-31T12:19:38.945+0000] {logging_mixin.py:188} INFO - [2026-05-31T12:19:38.944+0000] {dag.py:3954} INFO - Setting next_dagrun for data_quality to None, run_after=None
[2026-05-31T12:19:38.953+0000] {logging_mixin.py:188} INFO - [2026-05-31T12:19:38.953+0000] {dag.py:3954} INFO - Setting next_dagrun for produce_json to 2026-05-31 11:00:00+00:00, run_after=2026-06-01 11:00:00+00:00
[2026-05-31T12:19:38.956+0000] {logging_mixin.py:188} INFO - [2026-05-31T12:19:38.955+0000] {dag.py:3954} INFO - Setting next_dagrun for update_db to None, run_after=None
[2026-05-31T12:19:38.982+0000] {processor.py:183} INFO - Processing /opt/airflow/dags/main.py took 0.378 seconds
[2026-05-31T12:20:09.178+0000] {processor.py:161} INFO - Started process (PID=4266) to work on /opt/airflow/dags/main.py
[2026-05-31T12:20:09.181+0000] {processor.py:830} INFO - Processing file /opt/airflow/dags/main.py for tasks to queue
[2026-05-31T12:20:09.184+0000] {logging_mixin.py:188} INFO - [2026-05-31T12:20:09.183+0000] {dagbag.py:545} INFO - Filling up the DagBag from /opt/airflow/dags/main.py
[2026-05-31T12:20:09.423+0000] {processor.py:840} INFO - DAG(s) 'data_quality', 'produce_json', 'update_db' retrieved from /opt/airflow/dags/main.py
[2026-05-31T12:20:09.460+0000] {logging_mixin.py:188} INFO - [2026-05-31T12:20:09.459+0000] {dag.py:3096} INFO - Sync 3 DAGs
[2026-05-31T12:20:09.482+0000] {logging_mixin.py:188} INFO - [2026-05-31T12:20:09.482+0000] {dag.py:3954} INFO - Setting next_dagrun for data_quality to None, run_after=None
[2026-05-31T12:20:09.489+0000] {logging_mixin.py:188} INFO - [2026-05-31T12:20:09.489+0000] {dag.py:3954} INFO - Setting next_dagrun for produce_json to 2026-05-31 11:00:00+00:00, run_after=2026-06-01 11:00:00+00:00
[2026-05-31T12:20:09.492+0000] {logging_mixin.py:188} INFO - [2026-05-31T12:20:09.492+0000] {dag.py:3954} INFO - Setting next_dagrun for update_db to None, run_after=None
[2026-05-31T12:20:09.571+0000] {processor.py:183} INFO - Processing /opt/airflow/dags/main.py took 0.410 seconds
[2026-05-31T12:20:39.787+0000] {processor.py:161} INFO - Started process (PID=4273) to work on /opt/airflow/dags/main.py
[2026-05-31T12:20:39.789+0000] {processor.py:830} INFO - Processing file /opt/airflow/dags/main.py for tasks to queue
[2026-05-31T12:20:39.790+0000] {logging_mixin.py:188} INFO - [2026-05-31T12:20:39.790+0000] {dagbag.py:545} INFO - Filling up the DagBag from /opt/airflow/dags/main.py
[2026-05-31T12:20:40.093+0000] {processor.py:840} INFO - DAG(s) 'data_quality', 'update_db', 'produce_json' retrieved from /opt/airflow/dags/main.py
[2026-05-31T12:20:40.144+0000] {logging_mixin.py:188} INFO - [2026-05-31T12:20:40.144+0000] {dag.py:3096} INFO - Sync 3 DAGs
[2026-05-31T12:20:40.188+0000] {logging_mixin.py:188} INFO - [2026-05-31T12:20:40.187+0000] {dag.py:3954} INFO - Setting next_dagrun for data_quality to None, run_after=None
[2026-05-31T12:20:40.203+0000] {logging_mixin.py:188} INFO - [2026-05-31T12:20:40.202+0000] {dag.py:3954} INFO - Setting next_dagrun for produce_json to 2026-05-31 11:00:00+00:00, run_after=2026-06-01 11:00:00+00:00
[2026-05-31T12:20:40.206+0000] {logging_mixin.py:188} INFO - [2026-05-31T12:20:40.205+0000] {dag.py:3954} INFO - Setting next_dagrun for update_db to None, run_after=None
[2026-05-31T12:20:40.293+0000] {processor.py:183} INFO - Processing /opt/airflow/dags/main.py took 0.516 seconds
[2026-05-31T12:21:10.835+0000] {processor.py:161} INFO - Started process (PID=4280) to work on /opt/airflow/dags/main.py
[2026-05-31T12:21:10.838+0000] {processor.py:830} INFO - Processing file /opt/airflow/dags/main.py for tasks to queue
[2026-05-31T12:21:10.840+0000] {logging_mixin.py:188} INFO - [2026-05-31T12:21:10.840+0000] {dagbag.py:545} INFO - Filling up the DagBag from /opt/airflow/dags/main.py
[2026-05-31T12:21:11.149+0000] {processor.py:840} INFO - DAG(s) 'data_quality', 'update_db', 'produce_json' retrieved from /opt/airflow/dags/main.py
[2026-05-31T12:21:11.223+0000] {logging_mixin.py:188} INFO - [2026-05-31T12:21:11.222+0000] {dag.py:3096} INFO - Sync 3 DAGs
[2026-05-31T12:21:11.269+0000] {logging_mixin.py:188} INFO - [2026-05-31T12:21:11.269+0000] {dag.py:3954} INFO - Setting next_dagrun for data_quality to None, run_after=None
[2026-05-31T12:21:11.279+0000] {logging_mixin.py:188} INFO - [2026-05-31T12:21:11.279+0000] {dag.py:3954} INFO - Setting next_dagrun for produce_json to 2026-05-31 11:00:00+00:00, run_after=2026-06-01 11:00:00+00:00
[2026-05-31T12:21:11.282+0000] {logging_mixin.py:188} INFO - [2026-05-31T12:21:11.282+0000] {dag.py:3954} INFO - Setting next_dagrun for update_db to None, run_after=None
[2026-05-31T12:21:11.366+0000] {processor.py:183} INFO - Processing /opt/airflow/dags/main.py took 0.563 seconds
[2026-05-31T12:21:41.742+0000] {processor.py:161} INFO - Started process (PID=4287) to work on /opt/airflow/dags/main.py
[2026-05-31T12:21:41.744+0000] {processor.py:830} INFO - Processing file /opt/airflow/dags/main.py for tasks to queue
[2026-05-31T12:21:41.745+0000] {logging_mixin.py:188} INFO - [2026-05-31T12:21:41.745+0000] {dagbag.py:545} INFO - Filling up the DagBag from /opt/airflow/dags/main.py
[2026-05-31T12:21:42.101+0000] {processor.py:840} INFO - DAG(s) 'update_db', 'produce_json', 'data_quality' retrieved from /opt/airflow/dags/main.py
[2026-05-31T12:21:42.154+0000] {logging_mixin.py:188} INFO - [2026-05-31T12:21:42.154+0000] {dag.py:3096} INFO - Sync 3 DAGs
[2026-05-31T12:21:42.183+0000] {logging_mixin.py:188} INFO - [2026-05-31T12:21:42.183+0000] {dag.py:3954} INFO - Setting next_dagrun for data_quality to None, run_after=None
[2026-05-31T12:21:42.191+0000] {logging_mixin.py:188} INFO - [2026-05-31T12:21:42.191+0000] {dag.py:3954} INFO - Setting next_dagrun for produce_json to 2026-05-31 11:00:00+00:00, run_after=2026-06-01 11:00:00+00:00
[2026-05-31T12:21:42.193+0000] {logging_mixin.py:188} INFO - [2026-05-31T12:21:42.193+0000] {dag.py:3954} INFO - Setting next_dagrun for update_db to None, run_after=None
[2026-05-31T12:21:42.279+0000] {processor.py:183} INFO - Processing /opt/airflow/dags/main.py took 0.544 seconds
[2026-05-31T12:22:12.814+0000] {processor.py:161} INFO - Started process (PID=4294) to work on /opt/airflow/dags/main.py
[2026-05-31T12:22:12.816+0000] {processor.py:830} INFO - Processing file /opt/airflow/dags/main.py for tasks to queue
[2026-05-31T12:22:12.819+0000] {logging_mixin.py:188} INFO - [2026-05-31T12:22:12.818+0000] {dagbag.py:545} INFO - Filling up the DagBag from /opt/airflow/dags/main.py
[2026-05-31T12:22:13.147+0000] {processor.py:840} INFO - DAG(s) 'data_quality', 'produce_json', 'update_db' retrieved from /opt/airflow/dags/main.py
[2026-05-31T12:22:13.215+0000] {logging_mixin.py:188} INFO - [2026-05-31T12:22:13.215+0000] {dag.py:3096} INFO - Sync 3 DAGs
[2026-05-31T12:22:13.239+0000] {logging_mixin.py:188} INFO - [2026-05-31T12:22:13.239+0000] {dag.py:3954} INFO - Setting next_dagrun for data_quality to None, run_after=None
[2026-05-31T12:22:13.246+0000] {logging_mixin.py:188} INFO - [2026-05-31T12:22:13.246+0000] {dag.py:3954} INFO - Setting next_dagrun for produce_json to 2026-05-31 11:00:00+00:00, run_after=2026-06-01 11:00:00+00:00
[2026-05-31T12:22:13.248+0000] {logging_mixin.py:188} INFO - [2026-05-31T12:22:13.248+0000] {dag.py:3954} INFO - Setting next_dagrun for update_db to None, run_after=None
[2026-05-31T12:22:13.270+0000] {processor.py:183} INFO - Processing /opt/airflow/dags/main.py took 0.476 seconds
[2026-05-31T12:22:43.620+0000] {processor.py:161} INFO - Started process (PID=4301) to work on /opt/airflow/dags/main.py
[2026-05-31T12:22:43.623+0000] {processor.py:830} INFO - Processing file /opt/airflow/dags/main.py for tasks to queue
[2026-05-31T12:22:43.625+0000] {logging_mixin.py:188} INFO - [2026-05-31T12:22:43.625+0000] {dagbag.py:545} INFO - Filling up the DagBag from /opt/airflow/dags/main.py
[2026-05-31T12:22:43.965+0000] {processor.py:840} INFO - DAG(s) 'data_quality', 'update_db', 'produce_json' retrieved from /opt/airflow/dags/main.py
[2026-05-31T12:22:44.038+0000] {logging_mixin.py:188} INFO - [2026-05-31T12:22:44.038+0000] {dag.py:3096} INFO - Sync 3 DAGs
[2026-05-31T12:22:44.083+0000] {logging_mixin.py:188} INFO - [2026-05-31T12:22:44.082+0000] {dag.py:3954} INFO - Setting next_dagrun for data_quality to None, run_after=None
[2026-05-31T12:22:44.097+0000] {logging_mixin.py:188} INFO - [2026-05-31T12:22:44.097+0000] {dag.py:3954} INFO - Setting next_dagrun for produce_json to 2026-05-31 11:00:00+00:00, run_after=2026-06-01 11:00:00+00:00
[2026-05-31T12:22:44.101+0000] {logging_mixin.py:188} INFO - [2026-05-31T12:22:44.100+0000] {dag.py:3954} INFO - Setting next_dagrun for update_db to None, run_after=None
[2026-05-31T12:22:44.176+0000] {processor.py:183} INFO - Processing /opt/airflow/dags/main.py took 0.572 seconds
[2026-05-31T12:23:14.622+0000] {processor.py:161} INFO - Started process (PID=4308) to work on /opt/airflow/dags/main.py
[2026-05-31T12:23:14.624+0000] {processor.py:830} INFO - Processing file /opt/airflow/dags/main.py for tasks to queue
[2026-05-31T12:23:14.625+0000] {logging_mixin.py:188} INFO - [2026-05-31T12:23:14.624+0000] {dagbag.py:545} INFO - Filling up the DagBag from /opt/airflow/dags/main.py
[2026-05-31T12:23:14.849+0000] {processor.py:840} INFO - DAG(s) 'data_quality', 'update_db', 'produce_json' retrieved from /opt/airflow/dags/main.py
[2026-05-31T12:23:14.899+0000] {logging_mixin.py:188} INFO - [2026-05-31T12:23:14.898+0000] {dag.py:3096} INFO - Sync 3 DAGs
[2026-05-31T12:23:14.926+0000] {logging_mixin.py:188} INFO - [2026-05-31T12:23:14.926+0000] {dag.py:3954} INFO - Setting next_dagrun for data_quality to None, run_after=None
[2026-05-31T12:23:14.932+0000] {logging_mixin.py:188} INFO - [2026-05-31T12:23:14.932+0000] {dag.py:3954} INFO - Setting next_dagrun for produce_json to 2026-05-31 11:00:00+00:00, run_after=2026-06-01 11:00:00+00:00
[2026-05-31T12:23:14.934+0000] {logging_mixin.py:188} INFO - [2026-05-31T12:23:14.934+0000] {dag.py:3954} INFO - Setting next_dagrun for update_db to None, run_after=None
[2026-05-31T12:23:14.957+0000] {processor.py:183} INFO - Processing /opt/airflow/dags/main.py took 0.343 seconds
[2026-05-31T12:23:45.907+0000] {processor.py:161} INFO - Started process (PID=4315) to work on /opt/airflow/dags/main.py
[2026-05-31T12:23:45.910+0000] {processor.py:830} INFO - Processing file /opt/airflow/dags/main.py for tasks to queue
[2026-05-31T12:23:45.913+0000] {logging_mixin.py:188} INFO - [2026-05-31T12:23:45.912+0000] {dagbag.py:545} INFO - Filling up the DagBag from /opt/airflow/dags/main.py
[2026-05-31T12:23:46.191+0000] {processor.py:840} INFO - DAG(s) 'produce_json', 'update_db', 'data_quality' retrieved from /opt/airflow/dags/main.py
[2026-05-31T12:23:46.231+0000] {logging_mixin.py:188} INFO - [2026-05-31T12:23:46.231+0000] {dag.py:3096} INFO - Sync 3 DAGs
[2026-05-31T12:23:46.264+0000] {logging_mixin.py:188} INFO - [2026-05-31T12:23:46.264+0000] {dag.py:3954} INFO - Setting next_dagrun for data_quality to None, run_after=None
[2026-05-31T12:23:46.274+0000] {logging_mixin.py:188} INFO - [2026-05-31T12:23:46.273+0000] {dag.py:3954} INFO - Setting next_dagrun for produce_json to 2026-05-31 11:00:00+00:00, run_after=2026-06-01 11:00:00+00:00
[2026-05-31T12:23:46.276+0000] {logging_mixin.py:188} INFO - [2026-05-31T12:23:46.276+0000] {dag.py:3954} INFO - Setting next_dagrun for update_db to None, run_after=None
[2026-05-31T12:23:46.338+0000] {processor.py:183} INFO - Processing /opt/airflow/dags/main.py took 0.443 seconds
[2026-05-31T12:24:16.793+0000] {processor.py:161} INFO - Started process (PID=4322) to work on /opt/airflow/dags/main.py
[2026-05-31T12:24:16.796+0000] {processor.py:830} INFO - Processing file /opt/airflow/dags/main.py for tasks to queue
[2026-05-31T12:24:16.799+0000] {logging_mixin.py:188} INFO - [2026-05-31T12:24:16.798+0000] {dagbag.py:545} INFO - Filling up the DagBag from /opt/airflow/dags/main.py
[2026-05-31T12:24:17.123+0000] {processor.py:840} INFO - DAG(s) 'produce_json', 'data_quality', 'update_db' retrieved from /opt/airflow/dags/main.py
[2026-05-31T12:24:17.161+0000] {logging_mixin.py:188} INFO - [2026-05-31T12:24:17.161+0000] {dag.py:3096} INFO - Sync 3 DAGs
[2026-05-31T12:24:17.208+0000] {logging_mixin.py:188} INFO - [2026-05-31T12:24:17.208+0000] {dag.py:3954} INFO - Setting next_dagrun for data_quality to None, run_after=None
[2026-05-31T12:24:17.218+0000] {logging_mixin.py:188} INFO - [2026-05-31T12:24:17.217+0000] {dag.py:3954} INFO - Setting next_dagrun for produce_json to 2026-05-31 11:00:00+00:00, run_after=2026-06-01 11:00:00+00:00
[2026-05-31T12:24:17.222+0000] {logging_mixin.py:188} INFO - [2026-05-31T12:24:17.221+0000] {dag.py:3954} INFO - Setting next_dagrun for update_db to None, run_after=None
[2026-05-31T12:24:17.281+0000] {processor.py:183} INFO - Processing /opt/airflow/dags/main.py took 0.505 seconds
[2026-05-31T12:24:47.736+0000] {processor.py:161} INFO - Started process (PID=4330) to work on /opt/airflow/dags/main.py
[2026-05-31T12:24:47.738+0000] {processor.py:830} INFO - Processing file /opt/airflow/dags/main.py for tasks to queue
[2026-05-31T12:24:47.740+0000] {logging_mixin.py:188} INFO - [2026-05-31T12:24:47.740+0000] {dagbag.py:545} INFO - Filling up the DagBag from /opt/airflow/dags/main.py
[2026-05-31T12:24:47.984+0000] {processor.py:840} INFO - DAG(s) 'data_quality', 'update_db', 'produce_json' retrieved from /opt/airflow/dags/main.py
[2026-05-31T12:24:48.025+0000] {logging_mixin.py:188} INFO - [2026-05-31T12:24:48.024+0000] {dag.py:3096} INFO - Sync 3 DAGs
[2026-05-31T12:24:48.065+0000] {logging_mixin.py:188} INFO - [2026-05-31T12:24:48.064+0000] {dag.py:3954} INFO - Setting next_dagrun for data_quality to None, run_after=None
[2026-05-31T12:24:48.079+0000] {logging_mixin.py:188} INFO - [2026-05-31T12:24:48.079+0000] {dag.py:3954} INFO - Setting next_dagrun for produce_json to 2026-05-31 11:00:00+00:00, run_after=2026-06-01 11:00:00+00:00
[2026-05-31T12:24:48.082+0000] {logging_mixin.py:188} INFO - [2026-05-31T12:24:48.082+0000] {dag.py:3954} INFO - Setting next_dagrun for update_db to None, run_after=None
[2026-05-31T12:24:48.110+0000] {processor.py:183} INFO - Processing /opt/airflow/dags/main.py took 0.385 seconds
[2026-05-31T13:56:10.078+0000] {processor.py:161} INFO - Started process (PID=4337) to work on /opt/airflow/dags/main.py
[2026-05-31T13:56:10.081+0000] {processor.py:830} INFO - Processing file /opt/airflow/dags/main.py for tasks to queue
[2026-05-31T13:56:10.084+0000] {logging_mixin.py:188} INFO - [2026-05-31T13:56:10.083+0000] {dagbag.py:545} INFO - Filling up the DagBag from /opt/airflow/dags/main.py
[2026-05-31T13:56:10.388+0000] {processor.py:840} INFO - DAG(s) 'produce_json', 'data_quality', 'update_db' retrieved from /opt/airflow/dags/main.py
[2026-05-31T13:56:10.444+0000] {logging_mixin.py:188} INFO - [2026-05-31T13:56:10.443+0000] {dag.py:3096} INFO - Sync 3 DAGs
[2026-05-31T13:56:10.491+0000] {logging_mixin.py:188} INFO - [2026-05-31T13:56:10.491+0000] {dag.py:3954} INFO - Setting next_dagrun for data_quality to None, run_after=None
[2026-05-31T13:56:10.506+0000] {logging_mixin.py:188} INFO - [2026-05-31T13:56:10.505+0000] {dag.py:3954} INFO - Setting next_dagrun for produce_json to 2026-05-31 11:00:00+00:00, run_after=2026-06-01 11:00:00+00:00
[2026-05-31T13:56:10.509+0000] {logging_mixin.py:188} INFO - [2026-05-31T13:56:10.509+0000] {dag.py:3954} INFO - Setting next_dagrun for update_db to None, run_after=None
[2026-05-31T13:56:10.543+0000] {processor.py:183} INFO - Processing /opt/airflow/dags/main.py took 0.499 seconds
[2026-05-31T13:56:40.818+0000] {processor.py:161} INFO - Started process (PID=4344) to work on /opt/airflow/dags/main.py
[2026-05-31T13:56:40.820+0000] {processor.py:830} INFO - Processing file /opt/airflow/dags/main.py for tasks to queue
[2026-05-31T13:56:40.821+0000] {logging_mixin.py:188} INFO - [2026-05-31T13:56:40.820+0000] {dagbag.py:545} INFO - Filling up the DagBag from /opt/airflow/dags/main.py
[2026-05-31T13:56:40.934+0000] {processor.py:840} INFO - DAG(s) 'produce_json', 'update_db', 'data_quality' retrieved from /opt/airflow/dags/main.py
[2026-05-31T13:56:40.963+0000] {logging_mixin.py:188} INFO - [2026-05-31T13:56:40.963+0000] {dag.py:3096} INFO - Sync 3 DAGs
[2026-05-31T13:56:40.981+0000] {logging_mixin.py:188} INFO - [2026-05-31T13:56:40.981+0000] {dag.py:3954} INFO - Setting next_dagrun for data_quality to None, run_after=None
[2026-05-31T13:56:40.986+0000] {logging_mixin.py:188} INFO - [2026-05-31T13:56:40.986+0000] {dag.py:3954} INFO - Setting next_dagrun for produce_json to 2026-05-31 11:00:00+00:00, run_after=2026-06-01 11:00:00+00:00
[2026-05-31T13:56:40.988+0000] {logging_mixin.py:188} INFO - [2026-05-31T13:56:40.988+0000] {dag.py:3954} INFO - Setting next_dagrun for update_db to None, run_after=None
[2026-05-31T13:56:41.006+0000] {processor.py:183} INFO - Processing /opt/airflow/dags/main.py took 0.194 seconds
[2026-05-31T13:57:11.186+0000] {processor.py:161} INFO - Started process (PID=4351) to work on /opt/airflow/dags/main.py
[2026-05-31T13:57:11.187+0000] {processor.py:830} INFO - Processing file /opt/airflow/dags/main.py for tasks to queue
[2026-05-31T13:57:11.189+0000] {logging_mixin.py:188} INFO - [2026-05-31T13:57:11.188+0000] {dagbag.py:545} INFO - Filling up the DagBag from /opt/airflow/dags/main.py
[2026-05-31T13:57:11.307+0000] {processor.py:840} INFO - DAG(s) 'produce_json', 'data_quality', 'update_db' retrieved from /opt/airflow/dags/main.py
[2026-05-31T13:57:11.336+0000] {logging_mixin.py:188} INFO - [2026-05-31T13:57:11.336+0000] {dag.py:3096} INFO - Sync 3 DAGs
[2026-05-31T13:57:11.355+0000] {logging_mixin.py:188} INFO - [2026-05-31T13:57:11.355+0000] {dag.py:3954} INFO - Setting next_dagrun for data_quality to None, run_after=None
[2026-05-31T13:57:11.361+0000] {logging_mixin.py:188} INFO - [2026-05-31T13:57:11.361+0000] {dag.py:3954} INFO - Setting next_dagrun for produce_json to 2026-05-31 11:00:00+00:00, run_after=2026-06-01 11:00:00+00:00
[2026-05-31T13:57:11.362+0000] {logging_mixin.py:188} INFO - [2026-05-31T13:57:11.362+0000] {dag.py:3954} INFO - Setting next_dagrun for update_db to None, run_after=None
[2026-05-31T13:57:11.389+0000] {processor.py:183} INFO - Processing /opt/airflow/dags/main.py took 0.210 seconds
[2026-05-31T13:57:41.574+0000] {processor.py:161} INFO - Started process (PID=4358) to work on /opt/airflow/dags/main.py
[2026-05-31T13:57:41.576+0000] {processor.py:830} INFO - Processing file /opt/airflow/dags/main.py for tasks to queue
[2026-05-31T13:57:41.577+0000] {logging_mixin.py:188} INFO - [2026-05-31T13:57:41.577+0000] {dagbag.py:545} INFO - Filling up the DagBag from /opt/airflow/dags/main.py
[2026-05-31T13:57:41.715+0000] {processor.py:840} INFO - DAG(s) 'data_quality', 'update_db', 'produce_json' retrieved from /opt/airflow/dags/main.py
[2026-05-31T13:57:41.747+0000] {logging_mixin.py:188} INFO - [2026-05-31T13:57:41.746+0000] {dag.py:3096} INFO - Sync 3 DAGs
[2026-05-31T13:57:41.768+0000] {logging_mixin.py:188} INFO - [2026-05-31T13:57:41.768+0000] {dag.py:3954} INFO - Setting next_dagrun for data_quality to None, run_after=None
[2026-05-31T13:57:41.774+0000] {logging_mixin.py:188} INFO - [2026-05-31T13:57:41.773+0000] {dag.py:3954} INFO - Setting next_dagrun for produce_json to 2026-05-31 11:00:00+00:00, run_after=2026-06-01 11:00:00+00:00
[2026-05-31T13:57:41.775+0000] {logging_mixin.py:188} INFO - [2026-05-31T13:57:41.775+0000] {dag.py:3954} INFO - Setting next_dagrun for update_db to None, run_after=None
[2026-05-31T13:57:41.808+0000] {processor.py:183} INFO - Processing /opt/airflow/dags/main.py took 0.241 seconds
[2026-05-31T13:58:11.929+0000] {processor.py:161} INFO - Started process (PID=4365) to work on /opt/airflow/dags/main.py
[2026-05-31T13:58:11.930+0000] {processor.py:830} INFO - Processing file /opt/airflow/dags/main.py for tasks to queue
[2026-05-31T13:58:11.931+0000] {logging_mixin.py:188} INFO - [2026-05-31T13:58:11.931+0000] {dagbag.py:545} INFO - Filling up the DagBag from /opt/airflow/dags/main.py
[2026-05-31T13:58:12.058+0000] {processor.py:840} INFO - DAG(s) 'produce_json', 'update_db', 'data_quality' retrieved from /opt/airflow/dags/main.py
[2026-05-31T13:58:12.086+0000] {logging_mixin.py:188} INFO - [2026-05-31T13:58:12.086+0000] {dag.py:3096} INFO - Sync 3 DAGs
[2026-05-31T13:58:12.105+0000] {logging_mixin.py:188} INFO - [2026-05-31T13:58:12.105+0000] {dag.py:3954} INFO - Setting next_dagrun for data_quality to None, run_after=None
[2026-05-31T13:58:12.111+0000] {logging_mixin.py:188} INFO - [2026-05-31T13:58:12.111+0000] {dag.py:3954} INFO - Setting next_dagrun for produce_json to 2026-05-31 11:00:00+00:00, run_after=2026-06-01 11:00:00+00:00
[2026-05-31T13:58:12.112+0000] {logging_mixin.py:188} INFO - [2026-05-31T13:58:12.112+0000] {dag.py:3954} INFO - Setting next_dagrun for update_db to None, run_after=None
[2026-05-31T13:58:12.128+0000] {processor.py:183} INFO - Processing /opt/airflow/dags/main.py took 0.226 seconds
[2026-05-31T13:58:42.382+0000] {processor.py:161} INFO - Started process (PID=4372) to work on /opt/airflow/dags/main.py
[2026-05-31T13:58:42.383+0000] {processor.py:830} INFO - Processing file /opt/airflow/dags/main.py for tasks to queue
[2026-05-31T13:58:42.384+0000] {logging_mixin.py:188} INFO - [2026-05-31T13:58:42.384+0000] {dagbag.py:545} INFO - Filling up the DagBag from /opt/airflow/dags/main.py
[2026-05-31T13:58:42.503+0000] {processor.py:840} INFO - DAG(s) 'update_db', 'data_quality', 'produce_json' retrieved from /opt/airflow/dags/main.py
[2026-05-31T13:58:42.532+0000] {logging_mixin.py:188} INFO - [2026-05-31T13:58:42.532+0000] {dag.py:3096} INFO - Sync 3 DAGs
[2026-05-31T13:58:42.553+0000] {logging_mixin.py:188} INFO - [2026-05-31T13:58:42.552+0000] {dag.py:3954} INFO - Setting next_dagrun for data_quality to None, run_after=None
[2026-05-31T13:58:42.558+0000] {logging_mixin.py:188} INFO - [2026-05-31T13:58:42.558+0000] {dag.py:3954} INFO - Setting next_dagrun for produce_json to 2026-05-31 11:00:00+00:00, run_after=2026-06-01 11:00:00+00:00
[2026-05-31T13:58:42.560+0000] {logging_mixin.py:188} INFO - [2026-05-31T13:58:42.560+0000] {dag.py:3954} INFO - Setting next_dagrun for update_db to None, run_after=None
[2026-05-31T13:58:42.578+0000] {processor.py:183} INFO - Processing /opt/airflow/dags/main.py took 0.202 seconds
[2026-05-31T13:59:12.714+0000] {processor.py:161} INFO - Started process (PID=4379) to work on /opt/airflow/dags/main.py
[2026-05-31T13:59:12.716+0000] {processor.py:830} INFO - Processing file /opt/airflow/dags/main.py for tasks to queue
[2026-05-31T13:59:12.717+0000] {logging_mixin.py:188} INFO - [2026-05-31T13:59:12.716+0000] {dagbag.py:545} INFO - Filling up the DagBag from /opt/airflow/dags/main.py
[2026-05-31T13:59:12.820+0000] {processor.py:840} INFO - DAG(s) 'data_quality', 'produce_json', 'update_db' retrieved from /opt/airflow/dags/main.py
[2026-05-31T13:59:12.847+0000] {logging_mixin.py:188} INFO - [2026-05-31T13:59:12.847+0000] {dag.py:3096} INFO - Sync 3 DAGs
[2026-05-31T13:59:12.866+0000] {logging_mixin.py:188} INFO - [2026-05-31T13:59:12.866+0000] {dag.py:3954} INFO - Setting next_dagrun for data_quality to None, run_after=None
[2026-05-31T13:59:12.871+0000] {logging_mixin.py:188} INFO - [2026-05-31T13:59:12.871+0000] {dag.py:3954} INFO - Setting next_dagrun for produce_json to 2026-05-31 11:00:00+00:00, run_after=2026-06-01 11:00:00+00:00
[2026-05-31T13:59:12.873+0000] {logging_mixin.py:188} INFO - [2026-05-31T13:59:12.873+0000] {dag.py:3954} INFO - Setting next_dagrun for update_db to None, run_after=None
[2026-05-31T13:59:12.889+0000] {processor.py:183} INFO - Processing /opt/airflow/dags/main.py took 0.182 seconds
[2026-05-31T13:59:43.122+0000] {processor.py:161} INFO - Started process (PID=4386) to work on /opt/airflow/dags/main.py
[2026-05-31T13:59:43.124+0000] {processor.py:830} INFO - Processing file /opt/airflow/dags/main.py for tasks to queue
[2026-05-31T13:59:43.125+0000] {logging_mixin.py:188} INFO - [2026-05-31T13:59:43.124+0000] {dagbag.py:545} INFO - Filling up the DagBag from /opt/airflow/dags/main.py
[2026-05-31T13:59:43.236+0000] {processor.py:840} INFO - DAG(s) 'produce_json', 'data_quality', 'update_db' retrieved from /opt/airflow/dags/main.py
[2026-05-31T13:59:43.263+0000] {logging_mixin.py:188} INFO - [2026-05-31T13:59:43.263+0000] {dag.py:3096} INFO - Sync 3 DAGs
[2026-05-31T13:59:43.284+0000] {logging_mixin.py:188} INFO - [2026-05-31T13:59:43.283+0000] {dag.py:3954} INFO - Setting next_dagrun for data_quality to None, run_after=None
[2026-05-31T13:59:43.293+0000] {logging_mixin.py:188} INFO - [2026-05-31T13:59:43.293+0000] {dag.py:3954} INFO - Setting next_dagrun for produce_json to 2026-05-31 11:00:00+00:00, run_after=2026-06-01 11:00:00+00:00
[2026-05-31T13:59:43.297+0000] {logging_mixin.py:188} INFO - [2026-05-31T13:59:43.296+0000] {dag.py:3954} INFO - Setting next_dagrun for update_db to None, run_after=None
[2026-05-31T13:59:43.320+0000] {processor.py:183} INFO - Processing /opt/airflow/dags/main.py took 0.204 seconds
[2026-05-31T14:00:13.376+0000] {processor.py:161} INFO - Started process (PID=4393) to work on /opt/airflow/dags/main.py
[2026-05-31T14:00:13.378+0000] {processor.py:830} INFO - Processing file /opt/airflow/dags/main.py for tasks to queue
[2026-05-31T14:00:13.379+0000] {logging_mixin.py:188} INFO - [2026-05-31T14:00:13.379+0000] {dagbag.py:545} INFO - Filling up the DagBag from /opt/airflow/dags/main.py
[2026-05-31T14:00:13.492+0000] {processor.py:840} INFO - DAG(s) 'produce_json', 'update_db', 'data_quality' retrieved from /opt/airflow/dags/main.py
[2026-05-31T14:00:13.522+0000] {logging_mixin.py:188} INFO - [2026-05-31T14:00:13.522+0000] {dag.py:3096} INFO - Sync 3 DAGs
[2026-05-31T14:00:13.541+0000] {logging_mixin.py:188} INFO - [2026-05-31T14:00:13.541+0000] {dag.py:3954} INFO - Setting next_dagrun for data_quality to None, run_after=None
[2026-05-31T14:00:13.548+0000] {logging_mixin.py:188} INFO - [2026-05-31T14:00:13.548+0000] {dag.py:3954} INFO - Setting next_dagrun for produce_json to 2026-05-31 11:00:00+00:00, run_after=2026-06-01 11:00:00+00:00
[2026-05-31T14:00:13.550+0000] {logging_mixin.py:188} INFO - [2026-05-31T14:00:13.550+0000] {dag.py:3954} INFO - Setting next_dagrun for update_db to None, run_after=None
[2026-05-31T14:00:13.569+0000] {processor.py:183} INFO - Processing /opt/airflow/dags/main.py took 0.199 seconds
[2026-05-31T14:00:43.794+0000] {processor.py:161} INFO - Started process (PID=4400) to work on /opt/airflow/dags/main.py
[2026-05-31T14:00:43.795+0000] {processor.py:830} INFO - Processing file /opt/airflow/dags/main.py for tasks to queue
[2026-05-31T14:00:43.796+0000] {logging_mixin.py:188} INFO - [2026-05-31T14:00:43.796+0000] {dagbag.py:545} INFO - Filling up the DagBag from /opt/airflow/dags/main.py
[2026-05-31T14:00:43.906+0000] {processor.py:840} INFO - DAG(s) 'data_quality', 'produce_json', 'update_db' retrieved from /opt/airflow/dags/main.py
[2026-05-31T14:00:43.934+0000] {logging_mixin.py:188} INFO - [2026-05-31T14:00:43.934+0000] {dag.py:3096} INFO - Sync 3 DAGs
[2026-05-31T14:00:43.957+0000] {logging_mixin.py:188} INFO - [2026-05-31T14:00:43.957+0000] {dag.py:3954} INFO - Setting next_dagrun for data_quality to None, run_after=None
[2026-05-31T14:00:43.962+0000] {logging_mixin.py:188} INFO - [2026-05-31T14:00:43.962+0000] {dag.py:3954} INFO - Setting next_dagrun for produce_json to 2026-05-31 11:00:00+00:00, run_after=2026-06-01 11:00:00+00:00
[2026-05-31T14:00:43.964+0000] {logging_mixin.py:188} INFO - [2026-05-31T14:00:43.964+0000] {dag.py:3954} INFO - Setting next_dagrun for update_db to None, run_after=None
[2026-05-31T14:00:43.981+0000] {processor.py:183} INFO - Processing /opt/airflow/dags/main.py took 0.193 seconds
[2026-05-31T14:01:14.152+0000] {processor.py:161} INFO - Started process (PID=4407) to work on /opt/airflow/dags/main.py
[2026-05-31T14:01:14.153+0000] {processor.py:830} INFO - Processing file /opt/airflow/dags/main.py for tasks to queue
[2026-05-31T14:01:14.154+0000] {logging_mixin.py:188} INFO - [2026-05-31T14:01:14.154+0000] {dagbag.py:545} INFO - Filling up the DagBag from /opt/airflow/dags/main.py
[2026-05-31T14:01:14.275+0000] {processor.py:840} INFO - DAG(s) 'update_db', 'data_quality', 'produce_json' retrieved from /opt/airflow/dags/main.py
[2026-05-31T14:01:14.304+0000] {logging_mixin.py:188} INFO - [2026-05-31T14:01:14.304+0000] {dag.py:3096} INFO - Sync 3 DAGs
[2026-05-31T14:01:14.322+0000] {logging_mixin.py:188} INFO - [2026-05-31T14:01:14.322+0000] {dag.py:3954} INFO - Setting next_dagrun for data_quality to None, run_after=None
[2026-05-31T14:01:14.327+0000] {logging_mixin.py:188} INFO - [2026-05-31T14:01:14.327+0000] {dag.py:3954} INFO - Setting next_dagrun for produce_json to 2026-05-31 11:00:00+00:00, run_after=2026-06-01 11:00:00+00:00
[2026-05-31T14:01:14.329+0000] {logging_mixin.py:188} INFO - [2026-05-31T14:01:14.329+0000] {dag.py:3954} INFO - Setting next_dagrun for update_db to None, run_after=None
[2026-05-31T14:01:14.344+0000] {processor.py:183} INFO - Processing /opt/airflow/dags/main.py took 0.199 seconds
[2026-05-31T14:01:44.402+0000] {processor.py:161} INFO - Started process (PID=4414) to work on /opt/airflow/dags/main.py
[2026-05-31T14:01:44.404+0000] {processor.py:830} INFO - Processing file /opt/airflow/dags/main.py for tasks to queue
[2026-05-31T14:01:44.405+0000] {logging_mixin.py:188} INFO - [2026-05-31T14:01:44.404+0000] {dagbag.py:545} INFO - Filling up the DagBag from /opt/airflow/dags/main.py
[2026-05-31T14:01:44.553+0000] {processor.py:840} INFO - DAG(s) 'data_quality', 'produce_json', 'update_db' retrieved from /opt/airflow/dags/main.py
[2026-05-31T14:01:44.589+0000] {logging_mixin.py:188} INFO - [2026-05-31T14:01:44.589+0000] {dag.py:3096} INFO - Sync 3 DAGs
[2026-05-31T14:01:44.611+0000] {logging_mixin.py:188} INFO - [2026-05-31T14:01:44.611+0000] {dag.py:3954} INFO - Setting next_dagrun for data_quality to None, run_after=None
[2026-05-31T14:01:44.617+0000] {logging_mixin.py:188} INFO - [2026-05-31T14:01:44.617+0000] {dag.py:3954} INFO - Setting next_dagrun for produce_json to 2026-05-31 11:00:00+00:00, run_after=2026-06-01 11:00:00+00:00
[2026-05-31T14:01:44.619+0000] {logging_mixin.py:188} INFO - [2026-05-31T14:01:44.619+0000] {dag.py:3954} INFO - Setting next_dagrun for update_db to None, run_after=None
[2026-05-31T14:01:44.638+0000] {processor.py:183} INFO - Processing /opt/airflow/dags/main.py took 0.245 seconds
[2026-05-31T14:02:14.938+0000] {processor.py:161} INFO - Started process (PID=4421) to work on /opt/airflow/dags/main.py
[2026-05-31T14:02:14.940+0000] {processor.py:830} INFO - Processing file /opt/airflow/dags/main.py for tasks to queue
[2026-05-31T14:02:14.941+0000] {logging_mixin.py:188} INFO - [2026-05-31T14:02:14.940+0000] {dagbag.py:545} INFO - Filling up the DagBag from /opt/airflow/dags/main.py
[2026-05-31T14:02:15.052+0000] {processor.py:840} INFO - DAG(s) 'data_quality', 'produce_json', 'update_db' retrieved from /opt/airflow/dags/main.py
[2026-05-31T14:02:15.080+0000] {logging_mixin.py:188} INFO - [2026-05-31T14:02:15.079+0000] {dag.py:3096} INFO - Sync 3 DAGs
[2026-05-31T14:02:15.097+0000] {logging_mixin.py:188} INFO - [2026-05-31T14:02:15.097+0000] {dag.py:3954} INFO - Setting next_dagrun for data_quality to None, run_after=None
[2026-05-31T14:02:15.103+0000] {logging_mixin.py:188} INFO - [2026-05-31T14:02:15.102+0000] {dag.py:3954} INFO - Setting next_dagrun for produce_json to 2026-05-31 11:00:00+00:00, run_after=2026-06-01 11:00:00+00:00
[2026-05-31T14:02:15.104+0000] {logging_mixin.py:188} INFO - [2026-05-31T14:02:15.104+0000] {dag.py:3954} INFO - Setting next_dagrun for update_db to None, run_after=None
[2026-05-31T14:02:15.131+0000] {processor.py:183} INFO - Processing /opt/airflow/dags/main.py took 0.198 seconds
[2026-05-31T14:02:45.244+0000] {processor.py:161} INFO - Started process (PID=4428) to work on /opt/airflow/dags/main.py
[2026-05-31T14:02:45.246+0000] {processor.py:830} INFO - Processing file /opt/airflow/dags/main.py for tasks to queue
[2026-05-31T14:02:45.247+0000] {logging_mixin.py:188} INFO - [2026-05-31T14:02:45.247+0000] {dagbag.py:545} INFO - Filling up the DagBag from /opt/airflow/dags/main.py
[2026-05-31T14:02:45.368+0000] {processor.py:840} INFO - DAG(s) 'data_quality', 'produce_json', 'update_db' retrieved from /opt/airflow/dags/main.py
[2026-05-31T14:02:45.396+0000] {logging_mixin.py:188} INFO - [2026-05-31T14:02:45.396+0000] {dag.py:3096} INFO - Sync 3 DAGs
[2026-05-31T14:02:45.414+0000] {logging_mixin.py:188} INFO - [2026-05-31T14:02:45.414+0000] {dag.py:3954} INFO - Setting next_dagrun for data_quality to None, run_after=None
[2026-05-31T14:02:45.420+0000] {logging_mixin.py:188} INFO - [2026-05-31T14:02:45.419+0000] {dag.py:3954} INFO - Setting next_dagrun for produce_json to 2026-05-31 11:00:00+00:00, run_after=2026-06-01 11:00:00+00:00
[2026-05-31T14:02:45.421+0000] {logging_mixin.py:188} INFO - [2026-05-31T14:02:45.421+0000] {dag.py:3954} INFO - Setting next_dagrun for update_db to None, run_after=None
[2026-05-31T14:02:45.450+0000] {processor.py:183} INFO - Processing /opt/airflow/dags/main.py took 0.213 seconds
[2026-05-31T14:03:15.634+0000] {processor.py:161} INFO - Started process (PID=4435) to work on /opt/airflow/dags/main.py
[2026-05-31T14:03:15.635+0000] {processor.py:830} INFO - Processing file /opt/airflow/dags/main.py for tasks to queue
[2026-05-31T14:03:15.636+0000] {logging_mixin.py:188} INFO - [2026-05-31T14:03:15.636+0000] {dagbag.py:545} INFO - Filling up the DagBag from /opt/airflow/dags/main.py
[2026-05-31T14:03:15.762+0000] {processor.py:840} INFO - DAG(s) 'data_quality', 'produce_json', 'update_db' retrieved from /opt/airflow/dags/main.py
[2026-05-31T14:03:15.793+0000] {logging_mixin.py:188} INFO - [2026-05-31T14:03:15.793+0000] {dag.py:3096} INFO - Sync 3 DAGs
[2026-05-31T14:03:15.815+0000] {logging_mixin.py:188} INFO - [2026-05-31T14:03:15.815+0000] {dag.py:3954} INFO - Setting next_dagrun for data_quality to None, run_after=None
[2026-05-31T14:03:15.821+0000] {logging_mixin.py:188} INFO - [2026-05-31T14:03:15.821+0000] {dag.py:3954} INFO - Setting next_dagrun for produce_json to 2026-05-31 11:00:00+00:00, run_after=2026-06-01 11:00:00+00:00
[2026-05-31T14:03:15.823+0000] {logging_mixin.py:188} INFO - [2026-05-31T14:03:15.823+0000] {dag.py:3954} INFO - Setting next_dagrun for update_db to None, run_after=None
[2026-05-31T14:03:15.840+0000] {processor.py:183} INFO - Processing /opt/airflow/dags/main.py took 0.213 seconds
[2026-05-31T14:03:45.988+0000] {processor.py:161} INFO - Started process (PID=4442) to work on /opt/airflow/dags/main.py
[2026-05-31T14:03:45.989+0000] {processor.py:830} INFO - Processing file /opt/airflow/dags/main.py for tasks to queue
[2026-05-31T14:03:45.990+0000] {logging_mixin.py:188} INFO - [2026-05-31T14:03:45.990+0000] {dagbag.py:545} INFO - Filling up the DagBag from /opt/airflow/dags/main.py
[2026-05-31T14:03:46.098+0000] {processor.py:840} INFO - DAG(s) 'data_quality', 'update_db', 'produce_json' retrieved from /opt/airflow/dags/main.py
[2026-05-31T14:03:46.130+0000] {logging_mixin.py:188} INFO - [2026-05-31T14:03:46.130+0000] {dag.py:3096} INFO - Sync 3 DAGs
[2026-05-31T14:03:46.152+0000] {logging_mixin.py:188} INFO - [2026-05-31T14:03:46.152+0000] {dag.py:3954} INFO - Setting next_dagrun for data_quality to None, run_after=None
[2026-05-31T14:03:46.158+0000] {logging_mixin.py:188} INFO - [2026-05-31T14:03:46.157+0000] {dag.py:3954} INFO - Setting next_dagrun for produce_json to 2026-05-31 11:00:00+00:00, run_after=2026-06-01 11:00:00+00:00
[2026-05-31T14:03:46.159+0000] {logging_mixin.py:188} INFO - [2026-05-31T14:03:46.159+0000] {dag.py:3954} INFO - Setting next_dagrun for update_db to None, run_after=None
[2026-05-31T14:03:46.188+0000] {processor.py:183} INFO - Processing /opt/airflow/dags/main.py took 0.206 seconds
[2026-05-31T14:04:16.487+0000] {processor.py:161} INFO - Started process (PID=4449) to work on /opt/airflow/dags/main.py
[2026-05-31T14:04:16.488+0000] {processor.py:830} INFO - Processing file /opt/airflow/dags/main.py for tasks to queue
[2026-05-31T14:04:16.489+0000] {logging_mixin.py:188} INFO - [2026-05-31T14:04:16.488+0000] {dagbag.py:545} INFO - Filling up the DagBag from /opt/airflow/dags/main.py
[2026-05-31T14:04:16.608+0000] {processor.py:840} INFO - DAG(s) 'data_quality', 'produce_json', 'update_db' retrieved from /opt/airflow/dags/main.py
[2026-05-31T14:04:16.640+0000] {logging_mixin.py:188} INFO - [2026-05-31T14:04:16.640+0000] {dag.py:3096} INFO - Sync 3 DAGs
[2026-05-31T14:04:16.662+0000] {logging_mixin.py:188} INFO - [2026-05-31T14:04:16.662+0000] {dag.py:3954} INFO - Setting next_dagrun for data_quality to None, run_after=None
[2026-05-31T14:04:16.670+0000] {logging_mixin.py:188} INFO - [2026-05-31T14:04:16.670+0000] {dag.py:3954} INFO - Setting next_dagrun for produce_json to 2026-05-31 11:00:00+00:00, run_after=2026-06-01 11:00:00+00:00
[2026-05-31T14:04:16.671+0000] {logging_mixin.py:188} INFO - [2026-05-31T14:04:16.671+0000] {dag.py:3954} INFO - Setting next_dagrun for update_db to None, run_after=None
[2026-05-31T14:04:16.688+0000] {processor.py:183} INFO - Processing /opt/airflow/dags/main.py took 0.207 seconds
[2026-05-31T14:04:46.961+0000] {processor.py:161} INFO - Started process (PID=4456) to work on /opt/airflow/dags/main.py
[2026-05-31T14:04:46.962+0000] {processor.py:830} INFO - Processing file /opt/airflow/dags/main.py for tasks to queue
[2026-05-31T14:04:46.963+0000] {logging_mixin.py:188} INFO - [2026-05-31T14:04:46.963+0000] {dagbag.py:545} INFO - Filling up the DagBag from /opt/airflow/dags/main.py
[2026-05-31T14:04:47.085+0000] {processor.py:840} INFO - DAG(s) 'data_quality', 'update_db', 'produce_json' retrieved from /opt/airflow/dags/main.py
[2026-05-31T14:04:47.114+0000] {logging_mixin.py:188} INFO - [2026-05-31T14:04:47.114+0000] {dag.py:3096} INFO - Sync 3 DAGs
[2026-05-31T14:04:47.133+0000] {logging_mixin.py:188} INFO - [2026-05-31T14:04:47.133+0000] {dag.py:3954} INFO - Setting next_dagrun for data_quality to None, run_after=None
[2026-05-31T14:04:47.138+0000] {logging_mixin.py:188} INFO - [2026-05-31T14:04:47.138+0000] {dag.py:3954} INFO - Setting next_dagrun for produce_json to 2026-05-31 11:00:00+00:00, run_after=2026-06-01 11:00:00+00:00
[2026-05-31T14:04:47.140+0000] {logging_mixin.py:188} INFO - [2026-05-31T14:04:47.140+0000] {dag.py:3954} INFO - Setting next_dagrun for update_db to None, run_after=None
[2026-05-31T14:04:47.156+0000] {processor.py:183} INFO - Processing /opt/airflow/dags/main.py took 0.202 seconds
[2026-05-31T14:05:17.251+0000] {processor.py:161} INFO - Started process (PID=4463) to work on /opt/airflow/dags/main.py
[2026-05-31T14:05:17.253+0000] {processor.py:830} INFO - Processing file /opt/airflow/dags/main.py for tasks to queue
[2026-05-31T14:05:17.254+0000] {logging_mixin.py:188} INFO - [2026-05-31T14:05:17.253+0000] {dagbag.py:545} INFO - Filling up the DagBag from /opt/airflow/dags/main.py
[2026-05-31T14:05:17.372+0000] {processor.py:840} INFO - DAG(s) 'data_quality', 'produce_json', 'update_db' retrieved from /opt/airflow/dags/main.py
[2026-05-31T14:05:17.404+0000] {logging_mixin.py:188} INFO - [2026-05-31T14:05:17.404+0000] {dag.py:3096} INFO - Sync 3 DAGs
[2026-05-31T14:05:17.424+0000] {logging_mixin.py:188} INFO - [2026-05-31T14:05:17.424+0000] {dag.py:3954} INFO - Setting next_dagrun for data_quality to None, run_after=None
[2026-05-31T14:05:17.430+0000] {logging_mixin.py:188} INFO - [2026-05-31T14:05:17.429+0000] {dag.py:3954} INFO - Setting next_dagrun for produce_json to 2026-05-31 11:00:00+00:00, run_after=2026-06-01 11:00:00+00:00
[2026-05-31T14:05:17.431+0000] {logging_mixin.py:188} INFO - [2026-05-31T14:05:17.431+0000] {dag.py:3954} INFO - Setting next_dagrun for update_db to None, run_after=None
[2026-05-31T14:05:17.448+0000] {processor.py:183} INFO - Processing /opt/airflow/dags/main.py took 0.206 seconds
[2026-05-31T14:05:47.678+0000] {processor.py:161} INFO - Started process (PID=4471) to work on /opt/airflow/dags/main.py
[2026-05-31T14:05:47.679+0000] {processor.py:830} INFO - Processing file /opt/airflow/dags/main.py for tasks to queue
[2026-05-31T14:05:47.680+0000] {logging_mixin.py:188} INFO - [2026-05-31T14:05:47.680+0000] {dagbag.py:545} INFO - Filling up the DagBag from /opt/airflow/dags/main.py
[2026-05-31T14:05:47.792+0000] {processor.py:840} INFO - DAG(s) 'update_db', 'produce_json', 'data_quality' retrieved from /opt/airflow/dags/main.py
[2026-05-31T14:05:47.822+0000] {logging_mixin.py:188} INFO - [2026-05-31T14:05:47.822+0000] {dag.py:3096} INFO - Sync 3 DAGs
[2026-05-31T14:05:47.842+0000] {logging_mixin.py:188} INFO - [2026-05-31T14:05:47.841+0000] {dag.py:3954} INFO - Setting next_dagrun for data_quality to None, run_after=None
[2026-05-31T14:05:47.847+0000] {logging_mixin.py:188} INFO - [2026-05-31T14:05:47.847+0000] {dag.py:3954} INFO - Setting next_dagrun for produce_json to 2026-05-31 11:00:00+00:00, run_after=2026-06-01 11:00:00+00:00
[2026-05-31T14:05:47.849+0000] {logging_mixin.py:188} INFO - [2026-05-31T14:05:47.849+0000] {dag.py:3954} INFO - Setting next_dagrun for update_db to None, run_after=None
[2026-05-31T14:05:47.866+0000] {processor.py:183} INFO - Processing /opt/airflow/dags/main.py took 0.196 seconds
[2026-05-31T14:06:18.199+0000] {processor.py:161} INFO - Started process (PID=4483) to work on /opt/airflow/dags/main.py
[2026-05-31T14:06:18.200+0000] {processor.py:830} INFO - Processing file /opt/airflow/dags/main.py for tasks to queue
[2026-05-31T14:06:18.201+0000] {logging_mixin.py:188} INFO - [2026-05-31T14:06:18.201+0000] {dagbag.py:545} INFO - Filling up the DagBag from /opt/airflow/dags/main.py
[2026-05-31T14:06:18.313+0000] {processor.py:840} INFO - DAG(s) 'produce_json', 'update_db', 'data_quality' retrieved from /opt/airflow/dags/main.py
[2026-05-31T14:06:18.343+0000] {logging_mixin.py:188} INFO - [2026-05-31T14:06:18.343+0000] {dag.py:3096} INFO - Sync 3 DAGs
[2026-05-31T14:06:18.364+0000] {logging_mixin.py:188} INFO - [2026-05-31T14:06:18.363+0000] {dag.py:3954} INFO - Setting next_dagrun for data_quality to None, run_after=None
[2026-05-31T14:06:18.369+0000] {logging_mixin.py:188} INFO - [2026-05-31T14:06:18.369+0000] {dag.py:3954} INFO - Setting next_dagrun for produce_json to 2026-05-31 11:00:00+00:00, run_after=2026-06-01 11:00:00+00:00
[2026-05-31T14:06:18.370+0000] {logging_mixin.py:188} INFO - [2026-05-31T14:06:18.370+0000] {dag.py:3954} INFO - Setting next_dagrun for update_db to None, run_after=None
[2026-05-31T14:06:18.387+0000] {processor.py:183} INFO - Processing /opt/airflow/dags/main.py took 0.194 seconds
[2026-05-31T14:06:48.459+0000] {processor.py:161} INFO - Started process (PID=4490) to work on /opt/airflow/dags/main.py
[2026-05-31T14:06:48.461+0000] {processor.py:830} INFO - Processing file /opt/airflow/dags/main.py for tasks to queue
[2026-05-31T14:06:48.462+0000] {logging_mixin.py:188} INFO - [2026-05-31T14:06:48.462+0000] {dagbag.py:545} INFO - Filling up the DagBag from /opt/airflow/dags/main.py
[2026-05-31T14:06:48.579+0000] {processor.py:840} INFO - DAG(s) 'update_db', 'produce_json', 'data_quality' retrieved from /opt/airflow/dags/main.py
[2026-05-31T14:06:48.610+0000] {logging_mixin.py:188} INFO - [2026-05-31T14:06:48.610+0000] {dag.py:3096} INFO - Sync 3 DAGs
[2026-05-31T14:06:48.632+0000] {logging_mixin.py:188} INFO - [2026-05-31T14:06:48.632+0000] {dag.py:3954} INFO - Setting next_dagrun for data_quality to None, run_after=None
[2026-05-31T14:06:48.639+0000] {logging_mixin.py:188} INFO - [2026-05-31T14:06:48.638+0000] {dag.py:3954} INFO - Setting next_dagrun for produce_json to 2026-05-31 11:00:00+00:00, run_after=2026-06-01 11:00:00+00:00
[2026-05-31T14:06:48.641+0000] {logging_mixin.py:188} INFO - [2026-05-31T14:06:48.640+0000] {dag.py:3954} INFO - Setting next_dagrun for update_db to None, run_after=None
[2026-05-31T14:06:48.672+0000] {processor.py:183} INFO - Processing /opt/airflow/dags/main.py took 0.219 seconds
[2026-05-31T14:07:18.904+0000] {processor.py:161} INFO - Started process (PID=4497) to work on /opt/airflow/dags/main.py
[2026-05-31T14:07:18.905+0000] {processor.py:830} INFO - Processing file /opt/airflow/dags/main.py for tasks to queue
[2026-05-31T14:07:18.906+0000] {logging_mixin.py:188} INFO - [2026-05-31T14:07:18.906+0000] {dagbag.py:545} INFO - Filling up the DagBag from /opt/airflow/dags/main.py
[2026-05-31T14:07:19.019+0000] {processor.py:840} INFO - DAG(s) 'update_db', 'produce_json', 'data_quality' retrieved from /opt/airflow/dags/main.py
[2026-05-31T14:07:19.049+0000] {logging_mixin.py:188} INFO - [2026-05-31T14:07:19.048+0000] {dag.py:3096} INFO - Sync 3 DAGs
[2026-05-31T14:07:19.069+0000] {logging_mixin.py:188} INFO - [2026-05-31T14:07:19.069+0000] {dag.py:3954} INFO - Setting next_dagrun for data_quality to None, run_after=None
[2026-05-31T14:07:19.075+0000] {logging_mixin.py:188} INFO - [2026-05-31T14:07:19.075+0000] {dag.py:3954} INFO - Setting next_dagrun for produce_json to 2026-05-31 11:00:00+00:00, run_after=2026-06-01 11:00:00+00:00
[2026-05-31T14:07:19.077+0000] {logging_mixin.py:188} INFO - [2026-05-31T14:07:19.076+0000] {dag.py:3954} INFO - Setting next_dagrun for update_db to None, run_after=None
[2026-05-31T14:07:19.095+0000] {processor.py:183} INFO - Processing /opt/airflow/dags/main.py took 0.197 seconds
[2026-05-31T14:07:49.297+0000] {processor.py:161} INFO - Started process (PID=4504) to work on /opt/airflow/dags/main.py
[2026-05-31T14:07:49.298+0000] {processor.py:830} INFO - Processing file /opt/airflow/dags/main.py for tasks to queue
[2026-05-31T14:07:49.299+0000] {logging_mixin.py:188} INFO - [2026-05-31T14:07:49.299+0000] {dagbag.py:545} INFO - Filling up the DagBag from /opt/airflow/dags/main.py
[2026-05-31T14:07:49.434+0000] {processor.py:840} INFO - DAG(s) 'produce_json', 'update_db', 'data_quality' retrieved from /opt/airflow/dags/main.py
[2026-05-31T14:07:49.472+0000] {logging_mixin.py:188} INFO - [2026-05-31T14:07:49.472+0000] {dag.py:3096} INFO - Sync 3 DAGs
[2026-05-31T14:07:49.493+0000] {logging_mixin.py:188} INFO - [2026-05-31T14:07:49.493+0000] {dag.py:3954} INFO - Setting next_dagrun for data_quality to None, run_after=None
[2026-05-31T14:07:49.500+0000] {logging_mixin.py:188} INFO - [2026-05-31T14:07:49.500+0000] {dag.py:3954} INFO - Setting next_dagrun for produce_json to 2026-05-31 11:00:00+00:00, run_after=2026-06-01 11:00:00+00:00
[2026-05-31T14:07:49.502+0000] {logging_mixin.py:188} INFO - [2026-05-31T14:07:49.501+0000] {dag.py:3954} INFO - Setting next_dagrun for update_db to None, run_after=None
[2026-05-31T14:07:49.517+0000] {processor.py:183} INFO - Processing /opt/airflow/dags/main.py took 0.227 seconds
[2026-05-31T14:08:19.619+0000] {processor.py:161} INFO - Started process (PID=4511) to work on /opt/airflow/dags/main.py
[2026-05-31T14:08:19.621+0000] {processor.py:830} INFO - Processing file /opt/airflow/dags/main.py for tasks to queue
[2026-05-31T14:08:19.623+0000] {logging_mixin.py:188} INFO - [2026-05-31T14:08:19.622+0000] {dagbag.py:545} INFO - Filling up the DagBag from /opt/airflow/dags/main.py
[2026-05-31T14:08:19.747+0000] {processor.py:840} INFO - DAG(s) 'update_db', 'data_quality', 'produce_json' retrieved from /opt/airflow/dags/main.py
[2026-05-31T14:08:19.780+0000] {logging_mixin.py:188} INFO - [2026-05-31T14:08:19.780+0000] {dag.py:3096} INFO - Sync 3 DAGs
[2026-05-31T14:08:19.801+0000] {logging_mixin.py:188} INFO - [2026-05-31T14:08:19.800+0000] {dag.py:3954} INFO - Setting next_dagrun for data_quality to None, run_after=None
[2026-05-31T14:08:19.807+0000] {logging_mixin.py:188} INFO - [2026-05-31T14:08:19.807+0000] {dag.py:3954} INFO - Setting next_dagrun for produce_json to 2026-05-31 11:00:00+00:00, run_after=2026-06-01 11:00:00+00:00
[2026-05-31T14:08:19.809+0000] {logging_mixin.py:188} INFO - [2026-05-31T14:08:19.809+0000] {dag.py:3954} INFO - Setting next_dagrun for update_db to None, run_after=None
[2026-05-31T14:08:19.829+0000] {processor.py:183} INFO - Processing /opt/airflow/dags/main.py took 0.216 seconds
[2026-05-31T14:08:49.945+0000] {processor.py:161} INFO - Started process (PID=4518) to work on /opt/airflow/dags/main.py
[2026-05-31T14:08:49.947+0000] {processor.py:830} INFO - Processing file /opt/airflow/dags/main.py for tasks to queue
[2026-05-31T14:08:49.948+0000] {logging_mixin.py:188} INFO - [2026-05-31T14:08:49.948+0000] {dagbag.py:545} INFO - Filling up the DagBag from /opt/airflow/dags/main.py
[2026-05-31T14:08:50.062+0000] {processor.py:840} INFO - DAG(s) 'data_quality', 'produce_json', 'update_db' retrieved from /opt/airflow/dags/main.py
[2026-05-31T14:08:50.091+0000] {logging_mixin.py:188} INFO - [2026-05-31T14:08:50.090+0000] {dag.py:3096} INFO - Sync 3 DAGs
[2026-05-31T14:08:50.112+0000] {logging_mixin.py:188} INFO - [2026-05-31T14:08:50.112+0000] {dag.py:3954} INFO - Setting next_dagrun for data_quality to None, run_after=None
[2026-05-31T14:08:50.118+0000] {logging_mixin.py:188} INFO - [2026-05-31T14:08:50.118+0000] {dag.py:3954} INFO - Setting next_dagrun for produce_json to 2026-05-31 11:00:00+00:00, run_after=2026-06-01 11:00:00+00:00
[2026-05-31T14:08:50.120+0000] {logging_mixin.py:188} INFO - [2026-05-31T14:08:50.120+0000] {dag.py:3954} INFO - Setting next_dagrun for update_db to None, run_after=None
[2026-05-31T14:08:50.148+0000] {processor.py:183} INFO - Processing /opt/airflow/dags/main.py took 0.209 seconds
[2026-05-31T14:09:20.261+0000] {processor.py:161} INFO - Started process (PID=4525) to work on /opt/airflow/dags/main.py
[2026-05-31T14:09:20.262+0000] {processor.py:830} INFO - Processing file /opt/airflow/dags/main.py for tasks to queue
[2026-05-31T14:09:20.264+0000] {logging_mixin.py:188} INFO - [2026-05-31T14:09:20.263+0000] {dagbag.py:545} INFO - Filling up the DagBag from /opt/airflow/dags/main.py
[2026-05-31T14:09:20.388+0000] {processor.py:840} INFO - DAG(s) 'produce_json', 'update_db', 'data_quality' retrieved from /opt/airflow/dags/main.py
[2026-05-31T14:09:20.418+0000] {logging_mixin.py:188} INFO - [2026-05-31T14:09:20.417+0000] {dag.py:3096} INFO - Sync 3 DAGs
[2026-05-31T14:09:20.439+0000] {logging_mixin.py:188} INFO - [2026-05-31T14:09:20.439+0000] {dag.py:3954} INFO - Setting next_dagrun for data_quality to None, run_after=None
[2026-05-31T14:09:20.445+0000] {logging_mixin.py:188} INFO - [2026-05-31T14:09:20.445+0000] {dag.py:3954} INFO - Setting next_dagrun for produce_json to 2026-05-31 11:00:00+00:00, run_after=2026-06-01 11:00:00+00:00
[2026-05-31T14:09:20.447+0000] {logging_mixin.py:188} INFO - [2026-05-31T14:09:20.447+0000] {dag.py:3954} INFO - Setting next_dagrun for update_db to None, run_after=None
[2026-05-31T14:09:20.481+0000] {processor.py:183} INFO - Processing /opt/airflow/dags/main.py took 0.228 seconds
[2026-05-31T14:09:50.642+0000] {processor.py:161} INFO - Started process (PID=4532) to work on /opt/airflow/dags/main.py
[2026-05-31T14:09:50.644+0000] {processor.py:830} INFO - Processing file /opt/airflow/dags/main.py for tasks to queue
[2026-05-31T14:09:50.645+0000] {logging_mixin.py:188} INFO - [2026-05-31T14:09:50.645+0000] {dagbag.py:545} INFO - Filling up the DagBag from /opt/airflow/dags/main.py
[2026-05-31T14:09:50.756+0000] {processor.py:840} INFO - DAG(s) 'data_quality', 'update_db', 'produce_json' retrieved from /opt/airflow/dags/main.py
[2026-05-31T14:09:50.785+0000] {logging_mixin.py:188} INFO - [2026-05-31T14:09:50.785+0000] {dag.py:3096} INFO - Sync 3 DAGs
[2026-05-31T14:09:50.804+0000] {logging_mixin.py:188} INFO - [2026-05-31T14:09:50.803+0000] {dag.py:3954} INFO - Setting next_dagrun for data_quality to None, run_after=None
[2026-05-31T14:09:50.809+0000] {logging_mixin.py:188} INFO - [2026-05-31T14:09:50.809+0000] {dag.py:3954} INFO - Setting next_dagrun for produce_json to 2026-05-31 11:00:00+00:00, run_after=2026-06-01 11:00:00+00:00
[2026-05-31T14:09:50.811+0000] {logging_mixin.py:188} INFO - [2026-05-31T14:09:50.811+0000] {dag.py:3954} INFO - Setting next_dagrun for update_db to None, run_after=None
[2026-05-31T14:09:50.838+0000] {processor.py:183} INFO - Processing /opt/airflow/dags/main.py took 0.203 seconds
[2026-05-31T14:10:21.049+0000] {processor.py:161} INFO - Started process (PID=4539) to work on /opt/airflow/dags/main.py
[2026-05-31T14:10:21.050+0000] {processor.py:830} INFO - Processing file /opt/airflow/dags/main.py for tasks to queue
[2026-05-31T14:10:21.051+0000] {logging_mixin.py:188} INFO - [2026-05-31T14:10:21.051+0000] {dagbag.py:545} INFO - Filling up the DagBag from /opt/airflow/dags/main.py
[2026-05-31T14:10:21.168+0000] {processor.py:840} INFO - DAG(s) 'data_quality', 'produce_json', 'update_db' retrieved from /opt/airflow/dags/main.py
[2026-05-31T14:10:21.200+0000] {logging_mixin.py:188} INFO - [2026-05-31T14:10:21.200+0000] {dag.py:3096} INFO - Sync 3 DAGs
[2026-05-31T14:10:21.221+0000] {logging_mixin.py:188} INFO - [2026-05-31T14:10:21.221+0000] {dag.py:3954} INFO - Setting next_dagrun for data_quality to None, run_after=None
[2026-05-31T14:10:21.227+0000] {logging_mixin.py:188} INFO - [2026-05-31T14:10:21.226+0000] {dag.py:3954} INFO - Setting next_dagrun for produce_json to 2026-05-31 11:00:00+00:00, run_after=2026-06-01 11:00:00+00:00
[2026-05-31T14:10:21.228+0000] {logging_mixin.py:188} INFO - [2026-05-31T14:10:21.228+0000] {dag.py:3954} INFO - Setting next_dagrun for update_db to None, run_after=None
[2026-05-31T14:10:21.246+0000] {processor.py:183} INFO - Processing /opt/airflow/dags/main.py took 0.203 seconds
[2026-05-31T14:10:51.410+0000] {processor.py:161} INFO - Started process (PID=4546) to work on /opt/airflow/dags/main.py
[2026-05-31T14:10:51.412+0000] {processor.py:830} INFO - Processing file /opt/airflow/dags/main.py for tasks to queue
[2026-05-31T14:10:51.413+0000] {logging_mixin.py:188} INFO - [2026-05-31T14:10:51.413+0000] {dagbag.py:545} INFO - Filling up the DagBag from /opt/airflow/dags/main.py
[2026-05-31T14:10:51.531+0000] {processor.py:840} INFO - DAG(s) 'update_db', 'data_quality', 'produce_json' retrieved from /opt/airflow/dags/main.py
[2026-05-31T14:10:51.568+0000] {logging_mixin.py:188} INFO - [2026-05-31T14:10:51.567+0000] {dag.py:3096} INFO - Sync 3 DAGs
[2026-05-31T14:10:51.588+0000] {logging_mixin.py:188} INFO - [2026-05-31T14:10:51.588+0000] {dag.py:3954} INFO - Setting next_dagrun for data_quality to None, run_after=None
[2026-05-31T14:10:51.593+0000] {logging_mixin.py:188} INFO - [2026-05-31T14:10:51.593+0000] {dag.py:3954} INFO - Setting next_dagrun for produce_json to 2026-05-31 11:00:00+00:00, run_after=2026-06-01 11:00:00+00:00
[2026-05-31T14:10:51.595+0000] {logging_mixin.py:188} INFO - [2026-05-31T14:10:51.595+0000] {dag.py:3954} INFO - Setting next_dagrun for update_db to None, run_after=None
[2026-05-31T14:10:51.614+0000] {processor.py:183} INFO - Processing /opt/airflow/dags/main.py took 0.210 seconds
[2026-05-31T14:11:21.825+0000] {processor.py:161} INFO - Started process (PID=4553) to work on /opt/airflow/dags/main.py
[2026-05-31T14:11:21.827+0000] {processor.py:830} INFO - Processing file /opt/airflow/dags/main.py for tasks to queue
[2026-05-31T14:11:21.828+0000] {logging_mixin.py:188} INFO - [2026-05-31T14:11:21.828+0000] {dagbag.py:545} INFO - Filling up the DagBag from /opt/airflow/dags/main.py
[2026-05-31T14:11:21.955+0000] {processor.py:840} INFO - DAG(s) 'produce_json', 'data_quality', 'update_db' retrieved from /opt/airflow/dags/main.py
[2026-05-31T14:11:21.987+0000] {logging_mixin.py:188} INFO - [2026-05-31T14:11:21.987+0000] {dag.py:3096} INFO - Sync 3 DAGs
[2026-05-31T14:11:22.008+0000] {logging_mixin.py:188} INFO - [2026-05-31T14:11:22.008+0000] {dag.py:3954} INFO - Setting next_dagrun for data_quality to None, run_after=None
[2026-05-31T14:11:22.016+0000] {logging_mixin.py:188} INFO - [2026-05-31T14:11:22.015+0000] {dag.py:3954} INFO - Setting next_dagrun for produce_json to 2026-05-31 11:00:00+00:00, run_after=2026-06-01 11:00:00+00:00
[2026-05-31T14:11:22.017+0000] {logging_mixin.py:188} INFO - [2026-05-31T14:11:22.017+0000] {dag.py:3954} INFO - Setting next_dagrun for update_db to None, run_after=None
[2026-05-31T14:11:22.035+0000] {processor.py:183} INFO - Processing /opt/airflow/dags/main.py took 0.216 seconds
[2026-05-31T14:11:52.253+0000] {processor.py:161} INFO - Started process (PID=4560) to work on /opt/airflow/dags/main.py
[2026-05-31T14:11:52.255+0000] {processor.py:830} INFO - Processing file /opt/airflow/dags/main.py for tasks to queue
[2026-05-31T14:11:52.256+0000] {logging_mixin.py:188} INFO - [2026-05-31T14:11:52.256+0000] {dagbag.py:545} INFO - Filling up the DagBag from /opt/airflow/dags/main.py
[2026-05-31T14:11:52.377+0000] {processor.py:840} INFO - DAG(s) 'update_db', 'data_quality', 'produce_json' retrieved from /opt/airflow/dags/main.py
[2026-05-31T14:11:52.411+0000] {logging_mixin.py:188} INFO - [2026-05-31T14:11:52.410+0000] {dag.py:3096} INFO - Sync 3 DAGs
[2026-05-31T14:11:52.433+0000] {logging_mixin.py:188} INFO - [2026-05-31T14:11:52.433+0000] {dag.py:3954} INFO - Setting next_dagrun for data_quality to None, run_after=None
[2026-05-31T14:11:52.438+0000] {logging_mixin.py:188} INFO - [2026-05-31T14:11:52.438+0000] {dag.py:3954} INFO - Setting next_dagrun for produce_json to 2026-05-31 11:00:00+00:00, run_after=2026-06-01 11:00:00+00:00
[2026-05-31T14:11:52.441+0000] {logging_mixin.py:188} INFO - [2026-05-31T14:11:52.440+0000] {dag.py:3954} INFO - Setting next_dagrun for update_db to None, run_after=None
[2026-05-31T14:11:52.458+0000] {processor.py:183} INFO - Processing /opt/airflow/dags/main.py took 0.212 seconds
[2026-05-31T14:12:22.663+0000] {processor.py:161} INFO - Started process (PID=4567) to work on /opt/airflow/dags/main.py
[2026-05-31T14:12:22.665+0000] {processor.py:830} INFO - Processing file /opt/airflow/dags/main.py for tasks to queue
[2026-05-31T14:12:22.666+0000] {logging_mixin.py:188} INFO - [2026-05-31T14:12:22.665+0000] {dagbag.py:545} INFO - Filling up the DagBag from /opt/airflow/dags/main.py
[2026-05-31T14:12:22.785+0000] {processor.py:840} INFO - DAG(s) 'data_quality', 'produce_json', 'update_db' retrieved from /opt/airflow/dags/main.py
[2026-05-31T14:12:22.817+0000] {logging_mixin.py:188} INFO - [2026-05-31T14:12:22.817+0000] {dag.py:3096} INFO - Sync 3 DAGs
[2026-05-31T14:12:22.841+0000] {logging_mixin.py:188} INFO - [2026-05-31T14:12:22.841+0000] {dag.py:3954} INFO - Setting next_dagrun for data_quality to None, run_after=None
[2026-05-31T14:12:22.847+0000] {logging_mixin.py:188} INFO - [2026-05-31T14:12:22.847+0000] {dag.py:3954} INFO - Setting next_dagrun for produce_json to 2026-05-31 11:00:00+00:00, run_after=2026-06-01 11:00:00+00:00
[2026-05-31T14:12:22.849+0000] {logging_mixin.py:188} INFO - [2026-05-31T14:12:22.849+0000] {dag.py:3954} INFO - Setting next_dagrun for update_db to None, run_after=None
[2026-05-31T14:12:22.869+0000] {processor.py:183} INFO - Processing /opt/airflow/dags/main.py took 0.212 seconds
[2026-05-31T14:12:52.948+0000] {processor.py:161} INFO - Started process (PID=4574) to work on /opt/airflow/dags/main.py
[2026-05-31T14:12:52.949+0000] {processor.py:830} INFO - Processing file /opt/airflow/dags/main.py for tasks to queue
[2026-05-31T14:12:52.950+0000] {logging_mixin.py:188} INFO - [2026-05-31T14:12:52.950+0000] {dagbag.py:545} INFO - Filling up the DagBag from /opt/airflow/dags/main.py
[2026-05-31T14:12:53.063+0000] {processor.py:840} INFO - DAG(s) 'produce_json', 'update_db', 'data_quality' retrieved from /opt/airflow/dags/main.py
[2026-05-31T14:12:53.093+0000] {logging_mixin.py:188} INFO - [2026-05-31T14:12:53.093+0000] {dag.py:3096} INFO - Sync 3 DAGs
[2026-05-31T14:12:53.114+0000] {logging_mixin.py:188} INFO - [2026-05-31T14:12:53.113+0000] {dag.py:3954} INFO - Setting next_dagrun for data_quality to None, run_after=None
[2026-05-31T14:12:53.119+0000] {logging_mixin.py:188} INFO - [2026-05-31T14:12:53.119+0000] {dag.py:3954} INFO - Setting next_dagrun for produce_json to 2026-05-31 11:00:00+00:00, run_after=2026-06-01 11:00:00+00:00
[2026-05-31T14:12:53.121+0000] {logging_mixin.py:188} INFO - [2026-05-31T14:12:53.121+0000] {dag.py:3954} INFO - Setting next_dagrun for update_db to None, run_after=None
[2026-05-31T14:12:53.150+0000] {processor.py:183} INFO - Processing /opt/airflow/dags/main.py took 0.209 seconds
[2026-05-31T14:13:23.386+0000] {processor.py:161} INFO - Started process (PID=4581) to work on /opt/airflow/dags/main.py
[2026-05-31T14:13:23.388+0000] {processor.py:830} INFO - Processing file /opt/airflow/dags/main.py for tasks to queue
[2026-05-31T14:13:23.389+0000] {logging_mixin.py:188} INFO - [2026-05-31T14:13:23.388+0000] {dagbag.py:545} INFO - Filling up the DagBag from /opt/airflow/dags/main.py
[2026-05-31T14:13:23.503+0000] {processor.py:840} INFO - DAG(s) 'update_db', 'produce_json', 'data_quality' retrieved from /opt/airflow/dags/main.py
[2026-05-31T14:13:23.532+0000] {logging_mixin.py:188} INFO - [2026-05-31T14:13:23.531+0000] {dag.py:3096} INFO - Sync 3 DAGs
[2026-05-31T14:13:23.553+0000] {logging_mixin.py:188} INFO - [2026-05-31T14:13:23.552+0000] {dag.py:3954} INFO - Setting next_dagrun for data_quality to None, run_after=None
[2026-05-31T14:13:23.558+0000] {logging_mixin.py:188} INFO - [2026-05-31T14:13:23.558+0000] {dag.py:3954} INFO - Setting next_dagrun for produce_json to 2026-05-31 11:00:00+00:00, run_after=2026-06-01 11:00:00+00:00
[2026-05-31T14:13:23.560+0000] {logging_mixin.py:188} INFO - [2026-05-31T14:13:23.560+0000] {dag.py:3954} INFO - Setting next_dagrun for update_db to None, run_after=None
[2026-05-31T14:13:23.577+0000] {processor.py:183} INFO - Processing /opt/airflow/dags/main.py took 0.196 seconds
[2026-05-31T14:13:53.673+0000] {processor.py:161} INFO - Started process (PID=4588) to work on /opt/airflow/dags/main.py
[2026-05-31T14:13:53.674+0000] {processor.py:830} INFO - Processing file /opt/airflow/dags/main.py for tasks to queue
[2026-05-31T14:13:53.675+0000] {logging_mixin.py:188} INFO - [2026-05-31T14:13:53.675+0000] {dagbag.py:545} INFO - Filling up the DagBag from /opt/airflow/dags/main.py
[2026-05-31T14:13:53.800+0000] {processor.py:840} INFO - DAG(s) 'update_db', 'data_quality', 'produce_json' retrieved from /opt/airflow/dags/main.py
[2026-05-31T14:13:53.833+0000] {logging_mixin.py:188} INFO - [2026-05-31T14:13:53.833+0000] {dag.py:3096} INFO - Sync 3 DAGs
[2026-05-31T14:13:53.855+0000] {logging_mixin.py:188} INFO - [2026-05-31T14:13:53.854+0000] {dag.py:3954} INFO - Setting next_dagrun for data_quality to None, run_after=None
[2026-05-31T14:13:53.860+0000] {logging_mixin.py:188} INFO - [2026-05-31T14:13:53.860+0000] {dag.py:3954} INFO - Setting next_dagrun for produce_json to 2026-05-31 11:00:00+00:00, run_after=2026-06-01 11:00:00+00:00
[2026-05-31T14:13:53.862+0000] {logging_mixin.py:188} INFO - [2026-05-31T14:13:53.861+0000] {dag.py:3954} INFO - Setting next_dagrun for update_db to None, run_after=None
[2026-05-31T14:13:53.879+0000] {processor.py:183} INFO - Processing /opt/airflow/dags/main.py took 0.213 seconds
[2026-05-31T14:14:24.092+0000] {processor.py:161} INFO - Started process (PID=4595) to work on /opt/airflow/dags/main.py
[2026-05-31T14:14:24.094+0000] {processor.py:830} INFO - Processing file /opt/airflow/dags/main.py for tasks to queue
[2026-05-31T14:14:24.095+0000] {logging_mixin.py:188} INFO - [2026-05-31T14:14:24.095+0000] {dagbag.py:545} INFO - Filling up the DagBag from /opt/airflow/dags/main.py
[2026-05-31T14:14:24.212+0000] {processor.py:840} INFO - DAG(s) 'update_db', 'data_quality', 'produce_json' retrieved from /opt/airflow/dags/main.py
[2026-05-31T14:14:24.243+0000] {logging_mixin.py:188} INFO - [2026-05-31T14:14:24.242+0000] {dag.py:3096} INFO - Sync 3 DAGs
[2026-05-31T14:14:24.263+0000] {logging_mixin.py:188} INFO - [2026-05-31T14:14:24.263+0000] {dag.py:3954} INFO - Setting next_dagrun for data_quality to None, run_after=None
[2026-05-31T14:14:24.271+0000] {logging_mixin.py:188} INFO - [2026-05-31T14:14:24.271+0000] {dag.py:3954} INFO - Setting next_dagrun for produce_json to 2026-05-31 11:00:00+00:00, run_after=2026-06-01 11:00:00+00:00
[2026-05-31T14:14:24.272+0000] {logging_mixin.py:188} INFO - [2026-05-31T14:14:24.272+0000] {dag.py:3954} INFO - Setting next_dagrun for update_db to None, run_after=None
[2026-05-31T14:14:24.290+0000] {processor.py:183} INFO - Processing /opt/airflow/dags/main.py took 0.204 seconds
[2026-05-31T14:14:54.378+0000] {processor.py:161} INFO - Started process (PID=4602) to work on /opt/airflow/dags/main.py
[2026-05-31T14:14:54.379+0000] {processor.py:830} INFO - Processing file /opt/airflow/dags/main.py for tasks to queue
[2026-05-31T14:14:54.380+0000] {logging_mixin.py:188} INFO - [2026-05-31T14:14:54.380+0000] {dagbag.py:545} INFO - Filling up the DagBag from /opt/airflow/dags/main.py
[2026-05-31T14:14:54.492+0000] {processor.py:840} INFO - DAG(s) 'produce_json', 'update_db', 'data_quality' retrieved from /opt/airflow/dags/main.py
[2026-05-31T14:14:54.519+0000] {logging_mixin.py:188} INFO - [2026-05-31T14:14:54.519+0000] {dag.py:3096} INFO - Sync 3 DAGs
[2026-05-31T14:14:54.537+0000] {logging_mixin.py:188} INFO - [2026-05-31T14:14:54.537+0000] {dag.py:3954} INFO - Setting next_dagrun for data_quality to None, run_after=None
[2026-05-31T14:14:54.542+0000] {logging_mixin.py:188} INFO - [2026-05-31T14:14:54.542+0000] {dag.py:3954} INFO - Setting next_dagrun for produce_json to 2026-05-31 11:00:00+00:00, run_after=2026-06-01 11:00:00+00:00
[2026-05-31T14:14:54.544+0000] {logging_mixin.py:188} INFO - [2026-05-31T14:14:54.544+0000] {dag.py:3954} INFO - Setting next_dagrun for update_db to None, run_after=None
[2026-05-31T14:14:54.575+0000] {processor.py:183} INFO - Processing /opt/airflow/dags/main.py took 0.205 seconds
[2026-05-31T14:15:24.766+0000] {processor.py:161} INFO - Started process (PID=4609) to work on /opt/airflow/dags/main.py
[2026-05-31T14:15:24.767+0000] {processor.py:830} INFO - Processing file /opt/airflow/dags/main.py for tasks to queue
[2026-05-31T14:15:24.768+0000] {logging_mixin.py:188} INFO - [2026-05-31T14:15:24.768+0000] {dagbag.py:545} INFO - Filling up the DagBag from /opt/airflow/dags/main.py
[2026-05-31T14:15:24.883+0000] {processor.py:840} INFO - DAG(s) 'update_db', 'data_quality', 'produce_json' retrieved from /opt/airflow/dags/main.py
[2026-05-31T14:15:24.910+0000] {logging_mixin.py:188} INFO - [2026-05-31T14:15:24.910+0000] {dag.py:3096} INFO - Sync 3 DAGs
[2026-05-31T14:15:24.928+0000] {logging_mixin.py:188} INFO - [2026-05-31T14:15:24.927+0000] {dag.py:3954} INFO - Setting next_dagrun for data_quality to None, run_after=None
[2026-05-31T14:15:24.933+0000] {logging_mixin.py:188} INFO - [2026-05-31T14:15:24.932+0000] {dag.py:3954} INFO - Setting next_dagrun for produce_json to 2026-05-31 11:00:00+00:00, run_after=2026-06-01 11:00:00+00:00
[2026-05-31T14:15:24.934+0000] {logging_mixin.py:188} INFO - [2026-05-31T14:15:24.934+0000] {dag.py:3954} INFO - Setting next_dagrun for update_db to None, run_after=None
[2026-05-31T14:15:24.950+0000] {processor.py:183} INFO - Processing /opt/airflow/dags/main.py took 0.190 seconds
[2026-05-31T14:15:55.154+0000] {processor.py:161} INFO - Started process (PID=4616) to work on /opt/airflow/dags/main.py
[2026-05-31T14:15:55.155+0000] {processor.py:830} INFO - Processing file /opt/airflow/dags/main.py for tasks to queue
[2026-05-31T14:15:55.156+0000] {logging_mixin.py:188} INFO - [2026-05-31T14:15:55.156+0000] {dagbag.py:545} INFO - Filling up the DagBag from /opt/airflow/dags/main.py
[2026-05-31T14:15:55.271+0000] {processor.py:840} INFO - DAG(s) 'data_quality', 'update_db', 'produce_json' retrieved from /opt/airflow/dags/main.py
[2026-05-31T14:15:55.301+0000] {logging_mixin.py:188} INFO - [2026-05-31T14:15:55.301+0000] {dag.py:3096} INFO - Sync 3 DAGs
[2026-05-31T14:15:55.321+0000] {logging_mixin.py:188} INFO - [2026-05-31T14:15:55.321+0000] {dag.py:3954} INFO - Setting next_dagrun for data_quality to None, run_after=None
[2026-05-31T14:15:55.327+0000] {logging_mixin.py:188} INFO - [2026-05-31T14:15:55.327+0000] {dag.py:3954} INFO - Setting next_dagrun for produce_json to 2026-05-31 11:00:00+00:00, run_after=2026-06-01 11:00:00+00:00
[2026-05-31T14:15:55.329+0000] {logging_mixin.py:188} INFO - [2026-05-31T14:15:55.328+0000] {dag.py:3954} INFO - Setting next_dagrun for update_db to None, run_after=None
[2026-05-31T14:15:55.362+0000] {processor.py:183} INFO - Processing /opt/airflow/dags/main.py took 0.215 seconds
[2026-05-31T14:16:25.596+0000] {processor.py:161} INFO - Started process (PID=4623) to work on /opt/airflow/dags/main.py
[2026-05-31T14:16:25.597+0000] {processor.py:830} INFO - Processing file /opt/airflow/dags/main.py for tasks to queue
[2026-05-31T14:16:25.599+0000] {logging_mixin.py:188} INFO - [2026-05-31T14:16:25.598+0000] {dagbag.py:545} INFO - Filling up the DagBag from /opt/airflow/dags/main.py
[2026-05-31T14:16:25.722+0000] {processor.py:840} INFO - DAG(s) 'update_db', 'produce_json', 'data_quality' retrieved from /opt/airflow/dags/main.py
[2026-05-31T14:16:25.756+0000] {logging_mixin.py:188} INFO - [2026-05-31T14:16:25.756+0000] {dag.py:3096} INFO - Sync 3 DAGs
[2026-05-31T14:16:25.778+0000] {logging_mixin.py:188} INFO - [2026-05-31T14:16:25.778+0000] {dag.py:3954} INFO - Setting next_dagrun for data_quality to None, run_after=None
[2026-05-31T14:16:25.785+0000] {logging_mixin.py:188} INFO - [2026-05-31T14:16:25.785+0000] {dag.py:3954} INFO - Setting next_dagrun for produce_json to 2026-05-31 11:00:00+00:00, run_after=2026-06-01 11:00:00+00:00
[2026-05-31T14:16:25.787+0000] {logging_mixin.py:188} INFO - [2026-05-31T14:16:25.787+0000] {dag.py:3954} INFO - Setting next_dagrun for update_db to None, run_after=None
[2026-05-31T14:16:25.831+0000] {processor.py:183} INFO - Processing /opt/airflow/dags/main.py took 0.241 seconds
[2026-05-31T14:16:55.956+0000] {processor.py:161} INFO - Started process (PID=4630) to work on /opt/airflow/dags/main.py
[2026-05-31T14:16:55.957+0000] {processor.py:830} INFO - Processing file /opt/airflow/dags/main.py for tasks to queue
[2026-05-31T14:16:55.958+0000] {logging_mixin.py:188} INFO - [2026-05-31T14:16:55.958+0000] {dagbag.py:545} INFO - Filling up the DagBag from /opt/airflow/dags/main.py
[2026-05-31T14:16:56.069+0000] {processor.py:840} INFO - DAG(s) 'data_quality', 'produce_json', 'update_db' retrieved from /opt/airflow/dags/main.py
[2026-05-31T14:16:56.099+0000] {logging_mixin.py:188} INFO - [2026-05-31T14:16:56.099+0000] {dag.py:3096} INFO - Sync 3 DAGs
[2026-05-31T14:16:56.118+0000] {logging_mixin.py:188} INFO - [2026-05-31T14:16:56.118+0000] {dag.py:3954} INFO - Setting next_dagrun for data_quality to None, run_after=None
[2026-05-31T14:16:56.123+0000] {logging_mixin.py:188} INFO - [2026-05-31T14:16:56.123+0000] {dag.py:3954} INFO - Setting next_dagrun for produce_json to 2026-05-31 11:00:00+00:00, run_after=2026-06-01 11:00:00+00:00
[2026-05-31T14:16:56.125+0000] {logging_mixin.py:188} INFO - [2026-05-31T14:16:56.124+0000] {dag.py:3954} INFO - Setting next_dagrun for update_db to None, run_after=None
[2026-05-31T14:16:56.154+0000] {processor.py:183} INFO - Processing /opt/airflow/dags/main.py took 0.204 seconds
[2026-05-31T14:17:26.467+0000] {processor.py:161} INFO - Started process (PID=4637) to work on /opt/airflow/dags/main.py
[2026-05-31T14:17:26.468+0000] {processor.py:830} INFO - Processing file /opt/airflow/dags/main.py for tasks to queue
[2026-05-31T14:17:26.469+0000] {logging_mixin.py:188} INFO - [2026-05-31T14:17:26.469+0000] {dagbag.py:545} INFO - Filling up the DagBag from /opt/airflow/dags/main.py
[2026-05-31T14:17:26.578+0000] {processor.py:840} INFO - DAG(s) 'produce_json', 'data_quality', 'update_db' retrieved from /opt/airflow/dags/main.py
[2026-05-31T14:17:26.605+0000] {logging_mixin.py:188} INFO - [2026-05-31T14:17:26.604+0000] {dag.py:3096} INFO - Sync 3 DAGs
[2026-05-31T14:17:26.623+0000] {logging_mixin.py:188} INFO - [2026-05-31T14:17:26.623+0000] {dag.py:3954} INFO - Setting next_dagrun for data_quality to None, run_after=None
[2026-05-31T14:17:26.629+0000] {logging_mixin.py:188} INFO - [2026-05-31T14:17:26.628+0000] {dag.py:3954} INFO - Setting next_dagrun for produce_json to 2026-05-31 11:00:00+00:00, run_after=2026-06-01 11:00:00+00:00
[2026-05-31T14:17:26.630+0000] {logging_mixin.py:188} INFO - [2026-05-31T14:17:26.630+0000] {dag.py:3954} INFO - Setting next_dagrun for update_db to None, run_after=None
[2026-05-31T14:17:26.647+0000] {processor.py:183} INFO - Processing /opt/airflow/dags/main.py took 0.186 seconds
[2026-05-31T14:17:56.903+0000] {processor.py:161} INFO - Started process (PID=4644) to work on /opt/airflow/dags/main.py
[2026-05-31T14:17:56.905+0000] {processor.py:830} INFO - Processing file /opt/airflow/dags/main.py for tasks to queue
[2026-05-31T14:17:56.906+0000] {logging_mixin.py:188} INFO - [2026-05-31T14:17:56.905+0000] {dagbag.py:545} INFO - Filling up the DagBag from /opt/airflow/dags/main.py
[2026-05-31T14:17:57.022+0000] {processor.py:840} INFO - DAG(s) 'produce_json', 'update_db', 'data_quality' retrieved from /opt/airflow/dags/main.py
[2026-05-31T14:17:57.050+0000] {logging_mixin.py:188} INFO - [2026-05-31T14:17:57.050+0000] {dag.py:3096} INFO - Sync 3 DAGs
[2026-05-31T14:17:57.069+0000] {logging_mixin.py:188} INFO - [2026-05-31T14:17:57.069+0000] {dag.py:3954} INFO - Setting next_dagrun for data_quality to None, run_after=None
[2026-05-31T14:17:57.074+0000] {logging_mixin.py:188} INFO - [2026-05-31T14:17:57.074+0000] {dag.py:3954} INFO - Setting next_dagrun for produce_json to 2026-05-31 11:00:00+00:00, run_after=2026-06-01 11:00:00+00:00
[2026-05-31T14:17:57.076+0000] {logging_mixin.py:188} INFO - [2026-05-31T14:17:57.076+0000] {dag.py:3954} INFO - Setting next_dagrun for update_db to None, run_after=None
[2026-05-31T14:17:57.103+0000] {processor.py:183} INFO - Processing /opt/airflow/dags/main.py took 0.207 seconds
[2026-05-31T14:18:27.172+0000] {processor.py:161} INFO - Started process (PID=4651) to work on /opt/airflow/dags/main.py
[2026-05-31T14:18:27.173+0000] {processor.py:830} INFO - Processing file /opt/airflow/dags/main.py for tasks to queue
[2026-05-31T14:18:27.175+0000] {logging_mixin.py:188} INFO - [2026-05-31T14:18:27.174+0000] {dagbag.py:545} INFO - Filling up the DagBag from /opt/airflow/dags/main.py
[2026-05-31T14:18:27.306+0000] {processor.py:840} INFO - DAG(s) 'data_quality', 'produce_json', 'update_db' retrieved from /opt/airflow/dags/main.py
[2026-05-31T14:18:27.342+0000] {logging_mixin.py:188} INFO - [2026-05-31T14:18:27.342+0000] {dag.py:3096} INFO - Sync 3 DAGs
[2026-05-31T14:18:27.368+0000] {logging_mixin.py:188} INFO - [2026-05-31T14:18:27.368+0000] {dag.py:3954} INFO - Setting next_dagrun for data_quality to None, run_after=None
[2026-05-31T14:18:27.375+0000] {logging_mixin.py:188} INFO - [2026-05-31T14:18:27.375+0000] {dag.py:3954} INFO - Setting next_dagrun for produce_json to 2026-05-31 11:00:00+00:00, run_after=2026-06-01 11:00:00+00:00
[2026-05-31T14:18:27.377+0000] {logging_mixin.py:188} INFO - [2026-05-31T14:18:27.377+0000] {dag.py:3954} INFO - Setting next_dagrun for update_db to None, run_after=None
[2026-05-31T14:18:27.409+0000] {processor.py:183} INFO - Processing /opt/airflow/dags/main.py took 0.246 seconds
[2026-05-31T14:18:57.708+0000] {processor.py:161} INFO - Started process (PID=4658) to work on /opt/airflow/dags/main.py
[2026-05-31T14:18:57.710+0000] {processor.py:830} INFO - Processing file /opt/airflow/dags/main.py for tasks to queue
[2026-05-31T14:18:57.711+0000] {logging_mixin.py:188} INFO - [2026-05-31T14:18:57.711+0000] {dagbag.py:545} INFO - Filling up the DagBag from /opt/airflow/dags/main.py
[2026-05-31T14:18:57.843+0000] {processor.py:840} INFO - DAG(s) 'data_quality', 'update_db', 'produce_json' retrieved from /opt/airflow/dags/main.py
[2026-05-31T14:18:57.872+0000] {logging_mixin.py:188} INFO - [2026-05-31T14:18:57.872+0000] {dag.py:3096} INFO - Sync 3 DAGs
[2026-05-31T14:18:57.894+0000] {logging_mixin.py:188} INFO - [2026-05-31T14:18:57.893+0000] {dag.py:3954} INFO - Setting next_dagrun for data_quality to None, run_after=None
[2026-05-31T14:18:57.899+0000] {logging_mixin.py:188} INFO - [2026-05-31T14:18:57.899+0000] {dag.py:3954} INFO - Setting next_dagrun for produce_json to 2026-05-31 11:00:00+00:00, run_after=2026-06-01 11:00:00+00:00
[2026-05-31T14:18:57.901+0000] {logging_mixin.py:188} INFO - [2026-05-31T14:18:57.901+0000] {dag.py:3954} INFO - Setting next_dagrun for update_db to None, run_after=None
[2026-05-31T14:18:57.919+0000] {processor.py:183} INFO - Processing /opt/airflow/dags/main.py took 0.217 seconds
[2026-05-31T14:19:28.031+0000] {processor.py:161} INFO - Started process (PID=4665) to work on /opt/airflow/dags/main.py
[2026-05-31T14:19:28.032+0000] {processor.py:830} INFO - Processing file /opt/airflow/dags/main.py for tasks to queue
[2026-05-31T14:19:28.033+0000] {logging_mixin.py:188} INFO - [2026-05-31T14:19:28.033+0000] {dagbag.py:545} INFO - Filling up the DagBag from /opt/airflow/dags/main.py
[2026-05-31T14:19:28.159+0000] {processor.py:840} INFO - DAG(s) 'data_quality', 'update_db', 'produce_json' retrieved from /opt/airflow/dags/main.py
[2026-05-31T14:19:28.189+0000] {logging_mixin.py:188} INFO - [2026-05-31T14:19:28.189+0000] {dag.py:3096} INFO - Sync 3 DAGs
[2026-05-31T14:19:28.210+0000] {logging_mixin.py:188} INFO - [2026-05-31T14:19:28.210+0000] {dag.py:3954} INFO - Setting next_dagrun for data_quality to None, run_after=None
[2026-05-31T14:19:28.216+0000] {logging_mixin.py:188} INFO - [2026-05-31T14:19:28.216+0000] {dag.py:3954} INFO - Setting next_dagrun for produce_json to 2026-05-31 11:00:00+00:00, run_after=2026-06-01 11:00:00+00:00
[2026-05-31T14:19:28.217+0000] {logging_mixin.py:188} INFO - [2026-05-31T14:19:28.217+0000] {dag.py:3954} INFO - Setting next_dagrun for update_db to None, run_after=None
[2026-05-31T14:19:28.234+0000] {processor.py:183} INFO - Processing /opt/airflow/dags/main.py took 0.210 seconds
[2026-05-31T14:19:58.552+0000] {processor.py:161} INFO - Started process (PID=4672) to work on /opt/airflow/dags/main.py
[2026-05-31T14:19:58.553+0000] {processor.py:830} INFO - Processing file /opt/airflow/dags/main.py for tasks to queue
[2026-05-31T14:19:58.554+0000] {logging_mixin.py:188} INFO - [2026-05-31T14:19:58.554+0000] {dagbag.py:545} INFO - Filling up the DagBag from /opt/airflow/dags/main.py
[2026-05-31T14:19:58.664+0000] {processor.py:840} INFO - DAG(s) 'data_quality', 'update_db', 'produce_json' retrieved from /opt/airflow/dags/main.py
[2026-05-31T14:19:58.691+0000] {logging_mixin.py:188} INFO - [2026-05-31T14:19:58.691+0000] {dag.py:3096} INFO - Sync 3 DAGs
[2026-05-31T14:19:58.711+0000] {logging_mixin.py:188} INFO - [2026-05-31T14:19:58.711+0000] {dag.py:3954} INFO - Setting next_dagrun for data_quality to None, run_after=None
[2026-05-31T14:19:58.717+0000] {logging_mixin.py:188} INFO - [2026-05-31T14:19:58.717+0000] {dag.py:3954} INFO - Setting next_dagrun for produce_json to 2026-05-31 11:00:00+00:00, run_after=2026-06-01 11:00:00+00:00
[2026-05-31T14:19:58.719+0000] {logging_mixin.py:188} INFO - [2026-05-31T14:19:58.719+0000] {dag.py:3954} INFO - Setting next_dagrun for update_db to None, run_after=None
[2026-05-31T14:19:58.736+0000] {processor.py:183} INFO - Processing /opt/airflow/dags/main.py took 0.190 seconds
[2026-05-31T14:20:28.863+0000] {processor.py:161} INFO - Started process (PID=4679) to work on /opt/airflow/dags/main.py
[2026-05-31T14:20:28.865+0000] {processor.py:830} INFO - Processing file /opt/airflow/dags/main.py for tasks to queue
[2026-05-31T14:20:28.866+0000] {logging_mixin.py:188} INFO - [2026-05-31T14:20:28.866+0000] {dagbag.py:545} INFO - Filling up the DagBag from /opt/airflow/dags/main.py
[2026-05-31T14:20:28.979+0000] {processor.py:840} INFO - DAG(s) 'data_quality', 'update_db', 'produce_json' retrieved from /opt/airflow/dags/main.py
[2026-05-31T14:20:29.007+0000] {logging_mixin.py:188} INFO - [2026-05-31T14:20:29.006+0000] {dag.py:3096} INFO - Sync 3 DAGs
[2026-05-31T14:20:29.026+0000] {logging_mixin.py:188} INFO - [2026-05-31T14:20:29.026+0000] {dag.py:3954} INFO - Setting next_dagrun for data_quality to None, run_after=None
[2026-05-31T14:20:29.031+0000] {logging_mixin.py:188} INFO - [2026-05-31T14:20:29.031+0000] {dag.py:3954} INFO - Setting next_dagrun for produce_json to 2026-05-31 11:00:00+00:00, run_after=2026-06-01 11:00:00+00:00
[2026-05-31T14:20:29.033+0000] {logging_mixin.py:188} INFO - [2026-05-31T14:20:29.033+0000] {dag.py:3954} INFO - Setting next_dagrun for update_db to None, run_after=None
[2026-05-31T14:20:29.061+0000] {processor.py:183} INFO - Processing /opt/airflow/dags/main.py took 0.204 seconds
[2026-05-31T14:20:59.255+0000] {processor.py:161} INFO - Started process (PID=4686) to work on /opt/airflow/dags/main.py
[2026-05-31T14:20:59.256+0000] {processor.py:830} INFO - Processing file /opt/airflow/dags/main.py for tasks to queue
[2026-05-31T14:20:59.258+0000] {logging_mixin.py:188} INFO - [2026-05-31T14:20:59.258+0000] {dagbag.py:545} INFO - Filling up the DagBag from /opt/airflow/dags/main.py
[2026-05-31T14:20:59.372+0000] {processor.py:840} INFO - DAG(s) 'produce_json', 'data_quality', 'update_db' retrieved from /opt/airflow/dags/main.py
[2026-05-31T14:20:59.402+0000] {logging_mixin.py:188} INFO - [2026-05-31T14:20:59.402+0000] {dag.py:3096} INFO - Sync 3 DAGs
[2026-05-31T14:20:59.425+0000] {logging_mixin.py:188} INFO - [2026-05-31T14:20:59.425+0000] {dag.py:3954} INFO - Setting next_dagrun for data_quality to None, run_after=None
[2026-05-31T14:20:59.431+0000] {logging_mixin.py:188} INFO - [2026-05-31T14:20:59.430+0000] {dag.py:3954} INFO - Setting next_dagrun for produce_json to 2026-05-31 11:00:00+00:00, run_after=2026-06-01 11:00:00+00:00
[2026-05-31T14:20:59.432+0000] {logging_mixin.py:188} INFO - [2026-05-31T14:20:59.432+0000] {dag.py:3954} INFO - Setting next_dagrun for update_db to None, run_after=None
[2026-05-31T14:20:59.451+0000] {processor.py:183} INFO - Processing /opt/airflow/dags/main.py took 0.203 seconds
[2026-05-31T14:21:29.766+0000] {processor.py:161} INFO - Started process (PID=4693) to work on /opt/airflow/dags/main.py
[2026-05-31T14:21:29.767+0000] {processor.py:830} INFO - Processing file /opt/airflow/dags/main.py for tasks to queue
[2026-05-31T14:21:29.768+0000] {logging_mixin.py:188} INFO - [2026-05-31T14:21:29.768+0000] {dagbag.py:545} INFO - Filling up the DagBag from /opt/airflow/dags/main.py
[2026-05-31T14:21:29.886+0000] {processor.py:840} INFO - DAG(s) 'produce_json', 'data_quality', 'update_db' retrieved from /opt/airflow/dags/main.py
[2026-05-31T14:21:29.913+0000] {logging_mixin.py:188} INFO - [2026-05-31T14:21:29.913+0000] {dag.py:3096} INFO - Sync 3 DAGs
[2026-05-31T14:21:29.932+0000] {logging_mixin.py:188} INFO - [2026-05-31T14:21:29.932+0000] {dag.py:3954} INFO - Setting next_dagrun for data_quality to None, run_after=None
[2026-05-31T14:21:29.937+0000] {logging_mixin.py:188} INFO - [2026-05-31T14:21:29.937+0000] {dag.py:3954} INFO - Setting next_dagrun for produce_json to 2026-05-31 11:00:00+00:00, run_after=2026-06-01 11:00:00+00:00
[2026-05-31T14:21:29.939+0000] {logging_mixin.py:188} INFO - [2026-05-31T14:21:29.939+0000] {dag.py:3954} INFO - Setting next_dagrun for update_db to None, run_after=None
[2026-05-31T14:21:29.956+0000] {processor.py:183} INFO - Processing /opt/airflow/dags/main.py took 0.196 seconds
[2026-05-31T14:22:00.238+0000] {processor.py:161} INFO - Started process (PID=4700) to work on /opt/airflow/dags/main.py
[2026-05-31T14:22:00.239+0000] {processor.py:830} INFO - Processing file /opt/airflow/dags/main.py for tasks to queue
[2026-05-31T14:22:00.240+0000] {logging_mixin.py:188} INFO - [2026-05-31T14:22:00.240+0000] {dagbag.py:545} INFO - Filling up the DagBag from /opt/airflow/dags/main.py
[2026-05-31T14:22:00.352+0000] {processor.py:840} INFO - DAG(s) 'data_quality', 'update_db', 'produce_json' retrieved from /opt/airflow/dags/main.py
[2026-05-31T14:22:00.382+0000] {logging_mixin.py:188} INFO - [2026-05-31T14:22:00.382+0000] {dag.py:3096} INFO - Sync 3 DAGs
[2026-05-31T14:22:00.403+0000] {logging_mixin.py:188} INFO - [2026-05-31T14:22:00.403+0000] {dag.py:3954} INFO - Setting next_dagrun for data_quality to None, run_after=None
[2026-05-31T14:22:00.409+0000] {logging_mixin.py:188} INFO - [2026-05-31T14:22:00.408+0000] {dag.py:3954} INFO - Setting next_dagrun for produce_json to 2026-05-31 11:00:00+00:00, run_after=2026-06-01 11:00:00+00:00
[2026-05-31T14:22:00.410+0000] {logging_mixin.py:188} INFO - [2026-05-31T14:22:00.410+0000] {dag.py:3954} INFO - Setting next_dagrun for update_db to None, run_after=None
[2026-05-31T14:22:00.446+0000] {processor.py:183} INFO - Processing /opt/airflow/dags/main.py took 0.214 seconds
[2026-05-31T14:22:30.517+0000] {processor.py:161} INFO - Started process (PID=4707) to work on /opt/airflow/dags/main.py
[2026-05-31T14:22:30.519+0000] {processor.py:830} INFO - Processing file /opt/airflow/dags/main.py for tasks to queue
[2026-05-31T14:22:30.520+0000] {logging_mixin.py:188} INFO - [2026-05-31T14:22:30.519+0000] {dagbag.py:545} INFO - Filling up the DagBag from /opt/airflow/dags/main.py
[2026-05-31T14:22:30.633+0000] {processor.py:840} INFO - DAG(s) 'update_db', 'data_quality', 'produce_json' retrieved from /opt/airflow/dags/main.py
[2026-05-31T14:22:30.665+0000] {logging_mixin.py:188} INFO - [2026-05-31T14:22:30.664+0000] {dag.py:3096} INFO - Sync 3 DAGs
[2026-05-31T14:22:30.686+0000] {logging_mixin.py:188} INFO - [2026-05-31T14:22:30.685+0000] {dag.py:3954} INFO - Setting next_dagrun for data_quality to None, run_after=None
[2026-05-31T14:22:30.693+0000] {logging_mixin.py:188} INFO - [2026-05-31T14:22:30.693+0000] {dag.py:3954} INFO - Setting next_dagrun for produce_json to 2026-05-31 11:00:00+00:00, run_after=2026-06-01 11:00:00+00:00
[2026-05-31T14:22:30.695+0000] {logging_mixin.py:188} INFO - [2026-05-31T14:22:30.695+0000] {dag.py:3954} INFO - Setting next_dagrun for update_db to None, run_after=None
[2026-05-31T14:22:30.724+0000] {processor.py:183} INFO - Processing /opt/airflow/dags/main.py took 0.213 seconds
[2026-05-31T14:23:00.923+0000] {processor.py:161} INFO - Started process (PID=4714) to work on /opt/airflow/dags/main.py
[2026-05-31T14:23:00.924+0000] {processor.py:830} INFO - Processing file /opt/airflow/dags/main.py for tasks to queue
[2026-05-31T14:23:00.925+0000] {logging_mixin.py:188} INFO - [2026-05-31T14:23:00.925+0000] {dagbag.py:545} INFO - Filling up the DagBag from /opt/airflow/dags/main.py
[2026-05-31T14:23:01.042+0000] {processor.py:840} INFO - DAG(s) 'data_quality', 'produce_json', 'update_db' retrieved from /opt/airflow/dags/main.py
[2026-05-31T14:23:01.071+0000] {logging_mixin.py:188} INFO - [2026-05-31T14:23:01.071+0000] {dag.py:3096} INFO - Sync 3 DAGs
[2026-05-31T14:23:01.092+0000] {logging_mixin.py:188} INFO - [2026-05-31T14:23:01.091+0000] {dag.py:3954} INFO - Setting next_dagrun for data_quality to None, run_after=None
[2026-05-31T14:23:01.097+0000] {logging_mixin.py:188} INFO - [2026-05-31T14:23:01.097+0000] {dag.py:3954} INFO - Setting next_dagrun for produce_json to 2026-05-31 11:00:00+00:00, run_after=2026-06-01 11:00:00+00:00
[2026-05-31T14:23:01.098+0000] {logging_mixin.py:188} INFO - [2026-05-31T14:23:01.098+0000] {dag.py:3954} INFO - Setting next_dagrun for update_db to None, run_after=None
[2026-05-31T14:23:01.128+0000] {processor.py:183} INFO - Processing /opt/airflow/dags/main.py took 0.211 seconds
