[2026-05-21T07:49:23.481+0000] {processor.py:161} INFO - Started process (PID=1156) to work on /opt/airflow/dags/main.py
[2026-05-21T07:49:23.482+0000] {processor.py:830} INFO - Processing file /opt/airflow/dags/main.py for tasks to queue
[2026-05-21T07:49:23.489+0000] {logging_mixin.py:188} INFO - [2026-05-21T07:49:23.488+0000] {dagbag.py:545} INFO - Filling up the DagBag from /opt/airflow/dags/main.py
[2026-05-21T07:49:23.512+0000] {logging_mixin.py:188} INFO - [2026-05-21T07:49:23.510+0000] {dagbag.py:355} ERROR - Failed to import: /opt/airflow/dags/main.py
Traceback (most recent call last):
  File "/home/airflow/.local/lib/python3.10/site-packages/airflow/models/dagbag.py", line 351, in parse
    loader.exec_module(new_module)
  File "<frozen importlib._bootstrap_external>", line 879, in exec_module
  File "<frozen importlib._bootstrap_external>", line 1017, in get_code
  File "<frozen importlib._bootstrap_external>", line 947, in source_to_code
  File "<frozen importlib._bootstrap>", line 241, in _call_with_frames_removed
  File "/opt/airflow/dags/main.py", line 2
    from pendulum
                 ^
SyntaxError: invalid syntax
[2026-05-21T07:49:23.513+0000] {processor.py:842} WARNING - No viable dags retrieved from /opt/airflow/dags/main.py
[2026-05-21T07:49:23.546+0000] {processor.py:183} INFO - Processing /opt/airflow/dags/main.py took 0.085 seconds
[2026-05-21T07:49:53.754+0000] {processor.py:161} INFO - Started process (PID=1163) to work on /opt/airflow/dags/main.py
[2026-05-21T07:49:53.757+0000] {processor.py:830} INFO - Processing file /opt/airflow/dags/main.py for tasks to queue
[2026-05-21T07:49:53.759+0000] {logging_mixin.py:188} INFO - [2026-05-21T07:49:53.759+0000] {dagbag.py:545} INFO - Filling up the DagBag from /opt/airflow/dags/main.py
[2026-05-21T07:49:53.774+0000] {logging_mixin.py:188} INFO - [2026-05-21T07:49:53.773+0000] {dagbag.py:355} ERROR - Failed to import: /opt/airflow/dags/main.py
Traceback (most recent call last):
  File "/home/airflow/.local/lib/python3.10/site-packages/airflow/models/dagbag.py", line 351, in parse
    loader.exec_module(new_module)
  File "<frozen importlib._bootstrap_external>", line 879, in exec_module
  File "<frozen importlib._bootstrap_external>", line 1017, in get_code
  File "<frozen importlib._bootstrap_external>", line 947, in source_to_code
  File "<frozen importlib._bootstrap>", line 241, in _call_with_frames_removed
  File "/opt/airflow/dags/main.py", line 2
    from pendulum
                 ^
SyntaxError: invalid syntax
[2026-05-21T07:49:53.774+0000] {processor.py:842} WARNING - No viable dags retrieved from /opt/airflow/dags/main.py
[2026-05-21T07:49:53.805+0000] {processor.py:183} INFO - Processing /opt/airflow/dags/main.py took 0.063 seconds
[2026-05-21T07:50:24.105+0000] {processor.py:161} INFO - Started process (PID=1170) to work on /opt/airflow/dags/main.py
[2026-05-21T07:50:24.107+0000] {processor.py:830} INFO - Processing file /opt/airflow/dags/main.py for tasks to queue
[2026-05-21T07:50:24.109+0000] {logging_mixin.py:188} INFO - [2026-05-21T07:50:24.108+0000] {dagbag.py:545} INFO - Filling up the DagBag from /opt/airflow/dags/main.py
[2026-05-21T07:50:24.123+0000] {logging_mixin.py:188} INFO - [2026-05-21T07:50:24.122+0000] {dagbag.py:355} ERROR - Failed to import: /opt/airflow/dags/main.py
Traceback (most recent call last):
  File "/home/airflow/.local/lib/python3.10/site-packages/airflow/models/dagbag.py", line 351, in parse
    loader.exec_module(new_module)
  File "<frozen importlib._bootstrap_external>", line 879, in exec_module
  File "<frozen importlib._bootstrap_external>", line 1017, in get_code
  File "<frozen importlib._bootstrap_external>", line 947, in source_to_code
  File "<frozen importlib._bootstrap>", line 241, in _call_with_frames_removed
  File "/opt/airflow/dags/main.py", line 2
    from pendulum
                 ^
SyntaxError: invalid syntax
[2026-05-21T07:50:24.124+0000] {processor.py:842} WARNING - No viable dags retrieved from /opt/airflow/dags/main.py
[2026-05-21T07:50:24.154+0000] {processor.py:183} INFO - Processing /opt/airflow/dags/main.py took 0.055 seconds
[2026-05-21T07:50:54.451+0000] {processor.py:161} INFO - Started process (PID=1177) to work on /opt/airflow/dags/main.py
[2026-05-21T07:50:54.452+0000] {processor.py:830} INFO - Processing file /opt/airflow/dags/main.py for tasks to queue
[2026-05-21T07:50:54.454+0000] {logging_mixin.py:188} INFO - [2026-05-21T07:50:54.454+0000] {dagbag.py:545} INFO - Filling up the DagBag from /opt/airflow/dags/main.py
[2026-05-21T07:50:54.470+0000] {logging_mixin.py:188} INFO - [2026-05-21T07:50:54.469+0000] {dagbag.py:355} ERROR - Failed to import: /opt/airflow/dags/main.py
Traceback (most recent call last):
  File "/home/airflow/.local/lib/python3.10/site-packages/airflow/models/dagbag.py", line 351, in parse
    loader.exec_module(new_module)
  File "<frozen importlib._bootstrap_external>", line 879, in exec_module
  File "<frozen importlib._bootstrap_external>", line 1017, in get_code
  File "<frozen importlib._bootstrap_external>", line 947, in source_to_code
  File "<frozen importlib._bootstrap>", line 241, in _call_with_frames_removed
  File "/opt/airflow/dags/main.py", line 2
    from pendulum
                 ^
SyntaxError: invalid syntax
[2026-05-21T07:50:54.470+0000] {processor.py:842} WARNING - No viable dags retrieved from /opt/airflow/dags/main.py
[2026-05-21T07:50:54.503+0000] {processor.py:183} INFO - Processing /opt/airflow/dags/main.py took 0.059 seconds
[2026-05-21T07:51:08.623+0000] {processor.py:161} INFO - Started process (PID=1185) to work on /opt/airflow/dags/main.py
[2026-05-21T07:51:08.625+0000] {processor.py:830} INFO - Processing file /opt/airflow/dags/main.py for tasks to queue
[2026-05-21T07:51:08.627+0000] {logging_mixin.py:188} INFO - [2026-05-21T07:51:08.627+0000] {dagbag.py:545} INFO - Filling up the DagBag from /opt/airflow/dags/main.py
[2026-05-21T07:51:08.645+0000] {logging_mixin.py:188} INFO - [2026-05-21T07:51:08.644+0000] {dagbag.py:355} ERROR - Failed to import: /opt/airflow/dags/main.py
Traceback (most recent call last):
  File "/home/airflow/.local/lib/python3.10/site-packages/airflow/models/dagbag.py", line 351, in parse
    loader.exec_module(new_module)
  File "<frozen importlib._bootstrap_external>", line 879, in exec_module
  File "<frozen importlib._bootstrap_external>", line 1017, in get_code
  File "<frozen importlib._bootstrap_external>", line 947, in source_to_code
  File "<frozen importlib._bootstrap>", line 241, in _call_with_frames_removed
  File "/opt/airflow/dags/main.py", line 2
    from pendulum
                 ^
SyntaxError: invalid syntax
[2026-05-21T07:51:08.645+0000] {processor.py:842} WARNING - No viable dags retrieved from /opt/airflow/dags/main.py
[2026-05-21T07:51:08.675+0000] {processor.py:183} INFO - Processing /opt/airflow/dags/main.py took 0.061 seconds
[2026-05-21T07:51:38.904+0000] {processor.py:161} INFO - Started process (PID=1192) to work on /opt/airflow/dags/main.py
[2026-05-21T07:51:38.905+0000] {processor.py:830} INFO - Processing file /opt/airflow/dags/main.py for tasks to queue
[2026-05-21T07:51:38.907+0000] {logging_mixin.py:188} INFO - [2026-05-21T07:51:38.907+0000] {dagbag.py:545} INFO - Filling up the DagBag from /opt/airflow/dags/main.py
[2026-05-21T07:51:38.922+0000] {logging_mixin.py:188} INFO - [2026-05-21T07:51:38.922+0000] {dagbag.py:355} ERROR - Failed to import: /opt/airflow/dags/main.py
Traceback (most recent call last):
  File "/home/airflow/.local/lib/python3.10/site-packages/airflow/models/dagbag.py", line 351, in parse
    loader.exec_module(new_module)
  File "<frozen importlib._bootstrap_external>", line 879, in exec_module
  File "<frozen importlib._bootstrap_external>", line 1017, in get_code
  File "<frozen importlib._bootstrap_external>", line 947, in source_to_code
  File "<frozen importlib._bootstrap>", line 241, in _call_with_frames_removed
  File "/opt/airflow/dags/main.py", line 2
    from pendulum
                 ^
SyntaxError: invalid syntax
[2026-05-21T07:51:38.923+0000] {processor.py:842} WARNING - No viable dags retrieved from /opt/airflow/dags/main.py
[2026-05-21T07:51:38.946+0000] {processor.py:183} INFO - Processing /opt/airflow/dags/main.py took 0.048 seconds
[2026-05-21T07:52:09.342+0000] {processor.py:161} INFO - Started process (PID=1199) to work on /opt/airflow/dags/main.py
[2026-05-21T07:52:09.344+0000] {processor.py:830} INFO - Processing file /opt/airflow/dags/main.py for tasks to queue
[2026-05-21T07:52:09.346+0000] {logging_mixin.py:188} INFO - [2026-05-21T07:52:09.346+0000] {dagbag.py:545} INFO - Filling up the DagBag from /opt/airflow/dags/main.py
[2026-05-21T07:52:09.364+0000] {logging_mixin.py:188} INFO - [2026-05-21T07:52:09.364+0000] {dagbag.py:355} ERROR - Failed to import: /opt/airflow/dags/main.py
Traceback (most recent call last):
  File "/home/airflow/.local/lib/python3.10/site-packages/airflow/models/dagbag.py", line 351, in parse
    loader.exec_module(new_module)
  File "<frozen importlib._bootstrap_external>", line 879, in exec_module
  File "<frozen importlib._bootstrap_external>", line 1017, in get_code
  File "<frozen importlib._bootstrap_external>", line 947, in source_to_code
  File "<frozen importlib._bootstrap>", line 241, in _call_with_frames_removed
  File "/opt/airflow/dags/main.py", line 2
    from pendulum
                 ^
SyntaxError: invalid syntax
[2026-05-21T07:52:09.365+0000] {processor.py:842} WARNING - No viable dags retrieved from /opt/airflow/dags/main.py
[2026-05-21T07:52:09.393+0000] {processor.py:183} INFO - Processing /opt/airflow/dags/main.py took 0.057 seconds
[2026-05-21T07:52:39.648+0000] {processor.py:161} INFO - Started process (PID=1206) to work on /opt/airflow/dags/main.py
[2026-05-21T07:52:39.649+0000] {processor.py:830} INFO - Processing file /opt/airflow/dags/main.py for tasks to queue
[2026-05-21T07:52:39.652+0000] {logging_mixin.py:188} INFO - [2026-05-21T07:52:39.652+0000] {dagbag.py:545} INFO - Filling up the DagBag from /opt/airflow/dags/main.py
[2026-05-21T07:52:39.666+0000] {logging_mixin.py:188} INFO - [2026-05-21T07:52:39.665+0000] {dagbag.py:355} ERROR - Failed to import: /opt/airflow/dags/main.py
Traceback (most recent call last):
  File "/home/airflow/.local/lib/python3.10/site-packages/airflow/models/dagbag.py", line 351, in parse
    loader.exec_module(new_module)
  File "<frozen importlib._bootstrap_external>", line 879, in exec_module
  File "<frozen importlib._bootstrap_external>", line 1017, in get_code
  File "<frozen importlib._bootstrap_external>", line 947, in source_to_code
  File "<frozen importlib._bootstrap>", line 241, in _call_with_frames_removed
  File "/opt/airflow/dags/main.py", line 2
    from pendulum
                 ^
SyntaxError: invalid syntax
[2026-05-21T07:52:39.666+0000] {processor.py:842} WARNING - No viable dags retrieved from /opt/airflow/dags/main.py
[2026-05-21T07:52:39.696+0000] {processor.py:183} INFO - Processing /opt/airflow/dags/main.py took 0.053 seconds
[2026-05-21T07:53:09.972+0000] {processor.py:161} INFO - Started process (PID=1213) to work on /opt/airflow/dags/main.py
[2026-05-21T07:53:09.973+0000] {processor.py:830} INFO - Processing file /opt/airflow/dags/main.py for tasks to queue
[2026-05-21T07:53:09.976+0000] {logging_mixin.py:188} INFO - [2026-05-21T07:53:09.976+0000] {dagbag.py:545} INFO - Filling up the DagBag from /opt/airflow/dags/main.py
[2026-05-21T07:53:09.992+0000] {logging_mixin.py:188} INFO - [2026-05-21T07:53:09.992+0000] {dagbag.py:355} ERROR - Failed to import: /opt/airflow/dags/main.py
Traceback (most recent call last):
  File "/home/airflow/.local/lib/python3.10/site-packages/airflow/models/dagbag.py", line 351, in parse
    loader.exec_module(new_module)
  File "<frozen importlib._bootstrap_external>", line 879, in exec_module
  File "<frozen importlib._bootstrap_external>", line 1017, in get_code
  File "<frozen importlib._bootstrap_external>", line 947, in source_to_code
  File "<frozen importlib._bootstrap>", line 241, in _call_with_frames_removed
  File "/opt/airflow/dags/main.py", line 2
    from pendulum
                 ^
SyntaxError: invalid syntax
[2026-05-21T07:53:09.993+0000] {processor.py:842} WARNING - No viable dags retrieved from /opt/airflow/dags/main.py
[2026-05-21T07:53:10.024+0000] {processor.py:183} INFO - Processing /opt/airflow/dags/main.py took 0.058 seconds
[2026-05-21T07:53:40.323+0000] {processor.py:161} INFO - Started process (PID=1220) to work on /opt/airflow/dags/main.py
[2026-05-21T07:53:40.324+0000] {processor.py:830} INFO - Processing file /opt/airflow/dags/main.py for tasks to queue
[2026-05-21T07:53:40.326+0000] {logging_mixin.py:188} INFO - [2026-05-21T07:53:40.326+0000] {dagbag.py:545} INFO - Filling up the DagBag from /opt/airflow/dags/main.py
[2026-05-21T07:53:40.342+0000] {logging_mixin.py:188} INFO - [2026-05-21T07:53:40.341+0000] {dagbag.py:355} ERROR - Failed to import: /opt/airflow/dags/main.py
Traceback (most recent call last):
  File "/home/airflow/.local/lib/python3.10/site-packages/airflow/models/dagbag.py", line 351, in parse
    loader.exec_module(new_module)
  File "<frozen importlib._bootstrap_external>", line 879, in exec_module
  File "<frozen importlib._bootstrap_external>", line 1017, in get_code
  File "<frozen importlib._bootstrap_external>", line 947, in source_to_code
  File "<frozen importlib._bootstrap>", line 241, in _call_with_frames_removed
  File "/opt/airflow/dags/main.py", line 2
    from pendulum
                 ^
SyntaxError: invalid syntax
[2026-05-21T07:53:40.342+0000] {processor.py:842} WARNING - No viable dags retrieved from /opt/airflow/dags/main.py
[2026-05-21T07:53:40.373+0000] {processor.py:183} INFO - Processing /opt/airflow/dags/main.py took 0.057 seconds
[2026-05-21T07:54:10.726+0000] {processor.py:161} INFO - Started process (PID=1227) to work on /opt/airflow/dags/main.py
[2026-05-21T07:54:10.727+0000] {processor.py:830} INFO - Processing file /opt/airflow/dags/main.py for tasks to queue
[2026-05-21T07:54:10.729+0000] {logging_mixin.py:188} INFO - [2026-05-21T07:54:10.729+0000] {dagbag.py:545} INFO - Filling up the DagBag from /opt/airflow/dags/main.py
[2026-05-21T07:54:10.743+0000] {logging_mixin.py:188} INFO - [2026-05-21T07:54:10.742+0000] {dagbag.py:355} ERROR - Failed to import: /opt/airflow/dags/main.py
Traceback (most recent call last):
  File "/home/airflow/.local/lib/python3.10/site-packages/airflow/models/dagbag.py", line 351, in parse
    loader.exec_module(new_module)
  File "<frozen importlib._bootstrap_external>", line 879, in exec_module
  File "<frozen importlib._bootstrap_external>", line 1017, in get_code
  File "<frozen importlib._bootstrap_external>", line 947, in source_to_code
  File "<frozen importlib._bootstrap>", line 241, in _call_with_frames_removed
  File "/opt/airflow/dags/main.py", line 2
    from pendulum
                 ^
SyntaxError: invalid syntax
[2026-05-21T07:54:10.744+0000] {processor.py:842} WARNING - No viable dags retrieved from /opt/airflow/dags/main.py
[2026-05-21T07:54:10.773+0000] {processor.py:183} INFO - Processing /opt/airflow/dags/main.py took 0.053 seconds
[2026-05-21T07:54:41.139+0000] {processor.py:161} INFO - Started process (PID=1234) to work on /opt/airflow/dags/main.py
[2026-05-21T07:54:41.141+0000] {processor.py:830} INFO - Processing file /opt/airflow/dags/main.py for tasks to queue
[2026-05-21T07:54:41.143+0000] {logging_mixin.py:188} INFO - [2026-05-21T07:54:41.142+0000] {dagbag.py:545} INFO - Filling up the DagBag from /opt/airflow/dags/main.py
[2026-05-21T07:54:41.160+0000] {logging_mixin.py:188} INFO - [2026-05-21T07:54:41.160+0000] {dagbag.py:355} ERROR - Failed to import: /opt/airflow/dags/main.py
Traceback (most recent call last):
  File "/home/airflow/.local/lib/python3.10/site-packages/airflow/models/dagbag.py", line 351, in parse
    loader.exec_module(new_module)
  File "<frozen importlib._bootstrap_external>", line 879, in exec_module
  File "<frozen importlib._bootstrap_external>", line 1017, in get_code
  File "<frozen importlib._bootstrap_external>", line 947, in source_to_code
  File "<frozen importlib._bootstrap>", line 241, in _call_with_frames_removed
  File "/opt/airflow/dags/main.py", line 2
    from pendulum
                 ^
SyntaxError: invalid syntax
[2026-05-21T07:54:41.161+0000] {processor.py:842} WARNING - No viable dags retrieved from /opt/airflow/dags/main.py
[2026-05-21T07:54:41.191+0000] {processor.py:183} INFO - Processing /opt/airflow/dags/main.py took 0.059 seconds
[2026-05-21T07:55:11.486+0000] {processor.py:161} INFO - Started process (PID=1241) to work on /opt/airflow/dags/main.py
[2026-05-21T07:55:11.487+0000] {processor.py:830} INFO - Processing file /opt/airflow/dags/main.py for tasks to queue
[2026-05-21T07:55:11.489+0000] {logging_mixin.py:188} INFO - [2026-05-21T07:55:11.489+0000] {dagbag.py:545} INFO - Filling up the DagBag from /opt/airflow/dags/main.py
[2026-05-21T07:55:11.507+0000] {logging_mixin.py:188} INFO - [2026-05-21T07:55:11.506+0000] {dagbag.py:355} ERROR - Failed to import: /opt/airflow/dags/main.py
Traceback (most recent call last):
  File "/home/airflow/.local/lib/python3.10/site-packages/airflow/models/dagbag.py", line 351, in parse
    loader.exec_module(new_module)
  File "<frozen importlib._bootstrap_external>", line 879, in exec_module
  File "<frozen importlib._bootstrap_external>", line 1017, in get_code
  File "<frozen importlib._bootstrap_external>", line 947, in source_to_code
  File "<frozen importlib._bootstrap>", line 241, in _call_with_frames_removed
  File "/opt/airflow/dags/main.py", line 2
    from pendulum
                 ^
SyntaxError: invalid syntax
[2026-05-21T07:55:11.507+0000] {processor.py:842} WARNING - No viable dags retrieved from /opt/airflow/dags/main.py
[2026-05-21T07:55:11.526+0000] {processor.py:183} INFO - Processing /opt/airflow/dags/main.py took 0.046 seconds
[2026-05-21T07:55:38.821+0000] {processor.py:161} INFO - Started process (PID=1249) to work on /opt/airflow/dags/main.py
[2026-05-21T07:55:38.823+0000] {processor.py:830} INFO - Processing file /opt/airflow/dags/main.py for tasks to queue
[2026-05-21T07:55:38.825+0000] {logging_mixin.py:188} INFO - [2026-05-21T07:55:38.825+0000] {dagbag.py:545} INFO - Filling up the DagBag from /opt/airflow/dags/main.py
[2026-05-21T07:55:38.840+0000] {logging_mixin.py:188} INFO - [2026-05-21T07:55:38.840+0000] {dagbag.py:355} ERROR - Failed to import: /opt/airflow/dags/main.py
Traceback (most recent call last):
  File "/home/airflow/.local/lib/python3.10/site-packages/airflow/models/dagbag.py", line 351, in parse
    loader.exec_module(new_module)
  File "<frozen importlib._bootstrap_external>", line 879, in exec_module
  File "<frozen importlib._bootstrap_external>", line 1017, in get_code
  File "<frozen importlib._bootstrap_external>", line 947, in source_to_code
  File "<frozen importlib._bootstrap>", line 241, in _call_with_frames_removed
  File "/opt/airflow/dags/main.py", line 2
    from pendulum
                 ^
SyntaxError: invalid syntax
[2026-05-21T07:55:38.842+0000] {processor.py:842} WARNING - No viable dags retrieved from /opt/airflow/dags/main.py
[2026-05-21T07:55:38.873+0000] {processor.py:183} INFO - Processing /opt/airflow/dags/main.py took 0.058 seconds
[2026-05-21T07:56:09.089+0000] {processor.py:161} INFO - Started process (PID=1256) to work on /opt/airflow/dags/main.py
[2026-05-21T07:56:09.090+0000] {processor.py:830} INFO - Processing file /opt/airflow/dags/main.py for tasks to queue
[2026-05-21T07:56:09.092+0000] {logging_mixin.py:188} INFO - [2026-05-21T07:56:09.092+0000] {dagbag.py:545} INFO - Filling up the DagBag from /opt/airflow/dags/main.py
[2026-05-21T07:56:09.107+0000] {logging_mixin.py:188} INFO - [2026-05-21T07:56:09.106+0000] {dagbag.py:355} ERROR - Failed to import: /opt/airflow/dags/main.py
Traceback (most recent call last):
  File "/home/airflow/.local/lib/python3.10/site-packages/airflow/models/dagbag.py", line 351, in parse
    loader.exec_module(new_module)
  File "<frozen importlib._bootstrap_external>", line 879, in exec_module
  File "<frozen importlib._bootstrap_external>", line 1017, in get_code
  File "<frozen importlib._bootstrap_external>", line 947, in source_to_code
  File "<frozen importlib._bootstrap>", line 241, in _call_with_frames_removed
  File "/opt/airflow/dags/main.py", line 2
    from pendulum
                 ^
SyntaxError: invalid syntax
[2026-05-21T07:56:09.107+0000] {processor.py:842} WARNING - No viable dags retrieved from /opt/airflow/dags/main.py
[2026-05-21T07:56:09.137+0000] {processor.py:183} INFO - Processing /opt/airflow/dags/main.py took 0.054 seconds
[2026-05-21T07:56:39.331+0000] {processor.py:161} INFO - Started process (PID=1263) to work on /opt/airflow/dags/main.py
[2026-05-21T07:56:39.332+0000] {processor.py:830} INFO - Processing file /opt/airflow/dags/main.py for tasks to queue
[2026-05-21T07:56:39.334+0000] {logging_mixin.py:188} INFO - [2026-05-21T07:56:39.334+0000] {dagbag.py:545} INFO - Filling up the DagBag from /opt/airflow/dags/main.py
[2026-05-21T07:56:39.350+0000] {logging_mixin.py:188} INFO - [2026-05-21T07:56:39.349+0000] {dagbag.py:355} ERROR - Failed to import: /opt/airflow/dags/main.py
Traceback (most recent call last):
  File "/home/airflow/.local/lib/python3.10/site-packages/airflow/models/dagbag.py", line 351, in parse
    loader.exec_module(new_module)
  File "<frozen importlib._bootstrap_external>", line 879, in exec_module
  File "<frozen importlib._bootstrap_external>", line 1017, in get_code
  File "<frozen importlib._bootstrap_external>", line 947, in source_to_code
  File "<frozen importlib._bootstrap>", line 241, in _call_with_frames_removed
  File "/opt/airflow/dags/main.py", line 2
    from pendulum
                 ^
SyntaxError: invalid syntax
[2026-05-21T07:56:39.351+0000] {processor.py:842} WARNING - No viable dags retrieved from /opt/airflow/dags/main.py
[2026-05-21T07:56:39.382+0000] {processor.py:183} INFO - Processing /opt/airflow/dags/main.py took 0.057 seconds
[2026-05-21T07:56:45.438+0000] {processor.py:161} INFO - Started process (PID=1264) to work on /opt/airflow/dags/main.py
[2026-05-21T07:56:45.439+0000] {processor.py:830} INFO - Processing file /opt/airflow/dags/main.py for tasks to queue
[2026-05-21T07:56:45.441+0000] {logging_mixin.py:188} INFO - [2026-05-21T07:56:45.440+0000] {dagbag.py:545} INFO - Filling up the DagBag from /opt/airflow/dags/main.py
[2026-05-21T07:56:45.458+0000] {logging_mixin.py:188} INFO - [2026-05-21T07:56:45.458+0000] {dagbag.py:355} ERROR - Failed to import: /opt/airflow/dags/main.py
Traceback (most recent call last):
  File "/home/airflow/.local/lib/python3.10/site-packages/airflow/models/dagbag.py", line 351, in parse
    loader.exec_module(new_module)
  File "<frozen importlib._bootstrap_external>", line 879, in exec_module
  File "<frozen importlib._bootstrap_external>", line 1017, in get_code
  File "<frozen importlib._bootstrap_external>", line 947, in source_to_code
  File "<frozen importlib._bootstrap>", line 241, in _call_with_frames_removed
  File "/opt/airflow/dags/main.py", line 2
    from pendulum
                 ^
SyntaxError: invalid syntax
[2026-05-21T07:56:45.459+0000] {processor.py:842} WARNING - No viable dags retrieved from /opt/airflow/dags/main.py
[2026-05-21T07:56:45.477+0000] {processor.py:183} INFO - Processing /opt/airflow/dags/main.py took 0.046 seconds
[2026-05-21T07:57:15.789+0000] {processor.py:161} INFO - Started process (PID=1271) to work on /opt/airflow/dags/main.py
[2026-05-21T07:57:15.791+0000] {processor.py:830} INFO - Processing file /opt/airflow/dags/main.py for tasks to queue
[2026-05-21T07:57:15.794+0000] {logging_mixin.py:188} INFO - [2026-05-21T07:57:15.794+0000] {dagbag.py:545} INFO - Filling up the DagBag from /opt/airflow/dags/main.py
[2026-05-21T07:57:15.812+0000] {logging_mixin.py:188} INFO - [2026-05-21T07:57:15.811+0000] {dagbag.py:355} ERROR - Failed to import: /opt/airflow/dags/main.py
Traceback (most recent call last):
  File "/home/airflow/.local/lib/python3.10/site-packages/airflow/models/dagbag.py", line 351, in parse
    loader.exec_module(new_module)
  File "<frozen importlib._bootstrap_external>", line 879, in exec_module
  File "<frozen importlib._bootstrap_external>", line 1017, in get_code
  File "<frozen importlib._bootstrap_external>", line 947, in source_to_code
  File "<frozen importlib._bootstrap>", line 241, in _call_with_frames_removed
  File "/opt/airflow/dags/main.py", line 2
    from pendulum
                 ^
SyntaxError: invalid syntax
[2026-05-21T07:57:15.813+0000] {processor.py:842} WARNING - No viable dags retrieved from /opt/airflow/dags/main.py
[2026-05-21T07:57:15.843+0000] {processor.py:183} INFO - Processing /opt/airflow/dags/main.py took 0.060 seconds
[2026-05-21T07:57:46.179+0000] {processor.py:161} INFO - Started process (PID=1278) to work on /opt/airflow/dags/main.py
[2026-05-21T07:57:46.180+0000] {processor.py:830} INFO - Processing file /opt/airflow/dags/main.py for tasks to queue
[2026-05-21T07:57:46.182+0000] {logging_mixin.py:188} INFO - [2026-05-21T07:57:46.182+0000] {dagbag.py:545} INFO - Filling up the DagBag from /opt/airflow/dags/main.py
[2026-05-21T07:57:46.196+0000] {logging_mixin.py:188} INFO - [2026-05-21T07:57:46.195+0000] {dagbag.py:355} ERROR - Failed to import: /opt/airflow/dags/main.py
Traceback (most recent call last):
  File "/home/airflow/.local/lib/python3.10/site-packages/airflow/models/dagbag.py", line 351, in parse
    loader.exec_module(new_module)
  File "<frozen importlib._bootstrap_external>", line 879, in exec_module
  File "<frozen importlib._bootstrap_external>", line 1017, in get_code
  File "<frozen importlib._bootstrap_external>", line 947, in source_to_code
  File "<frozen importlib._bootstrap>", line 241, in _call_with_frames_removed
  File "/opt/airflow/dags/main.py", line 2
    from pendulum
                 ^
SyntaxError: invalid syntax
[2026-05-21T07:57:46.196+0000] {processor.py:842} WARNING - No viable dags retrieved from /opt/airflow/dags/main.py
[2026-05-21T07:57:46.225+0000] {processor.py:183} INFO - Processing /opt/airflow/dags/main.py took 0.051 seconds
[2026-05-21T07:58:16.505+0000] {processor.py:161} INFO - Started process (PID=1285) to work on /opt/airflow/dags/main.py
[2026-05-21T07:58:16.506+0000] {processor.py:830} INFO - Processing file /opt/airflow/dags/main.py for tasks to queue
[2026-05-21T07:58:16.508+0000] {logging_mixin.py:188} INFO - [2026-05-21T07:58:16.508+0000] {dagbag.py:545} INFO - Filling up the DagBag from /opt/airflow/dags/main.py
[2026-05-21T07:58:16.522+0000] {logging_mixin.py:188} INFO - [2026-05-21T07:58:16.521+0000] {dagbag.py:355} ERROR - Failed to import: /opt/airflow/dags/main.py
Traceback (most recent call last):
  File "/home/airflow/.local/lib/python3.10/site-packages/airflow/models/dagbag.py", line 351, in parse
    loader.exec_module(new_module)
  File "<frozen importlib._bootstrap_external>", line 879, in exec_module
  File "<frozen importlib._bootstrap_external>", line 1017, in get_code
  File "<frozen importlib._bootstrap_external>", line 947, in source_to_code
  File "<frozen importlib._bootstrap>", line 241, in _call_with_frames_removed
  File "/opt/airflow/dags/main.py", line 2
    from pendulum
                 ^
SyntaxError: invalid syntax
[2026-05-21T07:58:16.522+0000] {processor.py:842} WARNING - No viable dags retrieved from /opt/airflow/dags/main.py
[2026-05-21T07:58:16.552+0000] {processor.py:183} INFO - Processing /opt/airflow/dags/main.py took 0.053 seconds
[2026-05-21T07:58:46.757+0000] {processor.py:161} INFO - Started process (PID=1292) to work on /opt/airflow/dags/main.py
[2026-05-21T07:58:46.758+0000] {processor.py:830} INFO - Processing file /opt/airflow/dags/main.py for tasks to queue
[2026-05-21T07:58:46.761+0000] {logging_mixin.py:188} INFO - [2026-05-21T07:58:46.761+0000] {dagbag.py:545} INFO - Filling up the DagBag from /opt/airflow/dags/main.py
[2026-05-21T07:58:46.779+0000] {logging_mixin.py:188} INFO - [2026-05-21T07:58:46.778+0000] {dagbag.py:355} ERROR - Failed to import: /opt/airflow/dags/main.py
Traceback (most recent call last):
  File "/home/airflow/.local/lib/python3.10/site-packages/airflow/models/dagbag.py", line 351, in parse
    loader.exec_module(new_module)
  File "<frozen importlib._bootstrap_external>", line 879, in exec_module
  File "<frozen importlib._bootstrap_external>", line 1017, in get_code
  File "<frozen importlib._bootstrap_external>", line 947, in source_to_code
  File "<frozen importlib._bootstrap>", line 241, in _call_with_frames_removed
  File "/opt/airflow/dags/main.py", line 2
    from pendulum
                 ^
SyntaxError: invalid syntax
[2026-05-21T07:58:46.779+0000] {processor.py:842} WARNING - No viable dags retrieved from /opt/airflow/dags/main.py
[2026-05-21T07:58:46.810+0000] {processor.py:183} INFO - Processing /opt/airflow/dags/main.py took 0.062 seconds
[2026-05-21T07:59:17.045+0000] {processor.py:161} INFO - Started process (PID=1299) to work on /opt/airflow/dags/main.py
[2026-05-21T07:59:17.047+0000] {processor.py:830} INFO - Processing file /opt/airflow/dags/main.py for tasks to queue
[2026-05-21T07:59:17.049+0000] {logging_mixin.py:188} INFO - [2026-05-21T07:59:17.049+0000] {dagbag.py:545} INFO - Filling up the DagBag from /opt/airflow/dags/main.py
[2026-05-21T07:59:17.063+0000] {logging_mixin.py:188} INFO - [2026-05-21T07:59:17.062+0000] {dagbag.py:355} ERROR - Failed to import: /opt/airflow/dags/main.py
Traceback (most recent call last):
  File "/home/airflow/.local/lib/python3.10/site-packages/airflow/models/dagbag.py", line 351, in parse
    loader.exec_module(new_module)
  File "<frozen importlib._bootstrap_external>", line 879, in exec_module
  File "<frozen importlib._bootstrap_external>", line 1017, in get_code
  File "<frozen importlib._bootstrap_external>", line 947, in source_to_code
  File "<frozen importlib._bootstrap>", line 241, in _call_with_frames_removed
  File "/opt/airflow/dags/main.py", line 2
    from pendulum
                 ^
SyntaxError: invalid syntax
[2026-05-21T07:59:17.064+0000] {processor.py:842} WARNING - No viable dags retrieved from /opt/airflow/dags/main.py
[2026-05-21T07:59:17.083+0000] {processor.py:183} INFO - Processing /opt/airflow/dags/main.py took 0.044 seconds
[2026-05-21T07:59:47.443+0000] {processor.py:161} INFO - Started process (PID=1306) to work on /opt/airflow/dags/main.py
[2026-05-21T07:59:47.444+0000] {processor.py:830} INFO - Processing file /opt/airflow/dags/main.py for tasks to queue
[2026-05-21T07:59:47.446+0000] {logging_mixin.py:188} INFO - [2026-05-21T07:59:47.446+0000] {dagbag.py:545} INFO - Filling up the DagBag from /opt/airflow/dags/main.py
[2026-05-21T07:59:47.465+0000] {logging_mixin.py:188} INFO - [2026-05-21T07:59:47.464+0000] {dagbag.py:355} ERROR - Failed to import: /opt/airflow/dags/main.py
Traceback (most recent call last):
  File "/home/airflow/.local/lib/python3.10/site-packages/airflow/models/dagbag.py", line 351, in parse
    loader.exec_module(new_module)
  File "<frozen importlib._bootstrap_external>", line 879, in exec_module
  File "<frozen importlib._bootstrap_external>", line 1017, in get_code
  File "<frozen importlib._bootstrap_external>", line 947, in source_to_code
  File "<frozen importlib._bootstrap>", line 241, in _call_with_frames_removed
  File "/opt/airflow/dags/main.py", line 2
    from pendulum
                 ^
SyntaxError: invalid syntax
[2026-05-21T07:59:47.465+0000] {processor.py:842} WARNING - No viable dags retrieved from /opt/airflow/dags/main.py
[2026-05-21T07:59:47.494+0000] {processor.py:183} INFO - Processing /opt/airflow/dags/main.py took 0.057 seconds
[2026-05-21T08:00:17.823+0000] {processor.py:161} INFO - Started process (PID=1313) to work on /opt/airflow/dags/main.py
[2026-05-21T08:00:17.824+0000] {processor.py:830} INFO - Processing file /opt/airflow/dags/main.py for tasks to queue
[2026-05-21T08:00:17.826+0000] {logging_mixin.py:188} INFO - [2026-05-21T08:00:17.826+0000] {dagbag.py:545} INFO - Filling up the DagBag from /opt/airflow/dags/main.py
[2026-05-21T08:00:17.841+0000] {logging_mixin.py:188} INFO - [2026-05-21T08:00:17.840+0000] {dagbag.py:355} ERROR - Failed to import: /opt/airflow/dags/main.py
Traceback (most recent call last):
  File "/home/airflow/.local/lib/python3.10/site-packages/airflow/models/dagbag.py", line 351, in parse
    loader.exec_module(new_module)
  File "<frozen importlib._bootstrap_external>", line 879, in exec_module
  File "<frozen importlib._bootstrap_external>", line 1017, in get_code
  File "<frozen importlib._bootstrap_external>", line 947, in source_to_code
  File "<frozen importlib._bootstrap>", line 241, in _call_with_frames_removed
  File "/opt/airflow/dags/main.py", line 2
    from pendulum
                 ^
SyntaxError: invalid syntax
[2026-05-21T08:00:17.841+0000] {processor.py:842} WARNING - No viable dags retrieved from /opt/airflow/dags/main.py
[2026-05-21T08:00:17.872+0000] {processor.py:183} INFO - Processing /opt/airflow/dags/main.py took 0.055 seconds
[2026-05-21T08:00:48.121+0000] {processor.py:161} INFO - Started process (PID=1320) to work on /opt/airflow/dags/main.py
[2026-05-21T08:00:48.122+0000] {processor.py:830} INFO - Processing file /opt/airflow/dags/main.py for tasks to queue
[2026-05-21T08:00:48.124+0000] {logging_mixin.py:188} INFO - [2026-05-21T08:00:48.124+0000] {dagbag.py:545} INFO - Filling up the DagBag from /opt/airflow/dags/main.py
[2026-05-21T08:00:48.142+0000] {logging_mixin.py:188} INFO - [2026-05-21T08:00:48.141+0000] {dagbag.py:355} ERROR - Failed to import: /opt/airflow/dags/main.py
Traceback (most recent call last):
  File "/home/airflow/.local/lib/python3.10/site-packages/airflow/models/dagbag.py", line 351, in parse
    loader.exec_module(new_module)
  File "<frozen importlib._bootstrap_external>", line 879, in exec_module
  File "<frozen importlib._bootstrap_external>", line 1017, in get_code
  File "<frozen importlib._bootstrap_external>", line 947, in source_to_code
  File "<frozen importlib._bootstrap>", line 241, in _call_with_frames_removed
  File "/opt/airflow/dags/main.py", line 2
    from pendulum
                 ^
SyntaxError: invalid syntax
[2026-05-21T08:00:48.142+0000] {processor.py:842} WARNING - No viable dags retrieved from /opt/airflow/dags/main.py
[2026-05-21T08:00:48.171+0000] {processor.py:183} INFO - Processing /opt/airflow/dags/main.py took 0.057 seconds
[2026-05-21T08:01:18.508+0000] {processor.py:161} INFO - Started process (PID=1327) to work on /opt/airflow/dags/main.py
[2026-05-21T08:01:18.509+0000] {processor.py:830} INFO - Processing file /opt/airflow/dags/main.py for tasks to queue
[2026-05-21T08:01:18.512+0000] {logging_mixin.py:188} INFO - [2026-05-21T08:01:18.511+0000] {dagbag.py:545} INFO - Filling up the DagBag from /opt/airflow/dags/main.py
[2026-05-21T08:01:18.528+0000] {logging_mixin.py:188} INFO - [2026-05-21T08:01:18.527+0000] {dagbag.py:355} ERROR - Failed to import: /opt/airflow/dags/main.py
Traceback (most recent call last):
  File "/home/airflow/.local/lib/python3.10/site-packages/airflow/models/dagbag.py", line 351, in parse
    loader.exec_module(new_module)
  File "<frozen importlib._bootstrap_external>", line 879, in exec_module
  File "<frozen importlib._bootstrap_external>", line 1017, in get_code
  File "<frozen importlib._bootstrap_external>", line 947, in source_to_code
  File "<frozen importlib._bootstrap>", line 241, in _call_with_frames_removed
  File "/opt/airflow/dags/main.py", line 2
    from pendulum
                 ^
SyntaxError: invalid syntax
[2026-05-21T08:01:18.528+0000] {processor.py:842} WARNING - No viable dags retrieved from /opt/airflow/dags/main.py
[2026-05-21T08:01:18.558+0000] {processor.py:183} INFO - Processing /opt/airflow/dags/main.py took 0.056 seconds
[2026-05-21T08:01:48.800+0000] {processor.py:161} INFO - Started process (PID=1334) to work on /opt/airflow/dags/main.py
[2026-05-21T08:01:48.801+0000] {processor.py:830} INFO - Processing file /opt/airflow/dags/main.py for tasks to queue
[2026-05-21T08:01:48.803+0000] {logging_mixin.py:188} INFO - [2026-05-21T08:01:48.803+0000] {dagbag.py:545} INFO - Filling up the DagBag from /opt/airflow/dags/main.py
[2026-05-21T08:01:48.818+0000] {logging_mixin.py:188} INFO - [2026-05-21T08:01:48.817+0000] {dagbag.py:355} ERROR - Failed to import: /opt/airflow/dags/main.py
Traceback (most recent call last):
  File "/home/airflow/.local/lib/python3.10/site-packages/airflow/models/dagbag.py", line 351, in parse
    loader.exec_module(new_module)
  File "<frozen importlib._bootstrap_external>", line 879, in exec_module
  File "<frozen importlib._bootstrap_external>", line 1017, in get_code
  File "<frozen importlib._bootstrap_external>", line 947, in source_to_code
  File "<frozen importlib._bootstrap>", line 241, in _call_with_frames_removed
  File "/opt/airflow/dags/main.py", line 2
    from pendulum
                 ^
SyntaxError: invalid syntax
[2026-05-21T08:01:48.818+0000] {processor.py:842} WARNING - No viable dags retrieved from /opt/airflow/dags/main.py
[2026-05-21T08:01:48.848+0000] {processor.py:183} INFO - Processing /opt/airflow/dags/main.py took 0.055 seconds
[2026-05-21T08:02:19.216+0000] {processor.py:161} INFO - Started process (PID=1341) to work on /opt/airflow/dags/main.py
[2026-05-21T08:02:19.218+0000] {processor.py:830} INFO - Processing file /opt/airflow/dags/main.py for tasks to queue
[2026-05-21T08:02:19.220+0000] {logging_mixin.py:188} INFO - [2026-05-21T08:02:19.219+0000] {dagbag.py:545} INFO - Filling up the DagBag from /opt/airflow/dags/main.py
[2026-05-21T08:02:19.233+0000] {logging_mixin.py:188} INFO - [2026-05-21T08:02:19.232+0000] {dagbag.py:355} ERROR - Failed to import: /opt/airflow/dags/main.py
Traceback (most recent call last):
  File "/home/airflow/.local/lib/python3.10/site-packages/airflow/models/dagbag.py", line 351, in parse
    loader.exec_module(new_module)
  File "<frozen importlib._bootstrap_external>", line 879, in exec_module
  File "<frozen importlib._bootstrap_external>", line 1017, in get_code
  File "<frozen importlib._bootstrap_external>", line 947, in source_to_code
  File "<frozen importlib._bootstrap>", line 241, in _call_with_frames_removed
  File "/opt/airflow/dags/main.py", line 2
    from pendulum
                 ^
SyntaxError: invalid syntax
[2026-05-21T08:02:19.233+0000] {processor.py:842} WARNING - No viable dags retrieved from /opt/airflow/dags/main.py
[2026-05-21T08:02:19.262+0000] {processor.py:183} INFO - Processing /opt/airflow/dags/main.py took 0.052 seconds
[2026-05-21T08:02:49.656+0000] {processor.py:161} INFO - Started process (PID=1348) to work on /opt/airflow/dags/main.py
[2026-05-21T08:02:49.657+0000] {processor.py:830} INFO - Processing file /opt/airflow/dags/main.py for tasks to queue
[2026-05-21T08:02:49.659+0000] {logging_mixin.py:188} INFO - [2026-05-21T08:02:49.659+0000] {dagbag.py:545} INFO - Filling up the DagBag from /opt/airflow/dags/main.py
[2026-05-21T08:02:49.674+0000] {logging_mixin.py:188} INFO - [2026-05-21T08:02:49.673+0000] {dagbag.py:355} ERROR - Failed to import: /opt/airflow/dags/main.py
Traceback (most recent call last):
  File "/home/airflow/.local/lib/python3.10/site-packages/airflow/models/dagbag.py", line 351, in parse
    loader.exec_module(new_module)
  File "<frozen importlib._bootstrap_external>", line 879, in exec_module
  File "<frozen importlib._bootstrap_external>", line 1017, in get_code
  File "<frozen importlib._bootstrap_external>", line 947, in source_to_code
  File "<frozen importlib._bootstrap>", line 241, in _call_with_frames_removed
  File "/opt/airflow/dags/main.py", line 2
    from pendulum
                 ^
SyntaxError: invalid syntax
[2026-05-21T08:02:49.674+0000] {processor.py:842} WARNING - No viable dags retrieved from /opt/airflow/dags/main.py
[2026-05-21T08:02:49.703+0000] {processor.py:183} INFO - Processing /opt/airflow/dags/main.py took 0.053 seconds
[2026-05-21T08:03:20.048+0000] {processor.py:161} INFO - Started process (PID=1355) to work on /opt/airflow/dags/main.py
[2026-05-21T08:03:20.049+0000] {processor.py:830} INFO - Processing file /opt/airflow/dags/main.py for tasks to queue
[2026-05-21T08:03:20.051+0000] {logging_mixin.py:188} INFO - [2026-05-21T08:03:20.051+0000] {dagbag.py:545} INFO - Filling up the DagBag from /opt/airflow/dags/main.py
[2026-05-21T08:03:20.067+0000] {logging_mixin.py:188} INFO - [2026-05-21T08:03:20.066+0000] {dagbag.py:355} ERROR - Failed to import: /opt/airflow/dags/main.py
Traceback (most recent call last):
  File "/home/airflow/.local/lib/python3.10/site-packages/airflow/models/dagbag.py", line 351, in parse
    loader.exec_module(new_module)
  File "<frozen importlib._bootstrap_external>", line 879, in exec_module
  File "<frozen importlib._bootstrap_external>", line 1017, in get_code
  File "<frozen importlib._bootstrap_external>", line 947, in source_to_code
  File "<frozen importlib._bootstrap>", line 241, in _call_with_frames_removed
  File "/opt/airflow/dags/main.py", line 2
    from pendulum
                 ^
SyntaxError: invalid syntax
[2026-05-21T08:03:20.067+0000] {processor.py:842} WARNING - No viable dags retrieved from /opt/airflow/dags/main.py
[2026-05-21T08:03:20.085+0000] {processor.py:183} INFO - Processing /opt/airflow/dags/main.py took 0.043 seconds
[2026-05-21T08:03:50.389+0000] {processor.py:161} INFO - Started process (PID=1362) to work on /opt/airflow/dags/main.py
[2026-05-21T08:03:50.391+0000] {processor.py:830} INFO - Processing file /opt/airflow/dags/main.py for tasks to queue
[2026-05-21T08:03:50.393+0000] {logging_mixin.py:188} INFO - [2026-05-21T08:03:50.392+0000] {dagbag.py:545} INFO - Filling up the DagBag from /opt/airflow/dags/main.py
[2026-05-21T08:03:50.413+0000] {logging_mixin.py:188} INFO - [2026-05-21T08:03:50.412+0000] {dagbag.py:355} ERROR - Failed to import: /opt/airflow/dags/main.py
Traceback (most recent call last):
  File "/home/airflow/.local/lib/python3.10/site-packages/airflow/models/dagbag.py", line 351, in parse
    loader.exec_module(new_module)
  File "<frozen importlib._bootstrap_external>", line 879, in exec_module
  File "<frozen importlib._bootstrap_external>", line 1017, in get_code
  File "<frozen importlib._bootstrap_external>", line 947, in source_to_code
  File "<frozen importlib._bootstrap>", line 241, in _call_with_frames_removed
  File "/opt/airflow/dags/main.py", line 2
    from pendulum
                 ^
SyntaxError: invalid syntax
[2026-05-21T08:03:50.413+0000] {processor.py:842} WARNING - No viable dags retrieved from /opt/airflow/dags/main.py
[2026-05-21T08:03:50.448+0000] {processor.py:183} INFO - Processing /opt/airflow/dags/main.py took 0.064 seconds
[2026-05-21T08:04:20.823+0000] {processor.py:161} INFO - Started process (PID=1369) to work on /opt/airflow/dags/main.py
[2026-05-21T08:04:20.824+0000] {processor.py:830} INFO - Processing file /opt/airflow/dags/main.py for tasks to queue
[2026-05-21T08:04:20.826+0000] {logging_mixin.py:188} INFO - [2026-05-21T08:04:20.825+0000] {dagbag.py:545} INFO - Filling up the DagBag from /opt/airflow/dags/main.py
[2026-05-21T08:04:20.842+0000] {logging_mixin.py:188} INFO - [2026-05-21T08:04:20.841+0000] {dagbag.py:355} ERROR - Failed to import: /opt/airflow/dags/main.py
Traceback (most recent call last):
  File "/home/airflow/.local/lib/python3.10/site-packages/airflow/models/dagbag.py", line 351, in parse
    loader.exec_module(new_module)
  File "<frozen importlib._bootstrap_external>", line 879, in exec_module
  File "<frozen importlib._bootstrap_external>", line 1017, in get_code
  File "<frozen importlib._bootstrap_external>", line 947, in source_to_code
  File "<frozen importlib._bootstrap>", line 241, in _call_with_frames_removed
  File "/opt/airflow/dags/main.py", line 2
    from pendulum
                 ^
SyntaxError: invalid syntax
[2026-05-21T08:04:20.842+0000] {processor.py:842} WARNING - No viable dags retrieved from /opt/airflow/dags/main.py
[2026-05-21T08:04:20.860+0000] {processor.py:183} INFO - Processing /opt/airflow/dags/main.py took 0.044 seconds
[2026-05-21T08:04:51.274+0000] {processor.py:161} INFO - Started process (PID=1376) to work on /opt/airflow/dags/main.py
[2026-05-21T08:04:51.276+0000] {processor.py:830} INFO - Processing file /opt/airflow/dags/main.py for tasks to queue
[2026-05-21T08:04:51.278+0000] {logging_mixin.py:188} INFO - [2026-05-21T08:04:51.278+0000] {dagbag.py:545} INFO - Filling up the DagBag from /opt/airflow/dags/main.py
[2026-05-21T08:04:51.296+0000] {logging_mixin.py:188} INFO - [2026-05-21T08:04:51.295+0000] {dagbag.py:355} ERROR - Failed to import: /opt/airflow/dags/main.py
Traceback (most recent call last):
  File "/home/airflow/.local/lib/python3.10/site-packages/airflow/models/dagbag.py", line 351, in parse
    loader.exec_module(new_module)
  File "<frozen importlib._bootstrap_external>", line 879, in exec_module
  File "<frozen importlib._bootstrap_external>", line 1017, in get_code
  File "<frozen importlib._bootstrap_external>", line 947, in source_to_code
  File "<frozen importlib._bootstrap>", line 241, in _call_with_frames_removed
  File "/opt/airflow/dags/main.py", line 2
    from pendulum
                 ^
SyntaxError: invalid syntax
[2026-05-21T08:04:51.296+0000] {processor.py:842} WARNING - No viable dags retrieved from /opt/airflow/dags/main.py
[2026-05-21T08:04:51.326+0000] {processor.py:183} INFO - Processing /opt/airflow/dags/main.py took 0.059 seconds
[2026-05-21T08:05:21.633+0000] {processor.py:161} INFO - Started process (PID=1383) to work on /opt/airflow/dags/main.py
[2026-05-21T08:05:21.634+0000] {processor.py:830} INFO - Processing file /opt/airflow/dags/main.py for tasks to queue
[2026-05-21T08:05:21.637+0000] {logging_mixin.py:188} INFO - [2026-05-21T08:05:21.637+0000] {dagbag.py:545} INFO - Filling up the DagBag from /opt/airflow/dags/main.py
[2026-05-21T08:05:21.654+0000] {logging_mixin.py:188} INFO - [2026-05-21T08:05:21.653+0000] {dagbag.py:355} ERROR - Failed to import: /opt/airflow/dags/main.py
Traceback (most recent call last):
  File "/home/airflow/.local/lib/python3.10/site-packages/airflow/models/dagbag.py", line 351, in parse
    loader.exec_module(new_module)
  File "<frozen importlib._bootstrap_external>", line 879, in exec_module
  File "<frozen importlib._bootstrap_external>", line 1017, in get_code
  File "<frozen importlib._bootstrap_external>", line 947, in source_to_code
  File "<frozen importlib._bootstrap>", line 241, in _call_with_frames_removed
  File "/opt/airflow/dags/main.py", line 2
    from pendulum
                 ^
SyntaxError: invalid syntax
[2026-05-21T08:05:21.654+0000] {processor.py:842} WARNING - No viable dags retrieved from /opt/airflow/dags/main.py
[2026-05-21T08:05:21.676+0000] {processor.py:183} INFO - Processing /opt/airflow/dags/main.py took 0.051 seconds
[2026-05-21T08:05:51.960+0000] {processor.py:161} INFO - Started process (PID=1390) to work on /opt/airflow/dags/main.py
[2026-05-21T08:05:51.961+0000] {processor.py:830} INFO - Processing file /opt/airflow/dags/main.py for tasks to queue
[2026-05-21T08:05:51.963+0000] {logging_mixin.py:188} INFO - [2026-05-21T08:05:51.963+0000] {dagbag.py:545} INFO - Filling up the DagBag from /opt/airflow/dags/main.py
[2026-05-21T08:05:51.977+0000] {logging_mixin.py:188} INFO - [2026-05-21T08:05:51.977+0000] {dagbag.py:355} ERROR - Failed to import: /opt/airflow/dags/main.py
Traceback (most recent call last):
  File "/home/airflow/.local/lib/python3.10/site-packages/airflow/models/dagbag.py", line 351, in parse
    loader.exec_module(new_module)
  File "<frozen importlib._bootstrap_external>", line 879, in exec_module
  File "<frozen importlib._bootstrap_external>", line 1017, in get_code
  File "<frozen importlib._bootstrap_external>", line 947, in source_to_code
  File "<frozen importlib._bootstrap>", line 241, in _call_with_frames_removed
  File "/opt/airflow/dags/main.py", line 2
    from pendulum
                 ^
SyntaxError: invalid syntax
[2026-05-21T08:05:51.978+0000] {processor.py:842} WARNING - No viable dags retrieved from /opt/airflow/dags/main.py
[2026-05-21T08:05:52.008+0000] {processor.py:183} INFO - Processing /opt/airflow/dags/main.py took 0.055 seconds
[2026-05-21T08:06:22.350+0000] {processor.py:161} INFO - Started process (PID=1397) to work on /opt/airflow/dags/main.py
[2026-05-21T08:06:22.352+0000] {processor.py:830} INFO - Processing file /opt/airflow/dags/main.py for tasks to queue
[2026-05-21T08:06:22.353+0000] {logging_mixin.py:188} INFO - [2026-05-21T08:06:22.353+0000] {dagbag.py:545} INFO - Filling up the DagBag from /opt/airflow/dags/main.py
[2026-05-21T08:06:22.368+0000] {logging_mixin.py:188} INFO - [2026-05-21T08:06:22.367+0000] {dagbag.py:355} ERROR - Failed to import: /opt/airflow/dags/main.py
Traceback (most recent call last):
  File "/home/airflow/.local/lib/python3.10/site-packages/airflow/models/dagbag.py", line 351, in parse
    loader.exec_module(new_module)
  File "<frozen importlib._bootstrap_external>", line 879, in exec_module
  File "<frozen importlib._bootstrap_external>", line 1017, in get_code
  File "<frozen importlib._bootstrap_external>", line 947, in source_to_code
  File "<frozen importlib._bootstrap>", line 241, in _call_with_frames_removed
  File "/opt/airflow/dags/main.py", line 2
    from pendulum
                 ^
SyntaxError: invalid syntax
[2026-05-21T08:06:22.368+0000] {processor.py:842} WARNING - No viable dags retrieved from /opt/airflow/dags/main.py
[2026-05-21T08:06:22.399+0000] {processor.py:183} INFO - Processing /opt/airflow/dags/main.py took 0.055 seconds
[2026-05-21T08:06:52.738+0000] {processor.py:161} INFO - Started process (PID=1404) to work on /opt/airflow/dags/main.py
[2026-05-21T08:06:52.740+0000] {processor.py:830} INFO - Processing file /opt/airflow/dags/main.py for tasks to queue
[2026-05-21T08:06:52.743+0000] {logging_mixin.py:188} INFO - [2026-05-21T08:06:52.742+0000] {dagbag.py:545} INFO - Filling up the DagBag from /opt/airflow/dags/main.py
[2026-05-21T08:06:52.758+0000] {logging_mixin.py:188} INFO - [2026-05-21T08:06:52.757+0000] {dagbag.py:355} ERROR - Failed to import: /opt/airflow/dags/main.py
Traceback (most recent call last):
  File "/home/airflow/.local/lib/python3.10/site-packages/airflow/models/dagbag.py", line 351, in parse
    loader.exec_module(new_module)
  File "<frozen importlib._bootstrap_external>", line 879, in exec_module
  File "<frozen importlib._bootstrap_external>", line 1017, in get_code
  File "<frozen importlib._bootstrap_external>", line 947, in source_to_code
  File "<frozen importlib._bootstrap>", line 241, in _call_with_frames_removed
  File "/opt/airflow/dags/main.py", line 2
    from pendulum
                 ^
SyntaxError: invalid syntax
[2026-05-21T08:06:52.758+0000] {processor.py:842} WARNING - No viable dags retrieved from /opt/airflow/dags/main.py
[2026-05-21T08:06:52.787+0000] {processor.py:183} INFO - Processing /opt/airflow/dags/main.py took 0.055 seconds
[2026-05-21T08:07:23.079+0000] {processor.py:161} INFO - Started process (PID=1411) to work on /opt/airflow/dags/main.py
[2026-05-21T08:07:23.081+0000] {processor.py:830} INFO - Processing file /opt/airflow/dags/main.py for tasks to queue
[2026-05-21T08:07:23.083+0000] {logging_mixin.py:188} INFO - [2026-05-21T08:07:23.083+0000] {dagbag.py:545} INFO - Filling up the DagBag from /opt/airflow/dags/main.py
[2026-05-21T08:07:23.100+0000] {logging_mixin.py:188} INFO - [2026-05-21T08:07:23.099+0000] {dagbag.py:355} ERROR - Failed to import: /opt/airflow/dags/main.py
Traceback (most recent call last):
  File "/home/airflow/.local/lib/python3.10/site-packages/airflow/models/dagbag.py", line 351, in parse
    loader.exec_module(new_module)
  File "<frozen importlib._bootstrap_external>", line 879, in exec_module
  File "<frozen importlib._bootstrap_external>", line 1017, in get_code
  File "<frozen importlib._bootstrap_external>", line 947, in source_to_code
  File "<frozen importlib._bootstrap>", line 241, in _call_with_frames_removed
  File "/opt/airflow/dags/main.py", line 2
    from pendulum
                 ^
SyntaxError: invalid syntax
[2026-05-21T08:07:23.101+0000] {processor.py:842} WARNING - No viable dags retrieved from /opt/airflow/dags/main.py
[2026-05-21T08:07:23.133+0000] {processor.py:183} INFO - Processing /opt/airflow/dags/main.py took 0.061 seconds
[2026-05-21T08:07:53.345+0000] {processor.py:161} INFO - Started process (PID=1418) to work on /opt/airflow/dags/main.py
[2026-05-21T08:07:53.346+0000] {processor.py:830} INFO - Processing file /opt/airflow/dags/main.py for tasks to queue
[2026-05-21T08:07:53.348+0000] {logging_mixin.py:188} INFO - [2026-05-21T08:07:53.348+0000] {dagbag.py:545} INFO - Filling up the DagBag from /opt/airflow/dags/main.py
[2026-05-21T08:07:53.363+0000] {logging_mixin.py:188} INFO - [2026-05-21T08:07:53.362+0000] {dagbag.py:355} ERROR - Failed to import: /opt/airflow/dags/main.py
Traceback (most recent call last):
  File "/home/airflow/.local/lib/python3.10/site-packages/airflow/models/dagbag.py", line 351, in parse
    loader.exec_module(new_module)
  File "<frozen importlib._bootstrap_external>", line 879, in exec_module
  File "<frozen importlib._bootstrap_external>", line 1017, in get_code
  File "<frozen importlib._bootstrap_external>", line 947, in source_to_code
  File "<frozen importlib._bootstrap>", line 241, in _call_with_frames_removed
  File "/opt/airflow/dags/main.py", line 2
    from pendulum
                 ^
SyntaxError: invalid syntax
[2026-05-21T08:07:53.363+0000] {processor.py:842} WARNING - No viable dags retrieved from /opt/airflow/dags/main.py
[2026-05-21T08:07:53.382+0000] {processor.py:183} INFO - Processing /opt/airflow/dags/main.py took 0.043 seconds
[2026-05-21T08:08:23.652+0000] {processor.py:161} INFO - Started process (PID=1425) to work on /opt/airflow/dags/main.py
[2026-05-21T08:08:23.653+0000] {processor.py:830} INFO - Processing file /opt/airflow/dags/main.py for tasks to queue
[2026-05-21T08:08:23.655+0000] {logging_mixin.py:188} INFO - [2026-05-21T08:08:23.655+0000] {dagbag.py:545} INFO - Filling up the DagBag from /opt/airflow/dags/main.py
[2026-05-21T08:08:23.673+0000] {logging_mixin.py:188} INFO - [2026-05-21T08:08:23.673+0000] {dagbag.py:355} ERROR - Failed to import: /opt/airflow/dags/main.py
Traceback (most recent call last):
  File "/home/airflow/.local/lib/python3.10/site-packages/airflow/models/dagbag.py", line 351, in parse
    loader.exec_module(new_module)
  File "<frozen importlib._bootstrap_external>", line 879, in exec_module
  File "<frozen importlib._bootstrap_external>", line 1017, in get_code
  File "<frozen importlib._bootstrap_external>", line 947, in source_to_code
  File "<frozen importlib._bootstrap>", line 241, in _call_with_frames_removed
  File "/opt/airflow/dags/main.py", line 2
    from pendulum
                 ^
SyntaxError: invalid syntax
[2026-05-21T08:08:23.674+0000] {processor.py:842} WARNING - No viable dags retrieved from /opt/airflow/dags/main.py
[2026-05-21T08:08:23.693+0000] {processor.py:183} INFO - Processing /opt/airflow/dags/main.py took 0.049 seconds
[2026-05-21T08:08:53.935+0000] {processor.py:161} INFO - Started process (PID=1432) to work on /opt/airflow/dags/main.py
[2026-05-21T08:08:53.937+0000] {processor.py:830} INFO - Processing file /opt/airflow/dags/main.py for tasks to queue
[2026-05-21T08:08:53.939+0000] {logging_mixin.py:188} INFO - [2026-05-21T08:08:53.939+0000] {dagbag.py:545} INFO - Filling up the DagBag from /opt/airflow/dags/main.py
[2026-05-21T08:08:53.956+0000] {logging_mixin.py:188} INFO - [2026-05-21T08:08:53.956+0000] {dagbag.py:355} ERROR - Failed to import: /opt/airflow/dags/main.py
Traceback (most recent call last):
  File "/home/airflow/.local/lib/python3.10/site-packages/airflow/models/dagbag.py", line 351, in parse
    loader.exec_module(new_module)
  File "<frozen importlib._bootstrap_external>", line 879, in exec_module
  File "<frozen importlib._bootstrap_external>", line 1017, in get_code
  File "<frozen importlib._bootstrap_external>", line 947, in source_to_code
  File "<frozen importlib._bootstrap>", line 241, in _call_with_frames_removed
  File "/opt/airflow/dags/main.py", line 2
    from pendulum
                 ^
SyntaxError: invalid syntax
[2026-05-21T08:08:53.957+0000] {processor.py:842} WARNING - No viable dags retrieved from /opt/airflow/dags/main.py
[2026-05-21T08:08:53.986+0000] {processor.py:183} INFO - Processing /opt/airflow/dags/main.py took 0.057 seconds
[2026-05-21T08:09:24.250+0000] {processor.py:161} INFO - Started process (PID=1439) to work on /opt/airflow/dags/main.py
[2026-05-21T08:09:24.251+0000] {processor.py:830} INFO - Processing file /opt/airflow/dags/main.py for tasks to queue
[2026-05-21T08:09:24.253+0000] {logging_mixin.py:188} INFO - [2026-05-21T08:09:24.253+0000] {dagbag.py:545} INFO - Filling up the DagBag from /opt/airflow/dags/main.py
[2026-05-21T08:09:24.271+0000] {logging_mixin.py:188} INFO - [2026-05-21T08:09:24.270+0000] {dagbag.py:355} ERROR - Failed to import: /opt/airflow/dags/main.py
Traceback (most recent call last):
  File "/home/airflow/.local/lib/python3.10/site-packages/airflow/models/dagbag.py", line 351, in parse
    loader.exec_module(new_module)
  File "<frozen importlib._bootstrap_external>", line 879, in exec_module
  File "<frozen importlib._bootstrap_external>", line 1017, in get_code
  File "<frozen importlib._bootstrap_external>", line 947, in source_to_code
  File "<frozen importlib._bootstrap>", line 241, in _call_with_frames_removed
  File "/opt/airflow/dags/main.py", line 2
    from pendulum
                 ^
SyntaxError: invalid syntax
[2026-05-21T08:09:24.271+0000] {processor.py:842} WARNING - No viable dags retrieved from /opt/airflow/dags/main.py
[2026-05-21T08:09:24.292+0000] {processor.py:183} INFO - Processing /opt/airflow/dags/main.py took 0.048 seconds
[2026-05-21T08:09:54.555+0000] {processor.py:161} INFO - Started process (PID=1446) to work on /opt/airflow/dags/main.py
[2026-05-21T08:09:54.556+0000] {processor.py:830} INFO - Processing file /opt/airflow/dags/main.py for tasks to queue
[2026-05-21T08:09:54.558+0000] {logging_mixin.py:188} INFO - [2026-05-21T08:09:54.558+0000] {dagbag.py:545} INFO - Filling up the DagBag from /opt/airflow/dags/main.py
[2026-05-21T08:09:54.572+0000] {logging_mixin.py:188} INFO - [2026-05-21T08:09:54.571+0000] {dagbag.py:355} ERROR - Failed to import: /opt/airflow/dags/main.py
Traceback (most recent call last):
  File "/home/airflow/.local/lib/python3.10/site-packages/airflow/models/dagbag.py", line 351, in parse
    loader.exec_module(new_module)
  File "<frozen importlib._bootstrap_external>", line 879, in exec_module
  File "<frozen importlib._bootstrap_external>", line 1017, in get_code
  File "<frozen importlib._bootstrap_external>", line 947, in source_to_code
  File "<frozen importlib._bootstrap>", line 241, in _call_with_frames_removed
  File "/opt/airflow/dags/main.py", line 2
    from pendulum
                 ^
SyntaxError: invalid syntax
[2026-05-21T08:09:54.572+0000] {processor.py:842} WARNING - No viable dags retrieved from /opt/airflow/dags/main.py
[2026-05-21T08:09:54.591+0000] {processor.py:183} INFO - Processing /opt/airflow/dags/main.py took 0.042 seconds
[2026-05-21T08:10:24.869+0000] {processor.py:161} INFO - Started process (PID=1453) to work on /opt/airflow/dags/main.py
[2026-05-21T08:10:24.870+0000] {processor.py:830} INFO - Processing file /opt/airflow/dags/main.py for tasks to queue
[2026-05-21T08:10:24.872+0000] {logging_mixin.py:188} INFO - [2026-05-21T08:10:24.872+0000] {dagbag.py:545} INFO - Filling up the DagBag from /opt/airflow/dags/main.py
[2026-05-21T08:10:24.889+0000] {logging_mixin.py:188} INFO - [2026-05-21T08:10:24.888+0000] {dagbag.py:355} ERROR - Failed to import: /opt/airflow/dags/main.py
Traceback (most recent call last):
  File "/home/airflow/.local/lib/python3.10/site-packages/airflow/models/dagbag.py", line 351, in parse
    loader.exec_module(new_module)
  File "<frozen importlib._bootstrap_external>", line 879, in exec_module
  File "<frozen importlib._bootstrap_external>", line 1017, in get_code
  File "<frozen importlib._bootstrap_external>", line 947, in source_to_code
  File "<frozen importlib._bootstrap>", line 241, in _call_with_frames_removed
  File "/opt/airflow/dags/main.py", line 2
    from pendulum
                 ^
SyntaxError: invalid syntax
[2026-05-21T08:10:24.889+0000] {processor.py:842} WARNING - No viable dags retrieved from /opt/airflow/dags/main.py
[2026-05-21T08:10:24.909+0000] {processor.py:183} INFO - Processing /opt/airflow/dags/main.py took 0.047 seconds
[2026-05-21T08:10:55.198+0000] {processor.py:161} INFO - Started process (PID=1460) to work on /opt/airflow/dags/main.py
[2026-05-21T08:10:55.202+0000] {processor.py:830} INFO - Processing file /opt/airflow/dags/main.py for tasks to queue
[2026-05-21T08:10:55.207+0000] {logging_mixin.py:188} INFO - [2026-05-21T08:10:55.207+0000] {dagbag.py:545} INFO - Filling up the DagBag from /opt/airflow/dags/main.py
[2026-05-21T08:10:55.223+0000] {logging_mixin.py:188} INFO - [2026-05-21T08:10:55.222+0000] {dagbag.py:355} ERROR - Failed to import: /opt/airflow/dags/main.py
Traceback (most recent call last):
  File "/home/airflow/.local/lib/python3.10/site-packages/airflow/models/dagbag.py", line 351, in parse
    loader.exec_module(new_module)
  File "<frozen importlib._bootstrap_external>", line 879, in exec_module
  File "<frozen importlib._bootstrap_external>", line 1017, in get_code
  File "<frozen importlib._bootstrap_external>", line 947, in source_to_code
  File "<frozen importlib._bootstrap>", line 241, in _call_with_frames_removed
  File "/opt/airflow/dags/main.py", line 2
    from pendulum
                 ^
SyntaxError: invalid syntax
[2026-05-21T08:10:55.223+0000] {processor.py:842} WARNING - No viable dags retrieved from /opt/airflow/dags/main.py
[2026-05-21T08:10:55.242+0000] {processor.py:183} INFO - Processing /opt/airflow/dags/main.py took 0.051 seconds
[2026-05-21T08:11:25.561+0000] {processor.py:161} INFO - Started process (PID=1467) to work on /opt/airflow/dags/main.py
[2026-05-21T08:11:25.562+0000] {processor.py:830} INFO - Processing file /opt/airflow/dags/main.py for tasks to queue
[2026-05-21T08:11:25.565+0000] {logging_mixin.py:188} INFO - [2026-05-21T08:11:25.564+0000] {dagbag.py:545} INFO - Filling up the DagBag from /opt/airflow/dags/main.py
[2026-05-21T08:11:25.583+0000] {logging_mixin.py:188} INFO - [2026-05-21T08:11:25.582+0000] {dagbag.py:355} ERROR - Failed to import: /opt/airflow/dags/main.py
Traceback (most recent call last):
  File "/home/airflow/.local/lib/python3.10/site-packages/airflow/models/dagbag.py", line 351, in parse
    loader.exec_module(new_module)
  File "<frozen importlib._bootstrap_external>", line 879, in exec_module
  File "<frozen importlib._bootstrap_external>", line 1017, in get_code
  File "<frozen importlib._bootstrap_external>", line 947, in source_to_code
  File "<frozen importlib._bootstrap>", line 241, in _call_with_frames_removed
  File "/opt/airflow/dags/main.py", line 2
    from pendulum
                 ^
SyntaxError: invalid syntax
[2026-05-21T08:11:25.584+0000] {processor.py:842} WARNING - No viable dags retrieved from /opt/airflow/dags/main.py
[2026-05-21T08:11:25.602+0000] {processor.py:183} INFO - Processing /opt/airflow/dags/main.py took 0.048 seconds
[2026-05-21T08:11:55.956+0000] {processor.py:161} INFO - Started process (PID=1474) to work on /opt/airflow/dags/main.py
[2026-05-21T08:11:55.957+0000] {processor.py:830} INFO - Processing file /opt/airflow/dags/main.py for tasks to queue
[2026-05-21T08:11:55.959+0000] {logging_mixin.py:188} INFO - [2026-05-21T08:11:55.959+0000] {dagbag.py:545} INFO - Filling up the DagBag from /opt/airflow/dags/main.py
[2026-05-21T08:11:55.975+0000] {logging_mixin.py:188} INFO - [2026-05-21T08:11:55.974+0000] {dagbag.py:355} ERROR - Failed to import: /opt/airflow/dags/main.py
Traceback (most recent call last):
  File "/home/airflow/.local/lib/python3.10/site-packages/airflow/models/dagbag.py", line 351, in parse
    loader.exec_module(new_module)
  File "<frozen importlib._bootstrap_external>", line 879, in exec_module
  File "<frozen importlib._bootstrap_external>", line 1017, in get_code
  File "<frozen importlib._bootstrap_external>", line 947, in source_to_code
  File "<frozen importlib._bootstrap>", line 241, in _call_with_frames_removed
  File "/opt/airflow/dags/main.py", line 2
    from pendulum
                 ^
SyntaxError: invalid syntax
[2026-05-21T08:11:55.975+0000] {processor.py:842} WARNING - No viable dags retrieved from /opt/airflow/dags/main.py
[2026-05-21T08:11:55.995+0000] {processor.py:183} INFO - Processing /opt/airflow/dags/main.py took 0.046 seconds
[2026-05-21T08:12:26.358+0000] {processor.py:161} INFO - Started process (PID=1481) to work on /opt/airflow/dags/main.py
[2026-05-21T08:12:26.359+0000] {processor.py:830} INFO - Processing file /opt/airflow/dags/main.py for tasks to queue
[2026-05-21T08:12:26.361+0000] {logging_mixin.py:188} INFO - [2026-05-21T08:12:26.360+0000] {dagbag.py:545} INFO - Filling up the DagBag from /opt/airflow/dags/main.py
[2026-05-21T08:12:26.374+0000] {logging_mixin.py:188} INFO - [2026-05-21T08:12:26.373+0000] {dagbag.py:355} ERROR - Failed to import: /opt/airflow/dags/main.py
Traceback (most recent call last):
  File "/home/airflow/.local/lib/python3.10/site-packages/airflow/models/dagbag.py", line 351, in parse
    loader.exec_module(new_module)
  File "<frozen importlib._bootstrap_external>", line 879, in exec_module
  File "<frozen importlib._bootstrap_external>", line 1017, in get_code
  File "<frozen importlib._bootstrap_external>", line 947, in source_to_code
  File "<frozen importlib._bootstrap>", line 241, in _call_with_frames_removed
  File "/opt/airflow/dags/main.py", line 2
    from pendulum
                 ^
SyntaxError: invalid syntax
[2026-05-21T08:12:26.374+0000] {processor.py:842} WARNING - No viable dags retrieved from /opt/airflow/dags/main.py
[2026-05-21T08:12:26.405+0000] {processor.py:183} INFO - Processing /opt/airflow/dags/main.py took 0.054 seconds
[2026-05-21T08:12:56.689+0000] {processor.py:161} INFO - Started process (PID=1488) to work on /opt/airflow/dags/main.py
[2026-05-21T08:12:56.691+0000] {processor.py:830} INFO - Processing file /opt/airflow/dags/main.py for tasks to queue
[2026-05-21T08:12:56.692+0000] {logging_mixin.py:188} INFO - [2026-05-21T08:12:56.692+0000] {dagbag.py:545} INFO - Filling up the DagBag from /opt/airflow/dags/main.py
[2026-05-21T08:12:56.712+0000] {logging_mixin.py:188} INFO - [2026-05-21T08:12:56.711+0000] {dagbag.py:355} ERROR - Failed to import: /opt/airflow/dags/main.py
Traceback (most recent call last):
  File "/home/airflow/.local/lib/python3.10/site-packages/airflow/models/dagbag.py", line 351, in parse
    loader.exec_module(new_module)
  File "<frozen importlib._bootstrap_external>", line 879, in exec_module
  File "<frozen importlib._bootstrap_external>", line 1017, in get_code
  File "<frozen importlib._bootstrap_external>", line 947, in source_to_code
  File "<frozen importlib._bootstrap>", line 241, in _call_with_frames_removed
  File "/opt/airflow/dags/main.py", line 2
    from pendulum
                 ^
SyntaxError: invalid syntax
[2026-05-21T08:12:56.712+0000] {processor.py:842} WARNING - No viable dags retrieved from /opt/airflow/dags/main.py
[2026-05-21T08:12:56.743+0000] {processor.py:183} INFO - Processing /opt/airflow/dags/main.py took 0.060 seconds
[2026-05-21T08:13:26.939+0000] {processor.py:161} INFO - Started process (PID=1495) to work on /opt/airflow/dags/main.py
[2026-05-21T08:13:26.941+0000] {processor.py:830} INFO - Processing file /opt/airflow/dags/main.py for tasks to queue
[2026-05-21T08:13:26.943+0000] {logging_mixin.py:188} INFO - [2026-05-21T08:13:26.942+0000] {dagbag.py:545} INFO - Filling up the DagBag from /opt/airflow/dags/main.py
[2026-05-21T08:13:26.958+0000] {logging_mixin.py:188} INFO - [2026-05-21T08:13:26.957+0000] {dagbag.py:355} ERROR - Failed to import: /opt/airflow/dags/main.py
Traceback (most recent call last):
  File "/home/airflow/.local/lib/python3.10/site-packages/airflow/models/dagbag.py", line 351, in parse
    loader.exec_module(new_module)
  File "<frozen importlib._bootstrap_external>", line 879, in exec_module
  File "<frozen importlib._bootstrap_external>", line 1017, in get_code
  File "<frozen importlib._bootstrap_external>", line 947, in source_to_code
  File "<frozen importlib._bootstrap>", line 241, in _call_with_frames_removed
  File "/opt/airflow/dags/main.py", line 2
    from pendulum
                 ^
SyntaxError: invalid syntax
[2026-05-21T08:13:26.959+0000] {processor.py:842} WARNING - No viable dags retrieved from /opt/airflow/dags/main.py
[2026-05-21T08:13:26.977+0000] {processor.py:183} INFO - Processing /opt/airflow/dags/main.py took 0.043 seconds
[2026-05-21T08:13:57.338+0000] {processor.py:161} INFO - Started process (PID=1502) to work on /opt/airflow/dags/main.py
[2026-05-21T08:13:57.339+0000] {processor.py:830} INFO - Processing file /opt/airflow/dags/main.py for tasks to queue
[2026-05-21T08:13:57.341+0000] {logging_mixin.py:188} INFO - [2026-05-21T08:13:57.341+0000] {dagbag.py:545} INFO - Filling up the DagBag from /opt/airflow/dags/main.py
[2026-05-21T08:13:57.360+0000] {logging_mixin.py:188} INFO - [2026-05-21T08:13:57.360+0000] {dagbag.py:355} ERROR - Failed to import: /opt/airflow/dags/main.py
Traceback (most recent call last):
  File "/home/airflow/.local/lib/python3.10/site-packages/airflow/models/dagbag.py", line 351, in parse
    loader.exec_module(new_module)
  File "<frozen importlib._bootstrap_external>", line 879, in exec_module
  File "<frozen importlib._bootstrap_external>", line 1017, in get_code
  File "<frozen importlib._bootstrap_external>", line 947, in source_to_code
  File "<frozen importlib._bootstrap>", line 241, in _call_with_frames_removed
  File "/opt/airflow/dags/main.py", line 2
    from pendulum
                 ^
SyntaxError: invalid syntax
[2026-05-21T08:13:57.361+0000] {processor.py:842} WARNING - No viable dags retrieved from /opt/airflow/dags/main.py
[2026-05-21T08:13:57.380+0000] {processor.py:183} INFO - Processing /opt/airflow/dags/main.py took 0.049 seconds
[2026-05-21T08:14:27.736+0000] {processor.py:161} INFO - Started process (PID=1509) to work on /opt/airflow/dags/main.py
[2026-05-21T08:14:27.737+0000] {processor.py:830} INFO - Processing file /opt/airflow/dags/main.py for tasks to queue
[2026-05-21T08:14:27.741+0000] {logging_mixin.py:188} INFO - [2026-05-21T08:14:27.741+0000] {dagbag.py:545} INFO - Filling up the DagBag from /opt/airflow/dags/main.py
[2026-05-21T08:14:27.759+0000] {logging_mixin.py:188} INFO - [2026-05-21T08:14:27.758+0000] {dagbag.py:355} ERROR - Failed to import: /opt/airflow/dags/main.py
Traceback (most recent call last):
  File "/home/airflow/.local/lib/python3.10/site-packages/airflow/models/dagbag.py", line 351, in parse
    loader.exec_module(new_module)
  File "<frozen importlib._bootstrap_external>", line 879, in exec_module
  File "<frozen importlib._bootstrap_external>", line 1017, in get_code
  File "<frozen importlib._bootstrap_external>", line 947, in source_to_code
  File "<frozen importlib._bootstrap>", line 241, in _call_with_frames_removed
  File "/opt/airflow/dags/main.py", line 2
    from pendulum
                 ^
SyntaxError: invalid syntax
[2026-05-21T08:14:27.760+0000] {processor.py:842} WARNING - No viable dags retrieved from /opt/airflow/dags/main.py
[2026-05-21T08:14:27.782+0000] {processor.py:183} INFO - Processing /opt/airflow/dags/main.py took 0.055 seconds
[2026-05-21T08:14:58.108+0000] {processor.py:161} INFO - Started process (PID=1516) to work on /opt/airflow/dags/main.py
[2026-05-21T08:14:58.109+0000] {processor.py:830} INFO - Processing file /opt/airflow/dags/main.py for tasks to queue
[2026-05-21T08:14:58.111+0000] {logging_mixin.py:188} INFO - [2026-05-21T08:14:58.111+0000] {dagbag.py:545} INFO - Filling up the DagBag from /opt/airflow/dags/main.py
[2026-05-21T08:14:58.128+0000] {logging_mixin.py:188} INFO - [2026-05-21T08:14:58.128+0000] {dagbag.py:355} ERROR - Failed to import: /opt/airflow/dags/main.py
Traceback (most recent call last):
  File "/home/airflow/.local/lib/python3.10/site-packages/airflow/models/dagbag.py", line 351, in parse
    loader.exec_module(new_module)
  File "<frozen importlib._bootstrap_external>", line 879, in exec_module
  File "<frozen importlib._bootstrap_external>", line 1017, in get_code
  File "<frozen importlib._bootstrap_external>", line 947, in source_to_code
  File "<frozen importlib._bootstrap>", line 241, in _call_with_frames_removed
  File "/opt/airflow/dags/main.py", line 2
    from pendulum
                 ^
SyntaxError: invalid syntax
[2026-05-21T08:14:58.129+0000] {processor.py:842} WARNING - No viable dags retrieved from /opt/airflow/dags/main.py
[2026-05-21T08:14:58.159+0000] {processor.py:183} INFO - Processing /opt/airflow/dags/main.py took 0.058 seconds
[2026-05-21T08:15:28.475+0000] {processor.py:161} INFO - Started process (PID=1523) to work on /opt/airflow/dags/main.py
[2026-05-21T08:15:28.477+0000] {processor.py:830} INFO - Processing file /opt/airflow/dags/main.py for tasks to queue
[2026-05-21T08:15:28.480+0000] {logging_mixin.py:188} INFO - [2026-05-21T08:15:28.480+0000] {dagbag.py:545} INFO - Filling up the DagBag from /opt/airflow/dags/main.py
[2026-05-21T08:15:28.500+0000] {logging_mixin.py:188} INFO - [2026-05-21T08:15:28.499+0000] {dagbag.py:355} ERROR - Failed to import: /opt/airflow/dags/main.py
Traceback (most recent call last):
  File "/home/airflow/.local/lib/python3.10/site-packages/airflow/models/dagbag.py", line 351, in parse
    loader.exec_module(new_module)
  File "<frozen importlib._bootstrap_external>", line 879, in exec_module
  File "<frozen importlib._bootstrap_external>", line 1017, in get_code
  File "<frozen importlib._bootstrap_external>", line 947, in source_to_code
  File "<frozen importlib._bootstrap>", line 241, in _call_with_frames_removed
  File "/opt/airflow/dags/main.py", line 2
    from pendulum
                 ^
SyntaxError: invalid syntax
[2026-05-21T08:15:28.500+0000] {processor.py:842} WARNING - No viable dags retrieved from /opt/airflow/dags/main.py
[2026-05-21T08:15:28.531+0000] {processor.py:183} INFO - Processing /opt/airflow/dags/main.py took 0.063 seconds
[2026-05-21T08:15:58.750+0000] {processor.py:161} INFO - Started process (PID=1530) to work on /opt/airflow/dags/main.py
[2026-05-21T08:15:58.751+0000] {processor.py:830} INFO - Processing file /opt/airflow/dags/main.py for tasks to queue
[2026-05-21T08:15:58.753+0000] {logging_mixin.py:188} INFO - [2026-05-21T08:15:58.753+0000] {dagbag.py:545} INFO - Filling up the DagBag from /opt/airflow/dags/main.py
[2026-05-21T08:15:58.770+0000] {logging_mixin.py:188} INFO - [2026-05-21T08:15:58.769+0000] {dagbag.py:355} ERROR - Failed to import: /opt/airflow/dags/main.py
Traceback (most recent call last):
  File "/home/airflow/.local/lib/python3.10/site-packages/airflow/models/dagbag.py", line 351, in parse
    loader.exec_module(new_module)
  File "<frozen importlib._bootstrap_external>", line 879, in exec_module
  File "<frozen importlib._bootstrap_external>", line 1017, in get_code
  File "<frozen importlib._bootstrap_external>", line 947, in source_to_code
  File "<frozen importlib._bootstrap>", line 241, in _call_with_frames_removed
  File "/opt/airflow/dags/main.py", line 2
    from pendulum
                 ^
SyntaxError: invalid syntax
[2026-05-21T08:15:58.770+0000] {processor.py:842} WARNING - No viable dags retrieved from /opt/airflow/dags/main.py
[2026-05-21T08:15:58.800+0000] {processor.py:183} INFO - Processing /opt/airflow/dags/main.py took 0.057 seconds
[2026-05-21T08:16:29.129+0000] {processor.py:161} INFO - Started process (PID=1537) to work on /opt/airflow/dags/main.py
[2026-05-21T08:16:29.130+0000] {processor.py:830} INFO - Processing file /opt/airflow/dags/main.py for tasks to queue
[2026-05-21T08:16:29.132+0000] {logging_mixin.py:188} INFO - [2026-05-21T08:16:29.132+0000] {dagbag.py:545} INFO - Filling up the DagBag from /opt/airflow/dags/main.py
[2026-05-21T08:16:29.148+0000] {logging_mixin.py:188} INFO - [2026-05-21T08:16:29.147+0000] {dagbag.py:355} ERROR - Failed to import: /opt/airflow/dags/main.py
Traceback (most recent call last):
  File "/home/airflow/.local/lib/python3.10/site-packages/airflow/models/dagbag.py", line 351, in parse
    loader.exec_module(new_module)
  File "<frozen importlib._bootstrap_external>", line 879, in exec_module
  File "<frozen importlib._bootstrap_external>", line 1017, in get_code
  File "<frozen importlib._bootstrap_external>", line 947, in source_to_code
  File "<frozen importlib._bootstrap>", line 241, in _call_with_frames_removed
  File "/opt/airflow/dags/main.py", line 2
    from pendulum
                 ^
SyntaxError: invalid syntax
[2026-05-21T08:16:29.148+0000] {processor.py:842} WARNING - No viable dags retrieved from /opt/airflow/dags/main.py
[2026-05-21T08:16:29.167+0000] {processor.py:183} INFO - Processing /opt/airflow/dags/main.py took 0.044 seconds
[2026-05-21T08:16:59.442+0000] {processor.py:161} INFO - Started process (PID=1544) to work on /opt/airflow/dags/main.py
[2026-05-21T08:16:59.443+0000] {processor.py:830} INFO - Processing file /opt/airflow/dags/main.py for tasks to queue
[2026-05-21T08:16:59.445+0000] {logging_mixin.py:188} INFO - [2026-05-21T08:16:59.445+0000] {dagbag.py:545} INFO - Filling up the DagBag from /opt/airflow/dags/main.py
[2026-05-21T08:16:59.460+0000] {logging_mixin.py:188} INFO - [2026-05-21T08:16:59.460+0000] {dagbag.py:355} ERROR - Failed to import: /opt/airflow/dags/main.py
Traceback (most recent call last):
  File "/home/airflow/.local/lib/python3.10/site-packages/airflow/models/dagbag.py", line 351, in parse
    loader.exec_module(new_module)
  File "<frozen importlib._bootstrap_external>", line 879, in exec_module
  File "<frozen importlib._bootstrap_external>", line 1017, in get_code
  File "<frozen importlib._bootstrap_external>", line 947, in source_to_code
  File "<frozen importlib._bootstrap>", line 241, in _call_with_frames_removed
  File "/opt/airflow/dags/main.py", line 2
    from pendulum
                 ^
SyntaxError: invalid syntax
[2026-05-21T08:16:59.461+0000] {processor.py:842} WARNING - No viable dags retrieved from /opt/airflow/dags/main.py
[2026-05-21T08:16:59.483+0000] {processor.py:183} INFO - Processing /opt/airflow/dags/main.py took 0.047 seconds
[2026-05-21T08:17:29.822+0000] {processor.py:161} INFO - Started process (PID=1551) to work on /opt/airflow/dags/main.py
[2026-05-21T08:17:29.823+0000] {processor.py:830} INFO - Processing file /opt/airflow/dags/main.py for tasks to queue
[2026-05-21T08:17:29.825+0000] {logging_mixin.py:188} INFO - [2026-05-21T08:17:29.825+0000] {dagbag.py:545} INFO - Filling up the DagBag from /opt/airflow/dags/main.py
[2026-05-21T08:17:29.841+0000] {logging_mixin.py:188} INFO - [2026-05-21T08:17:29.841+0000] {dagbag.py:355} ERROR - Failed to import: /opt/airflow/dags/main.py
Traceback (most recent call last):
  File "/home/airflow/.local/lib/python3.10/site-packages/airflow/models/dagbag.py", line 351, in parse
    loader.exec_module(new_module)
  File "<frozen importlib._bootstrap_external>", line 879, in exec_module
  File "<frozen importlib._bootstrap_external>", line 1017, in get_code
  File "<frozen importlib._bootstrap_external>", line 947, in source_to_code
  File "<frozen importlib._bootstrap>", line 241, in _call_with_frames_removed
  File "/opt/airflow/dags/main.py", line 2
    from pendulum
                 ^
SyntaxError: invalid syntax
[2026-05-21T08:17:29.842+0000] {processor.py:842} WARNING - No viable dags retrieved from /opt/airflow/dags/main.py
[2026-05-21T08:17:29.860+0000] {processor.py:183} INFO - Processing /opt/airflow/dags/main.py took 0.043 seconds
[2026-05-21T08:18:00.176+0000] {processor.py:161} INFO - Started process (PID=1558) to work on /opt/airflow/dags/main.py
[2026-05-21T08:18:00.177+0000] {processor.py:830} INFO - Processing file /opt/airflow/dags/main.py for tasks to queue
[2026-05-21T08:18:00.179+0000] {logging_mixin.py:188} INFO - [2026-05-21T08:18:00.178+0000] {dagbag.py:545} INFO - Filling up the DagBag from /opt/airflow/dags/main.py
[2026-05-21T08:18:00.194+0000] {logging_mixin.py:188} INFO - [2026-05-21T08:18:00.193+0000] {dagbag.py:355} ERROR - Failed to import: /opt/airflow/dags/main.py
Traceback (most recent call last):
  File "/home/airflow/.local/lib/python3.10/site-packages/airflow/models/dagbag.py", line 351, in parse
    loader.exec_module(new_module)
  File "<frozen importlib._bootstrap_external>", line 879, in exec_module
  File "<frozen importlib._bootstrap_external>", line 1017, in get_code
  File "<frozen importlib._bootstrap_external>", line 947, in source_to_code
  File "<frozen importlib._bootstrap>", line 241, in _call_with_frames_removed
  File "/opt/airflow/dags/main.py", line 2
    from pendulum
                 ^
SyntaxError: invalid syntax
[2026-05-21T08:18:00.195+0000] {processor.py:842} WARNING - No viable dags retrieved from /opt/airflow/dags/main.py
[2026-05-21T08:18:00.214+0000] {processor.py:183} INFO - Processing /opt/airflow/dags/main.py took 0.044 seconds
[2026-05-21T08:18:30.534+0000] {processor.py:161} INFO - Started process (PID=1565) to work on /opt/airflow/dags/main.py
[2026-05-21T08:18:30.536+0000] {processor.py:830} INFO - Processing file /opt/airflow/dags/main.py for tasks to queue
[2026-05-21T08:18:30.538+0000] {logging_mixin.py:188} INFO - [2026-05-21T08:18:30.537+0000] {dagbag.py:545} INFO - Filling up the DagBag from /opt/airflow/dags/main.py
[2026-05-21T08:18:30.553+0000] {logging_mixin.py:188} INFO - [2026-05-21T08:18:30.552+0000] {dagbag.py:355} ERROR - Failed to import: /opt/airflow/dags/main.py
Traceback (most recent call last):
  File "/home/airflow/.local/lib/python3.10/site-packages/airflow/models/dagbag.py", line 351, in parse
    loader.exec_module(new_module)
  File "<frozen importlib._bootstrap_external>", line 879, in exec_module
  File "<frozen importlib._bootstrap_external>", line 1017, in get_code
  File "<frozen importlib._bootstrap_external>", line 947, in source_to_code
  File "<frozen importlib._bootstrap>", line 241, in _call_with_frames_removed
  File "/opt/airflow/dags/main.py", line 2
    from pendulum
                 ^
SyntaxError: invalid syntax
[2026-05-21T08:18:30.554+0000] {processor.py:842} WARNING - No viable dags retrieved from /opt/airflow/dags/main.py
[2026-05-21T08:18:30.572+0000] {processor.py:183} INFO - Processing /opt/airflow/dags/main.py took 0.043 seconds
[2026-05-21T08:19:00.892+0000] {processor.py:161} INFO - Started process (PID=1572) to work on /opt/airflow/dags/main.py
[2026-05-21T08:19:00.893+0000] {processor.py:830} INFO - Processing file /opt/airflow/dags/main.py for tasks to queue
[2026-05-21T08:19:00.895+0000] {logging_mixin.py:188} INFO - [2026-05-21T08:19:00.894+0000] {dagbag.py:545} INFO - Filling up the DagBag from /opt/airflow/dags/main.py
[2026-05-21T08:19:00.914+0000] {logging_mixin.py:188} INFO - [2026-05-21T08:19:00.913+0000] {dagbag.py:355} ERROR - Failed to import: /opt/airflow/dags/main.py
Traceback (most recent call last):
  File "/home/airflow/.local/lib/python3.10/site-packages/airflow/models/dagbag.py", line 351, in parse
    loader.exec_module(new_module)
  File "<frozen importlib._bootstrap_external>", line 879, in exec_module
  File "<frozen importlib._bootstrap_external>", line 1017, in get_code
  File "<frozen importlib._bootstrap_external>", line 947, in source_to_code
  File "<frozen importlib._bootstrap>", line 241, in _call_with_frames_removed
  File "/opt/airflow/dags/main.py", line 2
    from pendulum
                 ^
SyntaxError: invalid syntax
[2026-05-21T08:19:00.914+0000] {processor.py:842} WARNING - No viable dags retrieved from /opt/airflow/dags/main.py
[2026-05-21T08:19:00.932+0000] {processor.py:183} INFO - Processing /opt/airflow/dags/main.py took 0.048 seconds
[2026-05-21T08:19:31.426+0000] {processor.py:161} INFO - Started process (PID=1579) to work on /opt/airflow/dags/main.py
[2026-05-21T08:19:31.427+0000] {processor.py:830} INFO - Processing file /opt/airflow/dags/main.py for tasks to queue
[2026-05-21T08:19:31.429+0000] {logging_mixin.py:188} INFO - [2026-05-21T08:19:31.429+0000] {dagbag.py:545} INFO - Filling up the DagBag from /opt/airflow/dags/main.py
[2026-05-21T08:19:31.445+0000] {logging_mixin.py:188} INFO - [2026-05-21T08:19:31.444+0000] {dagbag.py:355} ERROR - Failed to import: /opt/airflow/dags/main.py
Traceback (most recent call last):
  File "/home/airflow/.local/lib/python3.10/site-packages/airflow/models/dagbag.py", line 351, in parse
    loader.exec_module(new_module)
  File "<frozen importlib._bootstrap_external>", line 879, in exec_module
  File "<frozen importlib._bootstrap_external>", line 1017, in get_code
  File "<frozen importlib._bootstrap_external>", line 947, in source_to_code
  File "<frozen importlib._bootstrap>", line 241, in _call_with_frames_removed
  File "/opt/airflow/dags/main.py", line 2
    from pendulum
                 ^
SyntaxError: invalid syntax
[2026-05-21T08:19:31.446+0000] {processor.py:842} WARNING - No viable dags retrieved from /opt/airflow/dags/main.py
[2026-05-21T08:19:31.474+0000] {processor.py:183} INFO - Processing /opt/airflow/dags/main.py took 0.054 seconds
[2026-05-21T08:20:01.817+0000] {processor.py:161} INFO - Started process (PID=1586) to work on /opt/airflow/dags/main.py
[2026-05-21T08:20:01.819+0000] {processor.py:830} INFO - Processing file /opt/airflow/dags/main.py for tasks to queue
[2026-05-21T08:20:01.821+0000] {logging_mixin.py:188} INFO - [2026-05-21T08:20:01.820+0000] {dagbag.py:545} INFO - Filling up the DagBag from /opt/airflow/dags/main.py
[2026-05-21T08:20:01.835+0000] {logging_mixin.py:188} INFO - [2026-05-21T08:20:01.834+0000] {dagbag.py:355} ERROR - Failed to import: /opt/airflow/dags/main.py
Traceback (most recent call last):
  File "/home/airflow/.local/lib/python3.10/site-packages/airflow/models/dagbag.py", line 351, in parse
    loader.exec_module(new_module)
  File "<frozen importlib._bootstrap_external>", line 879, in exec_module
  File "<frozen importlib._bootstrap_external>", line 1017, in get_code
  File "<frozen importlib._bootstrap_external>", line 947, in source_to_code
  File "<frozen importlib._bootstrap>", line 241, in _call_with_frames_removed
  File "/opt/airflow/dags/main.py", line 2
    from pendulum
                 ^
SyntaxError: invalid syntax
[2026-05-21T08:20:01.835+0000] {processor.py:842} WARNING - No viable dags retrieved from /opt/airflow/dags/main.py
[2026-05-21T08:20:01.854+0000] {processor.py:183} INFO - Processing /opt/airflow/dags/main.py took 0.042 seconds
[2026-05-21T08:20:32.148+0000] {processor.py:161} INFO - Started process (PID=1593) to work on /opt/airflow/dags/main.py
[2026-05-21T08:20:32.149+0000] {processor.py:830} INFO - Processing file /opt/airflow/dags/main.py for tasks to queue
[2026-05-21T08:20:32.151+0000] {logging_mixin.py:188} INFO - [2026-05-21T08:20:32.151+0000] {dagbag.py:545} INFO - Filling up the DagBag from /opt/airflow/dags/main.py
[2026-05-21T08:20:32.169+0000] {logging_mixin.py:188} INFO - [2026-05-21T08:20:32.169+0000] {dagbag.py:355} ERROR - Failed to import: /opt/airflow/dags/main.py
Traceback (most recent call last):
  File "/home/airflow/.local/lib/python3.10/site-packages/airflow/models/dagbag.py", line 351, in parse
    loader.exec_module(new_module)
  File "<frozen importlib._bootstrap_external>", line 879, in exec_module
  File "<frozen importlib._bootstrap_external>", line 1017, in get_code
  File "<frozen importlib._bootstrap_external>", line 947, in source_to_code
  File "<frozen importlib._bootstrap>", line 241, in _call_with_frames_removed
  File "/opt/airflow/dags/main.py", line 2
    from pendulum
                 ^
SyntaxError: invalid syntax
[2026-05-21T08:20:32.170+0000] {processor.py:842} WARNING - No viable dags retrieved from /opt/airflow/dags/main.py
[2026-05-21T08:20:32.189+0000] {processor.py:183} INFO - Processing /opt/airflow/dags/main.py took 0.047 seconds
[2026-05-21T08:21:02.523+0000] {processor.py:161} INFO - Started process (PID=1600) to work on /opt/airflow/dags/main.py
[2026-05-21T08:21:02.525+0000] {processor.py:830} INFO - Processing file /opt/airflow/dags/main.py for tasks to queue
[2026-05-21T08:21:02.527+0000] {logging_mixin.py:188} INFO - [2026-05-21T08:21:02.526+0000] {dagbag.py:545} INFO - Filling up the DagBag from /opt/airflow/dags/main.py
[2026-05-21T08:21:02.540+0000] {logging_mixin.py:188} INFO - [2026-05-21T08:21:02.539+0000] {dagbag.py:355} ERROR - Failed to import: /opt/airflow/dags/main.py
Traceback (most recent call last):
  File "/home/airflow/.local/lib/python3.10/site-packages/airflow/models/dagbag.py", line 351, in parse
    loader.exec_module(new_module)
  File "<frozen importlib._bootstrap_external>", line 879, in exec_module
  File "<frozen importlib._bootstrap_external>", line 1017, in get_code
  File "<frozen importlib._bootstrap_external>", line 947, in source_to_code
  File "<frozen importlib._bootstrap>", line 241, in _call_with_frames_removed
  File "/opt/airflow/dags/main.py", line 2
    from pendulum
                 ^
SyntaxError: invalid syntax
[2026-05-21T08:21:02.541+0000] {processor.py:842} WARNING - No viable dags retrieved from /opt/airflow/dags/main.py
[2026-05-21T08:21:02.571+0000] {processor.py:183} INFO - Processing /opt/airflow/dags/main.py took 0.053 seconds
[2026-05-21T08:21:32.859+0000] {processor.py:161} INFO - Started process (PID=1607) to work on /opt/airflow/dags/main.py
[2026-05-21T08:21:32.861+0000] {processor.py:830} INFO - Processing file /opt/airflow/dags/main.py for tasks to queue
[2026-05-21T08:21:32.862+0000] {logging_mixin.py:188} INFO - [2026-05-21T08:21:32.862+0000] {dagbag.py:545} INFO - Filling up the DagBag from /opt/airflow/dags/main.py
[2026-05-21T08:21:32.878+0000] {logging_mixin.py:188} INFO - [2026-05-21T08:21:32.877+0000] {dagbag.py:355} ERROR - Failed to import: /opt/airflow/dags/main.py
Traceback (most recent call last):
  File "/home/airflow/.local/lib/python3.10/site-packages/airflow/models/dagbag.py", line 351, in parse
    loader.exec_module(new_module)
  File "<frozen importlib._bootstrap_external>", line 879, in exec_module
  File "<frozen importlib._bootstrap_external>", line 1017, in get_code
  File "<frozen importlib._bootstrap_external>", line 947, in source_to_code
  File "<frozen importlib._bootstrap>", line 241, in _call_with_frames_removed
  File "/opt/airflow/dags/main.py", line 2
    from pendulum
                 ^
SyntaxError: invalid syntax
[2026-05-21T08:21:32.878+0000] {processor.py:842} WARNING - No viable dags retrieved from /opt/airflow/dags/main.py
[2026-05-21T08:21:32.897+0000] {processor.py:183} INFO - Processing /opt/airflow/dags/main.py took 0.044 seconds
[2026-05-21T08:22:03.261+0000] {processor.py:161} INFO - Started process (PID=1614) to work on /opt/airflow/dags/main.py
[2026-05-21T08:22:03.262+0000] {processor.py:830} INFO - Processing file /opt/airflow/dags/main.py for tasks to queue
[2026-05-21T08:22:03.264+0000] {logging_mixin.py:188} INFO - [2026-05-21T08:22:03.264+0000] {dagbag.py:545} INFO - Filling up the DagBag from /opt/airflow/dags/main.py
[2026-05-21T08:22:03.280+0000] {logging_mixin.py:188} INFO - [2026-05-21T08:22:03.279+0000] {dagbag.py:355} ERROR - Failed to import: /opt/airflow/dags/main.py
Traceback (most recent call last):
  File "/home/airflow/.local/lib/python3.10/site-packages/airflow/models/dagbag.py", line 351, in parse
    loader.exec_module(new_module)
  File "<frozen importlib._bootstrap_external>", line 879, in exec_module
  File "<frozen importlib._bootstrap_external>", line 1017, in get_code
  File "<frozen importlib._bootstrap_external>", line 947, in source_to_code
  File "<frozen importlib._bootstrap>", line 241, in _call_with_frames_removed
  File "/opt/airflow/dags/main.py", line 2
    from pendulum
                 ^
SyntaxError: invalid syntax
[2026-05-21T08:22:03.280+0000] {processor.py:842} WARNING - No viable dags retrieved from /opt/airflow/dags/main.py
[2026-05-21T08:22:03.310+0000] {processor.py:183} INFO - Processing /opt/airflow/dags/main.py took 0.055 seconds
[2026-05-21T08:22:33.673+0000] {processor.py:161} INFO - Started process (PID=1621) to work on /opt/airflow/dags/main.py
[2026-05-21T08:22:33.675+0000] {processor.py:830} INFO - Processing file /opt/airflow/dags/main.py for tasks to queue
[2026-05-21T08:22:33.676+0000] {logging_mixin.py:188} INFO - [2026-05-21T08:22:33.676+0000] {dagbag.py:545} INFO - Filling up the DagBag from /opt/airflow/dags/main.py
[2026-05-21T08:22:33.691+0000] {logging_mixin.py:188} INFO - [2026-05-21T08:22:33.690+0000] {dagbag.py:355} ERROR - Failed to import: /opt/airflow/dags/main.py
Traceback (most recent call last):
  File "/home/airflow/.local/lib/python3.10/site-packages/airflow/models/dagbag.py", line 351, in parse
    loader.exec_module(new_module)
  File "<frozen importlib._bootstrap_external>", line 879, in exec_module
  File "<frozen importlib._bootstrap_external>", line 1017, in get_code
  File "<frozen importlib._bootstrap_external>", line 947, in source_to_code
  File "<frozen importlib._bootstrap>", line 241, in _call_with_frames_removed
  File "/opt/airflow/dags/main.py", line 2
    from pendulum
                 ^
SyntaxError: invalid syntax
[2026-05-21T08:22:33.691+0000] {processor.py:842} WARNING - No viable dags retrieved from /opt/airflow/dags/main.py
[2026-05-21T08:22:33.712+0000] {processor.py:183} INFO - Processing /opt/airflow/dags/main.py took 0.045 seconds
[2026-05-21T08:23:03.983+0000] {processor.py:161} INFO - Started process (PID=1628) to work on /opt/airflow/dags/main.py
[2026-05-21T08:23:03.985+0000] {processor.py:830} INFO - Processing file /opt/airflow/dags/main.py for tasks to queue
[2026-05-21T08:23:03.987+0000] {logging_mixin.py:188} INFO - [2026-05-21T08:23:03.986+0000] {dagbag.py:545} INFO - Filling up the DagBag from /opt/airflow/dags/main.py
[2026-05-21T08:23:04.002+0000] {logging_mixin.py:188} INFO - [2026-05-21T08:23:04.002+0000] {dagbag.py:355} ERROR - Failed to import: /opt/airflow/dags/main.py
Traceback (most recent call last):
  File "/home/airflow/.local/lib/python3.10/site-packages/airflow/models/dagbag.py", line 351, in parse
    loader.exec_module(new_module)
  File "<frozen importlib._bootstrap_external>", line 879, in exec_module
  File "<frozen importlib._bootstrap_external>", line 1017, in get_code
  File "<frozen importlib._bootstrap_external>", line 947, in source_to_code
  File "<frozen importlib._bootstrap>", line 241, in _call_with_frames_removed
  File "/opt/airflow/dags/main.py", line 2
    from pendulum
                 ^
SyntaxError: invalid syntax
[2026-05-21T08:23:04.003+0000] {processor.py:842} WARNING - No viable dags retrieved from /opt/airflow/dags/main.py
[2026-05-21T08:23:04.034+0000] {processor.py:183} INFO - Processing /opt/airflow/dags/main.py took 0.057 seconds
[2026-05-21T08:23:34.367+0000] {processor.py:161} INFO - Started process (PID=1635) to work on /opt/airflow/dags/main.py
[2026-05-21T08:23:34.368+0000] {processor.py:830} INFO - Processing file /opt/airflow/dags/main.py for tasks to queue
[2026-05-21T08:23:34.370+0000] {logging_mixin.py:188} INFO - [2026-05-21T08:23:34.370+0000] {dagbag.py:545} INFO - Filling up the DagBag from /opt/airflow/dags/main.py
[2026-05-21T08:23:34.384+0000] {logging_mixin.py:188} INFO - [2026-05-21T08:23:34.383+0000] {dagbag.py:355} ERROR - Failed to import: /opt/airflow/dags/main.py
Traceback (most recent call last):
  File "/home/airflow/.local/lib/python3.10/site-packages/airflow/models/dagbag.py", line 351, in parse
    loader.exec_module(new_module)
  File "<frozen importlib._bootstrap_external>", line 879, in exec_module
  File "<frozen importlib._bootstrap_external>", line 1017, in get_code
  File "<frozen importlib._bootstrap_external>", line 947, in source_to_code
  File "<frozen importlib._bootstrap>", line 241, in _call_with_frames_removed
  File "/opt/airflow/dags/main.py", line 2
    from pendulum
                 ^
SyntaxError: invalid syntax
[2026-05-21T08:23:34.384+0000] {processor.py:842} WARNING - No viable dags retrieved from /opt/airflow/dags/main.py
[2026-05-21T08:23:34.402+0000] {processor.py:183} INFO - Processing /opt/airflow/dags/main.py took 0.041 seconds
[2026-05-21T08:24:04.741+0000] {processor.py:161} INFO - Started process (PID=1642) to work on /opt/airflow/dags/main.py
[2026-05-21T08:24:04.742+0000] {processor.py:830} INFO - Processing file /opt/airflow/dags/main.py for tasks to queue
[2026-05-21T08:24:04.745+0000] {logging_mixin.py:188} INFO - [2026-05-21T08:24:04.745+0000] {dagbag.py:545} INFO - Filling up the DagBag from /opt/airflow/dags/main.py
[2026-05-21T08:24:04.763+0000] {logging_mixin.py:188} INFO - [2026-05-21T08:24:04.762+0000] {dagbag.py:355} ERROR - Failed to import: /opt/airflow/dags/main.py
Traceback (most recent call last):
  File "/home/airflow/.local/lib/python3.10/site-packages/airflow/models/dagbag.py", line 351, in parse
    loader.exec_module(new_module)
  File "<frozen importlib._bootstrap_external>", line 879, in exec_module
  File "<frozen importlib._bootstrap_external>", line 1017, in get_code
  File "<frozen importlib._bootstrap_external>", line 947, in source_to_code
  File "<frozen importlib._bootstrap>", line 241, in _call_with_frames_removed
  File "/opt/airflow/dags/main.py", line 2
    from pendulum
                 ^
SyntaxError: invalid syntax
[2026-05-21T08:24:04.763+0000] {processor.py:842} WARNING - No viable dags retrieved from /opt/airflow/dags/main.py
[2026-05-21T08:24:04.795+0000] {processor.py:183} INFO - Processing /opt/airflow/dags/main.py took 0.062 seconds
[2026-05-21T08:24:35.232+0000] {processor.py:161} INFO - Started process (PID=1649) to work on /opt/airflow/dags/main.py
[2026-05-21T08:24:35.234+0000] {processor.py:830} INFO - Processing file /opt/airflow/dags/main.py for tasks to queue
[2026-05-21T08:24:35.236+0000] {logging_mixin.py:188} INFO - [2026-05-21T08:24:35.236+0000] {dagbag.py:545} INFO - Filling up the DagBag from /opt/airflow/dags/main.py
[2026-05-21T08:24:35.255+0000] {logging_mixin.py:188} INFO - [2026-05-21T08:24:35.254+0000] {dagbag.py:355} ERROR - Failed to import: /opt/airflow/dags/main.py
Traceback (most recent call last):
  File "/home/airflow/.local/lib/python3.10/site-packages/airflow/models/dagbag.py", line 351, in parse
    loader.exec_module(new_module)
  File "<frozen importlib._bootstrap_external>", line 879, in exec_module
  File "<frozen importlib._bootstrap_external>", line 1017, in get_code
  File "<frozen importlib._bootstrap_external>", line 947, in source_to_code
  File "<frozen importlib._bootstrap>", line 241, in _call_with_frames_removed
  File "/opt/airflow/dags/main.py", line 2
    from pendulum
                 ^
SyntaxError: invalid syntax
[2026-05-21T08:24:35.256+0000] {processor.py:842} WARNING - No viable dags retrieved from /opt/airflow/dags/main.py
[2026-05-21T08:24:35.276+0000] {processor.py:183} INFO - Processing /opt/airflow/dags/main.py took 0.049 seconds
[2026-05-21T08:25:05.520+0000] {processor.py:161} INFO - Started process (PID=1656) to work on /opt/airflow/dags/main.py
[2026-05-21T08:25:05.521+0000] {processor.py:830} INFO - Processing file /opt/airflow/dags/main.py for tasks to queue
[2026-05-21T08:25:05.523+0000] {logging_mixin.py:188} INFO - [2026-05-21T08:25:05.523+0000] {dagbag.py:545} INFO - Filling up the DagBag from /opt/airflow/dags/main.py
[2026-05-21T08:25:05.537+0000] {logging_mixin.py:188} INFO - [2026-05-21T08:25:05.536+0000] {dagbag.py:355} ERROR - Failed to import: /opt/airflow/dags/main.py
Traceback (most recent call last):
  File "/home/airflow/.local/lib/python3.10/site-packages/airflow/models/dagbag.py", line 351, in parse
    loader.exec_module(new_module)
  File "<frozen importlib._bootstrap_external>", line 879, in exec_module
  File "<frozen importlib._bootstrap_external>", line 1017, in get_code
  File "<frozen importlib._bootstrap_external>", line 947, in source_to_code
  File "<frozen importlib._bootstrap>", line 241, in _call_with_frames_removed
  File "/opt/airflow/dags/main.py", line 2
    from pendulum
                 ^
SyntaxError: invalid syntax
[2026-05-21T08:25:05.538+0000] {processor.py:842} WARNING - No viable dags retrieved from /opt/airflow/dags/main.py
[2026-05-21T08:25:05.556+0000] {processor.py:183} INFO - Processing /opt/airflow/dags/main.py took 0.042 seconds
[2026-05-21T08:25:35.830+0000] {processor.py:161} INFO - Started process (PID=1663) to work on /opt/airflow/dags/main.py
[2026-05-21T08:25:35.831+0000] {processor.py:830} INFO - Processing file /opt/airflow/dags/main.py for tasks to queue
[2026-05-21T08:25:35.833+0000] {logging_mixin.py:188} INFO - [2026-05-21T08:25:35.833+0000] {dagbag.py:545} INFO - Filling up the DagBag from /opt/airflow/dags/main.py
[2026-05-21T08:25:35.847+0000] {logging_mixin.py:188} INFO - [2026-05-21T08:25:35.847+0000] {dagbag.py:355} ERROR - Failed to import: /opt/airflow/dags/main.py
Traceback (most recent call last):
  File "/home/airflow/.local/lib/python3.10/site-packages/airflow/models/dagbag.py", line 351, in parse
    loader.exec_module(new_module)
  File "<frozen importlib._bootstrap_external>", line 879, in exec_module
  File "<frozen importlib._bootstrap_external>", line 1017, in get_code
  File "<frozen importlib._bootstrap_external>", line 947, in source_to_code
  File "<frozen importlib._bootstrap>", line 241, in _call_with_frames_removed
  File "/opt/airflow/dags/main.py", line 2
    from pendulum
                 ^
SyntaxError: invalid syntax
[2026-05-21T08:25:35.848+0000] {processor.py:842} WARNING - No viable dags retrieved from /opt/airflow/dags/main.py
[2026-05-21T08:25:35.866+0000] {processor.py:183} INFO - Processing /opt/airflow/dags/main.py took 0.042 seconds
[2026-05-21T08:26:06.146+0000] {processor.py:161} INFO - Started process (PID=1670) to work on /opt/airflow/dags/main.py
[2026-05-21T08:26:06.147+0000] {processor.py:830} INFO - Processing file /opt/airflow/dags/main.py for tasks to queue
[2026-05-21T08:26:06.149+0000] {logging_mixin.py:188} INFO - [2026-05-21T08:26:06.149+0000] {dagbag.py:545} INFO - Filling up the DagBag from /opt/airflow/dags/main.py
[2026-05-21T08:26:06.165+0000] {logging_mixin.py:188} INFO - [2026-05-21T08:26:06.164+0000] {dagbag.py:355} ERROR - Failed to import: /opt/airflow/dags/main.py
Traceback (most recent call last):
  File "/home/airflow/.local/lib/python3.10/site-packages/airflow/models/dagbag.py", line 351, in parse
    loader.exec_module(new_module)
  File "<frozen importlib._bootstrap_external>", line 879, in exec_module
  File "<frozen importlib._bootstrap_external>", line 1017, in get_code
  File "<frozen importlib._bootstrap_external>", line 947, in source_to_code
  File "<frozen importlib._bootstrap>", line 241, in _call_with_frames_removed
  File "/opt/airflow/dags/main.py", line 2
    from pendulum
                 ^
SyntaxError: invalid syntax
[2026-05-21T08:26:06.165+0000] {processor.py:842} WARNING - No viable dags retrieved from /opt/airflow/dags/main.py
[2026-05-21T08:26:06.185+0000] {processor.py:183} INFO - Processing /opt/airflow/dags/main.py took 0.045 seconds
[2026-05-21T08:26:36.513+0000] {processor.py:161} INFO - Started process (PID=1677) to work on /opt/airflow/dags/main.py
[2026-05-21T08:26:36.515+0000] {processor.py:830} INFO - Processing file /opt/airflow/dags/main.py for tasks to queue
[2026-05-21T08:26:36.517+0000] {logging_mixin.py:188} INFO - [2026-05-21T08:26:36.516+0000] {dagbag.py:545} INFO - Filling up the DagBag from /opt/airflow/dags/main.py
[2026-05-21T08:26:36.533+0000] {logging_mixin.py:188} INFO - [2026-05-21T08:26:36.532+0000] {dagbag.py:355} ERROR - Failed to import: /opt/airflow/dags/main.py
Traceback (most recent call last):
  File "/home/airflow/.local/lib/python3.10/site-packages/airflow/models/dagbag.py", line 351, in parse
    loader.exec_module(new_module)
  File "<frozen importlib._bootstrap_external>", line 879, in exec_module
  File "<frozen importlib._bootstrap_external>", line 1017, in get_code
  File "<frozen importlib._bootstrap_external>", line 947, in source_to_code
  File "<frozen importlib._bootstrap>", line 241, in _call_with_frames_removed
  File "/opt/airflow/dags/main.py", line 2
    from pendulum
                 ^
SyntaxError: invalid syntax
[2026-05-21T08:26:36.533+0000] {processor.py:842} WARNING - No viable dags retrieved from /opt/airflow/dags/main.py
[2026-05-21T08:26:36.565+0000] {processor.py:183} INFO - Processing /opt/airflow/dags/main.py took 0.057 seconds
[2026-05-21T08:27:06.785+0000] {processor.py:161} INFO - Started process (PID=1684) to work on /opt/airflow/dags/main.py
[2026-05-21T08:27:06.787+0000] {processor.py:830} INFO - Processing file /opt/airflow/dags/main.py for tasks to queue
[2026-05-21T08:27:06.788+0000] {logging_mixin.py:188} INFO - [2026-05-21T08:27:06.788+0000] {dagbag.py:545} INFO - Filling up the DagBag from /opt/airflow/dags/main.py
[2026-05-21T08:27:06.806+0000] {logging_mixin.py:188} INFO - [2026-05-21T08:27:06.805+0000] {dagbag.py:355} ERROR - Failed to import: /opt/airflow/dags/main.py
Traceback (most recent call last):
  File "/home/airflow/.local/lib/python3.10/site-packages/airflow/models/dagbag.py", line 351, in parse
    loader.exec_module(new_module)
  File "<frozen importlib._bootstrap_external>", line 879, in exec_module
  File "<frozen importlib._bootstrap_external>", line 1017, in get_code
  File "<frozen importlib._bootstrap_external>", line 947, in source_to_code
  File "<frozen importlib._bootstrap>", line 241, in _call_with_frames_removed
  File "/opt/airflow/dags/main.py", line 2
    from pendulum
                 ^
SyntaxError: invalid syntax
[2026-05-21T08:27:06.806+0000] {processor.py:842} WARNING - No viable dags retrieved from /opt/airflow/dags/main.py
[2026-05-21T08:27:06.835+0000] {processor.py:183} INFO - Processing /opt/airflow/dags/main.py took 0.056 seconds
[2026-05-21T08:27:37.082+0000] {processor.py:161} INFO - Started process (PID=1691) to work on /opt/airflow/dags/main.py
[2026-05-21T08:27:37.083+0000] {processor.py:830} INFO - Processing file /opt/airflow/dags/main.py for tasks to queue
[2026-05-21T08:27:37.085+0000] {logging_mixin.py:188} INFO - [2026-05-21T08:27:37.085+0000] {dagbag.py:545} INFO - Filling up the DagBag from /opt/airflow/dags/main.py
[2026-05-21T08:27:37.101+0000] {logging_mixin.py:188} INFO - [2026-05-21T08:27:37.101+0000] {dagbag.py:355} ERROR - Failed to import: /opt/airflow/dags/main.py
Traceback (most recent call last):
  File "/home/airflow/.local/lib/python3.10/site-packages/airflow/models/dagbag.py", line 351, in parse
    loader.exec_module(new_module)
  File "<frozen importlib._bootstrap_external>", line 879, in exec_module
  File "<frozen importlib._bootstrap_external>", line 1017, in get_code
  File "<frozen importlib._bootstrap_external>", line 947, in source_to_code
  File "<frozen importlib._bootstrap>", line 241, in _call_with_frames_removed
  File "/opt/airflow/dags/main.py", line 2
    from pendulum
                 ^
SyntaxError: invalid syntax
[2026-05-21T08:27:37.102+0000] {processor.py:842} WARNING - No viable dags retrieved from /opt/airflow/dags/main.py
[2026-05-21T08:27:37.120+0000] {processor.py:183} INFO - Processing /opt/airflow/dags/main.py took 0.043 seconds
[2026-05-21T08:28:07.397+0000] {processor.py:161} INFO - Started process (PID=1698) to work on /opt/airflow/dags/main.py
[2026-05-21T08:28:07.399+0000] {processor.py:830} INFO - Processing file /opt/airflow/dags/main.py for tasks to queue
[2026-05-21T08:28:07.401+0000] {logging_mixin.py:188} INFO - [2026-05-21T08:28:07.400+0000] {dagbag.py:545} INFO - Filling up the DagBag from /opt/airflow/dags/main.py
[2026-05-21T08:28:07.414+0000] {logging_mixin.py:188} INFO - [2026-05-21T08:28:07.413+0000] {dagbag.py:355} ERROR - Failed to import: /opt/airflow/dags/main.py
Traceback (most recent call last):
  File "/home/airflow/.local/lib/python3.10/site-packages/airflow/models/dagbag.py", line 351, in parse
    loader.exec_module(new_module)
  File "<frozen importlib._bootstrap_external>", line 879, in exec_module
  File "<frozen importlib._bootstrap_external>", line 1017, in get_code
  File "<frozen importlib._bootstrap_external>", line 947, in source_to_code
  File "<frozen importlib._bootstrap>", line 241, in _call_with_frames_removed
  File "/opt/airflow/dags/main.py", line 2
    from pendulum
                 ^
SyntaxError: invalid syntax
[2026-05-21T08:28:07.414+0000] {processor.py:842} WARNING - No viable dags retrieved from /opt/airflow/dags/main.py
[2026-05-21T08:28:07.434+0000] {processor.py:183} INFO - Processing /opt/airflow/dags/main.py took 0.044 seconds
[2026-05-21T08:28:37.782+0000] {processor.py:161} INFO - Started process (PID=1705) to work on /opt/airflow/dags/main.py
[2026-05-21T08:28:37.784+0000] {processor.py:830} INFO - Processing file /opt/airflow/dags/main.py for tasks to queue
[2026-05-21T08:28:37.785+0000] {logging_mixin.py:188} INFO - [2026-05-21T08:28:37.785+0000] {dagbag.py:545} INFO - Filling up the DagBag from /opt/airflow/dags/main.py
[2026-05-21T08:28:37.800+0000] {logging_mixin.py:188} INFO - [2026-05-21T08:28:37.800+0000] {dagbag.py:355} ERROR - Failed to import: /opt/airflow/dags/main.py
Traceback (most recent call last):
  File "/home/airflow/.local/lib/python3.10/site-packages/airflow/models/dagbag.py", line 351, in parse
    loader.exec_module(new_module)
  File "<frozen importlib._bootstrap_external>", line 879, in exec_module
  File "<frozen importlib._bootstrap_external>", line 1017, in get_code
  File "<frozen importlib._bootstrap_external>", line 947, in source_to_code
  File "<frozen importlib._bootstrap>", line 241, in _call_with_frames_removed
  File "/opt/airflow/dags/main.py", line 2
    from pendulum
                 ^
SyntaxError: invalid syntax
[2026-05-21T08:28:37.801+0000] {processor.py:842} WARNING - No viable dags retrieved from /opt/airflow/dags/main.py
[2026-05-21T08:28:37.830+0000] {processor.py:183} INFO - Processing /opt/airflow/dags/main.py took 0.053 seconds
[2026-05-21T08:29:08.086+0000] {processor.py:161} INFO - Started process (PID=1712) to work on /opt/airflow/dags/main.py
[2026-05-21T08:29:08.088+0000] {processor.py:830} INFO - Processing file /opt/airflow/dags/main.py for tasks to queue
[2026-05-21T08:29:08.090+0000] {logging_mixin.py:188} INFO - [2026-05-21T08:29:08.090+0000] {dagbag.py:545} INFO - Filling up the DagBag from /opt/airflow/dags/main.py
[2026-05-21T08:29:08.109+0000] {logging_mixin.py:188} INFO - [2026-05-21T08:29:08.108+0000] {dagbag.py:355} ERROR - Failed to import: /opt/airflow/dags/main.py
Traceback (most recent call last):
  File "/home/airflow/.local/lib/python3.10/site-packages/airflow/models/dagbag.py", line 351, in parse
    loader.exec_module(new_module)
  File "<frozen importlib._bootstrap_external>", line 879, in exec_module
  File "<frozen importlib._bootstrap_external>", line 1017, in get_code
  File "<frozen importlib._bootstrap_external>", line 947, in source_to_code
  File "<frozen importlib._bootstrap>", line 241, in _call_with_frames_removed
  File "/opt/airflow/dags/main.py", line 2
    from pendulum
                 ^
SyntaxError: invalid syntax
[2026-05-21T08:29:08.109+0000] {processor.py:842} WARNING - No viable dags retrieved from /opt/airflow/dags/main.py
[2026-05-21T08:29:08.127+0000] {processor.py:183} INFO - Processing /opt/airflow/dags/main.py took 0.047 seconds
[2026-05-21T08:29:16.177+0000] {processor.py:161} INFO - Started process (PID=1719) to work on /opt/airflow/dags/main.py
[2026-05-21T08:29:16.178+0000] {processor.py:830} INFO - Processing file /opt/airflow/dags/main.py for tasks to queue
[2026-05-21T08:29:16.180+0000] {logging_mixin.py:188} INFO - [2026-05-21T08:29:16.180+0000] {dagbag.py:545} INFO - Filling up the DagBag from /opt/airflow/dags/main.py
[2026-05-21T08:29:16.198+0000] {logging_mixin.py:188} INFO - [2026-05-21T08:29:16.197+0000] {dagbag.py:355} ERROR - Failed to import: /opt/airflow/dags/main.py
Traceback (most recent call last):
  File "/home/airflow/.local/lib/python3.10/site-packages/airflow/models/dagbag.py", line 351, in parse
    loader.exec_module(new_module)
  File "<frozen importlib._bootstrap_external>", line 879, in exec_module
  File "<frozen importlib._bootstrap_external>", line 1017, in get_code
  File "<frozen importlib._bootstrap_external>", line 947, in source_to_code
  File "<frozen importlib._bootstrap>", line 241, in _call_with_frames_removed
  File "/opt/airflow/dags/main.py", line 2
    from pendulum
                 ^
SyntaxError: invalid syntax
[2026-05-21T08:29:16.198+0000] {processor.py:842} WARNING - No viable dags retrieved from /opt/airflow/dags/main.py
[2026-05-21T08:29:16.217+0000] {processor.py:183} INFO - Processing /opt/airflow/dags/main.py took 0.046 seconds
[2026-05-21T08:29:17.249+0000] {processor.py:161} INFO - Started process (PID=1720) to work on /opt/airflow/dags/main.py
[2026-05-21T08:29:17.249+0000] {processor.py:830} INFO - Processing file /opt/airflow/dags/main.py for tasks to queue
[2026-05-21T08:29:17.251+0000] {logging_mixin.py:188} INFO - [2026-05-21T08:29:17.251+0000] {dagbag.py:545} INFO - Filling up the DagBag from /opt/airflow/dags/main.py
[2026-05-21T08:29:17.267+0000] {logging_mixin.py:188} INFO - [2026-05-21T08:29:17.266+0000] {dagbag.py:355} ERROR - Failed to import: /opt/airflow/dags/main.py
Traceback (most recent call last):
  File "/home/airflow/.local/lib/python3.10/site-packages/airflow/models/dagbag.py", line 351, in parse
    loader.exec_module(new_module)
  File "<frozen importlib._bootstrap_external>", line 879, in exec_module
  File "<frozen importlib._bootstrap_external>", line 1017, in get_code
  File "<frozen importlib._bootstrap_external>", line 947, in source_to_code
  File "<frozen importlib._bootstrap>", line 241, in _call_with_frames_removed
  File "/opt/airflow/dags/main.py", line 2
    from pendulum
                 ^
SyntaxError: invalid syntax
[2026-05-21T08:29:17.268+0000] {processor.py:842} WARNING - No viable dags retrieved from /opt/airflow/dags/main.py
[2026-05-21T08:29:17.287+0000] {processor.py:183} INFO - Processing /opt/airflow/dags/main.py took 0.045 seconds
[2026-05-21T08:29:47.600+0000] {processor.py:161} INFO - Started process (PID=1727) to work on /opt/airflow/dags/main.py
[2026-05-21T08:29:47.601+0000] {processor.py:830} INFO - Processing file /opt/airflow/dags/main.py for tasks to queue
[2026-05-21T08:29:47.604+0000] {logging_mixin.py:188} INFO - [2026-05-21T08:29:47.603+0000] {dagbag.py:545} INFO - Filling up the DagBag from /opt/airflow/dags/main.py
[2026-05-21T08:29:47.618+0000] {logging_mixin.py:188} INFO - [2026-05-21T08:29:47.618+0000] {dagbag.py:355} ERROR - Failed to import: /opt/airflow/dags/main.py
Traceback (most recent call last):
  File "/home/airflow/.local/lib/python3.10/site-packages/airflow/models/dagbag.py", line 351, in parse
    loader.exec_module(new_module)
  File "<frozen importlib._bootstrap_external>", line 879, in exec_module
  File "<frozen importlib._bootstrap_external>", line 1017, in get_code
  File "<frozen importlib._bootstrap_external>", line 947, in source_to_code
  File "<frozen importlib._bootstrap>", line 241, in _call_with_frames_removed
  File "/opt/airflow/dags/main.py", line 2
    from pendulum
                 ^
SyntaxError: invalid syntax
[2026-05-21T08:29:47.619+0000] {processor.py:842} WARNING - No viable dags retrieved from /opt/airflow/dags/main.py
[2026-05-21T08:29:47.647+0000] {processor.py:183} INFO - Processing /opt/airflow/dags/main.py took 0.052 seconds
[2026-05-21T08:30:17.888+0000] {processor.py:161} INFO - Started process (PID=1734) to work on /opt/airflow/dags/main.py
[2026-05-21T08:30:17.889+0000] {processor.py:830} INFO - Processing file /opt/airflow/dags/main.py for tasks to queue
[2026-05-21T08:30:17.893+0000] {logging_mixin.py:188} INFO - [2026-05-21T08:30:17.892+0000] {dagbag.py:545} INFO - Filling up the DagBag from /opt/airflow/dags/main.py
[2026-05-21T08:30:17.911+0000] {logging_mixin.py:188} INFO - [2026-05-21T08:30:17.911+0000] {dagbag.py:355} ERROR - Failed to import: /opt/airflow/dags/main.py
Traceback (most recent call last):
  File "/home/airflow/.local/lib/python3.10/site-packages/airflow/models/dagbag.py", line 351, in parse
    loader.exec_module(new_module)
  File "<frozen importlib._bootstrap_external>", line 879, in exec_module
  File "<frozen importlib._bootstrap_external>", line 1017, in get_code
  File "<frozen importlib._bootstrap_external>", line 947, in source_to_code
  File "<frozen importlib._bootstrap>", line 241, in _call_with_frames_removed
  File "/opt/airflow/dags/main.py", line 2
    from pendulum
                 ^
SyntaxError: invalid syntax
[2026-05-21T08:30:17.912+0000] {processor.py:842} WARNING - No viable dags retrieved from /opt/airflow/dags/main.py
[2026-05-21T08:30:17.930+0000] {processor.py:183} INFO - Processing /opt/airflow/dags/main.py took 0.049 seconds
[2026-05-21T08:30:48.259+0000] {processor.py:161} INFO - Started process (PID=1741) to work on /opt/airflow/dags/main.py
[2026-05-21T08:30:48.260+0000] {processor.py:830} INFO - Processing file /opt/airflow/dags/main.py for tasks to queue
[2026-05-21T08:30:48.262+0000] {logging_mixin.py:188} INFO - [2026-05-21T08:30:48.262+0000] {dagbag.py:545} INFO - Filling up the DagBag from /opt/airflow/dags/main.py
[2026-05-21T08:30:48.278+0000] {logging_mixin.py:188} INFO - [2026-05-21T08:30:48.277+0000] {dagbag.py:355} ERROR - Failed to import: /opt/airflow/dags/main.py
Traceback (most recent call last):
  File "/home/airflow/.local/lib/python3.10/site-packages/airflow/models/dagbag.py", line 351, in parse
    loader.exec_module(new_module)
  File "<frozen importlib._bootstrap_external>", line 879, in exec_module
  File "<frozen importlib._bootstrap_external>", line 1017, in get_code
  File "<frozen importlib._bootstrap_external>", line 947, in source_to_code
  File "<frozen importlib._bootstrap>", line 241, in _call_with_frames_removed
  File "/opt/airflow/dags/main.py", line 2
    from pendulum
                 ^
SyntaxError: invalid syntax
[2026-05-21T08:30:48.278+0000] {processor.py:842} WARNING - No viable dags retrieved from /opt/airflow/dags/main.py
[2026-05-21T08:30:48.309+0000] {processor.py:183} INFO - Processing /opt/airflow/dags/main.py took 0.058 seconds
[2026-05-21T08:31:18.475+0000] {processor.py:161} INFO - Started process (PID=1748) to work on /opt/airflow/dags/main.py
[2026-05-21T08:31:18.476+0000] {processor.py:830} INFO - Processing file /opt/airflow/dags/main.py for tasks to queue
[2026-05-21T08:31:18.478+0000] {logging_mixin.py:188} INFO - [2026-05-21T08:31:18.477+0000] {dagbag.py:545} INFO - Filling up the DagBag from /opt/airflow/dags/main.py
[2026-05-21T08:31:18.492+0000] {logging_mixin.py:188} INFO - [2026-05-21T08:31:18.491+0000] {dagbag.py:355} ERROR - Failed to import: /opt/airflow/dags/main.py
Traceback (most recent call last):
  File "/home/airflow/.local/lib/python3.10/site-packages/airflow/models/dagbag.py", line 351, in parse
    loader.exec_module(new_module)
  File "<frozen importlib._bootstrap_external>", line 879, in exec_module
  File "<frozen importlib._bootstrap_external>", line 1017, in get_code
  File "<frozen importlib._bootstrap_external>", line 947, in source_to_code
  File "<frozen importlib._bootstrap>", line 241, in _call_with_frames_removed
  File "/opt/airflow/dags/main.py", line 2
    from pendulum
                 ^
SyntaxError: invalid syntax
[2026-05-21T08:31:18.492+0000] {processor.py:842} WARNING - No viable dags retrieved from /opt/airflow/dags/main.py
[2026-05-21T08:31:18.522+0000] {processor.py:183} INFO - Processing /opt/airflow/dags/main.py took 0.054 seconds
[2026-05-21T08:31:48.781+0000] {processor.py:161} INFO - Started process (PID=1755) to work on /opt/airflow/dags/main.py
[2026-05-21T08:31:48.782+0000] {processor.py:830} INFO - Processing file /opt/airflow/dags/main.py for tasks to queue
[2026-05-21T08:31:48.784+0000] {logging_mixin.py:188} INFO - [2026-05-21T08:31:48.784+0000] {dagbag.py:545} INFO - Filling up the DagBag from /opt/airflow/dags/main.py
[2026-05-21T08:31:48.801+0000] {logging_mixin.py:188} INFO - [2026-05-21T08:31:48.800+0000] {dagbag.py:355} ERROR - Failed to import: /opt/airflow/dags/main.py
Traceback (most recent call last):
  File "/home/airflow/.local/lib/python3.10/site-packages/airflow/models/dagbag.py", line 351, in parse
    loader.exec_module(new_module)
  File "<frozen importlib._bootstrap_external>", line 879, in exec_module
  File "<frozen importlib._bootstrap_external>", line 1017, in get_code
  File "<frozen importlib._bootstrap_external>", line 947, in source_to_code
  File "<frozen importlib._bootstrap>", line 241, in _call_with_frames_removed
  File "/opt/airflow/dags/main.py", line 2
    from pendulum
                 ^
SyntaxError: invalid syntax
[2026-05-21T08:31:48.801+0000] {processor.py:842} WARNING - No viable dags retrieved from /opt/airflow/dags/main.py
[2026-05-21T08:31:48.830+0000] {processor.py:183} INFO - Processing /opt/airflow/dags/main.py took 0.056 seconds
[2026-05-21T08:32:19.018+0000] {processor.py:161} INFO - Started process (PID=1762) to work on /opt/airflow/dags/main.py
[2026-05-21T08:32:19.019+0000] {processor.py:830} INFO - Processing file /opt/airflow/dags/main.py for tasks to queue
[2026-05-21T08:32:19.021+0000] {logging_mixin.py:188} INFO - [2026-05-21T08:32:19.021+0000] {dagbag.py:545} INFO - Filling up the DagBag from /opt/airflow/dags/main.py
[2026-05-21T08:32:19.040+0000] {logging_mixin.py:188} INFO - [2026-05-21T08:32:19.039+0000] {dagbag.py:355} ERROR - Failed to import: /opt/airflow/dags/main.py
Traceback (most recent call last):
  File "/home/airflow/.local/lib/python3.10/site-packages/airflow/models/dagbag.py", line 351, in parse
    loader.exec_module(new_module)
  File "<frozen importlib._bootstrap_external>", line 879, in exec_module
  File "<frozen importlib._bootstrap_external>", line 1017, in get_code
  File "<frozen importlib._bootstrap_external>", line 947, in source_to_code
  File "<frozen importlib._bootstrap>", line 241, in _call_with_frames_removed
  File "/opt/airflow/dags/main.py", line 2
    from pendulum
                 ^
SyntaxError: invalid syntax
[2026-05-21T08:32:19.040+0000] {processor.py:842} WARNING - No viable dags retrieved from /opt/airflow/dags/main.py
[2026-05-21T08:32:19.073+0000] {processor.py:183} INFO - Processing /opt/airflow/dags/main.py took 0.061 seconds
[2026-05-21T08:32:29.154+0000] {processor.py:161} INFO - Started process (PID=1763) to work on /opt/airflow/dags/main.py
[2026-05-21T08:32:29.156+0000] {processor.py:830} INFO - Processing file /opt/airflow/dags/main.py for tasks to queue
[2026-05-21T08:32:29.158+0000] {logging_mixin.py:188} INFO - [2026-05-21T08:32:29.158+0000] {dagbag.py:545} INFO - Filling up the DagBag from /opt/airflow/dags/main.py
[2026-05-21T08:32:29.172+0000] {logging_mixin.py:188} INFO - [2026-05-21T08:32:29.171+0000] {dagbag.py:355} ERROR - Failed to import: /opt/airflow/dags/main.py
Traceback (most recent call last):
  File "/home/airflow/.local/lib/python3.10/site-packages/airflow/models/dagbag.py", line 351, in parse
    loader.exec_module(new_module)
  File "<frozen importlib._bootstrap_external>", line 879, in exec_module
  File "<frozen importlib._bootstrap_external>", line 1017, in get_code
  File "<frozen importlib._bootstrap_external>", line 947, in source_to_code
  File "<frozen importlib._bootstrap>", line 241, in _call_with_frames_removed
  File "/opt/airflow/dags/main.py", line 2
    from pendulum
                 ^
SyntaxError: invalid syntax
[2026-05-21T08:32:29.173+0000] {processor.py:842} WARNING - No viable dags retrieved from /opt/airflow/dags/main.py
[2026-05-21T08:32:29.191+0000] {processor.py:183} INFO - Processing /opt/airflow/dags/main.py took 0.044 seconds
[2026-05-21T08:32:59.533+0000] {processor.py:161} INFO - Started process (PID=1770) to work on /opt/airflow/dags/main.py
[2026-05-21T08:32:59.535+0000] {processor.py:830} INFO - Processing file /opt/airflow/dags/main.py for tasks to queue
[2026-05-21T08:32:59.538+0000] {logging_mixin.py:188} INFO - [2026-05-21T08:32:59.537+0000] {dagbag.py:545} INFO - Filling up the DagBag from /opt/airflow/dags/main.py
[2026-05-21T08:32:59.554+0000] {logging_mixin.py:188} INFO - [2026-05-21T08:32:59.553+0000] {dagbag.py:355} ERROR - Failed to import: /opt/airflow/dags/main.py
Traceback (most recent call last):
  File "/home/airflow/.local/lib/python3.10/site-packages/airflow/models/dagbag.py", line 351, in parse
    loader.exec_module(new_module)
  File "<frozen importlib._bootstrap_external>", line 879, in exec_module
  File "<frozen importlib._bootstrap_external>", line 1017, in get_code
  File "<frozen importlib._bootstrap_external>", line 947, in source_to_code
  File "<frozen importlib._bootstrap>", line 241, in _call_with_frames_removed
  File "/opt/airflow/dags/main.py", line 2
    from pendulum
                 ^
SyntaxError: invalid syntax
[2026-05-21T08:32:59.555+0000] {processor.py:842} WARNING - No viable dags retrieved from /opt/airflow/dags/main.py
[2026-05-21T08:32:59.585+0000] {processor.py:183} INFO - Processing /opt/airflow/dags/main.py took 0.058 seconds
[2026-05-21T08:33:29.808+0000] {processor.py:161} INFO - Started process (PID=1777) to work on /opt/airflow/dags/main.py
[2026-05-21T08:33:29.809+0000] {processor.py:830} INFO - Processing file /opt/airflow/dags/main.py for tasks to queue
[2026-05-21T08:33:29.811+0000] {logging_mixin.py:188} INFO - [2026-05-21T08:33:29.811+0000] {dagbag.py:545} INFO - Filling up the DagBag from /opt/airflow/dags/main.py
[2026-05-21T08:33:29.827+0000] {logging_mixin.py:188} INFO - [2026-05-21T08:33:29.827+0000] {dagbag.py:355} ERROR - Failed to import: /opt/airflow/dags/main.py
Traceback (most recent call last):
  File "/home/airflow/.local/lib/python3.10/site-packages/airflow/models/dagbag.py", line 351, in parse
    loader.exec_module(new_module)
  File "<frozen importlib._bootstrap_external>", line 879, in exec_module
  File "<frozen importlib._bootstrap_external>", line 1017, in get_code
  File "<frozen importlib._bootstrap_external>", line 947, in source_to_code
  File "<frozen importlib._bootstrap>", line 241, in _call_with_frames_removed
  File "/opt/airflow/dags/main.py", line 2
    from pendulum
                 ^
SyntaxError: invalid syntax
[2026-05-21T08:33:29.828+0000] {processor.py:842} WARNING - No viable dags retrieved from /opt/airflow/dags/main.py
[2026-05-21T08:33:29.856+0000] {processor.py:183} INFO - Processing /opt/airflow/dags/main.py took 0.056 seconds
[2026-05-21T08:33:49.067+0000] {processor.py:161} INFO - Started process (PID=1784) to work on /opt/airflow/dags/main.py
[2026-05-21T08:33:49.068+0000] {processor.py:830} INFO - Processing file /opt/airflow/dags/main.py for tasks to queue
[2026-05-21T08:33:49.070+0000] {logging_mixin.py:188} INFO - [2026-05-21T08:33:49.070+0000] {dagbag.py:545} INFO - Filling up the DagBag from /opt/airflow/dags/main.py
[2026-05-21T08:33:49.086+0000] {logging_mixin.py:188} INFO - [2026-05-21T08:33:49.086+0000] {dagbag.py:355} ERROR - Failed to import: /opt/airflow/dags/main.py
Traceback (most recent call last):
  File "/home/airflow/.local/lib/python3.10/site-packages/airflow/models/dagbag.py", line 351, in parse
    loader.exec_module(new_module)
  File "<frozen importlib._bootstrap_external>", line 879, in exec_module
  File "<frozen importlib._bootstrap_external>", line 1017, in get_code
  File "<frozen importlib._bootstrap_external>", line 947, in source_to_code
  File "<frozen importlib._bootstrap>", line 241, in _call_with_frames_removed
  File "/opt/airflow/dags/main.py", line 2
    from pendulum
                 ^
SyntaxError: invalid syntax
[2026-05-21T08:33:49.087+0000] {processor.py:842} WARNING - No viable dags retrieved from /opt/airflow/dags/main.py
[2026-05-21T08:33:49.117+0000] {processor.py:183} INFO - Processing /opt/airflow/dags/main.py took 0.056 seconds
[2026-05-21T08:34:19.333+0000] {processor.py:161} INFO - Started process (PID=1791) to work on /opt/airflow/dags/main.py
[2026-05-21T08:34:19.335+0000] {processor.py:830} INFO - Processing file /opt/airflow/dags/main.py for tasks to queue
[2026-05-21T08:34:19.337+0000] {logging_mixin.py:188} INFO - [2026-05-21T08:34:19.336+0000] {dagbag.py:545} INFO - Filling up the DagBag from /opt/airflow/dags/main.py
[2026-05-21T08:34:19.352+0000] {logging_mixin.py:188} INFO - [2026-05-21T08:34:19.351+0000] {dagbag.py:355} ERROR - Failed to import: /opt/airflow/dags/main.py
Traceback (most recent call last):
  File "/home/airflow/.local/lib/python3.10/site-packages/airflow/models/dagbag.py", line 351, in parse
    loader.exec_module(new_module)
  File "<frozen importlib._bootstrap_external>", line 879, in exec_module
  File "<frozen importlib._bootstrap_external>", line 1017, in get_code
  File "<frozen importlib._bootstrap_external>", line 947, in source_to_code
  File "<frozen importlib._bootstrap>", line 241, in _call_with_frames_removed
  File "/opt/airflow/dags/main.py", line 2
    from pendulum
                 ^
SyntaxError: invalid syntax
[2026-05-21T08:34:19.352+0000] {processor.py:842} WARNING - No viable dags retrieved from /opt/airflow/dags/main.py
[2026-05-21T08:34:19.371+0000] {processor.py:183} INFO - Processing /opt/airflow/dags/main.py took 0.044 seconds
[2026-05-21T08:34:49.678+0000] {processor.py:161} INFO - Started process (PID=1798) to work on /opt/airflow/dags/main.py
[2026-05-21T08:34:49.679+0000] {processor.py:830} INFO - Processing file /opt/airflow/dags/main.py for tasks to queue
[2026-05-21T08:34:49.681+0000] {logging_mixin.py:188} INFO - [2026-05-21T08:34:49.681+0000] {dagbag.py:545} INFO - Filling up the DagBag from /opt/airflow/dags/main.py
[2026-05-21T08:34:49.700+0000] {logging_mixin.py:188} INFO - [2026-05-21T08:34:49.700+0000] {dagbag.py:355} ERROR - Failed to import: /opt/airflow/dags/main.py
Traceback (most recent call last):
  File "/home/airflow/.local/lib/python3.10/site-packages/airflow/models/dagbag.py", line 351, in parse
    loader.exec_module(new_module)
  File "<frozen importlib._bootstrap_external>", line 879, in exec_module
  File "<frozen importlib._bootstrap_external>", line 1017, in get_code
  File "<frozen importlib._bootstrap_external>", line 947, in source_to_code
  File "<frozen importlib._bootstrap>", line 241, in _call_with_frames_removed
  File "/opt/airflow/dags/main.py", line 2
    from pendulum
                 ^
SyntaxError: invalid syntax
[2026-05-21T08:34:49.701+0000] {processor.py:842} WARNING - No viable dags retrieved from /opt/airflow/dags/main.py
[2026-05-21T08:34:49.729+0000] {processor.py:183} INFO - Processing /opt/airflow/dags/main.py took 0.057 seconds
[2026-05-21T08:34:57.780+0000] {processor.py:161} INFO - Started process (PID=1799) to work on /opt/airflow/dags/main.py
[2026-05-21T08:34:57.781+0000] {processor.py:830} INFO - Processing file /opt/airflow/dags/main.py for tasks to queue
[2026-05-21T08:34:57.784+0000] {logging_mixin.py:188} INFO - [2026-05-21T08:34:57.783+0000] {dagbag.py:545} INFO - Filling up the DagBag from /opt/airflow/dags/main.py
[2026-05-21T08:34:57.951+0000] {logging_mixin.py:188} INFO - [2026-05-21T08:34:57.940+0000] {dagbag.py:355} ERROR - Failed to import: /opt/airflow/dags/main.py
Traceback (most recent call last):
  File "/home/airflow/.local/lib/python3.10/site-packages/airflow/models/dagbag.py", line 351, in parse
    loader.exec_module(new_module)
  File "<frozen importlib._bootstrap_external>", line 883, in exec_module
  File "<frozen importlib._bootstrap>", line 241, in _call_with_frames_removed
  File "/opt/airflow/dags/main.py", line 4, in <module>
    from api.video_stats import get_playlist_id, get_video_ids, extract_video_data, save_to_json
  File "/opt/airflow/dags/api/video_stats.py", line 17, in <module>
    CHANNEL_HANDLE = Variable.get("MrBeast")
  File "/home/airflow/.local/lib/python3.10/site-packages/airflow/models/variable.py", line 143, in get
    raise KeyError(f"Variable {key} does not exist")
KeyError: 'Variable MrBeast does not exist'
[2026-05-21T08:34:57.954+0000] {processor.py:842} WARNING - No viable dags retrieved from /opt/airflow/dags/main.py
[2026-05-21T08:34:57.963+0000] {processor.py:183} INFO - Processing /opt/airflow/dags/main.py took 0.190 seconds
[2026-05-21T08:34:58.849+0000] {processor.py:161} INFO - Started process (PID=1800) to work on /opt/airflow/dags/main.py
[2026-05-21T08:34:58.850+0000] {processor.py:830} INFO - Processing file /opt/airflow/dags/main.py for tasks to queue
[2026-05-21T08:34:58.852+0000] {logging_mixin.py:188} INFO - [2026-05-21T08:34:58.852+0000] {dagbag.py:545} INFO - Filling up the DagBag from /opt/airflow/dags/main.py
[2026-05-21T08:34:58.920+0000] {logging_mixin.py:188} INFO - [2026-05-21T08:34:58.913+0000] {dagbag.py:355} ERROR - Failed to import: /opt/airflow/dags/main.py
Traceback (most recent call last):
  File "/home/airflow/.local/lib/python3.10/site-packages/airflow/models/dagbag.py", line 351, in parse
    loader.exec_module(new_module)
  File "<frozen importlib._bootstrap_external>", line 883, in exec_module
  File "<frozen importlib._bootstrap>", line 241, in _call_with_frames_removed
  File "/opt/airflow/dags/main.py", line 4, in <module>
    from api.video_stats import get_playlist_id, get_video_ids, extract_video_data, save_to_json
  File "/opt/airflow/dags/api/video_stats.py", line 17, in <module>
    CHANNEL_HANDLE = Variable.get("MrBeast")
  File "/home/airflow/.local/lib/python3.10/site-packages/airflow/models/variable.py", line 143, in get
    raise KeyError(f"Variable {key} does not exist")
KeyError: 'Variable MrBeast does not exist'
[2026-05-21T08:34:58.921+0000] {processor.py:842} WARNING - No viable dags retrieved from /opt/airflow/dags/main.py
[2026-05-21T08:34:58.932+0000] {processor.py:183} INFO - Processing /opt/airflow/dags/main.py took 0.089 seconds
[2026-05-21T08:35:29.146+0000] {processor.py:161} INFO - Started process (PID=1807) to work on /opt/airflow/dags/main.py
[2026-05-21T08:35:29.148+0000] {processor.py:830} INFO - Processing file /opt/airflow/dags/main.py for tasks to queue
[2026-05-21T08:35:29.150+0000] {logging_mixin.py:188} INFO - [2026-05-21T08:35:29.150+0000] {dagbag.py:545} INFO - Filling up the DagBag from /opt/airflow/dags/main.py
[2026-05-21T08:35:29.222+0000] {logging_mixin.py:188} INFO - [2026-05-21T08:35:29.212+0000] {dagbag.py:355} ERROR - Failed to import: /opt/airflow/dags/main.py
Traceback (most recent call last):
  File "/home/airflow/.local/lib/python3.10/site-packages/airflow/models/dagbag.py", line 351, in parse
    loader.exec_module(new_module)
  File "<frozen importlib._bootstrap_external>", line 883, in exec_module
  File "<frozen importlib._bootstrap>", line 241, in _call_with_frames_removed
  File "/opt/airflow/dags/main.py", line 4, in <module>
    from api.video_stats import get_playlist_id, get_video_ids, extract_video_data, save_to_json
  File "/opt/airflow/dags/api/video_stats.py", line 17, in <module>
    CHANNEL_HANDLE = Variable.get("MrBeast")
  File "/home/airflow/.local/lib/python3.10/site-packages/airflow/models/variable.py", line 143, in get
    raise KeyError(f"Variable {key} does not exist")
KeyError: 'Variable MrBeast does not exist'
[2026-05-21T08:35:29.224+0000] {processor.py:842} WARNING - No viable dags retrieved from /opt/airflow/dags/main.py
[2026-05-21T08:35:29.246+0000] {processor.py:183} INFO - Processing /opt/airflow/dags/main.py took 0.108 seconds
[2026-05-21T08:35:59.576+0000] {processor.py:161} INFO - Started process (PID=1814) to work on /opt/airflow/dags/main.py
[2026-05-21T08:35:59.577+0000] {processor.py:830} INFO - Processing file /opt/airflow/dags/main.py for tasks to queue
[2026-05-21T08:35:59.579+0000] {logging_mixin.py:188} INFO - [2026-05-21T08:35:59.579+0000] {dagbag.py:545} INFO - Filling up the DagBag from /opt/airflow/dags/main.py
[2026-05-21T08:35:59.643+0000] {logging_mixin.py:188} INFO - [2026-05-21T08:35:59.633+0000] {dagbag.py:355} ERROR - Failed to import: /opt/airflow/dags/main.py
Traceback (most recent call last):
  File "/home/airflow/.local/lib/python3.10/site-packages/airflow/models/dagbag.py", line 351, in parse
    loader.exec_module(new_module)
  File "<frozen importlib._bootstrap_external>", line 883, in exec_module
  File "<frozen importlib._bootstrap>", line 241, in _call_with_frames_removed
  File "/opt/airflow/dags/main.py", line 4, in <module>
    from api.video_stats import get_playlist_id, get_video_ids, extract_video_data, save_to_json
  File "/opt/airflow/dags/api/video_stats.py", line 17, in <module>
    CHANNEL_HANDLE = Variable.get("MrBeast")
  File "/home/airflow/.local/lib/python3.10/site-packages/airflow/models/variable.py", line 143, in get
    raise KeyError(f"Variable {key} does not exist")
KeyError: 'Variable MrBeast does not exist'
[2026-05-21T08:35:59.645+0000] {processor.py:842} WARNING - No viable dags retrieved from /opt/airflow/dags/main.py
[2026-05-21T08:35:59.655+0000] {processor.py:183} INFO - Processing /opt/airflow/dags/main.py took 0.085 seconds
[2026-05-21T08:36:29.871+0000] {processor.py:161} INFO - Started process (PID=1821) to work on /opt/airflow/dags/main.py
[2026-05-21T08:36:29.872+0000] {processor.py:830} INFO - Processing file /opt/airflow/dags/main.py for tasks to queue
[2026-05-21T08:36:29.875+0000] {logging_mixin.py:188} INFO - [2026-05-21T08:36:29.874+0000] {dagbag.py:545} INFO - Filling up the DagBag from /opt/airflow/dags/main.py
[2026-05-21T08:36:29.964+0000] {logging_mixin.py:188} INFO - [2026-05-21T08:36:29.955+0000] {dagbag.py:355} ERROR - Failed to import: /opt/airflow/dags/main.py
Traceback (most recent call last):
  File "/home/airflow/.local/lib/python3.10/site-packages/airflow/models/dagbag.py", line 351, in parse
    loader.exec_module(new_module)
  File "<frozen importlib._bootstrap_external>", line 883, in exec_module
  File "<frozen importlib._bootstrap>", line 241, in _call_with_frames_removed
  File "/opt/airflow/dags/main.py", line 36, in <module>
    save_to_json_task = save_to_json(extract_data)
  File "/opt/airflow/dags/api/video_stats.py", line 132, in save_to_json
    json.dump(extracted_data, json_outfile, indent=4, ensure_ascii=False)
  File "/usr/local/lib/python3.10/json/__init__.py", line 179, in dump
    for chunk in iterable:
  File "/usr/local/lib/python3.10/json/encoder.py", line 438, in _iterencode
    o = _default(o)
  File "/usr/local/lib/python3.10/json/encoder.py", line 179, in default
    raise TypeError(f'Object of type {o.__class__.__name__} '
TypeError: Object of type PlainXComArg is not JSON serializable
[2026-05-21T08:36:29.964+0000] {processor.py:842} WARNING - No viable dags retrieved from /opt/airflow/dags/main.py
[2026-05-21T08:36:29.982+0000] {processor.py:183} INFO - Processing /opt/airflow/dags/main.py took 0.118 seconds
[2026-05-21T08:37:00.268+0000] {processor.py:161} INFO - Started process (PID=1828) to work on /opt/airflow/dags/main.py
[2026-05-21T08:37:00.269+0000] {processor.py:830} INFO - Processing file /opt/airflow/dags/main.py for tasks to queue
[2026-05-21T08:37:00.271+0000] {logging_mixin.py:188} INFO - [2026-05-21T08:37:00.271+0000] {dagbag.py:545} INFO - Filling up the DagBag from /opt/airflow/dags/main.py
[2026-05-21T08:37:00.322+0000] {logging_mixin.py:188} INFO - [2026-05-21T08:37:00.316+0000] {dagbag.py:355} ERROR - Failed to import: /opt/airflow/dags/main.py
Traceback (most recent call last):
  File "/home/airflow/.local/lib/python3.10/site-packages/airflow/models/dagbag.py", line 351, in parse
    loader.exec_module(new_module)
  File "<frozen importlib._bootstrap_external>", line 883, in exec_module
  File "<frozen importlib._bootstrap>", line 241, in _call_with_frames_removed
  File "/opt/airflow/dags/main.py", line 36, in <module>
    save_to_json_task = save_to_json(extract_data)
  File "/opt/airflow/dags/api/video_stats.py", line 132, in save_to_json
    json.dump(extracted_data, json_outfile, indent=4, ensure_ascii=False)
  File "/usr/local/lib/python3.10/json/__init__.py", line 179, in dump
    for chunk in iterable:
  File "/usr/local/lib/python3.10/json/encoder.py", line 438, in _iterencode
    o = _default(o)
  File "/usr/local/lib/python3.10/json/encoder.py", line 179, in default
    raise TypeError(f'Object of type {o.__class__.__name__} '
TypeError: Object of type PlainXComArg is not JSON serializable
[2026-05-21T08:37:00.322+0000] {processor.py:842} WARNING - No viable dags retrieved from /opt/airflow/dags/main.py
[2026-05-21T08:37:00.352+0000] {processor.py:183} INFO - Processing /opt/airflow/dags/main.py took 0.090 seconds
[2026-05-21T08:37:30.598+0000] {processor.py:161} INFO - Started process (PID=1835) to work on /opt/airflow/dags/main.py
[2026-05-21T08:37:30.599+0000] {processor.py:830} INFO - Processing file /opt/airflow/dags/main.py for tasks to queue
[2026-05-21T08:37:30.601+0000] {logging_mixin.py:188} INFO - [2026-05-21T08:37:30.601+0000] {dagbag.py:545} INFO - Filling up the DagBag from /opt/airflow/dags/main.py
[2026-05-21T08:37:30.660+0000] {logging_mixin.py:188} INFO - [2026-05-21T08:37:30.652+0000] {dagbag.py:355} ERROR - Failed to import: /opt/airflow/dags/main.py
Traceback (most recent call last):
  File "/home/airflow/.local/lib/python3.10/site-packages/airflow/models/dagbag.py", line 351, in parse
    loader.exec_module(new_module)
  File "<frozen importlib._bootstrap_external>", line 883, in exec_module
  File "<frozen importlib._bootstrap>", line 241, in _call_with_frames_removed
  File "/opt/airflow/dags/main.py", line 36, in <module>
    save_to_json_task = save_to_json(extract_data)
  File "/opt/airflow/dags/api/video_stats.py", line 132, in save_to_json
    json.dump(extracted_data, json_outfile, indent=4, ensure_ascii=False)
  File "/usr/local/lib/python3.10/json/__init__.py", line 179, in dump
    for chunk in iterable:
  File "/usr/local/lib/python3.10/json/encoder.py", line 438, in _iterencode
    o = _default(o)
  File "/usr/local/lib/python3.10/json/encoder.py", line 179, in default
    raise TypeError(f'Object of type {o.__class__.__name__} '
TypeError: Object of type PlainXComArg is not JSON serializable
[2026-05-21T08:37:30.660+0000] {processor.py:842} WARNING - No viable dags retrieved from /opt/airflow/dags/main.py
[2026-05-21T08:37:30.689+0000] {processor.py:183} INFO - Processing /opt/airflow/dags/main.py took 0.098 seconds
[2026-05-21T08:38:00.969+0000] {processor.py:161} INFO - Started process (PID=1842) to work on /opt/airflow/dags/main.py
[2026-05-21T08:38:00.971+0000] {processor.py:830} INFO - Processing file /opt/airflow/dags/main.py for tasks to queue
[2026-05-21T08:38:00.973+0000] {logging_mixin.py:188} INFO - [2026-05-21T08:38:00.973+0000] {dagbag.py:545} INFO - Filling up the DagBag from /opt/airflow/dags/main.py
[2026-05-21T08:38:01.031+0000] {logging_mixin.py:188} INFO - [2026-05-21T08:38:01.024+0000] {dagbag.py:355} ERROR - Failed to import: /opt/airflow/dags/main.py
Traceback (most recent call last):
  File "/home/airflow/.local/lib/python3.10/site-packages/airflow/models/dagbag.py", line 351, in parse
    loader.exec_module(new_module)
  File "<frozen importlib._bootstrap_external>", line 883, in exec_module
  File "<frozen importlib._bootstrap>", line 241, in _call_with_frames_removed
  File "/opt/airflow/dags/main.py", line 36, in <module>
    save_to_json_task = save_to_json(extract_data)
  File "/opt/airflow/dags/api/video_stats.py", line 132, in save_to_json
    json.dump(extracted_data, json_outfile, indent=4, ensure_ascii=False)
  File "/usr/local/lib/python3.10/json/__init__.py", line 179, in dump
    for chunk in iterable:
  File "/usr/local/lib/python3.10/json/encoder.py", line 438, in _iterencode
    o = _default(o)
  File "/usr/local/lib/python3.10/json/encoder.py", line 179, in default
    raise TypeError(f'Object of type {o.__class__.__name__} '
TypeError: Object of type PlainXComArg is not JSON serializable
[2026-05-21T08:38:01.032+0000] {processor.py:842} WARNING - No viable dags retrieved from /opt/airflow/dags/main.py
[2026-05-21T08:38:01.062+0000] {processor.py:183} INFO - Processing /opt/airflow/dags/main.py took 0.101 seconds
[2026-05-21T08:38:31.259+0000] {processor.py:161} INFO - Started process (PID=1849) to work on /opt/airflow/dags/main.py
[2026-05-21T08:38:31.261+0000] {processor.py:830} INFO - Processing file /opt/airflow/dags/main.py for tasks to queue
[2026-05-21T08:38:31.263+0000] {logging_mixin.py:188} INFO - [2026-05-21T08:38:31.262+0000] {dagbag.py:545} INFO - Filling up the DagBag from /opt/airflow/dags/main.py
[2026-05-21T08:38:31.321+0000] {logging_mixin.py:188} INFO - [2026-05-21T08:38:31.313+0000] {dagbag.py:355} ERROR - Failed to import: /opt/airflow/dags/main.py
Traceback (most recent call last):
  File "/home/airflow/.local/lib/python3.10/site-packages/airflow/models/dagbag.py", line 351, in parse
    loader.exec_module(new_module)
  File "<frozen importlib._bootstrap_external>", line 883, in exec_module
  File "<frozen importlib._bootstrap>", line 241, in _call_with_frames_removed
  File "/opt/airflow/dags/main.py", line 36, in <module>
    save_to_json_task = save_to_json(extract_data)
  File "/opt/airflow/dags/api/video_stats.py", line 132, in save_to_json
    json.dump(extracted_data, json_outfile, indent=4, ensure_ascii=False)
  File "/usr/local/lib/python3.10/json/__init__.py", line 179, in dump
    for chunk in iterable:
  File "/usr/local/lib/python3.10/json/encoder.py", line 438, in _iterencode
    o = _default(o)
  File "/usr/local/lib/python3.10/json/encoder.py", line 179, in default
    raise TypeError(f'Object of type {o.__class__.__name__} '
TypeError: Object of type PlainXComArg is not JSON serializable
[2026-05-21T08:38:31.321+0000] {processor.py:842} WARNING - No viable dags retrieved from /opt/airflow/dags/main.py
[2026-05-21T08:38:31.351+0000] {processor.py:183} INFO - Processing /opt/airflow/dags/main.py took 0.099 seconds
[2026-05-21T08:39:01.610+0000] {processor.py:161} INFO - Started process (PID=1856) to work on /opt/airflow/dags/main.py
[2026-05-21T08:39:01.611+0000] {processor.py:830} INFO - Processing file /opt/airflow/dags/main.py for tasks to queue
[2026-05-21T08:39:01.614+0000] {logging_mixin.py:188} INFO - [2026-05-21T08:39:01.613+0000] {dagbag.py:545} INFO - Filling up the DagBag from /opt/airflow/dags/main.py
[2026-05-21T08:39:01.693+0000] {logging_mixin.py:188} INFO - [2026-05-21T08:39:01.686+0000] {dagbag.py:355} ERROR - Failed to import: /opt/airflow/dags/main.py
Traceback (most recent call last):
  File "/home/airflow/.local/lib/python3.10/site-packages/airflow/models/dagbag.py", line 351, in parse
    loader.exec_module(new_module)
  File "<frozen importlib._bootstrap_external>", line 883, in exec_module
  File "<frozen importlib._bootstrap>", line 241, in _call_with_frames_removed
  File "/opt/airflow/dags/main.py", line 36, in <module>
    save_to_json_task = save_to_json(extract_data)
  File "/opt/airflow/dags/api/video_stats.py", line 132, in save_to_json
    json.dump(extracted_data, json_outfile, indent=4, ensure_ascii=False)
  File "/usr/local/lib/python3.10/json/__init__.py", line 179, in dump
    for chunk in iterable:
  File "/usr/local/lib/python3.10/json/encoder.py", line 438, in _iterencode
    o = _default(o)
  File "/usr/local/lib/python3.10/json/encoder.py", line 179, in default
    raise TypeError(f'Object of type {o.__class__.__name__} '
TypeError: Object of type PlainXComArg is not JSON serializable
[2026-05-21T08:39:01.694+0000] {processor.py:842} WARNING - No viable dags retrieved from /opt/airflow/dags/main.py
[2026-05-21T08:39:01.717+0000] {processor.py:183} INFO - Processing /opt/airflow/dags/main.py took 0.113 seconds
[2026-05-21T08:39:31.900+0000] {processor.py:161} INFO - Started process (PID=1863) to work on /opt/airflow/dags/main.py
[2026-05-21T08:39:31.901+0000] {processor.py:830} INFO - Processing file /opt/airflow/dags/main.py for tasks to queue
[2026-05-21T08:39:31.903+0000] {logging_mixin.py:188} INFO - [2026-05-21T08:39:31.903+0000] {dagbag.py:545} INFO - Filling up the DagBag from /opt/airflow/dags/main.py
[2026-05-21T08:39:31.961+0000] {logging_mixin.py:188} INFO - [2026-05-21T08:39:31.953+0000] {dagbag.py:355} ERROR - Failed to import: /opt/airflow/dags/main.py
Traceback (most recent call last):
  File "/home/airflow/.local/lib/python3.10/site-packages/airflow/models/dagbag.py", line 351, in parse
    loader.exec_module(new_module)
  File "<frozen importlib._bootstrap_external>", line 883, in exec_module
  File "<frozen importlib._bootstrap>", line 241, in _call_with_frames_removed
  File "/opt/airflow/dags/main.py", line 36, in <module>
    save_to_json_task = save_to_json(extract_data)
  File "/opt/airflow/dags/api/video_stats.py", line 132, in save_to_json
    json.dump(extracted_data, json_outfile, indent=4, ensure_ascii=False)
  File "/usr/local/lib/python3.10/json/__init__.py", line 179, in dump
    for chunk in iterable:
  File "/usr/local/lib/python3.10/json/encoder.py", line 438, in _iterencode
    o = _default(o)
  File "/usr/local/lib/python3.10/json/encoder.py", line 179, in default
    raise TypeError(f'Object of type {o.__class__.__name__} '
TypeError: Object of type PlainXComArg is not JSON serializable
[2026-05-21T08:39:31.962+0000] {processor.py:842} WARNING - No viable dags retrieved from /opt/airflow/dags/main.py
[2026-05-21T08:39:31.979+0000] {processor.py:183} INFO - Processing /opt/airflow/dags/main.py took 0.085 seconds
[2026-05-21T08:40:02.279+0000] {processor.py:161} INFO - Started process (PID=1870) to work on /opt/airflow/dags/main.py
[2026-05-21T08:40:02.280+0000] {processor.py:830} INFO - Processing file /opt/airflow/dags/main.py for tasks to queue
[2026-05-21T08:40:02.282+0000] {logging_mixin.py:188} INFO - [2026-05-21T08:40:02.282+0000] {dagbag.py:545} INFO - Filling up the DagBag from /opt/airflow/dags/main.py
[2026-05-21T08:40:02.339+0000] {logging_mixin.py:188} INFO - [2026-05-21T08:40:02.331+0000] {dagbag.py:355} ERROR - Failed to import: /opt/airflow/dags/main.py
Traceback (most recent call last):
  File "/home/airflow/.local/lib/python3.10/site-packages/airflow/models/dagbag.py", line 351, in parse
    loader.exec_module(new_module)
  File "<frozen importlib._bootstrap_external>", line 883, in exec_module
  File "<frozen importlib._bootstrap>", line 241, in _call_with_frames_removed
  File "/opt/airflow/dags/main.py", line 36, in <module>
    save_to_json_task = save_to_json(extract_data)
  File "/opt/airflow/dags/api/video_stats.py", line 132, in save_to_json
    json.dump(extracted_data, json_outfile, indent=4, ensure_ascii=False)
  File "/usr/local/lib/python3.10/json/__init__.py", line 179, in dump
    for chunk in iterable:
  File "/usr/local/lib/python3.10/json/encoder.py", line 438, in _iterencode
    o = _default(o)
  File "/usr/local/lib/python3.10/json/encoder.py", line 179, in default
    raise TypeError(f'Object of type {o.__class__.__name__} '
TypeError: Object of type PlainXComArg is not JSON serializable
[2026-05-21T08:40:02.339+0000] {processor.py:842} WARNING - No viable dags retrieved from /opt/airflow/dags/main.py
[2026-05-21T08:40:02.357+0000] {processor.py:183} INFO - Processing /opt/airflow/dags/main.py took 0.085 seconds
[2026-05-21T08:40:23.548+0000] {processor.py:161} INFO - Started process (PID=1877) to work on /opt/airflow/dags/main.py
[2026-05-21T08:40:23.549+0000] {processor.py:830} INFO - Processing file /opt/airflow/dags/main.py for tasks to queue
[2026-05-21T08:40:23.551+0000] {logging_mixin.py:188} INFO - [2026-05-21T08:40:23.551+0000] {dagbag.py:545} INFO - Filling up the DagBag from /opt/airflow/dags/main.py
[2026-05-21T08:40:23.620+0000] {logging_mixin.py:188} INFO - [2026-05-21T08:40:23.611+0000] {dagbag.py:355} ERROR - Failed to import: /opt/airflow/dags/main.py
Traceback (most recent call last):
  File "/home/airflow/.local/lib/python3.10/site-packages/airflow/models/dagbag.py", line 351, in parse
    loader.exec_module(new_module)
  File "<frozen importlib._bootstrap_external>", line 883, in exec_module
  File "<frozen importlib._bootstrap>", line 241, in _call_with_frames_removed
  File "/opt/airflow/dags/main.py", line 36, in <module>
    save_to_json_task = save_to_json(extract_data)
  File "/opt/airflow/dags/api/video_stats.py", line 132, in save_to_json
    json.dump(extracted_data, json_outfile, indent=4, ensure_ascii=False)
  File "/usr/local/lib/python3.10/json/__init__.py", line 179, in dump
    for chunk in iterable:
  File "/usr/local/lib/python3.10/json/encoder.py", line 438, in _iterencode
    o = _default(o)
  File "/usr/local/lib/python3.10/json/encoder.py", line 179, in default
    raise TypeError(f'Object of type {o.__class__.__name__} '
TypeError: Object of type PlainXComArg is not JSON serializable
[2026-05-21T08:40:23.621+0000] {processor.py:842} WARNING - No viable dags retrieved from /opt/airflow/dags/main.py
[2026-05-21T08:40:23.639+0000] {processor.py:183} INFO - Processing /opt/airflow/dags/main.py took 0.097 seconds
[2026-05-21T08:40:50.836+0000] {processor.py:161} INFO - Started process (PID=1884) to work on /opt/airflow/dags/main.py
[2026-05-21T08:40:50.837+0000] {processor.py:830} INFO - Processing file /opt/airflow/dags/main.py for tasks to queue
[2026-05-21T08:40:50.839+0000] {logging_mixin.py:188} INFO - [2026-05-21T08:40:50.839+0000] {dagbag.py:545} INFO - Filling up the DagBag from /opt/airflow/dags/main.py
[2026-05-21T08:40:50.902+0000] {logging_mixin.py:188} INFO - [2026-05-21T08:40:50.894+0000] {dagbag.py:355} ERROR - Failed to import: /opt/airflow/dags/main.py
Traceback (most recent call last):
  File "/home/airflow/.local/lib/python3.10/site-packages/airflow/models/dagbag.py", line 351, in parse
    loader.exec_module(new_module)
  File "<frozen importlib._bootstrap_external>", line 883, in exec_module
  File "<frozen importlib._bootstrap>", line 241, in _call_with_frames_removed
  File "/opt/airflow/dags/main.py", line 36, in <module>
    save_to_json_task = save_to_json(extract_data)
  File "/opt/airflow/dags/api/video_stats.py", line 132, in save_to_json
    json.dump(extracted_data, json_outfile, indent=4, ensure_ascii=False)
  File "/usr/local/lib/python3.10/json/__init__.py", line 179, in dump
    for chunk in iterable:
  File "/usr/local/lib/python3.10/json/encoder.py", line 438, in _iterencode
    o = _default(o)
  File "/usr/local/lib/python3.10/json/encoder.py", line 179, in default
    raise TypeError(f'Object of type {o.__class__.__name__} '
TypeError: Object of type PlainXComArg is not JSON serializable
[2026-05-21T08:40:50.902+0000] {processor.py:842} WARNING - No viable dags retrieved from /opt/airflow/dags/main.py
[2026-05-21T08:40:50.931+0000] {processor.py:183} INFO - Processing /opt/airflow/dags/main.py took 0.101 seconds
[2026-05-21T08:41:21.175+0000] {processor.py:161} INFO - Started process (PID=1891) to work on /opt/airflow/dags/main.py
[2026-05-21T08:41:21.176+0000] {processor.py:830} INFO - Processing file /opt/airflow/dags/main.py for tasks to queue
[2026-05-21T08:41:21.178+0000] {logging_mixin.py:188} INFO - [2026-05-21T08:41:21.178+0000] {dagbag.py:545} INFO - Filling up the DagBag from /opt/airflow/dags/main.py
[2026-05-21T08:41:21.242+0000] {logging_mixin.py:188} INFO - [2026-05-21T08:41:21.233+0000] {dagbag.py:355} ERROR - Failed to import: /opt/airflow/dags/main.py
Traceback (most recent call last):
  File "/home/airflow/.local/lib/python3.10/site-packages/airflow/models/dagbag.py", line 351, in parse
    loader.exec_module(new_module)
  File "<frozen importlib._bootstrap_external>", line 883, in exec_module
  File "<frozen importlib._bootstrap>", line 241, in _call_with_frames_removed
  File "/opt/airflow/dags/main.py", line 36, in <module>
    save_to_json_task = save_to_json(extract_data)
  File "/opt/airflow/dags/api/video_stats.py", line 132, in save_to_json
    json.dump(extracted_data, json_outfile, indent=4, ensure_ascii=False)
  File "/usr/local/lib/python3.10/json/__init__.py", line 179, in dump
    for chunk in iterable:
  File "/usr/local/lib/python3.10/json/encoder.py", line 438, in _iterencode
    o = _default(o)
  File "/usr/local/lib/python3.10/json/encoder.py", line 179, in default
    raise TypeError(f'Object of type {o.__class__.__name__} '
TypeError: Object of type PlainXComArg is not JSON serializable
[2026-05-21T08:41:21.242+0000] {processor.py:842} WARNING - No viable dags retrieved from /opt/airflow/dags/main.py
[2026-05-21T08:41:21.260+0000] {processor.py:183} INFO - Processing /opt/airflow/dags/main.py took 0.092 seconds
[2026-05-21T08:41:51.476+0000] {processor.py:161} INFO - Started process (PID=1898) to work on /opt/airflow/dags/main.py
[2026-05-21T08:41:51.477+0000] {processor.py:830} INFO - Processing file /opt/airflow/dags/main.py for tasks to queue
[2026-05-21T08:41:51.479+0000] {logging_mixin.py:188} INFO - [2026-05-21T08:41:51.479+0000] {dagbag.py:545} INFO - Filling up the DagBag from /opt/airflow/dags/main.py
[2026-05-21T08:41:51.548+0000] {logging_mixin.py:188} INFO - [2026-05-21T08:41:51.540+0000] {dagbag.py:355} ERROR - Failed to import: /opt/airflow/dags/main.py
Traceback (most recent call last):
  File "/home/airflow/.local/lib/python3.10/site-packages/airflow/models/dagbag.py", line 351, in parse
    loader.exec_module(new_module)
  File "<frozen importlib._bootstrap_external>", line 883, in exec_module
  File "<frozen importlib._bootstrap>", line 241, in _call_with_frames_removed
  File "/opt/airflow/dags/main.py", line 36, in <module>
    save_to_json_task = save_to_json(extract_data)
  File "/opt/airflow/dags/api/video_stats.py", line 132, in save_to_json
    json.dump(extracted_data, json_outfile, indent=4, ensure_ascii=False)
  File "/usr/local/lib/python3.10/json/__init__.py", line 179, in dump
    for chunk in iterable:
  File "/usr/local/lib/python3.10/json/encoder.py", line 438, in _iterencode
    o = _default(o)
  File "/usr/local/lib/python3.10/json/encoder.py", line 179, in default
    raise TypeError(f'Object of type {o.__class__.__name__} '
TypeError: Object of type PlainXComArg is not JSON serializable
[2026-05-21T08:41:51.549+0000] {processor.py:842} WARNING - No viable dags retrieved from /opt/airflow/dags/main.py
[2026-05-21T08:41:51.582+0000] {processor.py:183} INFO - Processing /opt/airflow/dags/main.py took 0.115 seconds
[2026-05-21T08:42:21.852+0000] {processor.py:161} INFO - Started process (PID=1905) to work on /opt/airflow/dags/main.py
[2026-05-21T08:42:21.853+0000] {processor.py:830} INFO - Processing file /opt/airflow/dags/main.py for tasks to queue
[2026-05-21T08:42:21.855+0000] {logging_mixin.py:188} INFO - [2026-05-21T08:42:21.855+0000] {dagbag.py:545} INFO - Filling up the DagBag from /opt/airflow/dags/main.py
[2026-05-21T08:42:21.908+0000] {logging_mixin.py:188} INFO - [2026-05-21T08:42:21.902+0000] {dagbag.py:355} ERROR - Failed to import: /opt/airflow/dags/main.py
Traceback (most recent call last):
  File "/home/airflow/.local/lib/python3.10/site-packages/airflow/models/dagbag.py", line 351, in parse
    loader.exec_module(new_module)
  File "<frozen importlib._bootstrap_external>", line 883, in exec_module
  File "<frozen importlib._bootstrap>", line 241, in _call_with_frames_removed
  File "/opt/airflow/dags/main.py", line 36, in <module>
    save_to_json_task = save_to_json(extract_data)
  File "/opt/airflow/dags/api/video_stats.py", line 132, in save_to_json
    json.dump(extracted_data, json_outfile, indent=4, ensure_ascii=False)
  File "/usr/local/lib/python3.10/json/__init__.py", line 179, in dump
    for chunk in iterable:
  File "/usr/local/lib/python3.10/json/encoder.py", line 438, in _iterencode
    o = _default(o)
  File "/usr/local/lib/python3.10/json/encoder.py", line 179, in default
    raise TypeError(f'Object of type {o.__class__.__name__} '
TypeError: Object of type PlainXComArg is not JSON serializable
[2026-05-21T08:42:21.909+0000] {processor.py:842} WARNING - No viable dags retrieved from /opt/airflow/dags/main.py
[2026-05-21T08:42:21.936+0000] {processor.py:183} INFO - Processing /opt/airflow/dags/main.py took 0.090 seconds
[2026-05-21T08:42:52.226+0000] {processor.py:161} INFO - Started process (PID=1912) to work on /opt/airflow/dags/main.py
[2026-05-21T08:42:52.228+0000] {processor.py:830} INFO - Processing file /opt/airflow/dags/main.py for tasks to queue
[2026-05-21T08:42:52.230+0000] {logging_mixin.py:188} INFO - [2026-05-21T08:42:52.230+0000] {dagbag.py:545} INFO - Filling up the DagBag from /opt/airflow/dags/main.py
[2026-05-21T08:42:52.288+0000] {logging_mixin.py:188} INFO - [2026-05-21T08:42:52.280+0000] {dagbag.py:355} ERROR - Failed to import: /opt/airflow/dags/main.py
Traceback (most recent call last):
  File "/home/airflow/.local/lib/python3.10/site-packages/airflow/models/dagbag.py", line 351, in parse
    loader.exec_module(new_module)
  File "<frozen importlib._bootstrap_external>", line 883, in exec_module
  File "<frozen importlib._bootstrap>", line 241, in _call_with_frames_removed
  File "/opt/airflow/dags/main.py", line 36, in <module>
    save_to_json_task = save_to_json(extract_data)
  File "/opt/airflow/dags/api/video_stats.py", line 132, in save_to_json
    json.dump(extracted_data, json_outfile, indent=4, ensure_ascii=False)
  File "/usr/local/lib/python3.10/json/__init__.py", line 179, in dump
    for chunk in iterable:
  File "/usr/local/lib/python3.10/json/encoder.py", line 438, in _iterencode
    o = _default(o)
  File "/usr/local/lib/python3.10/json/encoder.py", line 179, in default
    raise TypeError(f'Object of type {o.__class__.__name__} '
TypeError: Object of type PlainXComArg is not JSON serializable
[2026-05-21T08:42:52.288+0000] {processor.py:842} WARNING - No viable dags retrieved from /opt/airflow/dags/main.py
[2026-05-21T08:42:52.323+0000] {processor.py:183} INFO - Processing /opt/airflow/dags/main.py took 0.103 seconds
[2026-05-21T08:43:22.533+0000] {processor.py:161} INFO - Started process (PID=1919) to work on /opt/airflow/dags/main.py
[2026-05-21T08:43:22.534+0000] {processor.py:830} INFO - Processing file /opt/airflow/dags/main.py for tasks to queue
[2026-05-21T08:43:22.536+0000] {logging_mixin.py:188} INFO - [2026-05-21T08:43:22.535+0000] {dagbag.py:545} INFO - Filling up the DagBag from /opt/airflow/dags/main.py
[2026-05-21T08:43:22.591+0000] {logging_mixin.py:188} INFO - [2026-05-21T08:43:22.585+0000] {dagbag.py:355} ERROR - Failed to import: /opt/airflow/dags/main.py
Traceback (most recent call last):
  File "/home/airflow/.local/lib/python3.10/site-packages/airflow/models/dagbag.py", line 351, in parse
    loader.exec_module(new_module)
  File "<frozen importlib._bootstrap_external>", line 883, in exec_module
  File "<frozen importlib._bootstrap>", line 241, in _call_with_frames_removed
  File "/opt/airflow/dags/main.py", line 36, in <module>
    save_to_json_task = save_to_json(extract_data)
  File "/opt/airflow/dags/api/video_stats.py", line 132, in save_to_json
    json.dump(extracted_data, json_outfile, indent=4, ensure_ascii=False)
  File "/usr/local/lib/python3.10/json/__init__.py", line 179, in dump
    for chunk in iterable:
  File "/usr/local/lib/python3.10/json/encoder.py", line 438, in _iterencode
    o = _default(o)
  File "/usr/local/lib/python3.10/json/encoder.py", line 179, in default
    raise TypeError(f'Object of type {o.__class__.__name__} '
TypeError: Object of type PlainXComArg is not JSON serializable
[2026-05-21T08:43:22.591+0000] {processor.py:842} WARNING - No viable dags retrieved from /opt/airflow/dags/main.py
[2026-05-21T08:43:22.618+0000] {processor.py:183} INFO - Processing /opt/airflow/dags/main.py took 0.092 seconds
[2026-05-21T08:43:52.812+0000] {processor.py:161} INFO - Started process (PID=1926) to work on /opt/airflow/dags/main.py
[2026-05-21T08:43:52.813+0000] {processor.py:830} INFO - Processing file /opt/airflow/dags/main.py for tasks to queue
[2026-05-21T08:43:52.816+0000] {logging_mixin.py:188} INFO - [2026-05-21T08:43:52.816+0000] {dagbag.py:545} INFO - Filling up the DagBag from /opt/airflow/dags/main.py
[2026-05-21T08:43:52.891+0000] {processor.py:840} INFO - DAG(s) 'produce_json' retrieved from /opt/airflow/dags/main.py
[2026-05-21T08:43:53.192+0000] {logging_mixin.py:188} INFO - [2026-05-21T08:43:53.192+0000] {override.py:1829} INFO - Created Permission View: can edit on DAG:produce_json
[2026-05-21T08:43:53.204+0000] {logging_mixin.py:188} INFO - [2026-05-21T08:43:53.204+0000] {override.py:1829} INFO - Created Permission View: can delete on DAG:produce_json
[2026-05-21T08:43:53.210+0000] {logging_mixin.py:188} INFO - [2026-05-21T08:43:53.210+0000] {override.py:1829} INFO - Created Permission View: can read on DAG:produce_json
[2026-05-21T08:43:53.211+0000] {logging_mixin.py:188} INFO - [2026-05-21T08:43:53.211+0000] {dag.py:3096} INFO - Sync 1 DAGs
[2026-05-21T08:43:53.227+0000] {logging_mixin.py:188} INFO - [2026-05-21T08:43:53.227+0000] {dag.py:3118} INFO - Creating ORM DAG for produce_json
[2026-05-21T08:43:53.243+0000] {logging_mixin.py:188} INFO - [2026-05-21T08:43:53.243+0000] {dag.py:3954} INFO - Setting next_dagrun for produce_json to 2026-05-19 11:00:00+00:00, run_after=2026-05-20 11:00:00+00:00
[2026-05-21T08:43:53.265+0000] {processor.py:183} INFO - Processing /opt/airflow/dags/main.py took 0.459 seconds
[2026-05-21T08:44:23.545+0000] {processor.py:161} INFO - Started process (PID=1933) to work on /opt/airflow/dags/main.py
[2026-05-21T08:44:23.547+0000] {processor.py:830} INFO - Processing file /opt/airflow/dags/main.py for tasks to queue
[2026-05-21T08:44:23.549+0000] {logging_mixin.py:188} INFO - [2026-05-21T08:44:23.549+0000] {dagbag.py:545} INFO - Filling up the DagBag from /opt/airflow/dags/main.py
[2026-05-21T08:44:23.603+0000] {processor.py:840} INFO - DAG(s) 'produce_json' retrieved from /opt/airflow/dags/main.py
[2026-05-21T08:44:23.631+0000] {logging_mixin.py:188} INFO - [2026-05-21T08:44:23.631+0000] {dag.py:3096} INFO - Sync 1 DAGs
[2026-05-21T08:44:23.653+0000] {logging_mixin.py:188} INFO - [2026-05-21T08:44:23.653+0000] {dag.py:3954} INFO - Setting next_dagrun for produce_json to 2026-05-19 11:00:00+00:00, run_after=2026-05-20 11:00:00+00:00
[2026-05-21T08:44:23.672+0000] {processor.py:183} INFO - Processing /opt/airflow/dags/main.py took 0.135 seconds
[2026-05-21T08:44:53.923+0000] {processor.py:161} INFO - Started process (PID=1940) to work on /opt/airflow/dags/main.py
[2026-05-21T08:44:53.924+0000] {processor.py:830} INFO - Processing file /opt/airflow/dags/main.py for tasks to queue
[2026-05-21T08:44:53.926+0000] {logging_mixin.py:188} INFO - [2026-05-21T08:44:53.926+0000] {dagbag.py:545} INFO - Filling up the DagBag from /opt/airflow/dags/main.py
[2026-05-21T08:44:53.979+0000] {processor.py:840} INFO - DAG(s) 'produce_json' retrieved from /opt/airflow/dags/main.py
[2026-05-21T08:44:54.008+0000] {logging_mixin.py:188} INFO - [2026-05-21T08:44:54.008+0000] {dag.py:3096} INFO - Sync 1 DAGs
[2026-05-21T08:44:54.029+0000] {logging_mixin.py:188} INFO - [2026-05-21T08:44:54.029+0000] {dag.py:3954} INFO - Setting next_dagrun for produce_json to 2026-05-19 11:00:00+00:00, run_after=2026-05-20 11:00:00+00:00
[2026-05-21T08:44:54.066+0000] {processor.py:183} INFO - Processing /opt/airflow/dags/main.py took 0.150 seconds
[2026-05-21T08:45:24.239+0000] {processor.py:161} INFO - Started process (PID=1947) to work on /opt/airflow/dags/main.py
[2026-05-21T08:45:24.240+0000] {processor.py:830} INFO - Processing file /opt/airflow/dags/main.py for tasks to queue
[2026-05-21T08:45:24.242+0000] {logging_mixin.py:188} INFO - [2026-05-21T08:45:24.242+0000] {dagbag.py:545} INFO - Filling up the DagBag from /opt/airflow/dags/main.py
[2026-05-21T08:45:24.296+0000] {processor.py:840} INFO - DAG(s) 'produce_json' retrieved from /opt/airflow/dags/main.py
[2026-05-21T08:45:24.326+0000] {logging_mixin.py:188} INFO - [2026-05-21T08:45:24.325+0000] {dag.py:3096} INFO - Sync 1 DAGs
[2026-05-21T08:45:24.346+0000] {logging_mixin.py:188} INFO - [2026-05-21T08:45:24.346+0000] {dag.py:3954} INFO - Setting next_dagrun for produce_json to 2026-05-19 11:00:00+00:00, run_after=2026-05-20 11:00:00+00:00
[2026-05-21T08:45:24.377+0000] {processor.py:183} INFO - Processing /opt/airflow/dags/main.py took 0.146 seconds
[2026-05-21T08:45:54.532+0000] {processor.py:161} INFO - Started process (PID=1954) to work on /opt/airflow/dags/main.py
[2026-05-21T08:45:54.534+0000] {processor.py:830} INFO - Processing file /opt/airflow/dags/main.py for tasks to queue
[2026-05-21T08:45:54.536+0000] {logging_mixin.py:188} INFO - [2026-05-21T08:45:54.535+0000] {dagbag.py:545} INFO - Filling up the DagBag from /opt/airflow/dags/main.py
[2026-05-21T08:45:54.587+0000] {processor.py:840} INFO - DAG(s) 'produce_json' retrieved from /opt/airflow/dags/main.py
[2026-05-21T08:45:54.616+0000] {logging_mixin.py:188} INFO - [2026-05-21T08:45:54.616+0000] {dag.py:3096} INFO - Sync 1 DAGs
[2026-05-21T08:45:54.636+0000] {logging_mixin.py:188} INFO - [2026-05-21T08:45:54.636+0000] {dag.py:3954} INFO - Setting next_dagrun for produce_json to 2026-05-19 11:00:00+00:00, run_after=2026-05-20 11:00:00+00:00
[2026-05-21T08:45:54.654+0000] {processor.py:183} INFO - Processing /opt/airflow/dags/main.py took 0.129 seconds
[2026-05-21T08:46:24.924+0000] {processor.py:161} INFO - Started process (PID=1961) to work on /opt/airflow/dags/main.py
[2026-05-21T08:46:24.925+0000] {processor.py:830} INFO - Processing file /opt/airflow/dags/main.py for tasks to queue
[2026-05-21T08:46:24.927+0000] {logging_mixin.py:188} INFO - [2026-05-21T08:46:24.927+0000] {dagbag.py:545} INFO - Filling up the DagBag from /opt/airflow/dags/main.py
[2026-05-21T08:46:24.980+0000] {processor.py:840} INFO - DAG(s) 'produce_json' retrieved from /opt/airflow/dags/main.py
[2026-05-21T08:46:25.010+0000] {logging_mixin.py:188} INFO - [2026-05-21T08:46:25.010+0000] {dag.py:3096} INFO - Sync 1 DAGs
[2026-05-21T08:46:25.032+0000] {logging_mixin.py:188} INFO - [2026-05-21T08:46:25.032+0000] {dag.py:3954} INFO - Setting next_dagrun for produce_json to 2026-05-20 11:00:00+00:00, run_after=2026-05-21 11:00:00+00:00
[2026-05-21T08:46:25.065+0000] {processor.py:183} INFO - Processing /opt/airflow/dags/main.py took 0.150 seconds
[2026-05-21T08:46:55.189+0000] {processor.py:161} INFO - Started process (PID=1968) to work on /opt/airflow/dags/main.py
[2026-05-21T08:46:55.191+0000] {processor.py:830} INFO - Processing file /opt/airflow/dags/main.py for tasks to queue
[2026-05-21T08:46:55.192+0000] {logging_mixin.py:188} INFO - [2026-05-21T08:46:55.192+0000] {dagbag.py:545} INFO - Filling up the DagBag from /opt/airflow/dags/main.py
[2026-05-21T08:46:55.241+0000] {processor.py:840} INFO - DAG(s) 'produce_json' retrieved from /opt/airflow/dags/main.py
[2026-05-21T08:46:55.269+0000] {logging_mixin.py:188} INFO - [2026-05-21T08:46:55.269+0000] {dag.py:3096} INFO - Sync 1 DAGs
[2026-05-21T08:46:55.289+0000] {logging_mixin.py:188} INFO - [2026-05-21T08:46:55.289+0000] {dag.py:3954} INFO - Setting next_dagrun for produce_json to 2026-05-20 11:00:00+00:00, run_after=2026-05-21 11:00:00+00:00
[2026-05-21T08:46:55.305+0000] {processor.py:183} INFO - Processing /opt/airflow/dags/main.py took 0.122 seconds
[2026-05-21T08:47:25.501+0000] {processor.py:161} INFO - Started process (PID=1975) to work on /opt/airflow/dags/main.py
[2026-05-21T08:47:25.502+0000] {processor.py:830} INFO - Processing file /opt/airflow/dags/main.py for tasks to queue
[2026-05-21T08:47:25.504+0000] {logging_mixin.py:188} INFO - [2026-05-21T08:47:25.504+0000] {dagbag.py:545} INFO - Filling up the DagBag from /opt/airflow/dags/main.py
[2026-05-21T08:47:25.549+0000] {processor.py:840} INFO - DAG(s) 'produce_json' retrieved from /opt/airflow/dags/main.py
[2026-05-21T08:47:25.576+0000] {logging_mixin.py:188} INFO - [2026-05-21T08:47:25.576+0000] {dag.py:3096} INFO - Sync 1 DAGs
[2026-05-21T08:47:25.595+0000] {logging_mixin.py:188} INFO - [2026-05-21T08:47:25.595+0000] {dag.py:3954} INFO - Setting next_dagrun for produce_json to 2026-05-20 11:00:00+00:00, run_after=2026-05-21 11:00:00+00:00
[2026-05-21T08:47:25.613+0000] {processor.py:183} INFO - Processing /opt/airflow/dags/main.py took 0.119 seconds
[2026-05-21T08:47:55.991+0000] {processor.py:161} INFO - Started process (PID=1982) to work on /opt/airflow/dags/main.py
[2026-05-21T08:47:55.993+0000] {processor.py:830} INFO - Processing file /opt/airflow/dags/main.py for tasks to queue
[2026-05-21T08:47:55.994+0000] {logging_mixin.py:188} INFO - [2026-05-21T08:47:55.994+0000] {dagbag.py:545} INFO - Filling up the DagBag from /opt/airflow/dags/main.py
[2026-05-21T08:47:56.041+0000] {processor.py:840} INFO - DAG(s) 'produce_json' retrieved from /opt/airflow/dags/main.py
[2026-05-21T08:47:56.066+0000] {logging_mixin.py:188} INFO - [2026-05-21T08:47:56.066+0000] {dag.py:3096} INFO - Sync 1 DAGs
[2026-05-21T08:47:56.085+0000] {logging_mixin.py:188} INFO - [2026-05-21T08:47:56.085+0000] {dag.py:3954} INFO - Setting next_dagrun for produce_json to 2026-05-20 11:00:00+00:00, run_after=2026-05-21 11:00:00+00:00
[2026-05-21T08:47:56.105+0000] {processor.py:183} INFO - Processing /opt/airflow/dags/main.py took 0.119 seconds
[2026-05-21T08:48:26.295+0000] {processor.py:161} INFO - Started process (PID=1989) to work on /opt/airflow/dags/main.py
[2026-05-21T08:48:26.296+0000] {processor.py:830} INFO - Processing file /opt/airflow/dags/main.py for tasks to queue
[2026-05-21T08:48:26.299+0000] {logging_mixin.py:188} INFO - [2026-05-21T08:48:26.298+0000] {dagbag.py:545} INFO - Filling up the DagBag from /opt/airflow/dags/main.py
[2026-05-21T08:48:26.357+0000] {processor.py:840} INFO - DAG(s) 'produce_json' retrieved from /opt/airflow/dags/main.py
[2026-05-21T08:48:26.384+0000] {logging_mixin.py:188} INFO - [2026-05-21T08:48:26.383+0000] {dag.py:3096} INFO - Sync 1 DAGs
[2026-05-21T08:48:26.404+0000] {logging_mixin.py:188} INFO - [2026-05-21T08:48:26.404+0000] {dag.py:3954} INFO - Setting next_dagrun for produce_json to 2026-05-20 11:00:00+00:00, run_after=2026-05-21 11:00:00+00:00
[2026-05-21T08:48:26.421+0000] {processor.py:183} INFO - Processing /opt/airflow/dags/main.py took 0.133 seconds
[2026-05-21T08:48:56.668+0000] {processor.py:161} INFO - Started process (PID=1996) to work on /opt/airflow/dags/main.py
[2026-05-21T08:48:56.670+0000] {processor.py:830} INFO - Processing file /opt/airflow/dags/main.py for tasks to queue
[2026-05-21T08:48:56.672+0000] {logging_mixin.py:188} INFO - [2026-05-21T08:48:56.672+0000] {dagbag.py:545} INFO - Filling up the DagBag from /opt/airflow/dags/main.py
[2026-05-21T08:48:56.723+0000] {processor.py:840} INFO - DAG(s) 'produce_json' retrieved from /opt/airflow/dags/main.py
[2026-05-21T08:48:56.749+0000] {logging_mixin.py:188} INFO - [2026-05-21T08:48:56.749+0000] {dag.py:3096} INFO - Sync 1 DAGs
[2026-05-21T08:48:56.769+0000] {logging_mixin.py:188} INFO - [2026-05-21T08:48:56.769+0000] {dag.py:3954} INFO - Setting next_dagrun for produce_json to 2026-05-20 11:00:00+00:00, run_after=2026-05-21 11:00:00+00:00
[2026-05-21T08:48:56.787+0000] {processor.py:183} INFO - Processing /opt/airflow/dags/main.py took 0.126 seconds
[2026-05-21T08:49:27.055+0000] {processor.py:161} INFO - Started process (PID=2003) to work on /opt/airflow/dags/main.py
[2026-05-21T08:49:27.056+0000] {processor.py:830} INFO - Processing file /opt/airflow/dags/main.py for tasks to queue
[2026-05-21T08:49:27.058+0000] {logging_mixin.py:188} INFO - [2026-05-21T08:49:27.058+0000] {dagbag.py:545} INFO - Filling up the DagBag from /opt/airflow/dags/main.py
[2026-05-21T08:49:27.103+0000] {processor.py:840} INFO - DAG(s) 'produce_json' retrieved from /opt/airflow/dags/main.py
[2026-05-21T08:49:27.128+0000] {logging_mixin.py:188} INFO - [2026-05-21T08:49:27.128+0000] {dag.py:3096} INFO - Sync 1 DAGs
[2026-05-21T08:49:27.147+0000] {logging_mixin.py:188} INFO - [2026-05-21T08:49:27.147+0000] {dag.py:3954} INFO - Setting next_dagrun for produce_json to 2026-05-20 11:00:00+00:00, run_after=2026-05-21 11:00:00+00:00
[2026-05-21T08:49:27.166+0000] {processor.py:183} INFO - Processing /opt/airflow/dags/main.py took 0.118 seconds
[2026-05-21T08:49:57.608+0000] {processor.py:161} INFO - Started process (PID=2010) to work on /opt/airflow/dags/main.py
[2026-05-21T08:49:57.609+0000] {processor.py:830} INFO - Processing file /opt/airflow/dags/main.py for tasks to queue
[2026-05-21T08:49:57.611+0000] {logging_mixin.py:188} INFO - [2026-05-21T08:49:57.611+0000] {dagbag.py:545} INFO - Filling up the DagBag from /opt/airflow/dags/main.py
[2026-05-21T08:49:57.664+0000] {processor.py:840} INFO - DAG(s) 'produce_json' retrieved from /opt/airflow/dags/main.py
[2026-05-21T08:49:57.695+0000] {logging_mixin.py:188} INFO - [2026-05-21T08:49:57.695+0000] {dag.py:3096} INFO - Sync 1 DAGs
[2026-05-21T08:49:57.717+0000] {logging_mixin.py:188} INFO - [2026-05-21T08:49:57.717+0000] {dag.py:3954} INFO - Setting next_dagrun for produce_json to 2026-05-20 11:00:00+00:00, run_after=2026-05-21 11:00:00+00:00
[2026-05-21T08:49:57.748+0000] {processor.py:183} INFO - Processing /opt/airflow/dags/main.py took 0.147 seconds
[2026-05-21T08:50:27.864+0000] {processor.py:161} INFO - Started process (PID=2017) to work on /opt/airflow/dags/main.py
[2026-05-21T08:50:27.866+0000] {processor.py:830} INFO - Processing file /opt/airflow/dags/main.py for tasks to queue
[2026-05-21T08:50:27.868+0000] {logging_mixin.py:188} INFO - [2026-05-21T08:50:27.868+0000] {dagbag.py:545} INFO - Filling up the DagBag from /opt/airflow/dags/main.py
[2026-05-21T08:50:27.915+0000] {processor.py:840} INFO - DAG(s) 'produce_json' retrieved from /opt/airflow/dags/main.py
[2026-05-21T08:50:27.943+0000] {logging_mixin.py:188} INFO - [2026-05-21T08:50:27.942+0000] {dag.py:3096} INFO - Sync 1 DAGs
[2026-05-21T08:50:27.962+0000] {logging_mixin.py:188} INFO - [2026-05-21T08:50:27.962+0000] {dag.py:3954} INFO - Setting next_dagrun for produce_json to 2026-05-20 11:00:00+00:00, run_after=2026-05-21 11:00:00+00:00
[2026-05-21T08:50:27.990+0000] {processor.py:183} INFO - Processing /opt/airflow/dags/main.py took 0.133 seconds
[2026-05-21T08:50:58.259+0000] {processor.py:161} INFO - Started process (PID=2024) to work on /opt/airflow/dags/main.py
[2026-05-21T08:50:58.260+0000] {processor.py:830} INFO - Processing file /opt/airflow/dags/main.py for tasks to queue
[2026-05-21T08:50:58.263+0000] {logging_mixin.py:188} INFO - [2026-05-21T08:50:58.262+0000] {dagbag.py:545} INFO - Filling up the DagBag from /opt/airflow/dags/main.py
[2026-05-21T08:50:58.308+0000] {processor.py:840} INFO - DAG(s) 'produce_json' retrieved from /opt/airflow/dags/main.py
[2026-05-21T08:50:58.335+0000] {logging_mixin.py:188} INFO - [2026-05-21T08:50:58.335+0000] {dag.py:3096} INFO - Sync 1 DAGs
[2026-05-21T08:50:58.354+0000] {logging_mixin.py:188} INFO - [2026-05-21T08:50:58.354+0000] {dag.py:3954} INFO - Setting next_dagrun for produce_json to 2026-05-20 11:00:00+00:00, run_after=2026-05-21 11:00:00+00:00
[2026-05-21T08:50:58.382+0000] {processor.py:183} INFO - Processing /opt/airflow/dags/main.py took 0.129 seconds
[2026-05-21T08:51:28.498+0000] {processor.py:161} INFO - Started process (PID=2031) to work on /opt/airflow/dags/main.py
[2026-05-21T08:51:28.499+0000] {processor.py:830} INFO - Processing file /opt/airflow/dags/main.py for tasks to queue
[2026-05-21T08:51:28.501+0000] {logging_mixin.py:188} INFO - [2026-05-21T08:51:28.501+0000] {dagbag.py:545} INFO - Filling up the DagBag from /opt/airflow/dags/main.py
[2026-05-21T08:51:28.557+0000] {processor.py:840} INFO - DAG(s) 'produce_json' retrieved from /opt/airflow/dags/main.py
[2026-05-21T08:51:28.587+0000] {logging_mixin.py:188} INFO - [2026-05-21T08:51:28.587+0000] {dag.py:3096} INFO - Sync 1 DAGs
[2026-05-21T08:51:28.607+0000] {logging_mixin.py:188} INFO - [2026-05-21T08:51:28.607+0000] {dag.py:3954} INFO - Setting next_dagrun for produce_json to 2026-05-20 11:00:00+00:00, run_after=2026-05-21 11:00:00+00:00
[2026-05-21T08:51:28.627+0000] {processor.py:183} INFO - Processing /opt/airflow/dags/main.py took 0.137 seconds
[2026-05-21T08:51:58.926+0000] {processor.py:161} INFO - Started process (PID=2038) to work on /opt/airflow/dags/main.py
[2026-05-21T08:51:58.927+0000] {processor.py:830} INFO - Processing file /opt/airflow/dags/main.py for tasks to queue
[2026-05-21T08:51:58.929+0000] {logging_mixin.py:188} INFO - [2026-05-21T08:51:58.929+0000] {dagbag.py:545} INFO - Filling up the DagBag from /opt/airflow/dags/main.py
[2026-05-21T08:51:58.976+0000] {processor.py:840} INFO - DAG(s) 'produce_json' retrieved from /opt/airflow/dags/main.py
[2026-05-21T08:51:59.003+0000] {logging_mixin.py:188} INFO - [2026-05-21T08:51:59.002+0000] {dag.py:3096} INFO - Sync 1 DAGs
[2026-05-21T08:51:59.022+0000] {logging_mixin.py:188} INFO - [2026-05-21T08:51:59.022+0000] {dag.py:3954} INFO - Setting next_dagrun for produce_json to 2026-05-20 11:00:00+00:00, run_after=2026-05-21 11:00:00+00:00
[2026-05-21T08:51:59.051+0000] {processor.py:183} INFO - Processing /opt/airflow/dags/main.py took 0.132 seconds
[2026-05-21T08:52:29.174+0000] {processor.py:161} INFO - Started process (PID=2045) to work on /opt/airflow/dags/main.py
[2026-05-21T08:52:29.175+0000] {processor.py:830} INFO - Processing file /opt/airflow/dags/main.py for tasks to queue
[2026-05-21T08:52:29.178+0000] {logging_mixin.py:188} INFO - [2026-05-21T08:52:29.177+0000] {dagbag.py:545} INFO - Filling up the DagBag from /opt/airflow/dags/main.py
[2026-05-21T08:52:29.227+0000] {processor.py:840} INFO - DAG(s) 'produce_json' retrieved from /opt/airflow/dags/main.py
[2026-05-21T08:52:29.256+0000] {logging_mixin.py:188} INFO - [2026-05-21T08:52:29.255+0000] {dag.py:3096} INFO - Sync 1 DAGs
[2026-05-21T08:52:29.276+0000] {logging_mixin.py:188} INFO - [2026-05-21T08:52:29.276+0000] {dag.py:3954} INFO - Setting next_dagrun for produce_json to 2026-05-20 11:00:00+00:00, run_after=2026-05-21 11:00:00+00:00
[2026-05-21T08:52:29.307+0000] {processor.py:183} INFO - Processing /opt/airflow/dags/main.py took 0.139 seconds
[2026-05-21T08:52:59.522+0000] {processor.py:161} INFO - Started process (PID=2052) to work on /opt/airflow/dags/main.py
[2026-05-21T08:52:59.524+0000] {processor.py:830} INFO - Processing file /opt/airflow/dags/main.py for tasks to queue
[2026-05-21T08:52:59.527+0000] {logging_mixin.py:188} INFO - [2026-05-21T08:52:59.527+0000] {dagbag.py:545} INFO - Filling up the DagBag from /opt/airflow/dags/main.py
[2026-05-21T08:52:59.583+0000] {processor.py:840} INFO - DAG(s) 'produce_json' retrieved from /opt/airflow/dags/main.py
[2026-05-21T08:52:59.616+0000] {logging_mixin.py:188} INFO - [2026-05-21T08:52:59.616+0000] {dag.py:3096} INFO - Sync 1 DAGs
[2026-05-21T08:52:59.644+0000] {logging_mixin.py:188} INFO - [2026-05-21T08:52:59.644+0000] {dag.py:3954} INFO - Setting next_dagrun for produce_json to 2026-05-20 11:00:00+00:00, run_after=2026-05-21 11:00:00+00:00
[2026-05-21T08:52:59.679+0000] {processor.py:183} INFO - Processing /opt/airflow/dags/main.py took 0.166 seconds
[2026-05-21T08:53:29.781+0000] {processor.py:161} INFO - Started process (PID=2059) to work on /opt/airflow/dags/main.py
[2026-05-21T08:53:29.782+0000] {processor.py:830} INFO - Processing file /opt/airflow/dags/main.py for tasks to queue
[2026-05-21T08:53:29.785+0000] {logging_mixin.py:188} INFO - [2026-05-21T08:53:29.785+0000] {dagbag.py:545} INFO - Filling up the DagBag from /opt/airflow/dags/main.py
[2026-05-21T08:53:29.843+0000] {processor.py:840} INFO - DAG(s) 'produce_json' retrieved from /opt/airflow/dags/main.py
[2026-05-21T08:53:29.871+0000] {logging_mixin.py:188} INFO - [2026-05-21T08:53:29.871+0000] {dag.py:3096} INFO - Sync 1 DAGs
[2026-05-21T08:53:29.892+0000] {logging_mixin.py:188} INFO - [2026-05-21T08:53:29.892+0000] {dag.py:3954} INFO - Setting next_dagrun for produce_json to 2026-05-20 11:00:00+00:00, run_after=2026-05-21 11:00:00+00:00
[2026-05-21T08:53:29.911+0000] {processor.py:183} INFO - Processing /opt/airflow/dags/main.py took 0.138 seconds
[2026-05-21T08:54:00.143+0000] {processor.py:161} INFO - Started process (PID=2066) to work on /opt/airflow/dags/main.py
[2026-05-21T08:54:00.144+0000] {processor.py:830} INFO - Processing file /opt/airflow/dags/main.py for tasks to queue
[2026-05-21T08:54:00.146+0000] {logging_mixin.py:188} INFO - [2026-05-21T08:54:00.145+0000] {dagbag.py:545} INFO - Filling up the DagBag from /opt/airflow/dags/main.py
[2026-05-21T08:54:00.195+0000] {processor.py:840} INFO - DAG(s) 'produce_json' retrieved from /opt/airflow/dags/main.py
[2026-05-21T08:54:00.222+0000] {logging_mixin.py:188} INFO - [2026-05-21T08:54:00.221+0000] {dag.py:3096} INFO - Sync 1 DAGs
[2026-05-21T08:54:00.241+0000] {logging_mixin.py:188} INFO - [2026-05-21T08:54:00.241+0000] {dag.py:3954} INFO - Setting next_dagrun for produce_json to 2026-05-20 11:00:00+00:00, run_after=2026-05-21 11:00:00+00:00
[2026-05-21T08:54:00.275+0000] {processor.py:183} INFO - Processing /opt/airflow/dags/main.py took 0.138 seconds
[2026-05-21T08:54:30.487+0000] {processor.py:161} INFO - Started process (PID=2073) to work on /opt/airflow/dags/main.py
[2026-05-21T08:54:30.488+0000] {processor.py:830} INFO - Processing file /opt/airflow/dags/main.py for tasks to queue
[2026-05-21T08:54:30.490+0000] {logging_mixin.py:188} INFO - [2026-05-21T08:54:30.490+0000] {dagbag.py:545} INFO - Filling up the DagBag from /opt/airflow/dags/main.py
[2026-05-21T08:54:30.540+0000] {processor.py:840} INFO - DAG(s) 'produce_json' retrieved from /opt/airflow/dags/main.py
[2026-05-21T08:54:30.566+0000] {logging_mixin.py:188} INFO - [2026-05-21T08:54:30.565+0000] {dag.py:3096} INFO - Sync 1 DAGs
[2026-05-21T08:54:30.586+0000] {logging_mixin.py:188} INFO - [2026-05-21T08:54:30.586+0000] {dag.py:3954} INFO - Setting next_dagrun for produce_json to 2026-05-20 11:00:00+00:00, run_after=2026-05-21 11:00:00+00:00
[2026-05-21T08:54:30.603+0000] {processor.py:183} INFO - Processing /opt/airflow/dags/main.py took 0.122 seconds
[2026-05-21T08:55:00.740+0000] {processor.py:161} INFO - Started process (PID=2080) to work on /opt/airflow/dags/main.py
[2026-05-21T08:55:00.742+0000] {processor.py:830} INFO - Processing file /opt/airflow/dags/main.py for tasks to queue
[2026-05-21T08:55:00.744+0000] {logging_mixin.py:188} INFO - [2026-05-21T08:55:00.744+0000] {dagbag.py:545} INFO - Filling up the DagBag from /opt/airflow/dags/main.py
[2026-05-21T08:55:00.791+0000] {processor.py:840} INFO - DAG(s) 'produce_json' retrieved from /opt/airflow/dags/main.py
[2026-05-21T08:55:00.821+0000] {logging_mixin.py:188} INFO - [2026-05-21T08:55:00.821+0000] {dag.py:3096} INFO - Sync 1 DAGs
[2026-05-21T08:55:00.842+0000] {logging_mixin.py:188} INFO - [2026-05-21T08:55:00.842+0000] {dag.py:3954} INFO - Setting next_dagrun for produce_json to 2026-05-20 11:00:00+00:00, run_after=2026-05-21 11:00:00+00:00
[2026-05-21T08:55:00.862+0000] {processor.py:183} INFO - Processing /opt/airflow/dags/main.py took 0.129 seconds
[2026-05-21T08:55:31.192+0000] {processor.py:161} INFO - Started process (PID=2087) to work on /opt/airflow/dags/main.py
[2026-05-21T08:55:31.193+0000] {processor.py:830} INFO - Processing file /opt/airflow/dags/main.py for tasks to queue
[2026-05-21T08:55:31.195+0000] {logging_mixin.py:188} INFO - [2026-05-21T08:55:31.195+0000] {dagbag.py:545} INFO - Filling up the DagBag from /opt/airflow/dags/main.py
[2026-05-21T08:55:31.244+0000] {processor.py:840} INFO - DAG(s) 'produce_json' retrieved from /opt/airflow/dags/main.py
[2026-05-21T08:55:31.270+0000] {logging_mixin.py:188} INFO - [2026-05-21T08:55:31.270+0000] {dag.py:3096} INFO - Sync 1 DAGs
[2026-05-21T08:55:31.290+0000] {logging_mixin.py:188} INFO - [2026-05-21T08:55:31.290+0000] {dag.py:3954} INFO - Setting next_dagrun for produce_json to 2026-05-20 11:00:00+00:00, run_after=2026-05-21 11:00:00+00:00
[2026-05-21T08:55:31.319+0000] {processor.py:183} INFO - Processing /opt/airflow/dags/main.py took 0.132 seconds
[2026-05-21T08:56:01.633+0000] {processor.py:161} INFO - Started process (PID=2094) to work on /opt/airflow/dags/main.py
[2026-05-21T08:56:01.635+0000] {processor.py:830} INFO - Processing file /opt/airflow/dags/main.py for tasks to queue
[2026-05-21T08:56:01.637+0000] {logging_mixin.py:188} INFO - [2026-05-21T08:56:01.637+0000] {dagbag.py:545} INFO - Filling up the DagBag from /opt/airflow/dags/main.py
[2026-05-21T08:56:01.688+0000] {processor.py:840} INFO - DAG(s) 'produce_json' retrieved from /opt/airflow/dags/main.py
[2026-05-21T08:56:01.716+0000] {logging_mixin.py:188} INFO - [2026-05-21T08:56:01.716+0000] {dag.py:3096} INFO - Sync 1 DAGs
[2026-05-21T08:56:01.740+0000] {logging_mixin.py:188} INFO - [2026-05-21T08:56:01.739+0000] {dag.py:3954} INFO - Setting next_dagrun for produce_json to 2026-05-20 11:00:00+00:00, run_after=2026-05-21 11:00:00+00:00
[2026-05-21T08:56:01.759+0000] {processor.py:183} INFO - Processing /opt/airflow/dags/main.py took 0.142 seconds
[2026-05-21T08:56:31.890+0000] {processor.py:161} INFO - Started process (PID=2101) to work on /opt/airflow/dags/main.py
[2026-05-21T08:56:31.892+0000] {processor.py:830} INFO - Processing file /opt/airflow/dags/main.py for tasks to queue
[2026-05-21T08:56:31.894+0000] {logging_mixin.py:188} INFO - [2026-05-21T08:56:31.893+0000] {dagbag.py:545} INFO - Filling up the DagBag from /opt/airflow/dags/main.py
[2026-05-21T08:56:31.947+0000] {processor.py:840} INFO - DAG(s) 'produce_json' retrieved from /opt/airflow/dags/main.py
[2026-05-21T08:56:31.981+0000] {logging_mixin.py:188} INFO - [2026-05-21T08:56:31.981+0000] {dag.py:3096} INFO - Sync 1 DAGs
[2026-05-21T08:56:32.005+0000] {logging_mixin.py:188} INFO - [2026-05-21T08:56:32.005+0000] {dag.py:3954} INFO - Setting next_dagrun for produce_json to 2026-05-20 11:00:00+00:00, run_after=2026-05-21 11:00:00+00:00
[2026-05-21T08:56:32.024+0000] {processor.py:183} INFO - Processing /opt/airflow/dags/main.py took 0.141 seconds
[2026-05-21T08:57:02.266+0000] {processor.py:161} INFO - Started process (PID=2108) to work on /opt/airflow/dags/main.py
[2026-05-21T08:57:02.268+0000] {processor.py:830} INFO - Processing file /opt/airflow/dags/main.py for tasks to queue
[2026-05-21T08:57:02.270+0000] {logging_mixin.py:188} INFO - [2026-05-21T08:57:02.270+0000] {dagbag.py:545} INFO - Filling up the DagBag from /opt/airflow/dags/main.py
[2026-05-21T08:57:02.318+0000] {processor.py:840} INFO - DAG(s) 'produce_json' retrieved from /opt/airflow/dags/main.py
[2026-05-21T08:57:02.345+0000] {logging_mixin.py:188} INFO - [2026-05-21T08:57:02.344+0000] {dag.py:3096} INFO - Sync 1 DAGs
[2026-05-21T08:57:02.364+0000] {logging_mixin.py:188} INFO - [2026-05-21T08:57:02.364+0000] {dag.py:3954} INFO - Setting next_dagrun for produce_json to 2026-05-20 11:00:00+00:00, run_after=2026-05-21 11:00:00+00:00
[2026-05-21T08:57:02.394+0000] {processor.py:183} INFO - Processing /opt/airflow/dags/main.py took 0.133 seconds
[2026-05-21T08:57:32.669+0000] {processor.py:161} INFO - Started process (PID=2115) to work on /opt/airflow/dags/main.py
[2026-05-21T08:57:32.671+0000] {processor.py:830} INFO - Processing file /opt/airflow/dags/main.py for tasks to queue
[2026-05-21T08:57:32.673+0000] {logging_mixin.py:188} INFO - [2026-05-21T08:57:32.673+0000] {dagbag.py:545} INFO - Filling up the DagBag from /opt/airflow/dags/main.py
[2026-05-21T08:57:32.718+0000] {processor.py:840} INFO - DAG(s) 'produce_json' retrieved from /opt/airflow/dags/main.py
[2026-05-21T08:57:32.744+0000] {logging_mixin.py:188} INFO - [2026-05-21T08:57:32.743+0000] {dag.py:3096} INFO - Sync 1 DAGs
[2026-05-21T08:57:32.763+0000] {logging_mixin.py:188} INFO - [2026-05-21T08:57:32.763+0000] {dag.py:3954} INFO - Setting next_dagrun for produce_json to 2026-05-20 11:00:00+00:00, run_after=2026-05-21 11:00:00+00:00
[2026-05-21T08:57:32.791+0000] {processor.py:183} INFO - Processing /opt/airflow/dags/main.py took 0.127 seconds
[2026-05-21T08:58:03.091+0000] {processor.py:161} INFO - Started process (PID=2122) to work on /opt/airflow/dags/main.py
[2026-05-21T08:58:03.093+0000] {processor.py:830} INFO - Processing file /opt/airflow/dags/main.py for tasks to queue
[2026-05-21T08:58:03.095+0000] {logging_mixin.py:188} INFO - [2026-05-21T08:58:03.095+0000] {dagbag.py:545} INFO - Filling up the DagBag from /opt/airflow/dags/main.py
[2026-05-21T08:58:03.144+0000] {processor.py:840} INFO - DAG(s) 'produce_json' retrieved from /opt/airflow/dags/main.py
[2026-05-21T08:58:03.170+0000] {logging_mixin.py:188} INFO - [2026-05-21T08:58:03.169+0000] {dag.py:3096} INFO - Sync 1 DAGs
[2026-05-21T08:58:03.189+0000] {logging_mixin.py:188} INFO - [2026-05-21T08:58:03.189+0000] {dag.py:3954} INFO - Setting next_dagrun for produce_json to 2026-05-20 11:00:00+00:00, run_after=2026-05-21 11:00:00+00:00
[2026-05-21T08:58:03.207+0000] {processor.py:183} INFO - Processing /opt/airflow/dags/main.py took 0.123 seconds
[2026-05-21T08:58:33.474+0000] {processor.py:161} INFO - Started process (PID=2129) to work on /opt/airflow/dags/main.py
[2026-05-21T08:58:33.476+0000] {processor.py:830} INFO - Processing file /opt/airflow/dags/main.py for tasks to queue
[2026-05-21T08:58:33.478+0000] {logging_mixin.py:188} INFO - [2026-05-21T08:58:33.478+0000] {dagbag.py:545} INFO - Filling up the DagBag from /opt/airflow/dags/main.py
[2026-05-21T08:58:33.523+0000] {processor.py:840} INFO - DAG(s) 'produce_json' retrieved from /opt/airflow/dags/main.py
[2026-05-21T08:58:33.549+0000] {logging_mixin.py:188} INFO - [2026-05-21T08:58:33.549+0000] {dag.py:3096} INFO - Sync 1 DAGs
[2026-05-21T08:58:33.571+0000] {logging_mixin.py:188} INFO - [2026-05-21T08:58:33.570+0000] {dag.py:3954} INFO - Setting next_dagrun for produce_json to 2026-05-20 11:00:00+00:00, run_after=2026-05-21 11:00:00+00:00
[2026-05-21T08:58:33.600+0000] {processor.py:183} INFO - Processing /opt/airflow/dags/main.py took 0.132 seconds
[2026-05-21T08:59:03.820+0000] {processor.py:161} INFO - Started process (PID=2136) to work on /opt/airflow/dags/main.py
[2026-05-21T08:59:03.821+0000] {processor.py:830} INFO - Processing file /opt/airflow/dags/main.py for tasks to queue
[2026-05-21T08:59:03.823+0000] {logging_mixin.py:188} INFO - [2026-05-21T08:59:03.822+0000] {dagbag.py:545} INFO - Filling up the DagBag from /opt/airflow/dags/main.py
[2026-05-21T08:59:03.867+0000] {processor.py:840} INFO - DAG(s) 'produce_json' retrieved from /opt/airflow/dags/main.py
[2026-05-21T08:59:03.893+0000] {logging_mixin.py:188} INFO - [2026-05-21T08:59:03.893+0000] {dag.py:3096} INFO - Sync 1 DAGs
[2026-05-21T08:59:03.915+0000] {logging_mixin.py:188} INFO - [2026-05-21T08:59:03.914+0000] {dag.py:3954} INFO - Setting next_dagrun for produce_json to 2026-05-20 11:00:00+00:00, run_after=2026-05-21 11:00:00+00:00
[2026-05-21T08:59:03.945+0000] {processor.py:183} INFO - Processing /opt/airflow/dags/main.py took 0.131 seconds
[2026-05-21T08:59:34.279+0000] {processor.py:161} INFO - Started process (PID=2143) to work on /opt/airflow/dags/main.py
[2026-05-21T08:59:34.280+0000] {processor.py:830} INFO - Processing file /opt/airflow/dags/main.py for tasks to queue
[2026-05-21T08:59:34.282+0000] {logging_mixin.py:188} INFO - [2026-05-21T08:59:34.281+0000] {dagbag.py:545} INFO - Filling up the DagBag from /opt/airflow/dags/main.py
[2026-05-21T08:59:34.330+0000] {processor.py:840} INFO - DAG(s) 'produce_json' retrieved from /opt/airflow/dags/main.py
[2026-05-21T08:59:34.356+0000] {logging_mixin.py:188} INFO - [2026-05-21T08:59:34.355+0000] {dag.py:3096} INFO - Sync 1 DAGs
[2026-05-21T08:59:34.375+0000] {logging_mixin.py:188} INFO - [2026-05-21T08:59:34.375+0000] {dag.py:3954} INFO - Setting next_dagrun for produce_json to 2026-05-20 11:00:00+00:00, run_after=2026-05-21 11:00:00+00:00
[2026-05-21T08:59:34.410+0000] {processor.py:183} INFO - Processing /opt/airflow/dags/main.py took 0.137 seconds
[2026-05-21T09:00:04.664+0000] {processor.py:161} INFO - Started process (PID=2150) to work on /opt/airflow/dags/main.py
[2026-05-21T09:00:04.666+0000] {processor.py:830} INFO - Processing file /opt/airflow/dags/main.py for tasks to queue
[2026-05-21T09:00:04.668+0000] {logging_mixin.py:188} INFO - [2026-05-21T09:00:04.668+0000] {dagbag.py:545} INFO - Filling up the DagBag from /opt/airflow/dags/main.py
[2026-05-21T09:00:04.715+0000] {processor.py:840} INFO - DAG(s) 'produce_json' retrieved from /opt/airflow/dags/main.py
[2026-05-21T09:00:04.741+0000] {logging_mixin.py:188} INFO - [2026-05-21T09:00:04.741+0000] {dag.py:3096} INFO - Sync 1 DAGs
[2026-05-21T09:00:04.760+0000] {logging_mixin.py:188} INFO - [2026-05-21T09:00:04.760+0000] {dag.py:3954} INFO - Setting next_dagrun for produce_json to 2026-05-20 11:00:00+00:00, run_after=2026-05-21 11:00:00+00:00
[2026-05-21T09:00:04.795+0000] {processor.py:183} INFO - Processing /opt/airflow/dags/main.py took 0.137 seconds
[2026-05-21T09:00:35.053+0000] {processor.py:161} INFO - Started process (PID=2157) to work on /opt/airflow/dags/main.py
[2026-05-21T09:00:35.055+0000] {processor.py:830} INFO - Processing file /opt/airflow/dags/main.py for tasks to queue
[2026-05-21T09:00:35.057+0000] {logging_mixin.py:188} INFO - [2026-05-21T09:00:35.057+0000] {dagbag.py:545} INFO - Filling up the DagBag from /opt/airflow/dags/main.py
[2026-05-21T09:00:35.104+0000] {processor.py:840} INFO - DAG(s) 'produce_json' retrieved from /opt/airflow/dags/main.py
[2026-05-21T09:00:35.131+0000] {logging_mixin.py:188} INFO - [2026-05-21T09:00:35.131+0000] {dag.py:3096} INFO - Sync 1 DAGs
[2026-05-21T09:00:35.150+0000] {logging_mixin.py:188} INFO - [2026-05-21T09:00:35.150+0000] {dag.py:3954} INFO - Setting next_dagrun for produce_json to 2026-05-20 11:00:00+00:00, run_after=2026-05-21 11:00:00+00:00
[2026-05-21T09:00:35.166+0000] {processor.py:183} INFO - Processing /opt/airflow/dags/main.py took 0.120 seconds
[2026-05-21T09:01:05.463+0000] {processor.py:161} INFO - Started process (PID=2164) to work on /opt/airflow/dags/main.py
[2026-05-21T09:01:05.464+0000] {processor.py:830} INFO - Processing file /opt/airflow/dags/main.py for tasks to queue
[2026-05-21T09:01:05.467+0000] {logging_mixin.py:188} INFO - [2026-05-21T09:01:05.466+0000] {dagbag.py:545} INFO - Filling up the DagBag from /opt/airflow/dags/main.py
[2026-05-21T09:01:05.513+0000] {processor.py:840} INFO - DAG(s) 'produce_json' retrieved from /opt/airflow/dags/main.py
[2026-05-21T09:01:05.540+0000] {logging_mixin.py:188} INFO - [2026-05-21T09:01:05.540+0000] {dag.py:3096} INFO - Sync 1 DAGs
[2026-05-21T09:01:05.560+0000] {logging_mixin.py:188} INFO - [2026-05-21T09:01:05.560+0000] {dag.py:3954} INFO - Setting next_dagrun for produce_json to 2026-05-20 11:00:00+00:00, run_after=2026-05-21 11:00:00+00:00
[2026-05-21T09:01:05.590+0000] {processor.py:183} INFO - Processing /opt/airflow/dags/main.py took 0.133 seconds
[2026-05-21T09:01:35.832+0000] {processor.py:161} INFO - Started process (PID=2171) to work on /opt/airflow/dags/main.py
[2026-05-21T09:01:35.834+0000] {processor.py:830} INFO - Processing file /opt/airflow/dags/main.py for tasks to queue
[2026-05-21T09:01:35.836+0000] {logging_mixin.py:188} INFO - [2026-05-21T09:01:35.836+0000] {dagbag.py:545} INFO - Filling up the DagBag from /opt/airflow/dags/main.py
[2026-05-21T09:01:35.885+0000] {processor.py:840} INFO - DAG(s) 'produce_json' retrieved from /opt/airflow/dags/main.py
[2026-05-21T09:01:35.912+0000] {logging_mixin.py:188} INFO - [2026-05-21T09:01:35.911+0000] {dag.py:3096} INFO - Sync 1 DAGs
[2026-05-21T09:01:35.932+0000] {logging_mixin.py:188} INFO - [2026-05-21T09:01:35.932+0000] {dag.py:3954} INFO - Setting next_dagrun for produce_json to 2026-05-20 11:00:00+00:00, run_after=2026-05-21 11:00:00+00:00
[2026-05-21T09:01:35.960+0000] {processor.py:183} INFO - Processing /opt/airflow/dags/main.py took 0.135 seconds
[2026-05-21T09:02:06.187+0000] {processor.py:161} INFO - Started process (PID=2178) to work on /opt/airflow/dags/main.py
[2026-05-21T09:02:06.188+0000] {processor.py:830} INFO - Processing file /opt/airflow/dags/main.py for tasks to queue
[2026-05-21T09:02:06.191+0000] {logging_mixin.py:188} INFO - [2026-05-21T09:02:06.191+0000] {dagbag.py:545} INFO - Filling up the DagBag from /opt/airflow/dags/main.py
[2026-05-21T09:02:06.254+0000] {processor.py:840} INFO - DAG(s) 'produce_json' retrieved from /opt/airflow/dags/main.py
[2026-05-21T09:02:06.288+0000] {logging_mixin.py:188} INFO - [2026-05-21T09:02:06.288+0000] {dag.py:3096} INFO - Sync 1 DAGs
[2026-05-21T09:02:06.313+0000] {logging_mixin.py:188} INFO - [2026-05-21T09:02:06.313+0000] {dag.py:3954} INFO - Setting next_dagrun for produce_json to 2026-05-20 11:00:00+00:00, run_after=2026-05-21 11:00:00+00:00
[2026-05-21T09:02:06.344+0000] {processor.py:183} INFO - Processing /opt/airflow/dags/main.py took 0.167 seconds
[2026-05-21T09:02:36.427+0000] {processor.py:161} INFO - Started process (PID=2185) to work on /opt/airflow/dags/main.py
[2026-05-21T09:02:36.428+0000] {processor.py:830} INFO - Processing file /opt/airflow/dags/main.py for tasks to queue
[2026-05-21T09:02:36.431+0000] {logging_mixin.py:188} INFO - [2026-05-21T09:02:36.430+0000] {dagbag.py:545} INFO - Filling up the DagBag from /opt/airflow/dags/main.py
[2026-05-21T09:02:36.480+0000] {processor.py:840} INFO - DAG(s) 'produce_json' retrieved from /opt/airflow/dags/main.py
[2026-05-21T09:02:36.508+0000] {logging_mixin.py:188} INFO - [2026-05-21T09:02:36.508+0000] {dag.py:3096} INFO - Sync 1 DAGs
[2026-05-21T09:02:36.529+0000] {logging_mixin.py:188} INFO - [2026-05-21T09:02:36.529+0000] {dag.py:3954} INFO - Setting next_dagrun for produce_json to 2026-05-20 11:00:00+00:00, run_after=2026-05-21 11:00:00+00:00
[2026-05-21T09:02:36.547+0000] {processor.py:183} INFO - Processing /opt/airflow/dags/main.py took 0.128 seconds
[2026-05-21T09:03:06.758+0000] {processor.py:161} INFO - Started process (PID=2192) to work on /opt/airflow/dags/main.py
[2026-05-21T09:03:06.759+0000] {processor.py:830} INFO - Processing file /opt/airflow/dags/main.py for tasks to queue
[2026-05-21T09:03:06.761+0000] {logging_mixin.py:188} INFO - [2026-05-21T09:03:06.761+0000] {dagbag.py:545} INFO - Filling up the DagBag from /opt/airflow/dags/main.py
[2026-05-21T09:03:06.812+0000] {processor.py:840} INFO - DAG(s) 'produce_json' retrieved from /opt/airflow/dags/main.py
[2026-05-21T09:03:06.840+0000] {logging_mixin.py:188} INFO - [2026-05-21T09:03:06.839+0000] {dag.py:3096} INFO - Sync 1 DAGs
[2026-05-21T09:03:06.860+0000] {logging_mixin.py:188} INFO - [2026-05-21T09:03:06.860+0000] {dag.py:3954} INFO - Setting next_dagrun for produce_json to 2026-05-20 11:00:00+00:00, run_after=2026-05-21 11:00:00+00:00
[2026-05-21T09:03:06.878+0000] {processor.py:183} INFO - Processing /opt/airflow/dags/main.py took 0.128 seconds
[2026-05-21T09:03:36.970+0000] {processor.py:161} INFO - Started process (PID=2199) to work on /opt/airflow/dags/main.py
[2026-05-21T09:03:36.971+0000] {processor.py:830} INFO - Processing file /opt/airflow/dags/main.py for tasks to queue
[2026-05-21T09:03:36.974+0000] {logging_mixin.py:188} INFO - [2026-05-21T09:03:36.973+0000] {dagbag.py:545} INFO - Filling up the DagBag from /opt/airflow/dags/main.py
[2026-05-21T09:03:37.023+0000] {processor.py:840} INFO - DAG(s) 'produce_json' retrieved from /opt/airflow/dags/main.py
[2026-05-21T09:03:37.053+0000] {logging_mixin.py:188} INFO - [2026-05-21T09:03:37.053+0000] {dag.py:3096} INFO - Sync 1 DAGs
[2026-05-21T09:03:37.075+0000] {logging_mixin.py:188} INFO - [2026-05-21T09:03:37.075+0000] {dag.py:3954} INFO - Setting next_dagrun for produce_json to 2026-05-20 11:00:00+00:00, run_after=2026-05-21 11:00:00+00:00
[2026-05-21T09:03:37.095+0000] {processor.py:183} INFO - Processing /opt/airflow/dags/main.py took 0.132 seconds
[2026-05-21T09:04:07.444+0000] {processor.py:161} INFO - Started process (PID=2206) to work on /opt/airflow/dags/main.py
[2026-05-21T09:04:07.445+0000] {processor.py:830} INFO - Processing file /opt/airflow/dags/main.py for tasks to queue
[2026-05-21T09:04:07.447+0000] {logging_mixin.py:188} INFO - [2026-05-21T09:04:07.447+0000] {dagbag.py:545} INFO - Filling up the DagBag from /opt/airflow/dags/main.py
[2026-05-21T09:04:07.493+0000] {processor.py:840} INFO - DAG(s) 'produce_json' retrieved from /opt/airflow/dags/main.py
[2026-05-21T09:04:07.520+0000] {logging_mixin.py:188} INFO - [2026-05-21T09:04:07.519+0000] {dag.py:3096} INFO - Sync 1 DAGs
[2026-05-21T09:04:07.540+0000] {logging_mixin.py:188} INFO - [2026-05-21T09:04:07.540+0000] {dag.py:3954} INFO - Setting next_dagrun for produce_json to 2026-05-20 11:00:00+00:00, run_after=2026-05-21 11:00:00+00:00
[2026-05-21T09:04:07.576+0000] {processor.py:183} INFO - Processing /opt/airflow/dags/main.py took 0.138 seconds
[2026-05-21T09:04:37.820+0000] {processor.py:161} INFO - Started process (PID=2213) to work on /opt/airflow/dags/main.py
[2026-05-21T09:04:37.822+0000] {processor.py:830} INFO - Processing file /opt/airflow/dags/main.py for tasks to queue
[2026-05-21T09:04:37.825+0000] {logging_mixin.py:188} INFO - [2026-05-21T09:04:37.824+0000] {dagbag.py:545} INFO - Filling up the DagBag from /opt/airflow/dags/main.py
[2026-05-21T09:04:37.889+0000] {processor.py:840} INFO - DAG(s) 'produce_json' retrieved from /opt/airflow/dags/main.py
[2026-05-21T09:04:37.935+0000] {logging_mixin.py:188} INFO - [2026-05-21T09:04:37.935+0000] {dag.py:3096} INFO - Sync 1 DAGs
[2026-05-21T09:04:37.961+0000] {logging_mixin.py:188} INFO - [2026-05-21T09:04:37.961+0000] {dag.py:3954} INFO - Setting next_dagrun for produce_json to 2026-05-20 11:00:00+00:00, run_after=2026-05-21 11:00:00+00:00
[2026-05-21T09:04:37.983+0000] {processor.py:183} INFO - Processing /opt/airflow/dags/main.py took 0.170 seconds
[2026-05-21T09:05:08.157+0000] {processor.py:161} INFO - Started process (PID=2220) to work on /opt/airflow/dags/main.py
[2026-05-21T09:05:08.159+0000] {processor.py:830} INFO - Processing file /opt/airflow/dags/main.py for tasks to queue
[2026-05-21T09:05:08.161+0000] {logging_mixin.py:188} INFO - [2026-05-21T09:05:08.161+0000] {dagbag.py:545} INFO - Filling up the DagBag from /opt/airflow/dags/main.py
[2026-05-21T09:05:08.214+0000] {processor.py:840} INFO - DAG(s) 'produce_json' retrieved from /opt/airflow/dags/main.py
[2026-05-21T09:05:08.243+0000] {logging_mixin.py:188} INFO - [2026-05-21T09:05:08.242+0000] {dag.py:3096} INFO - Sync 1 DAGs
[2026-05-21T09:05:08.264+0000] {logging_mixin.py:188} INFO - [2026-05-21T09:05:08.264+0000] {dag.py:3954} INFO - Setting next_dagrun for produce_json to 2026-05-20 11:00:00+00:00, run_after=2026-05-21 11:00:00+00:00
[2026-05-21T09:05:08.295+0000] {processor.py:183} INFO - Processing /opt/airflow/dags/main.py took 0.144 seconds
[2026-05-21T09:05:38.509+0000] {processor.py:161} INFO - Started process (PID=2227) to work on /opt/airflow/dags/main.py
[2026-05-21T09:05:38.510+0000] {processor.py:830} INFO - Processing file /opt/airflow/dags/main.py for tasks to queue
[2026-05-21T09:05:38.512+0000] {logging_mixin.py:188} INFO - [2026-05-21T09:05:38.512+0000] {dagbag.py:545} INFO - Filling up the DagBag from /opt/airflow/dags/main.py
[2026-05-21T09:05:38.566+0000] {processor.py:840} INFO - DAG(s) 'produce_json' retrieved from /opt/airflow/dags/main.py
[2026-05-21T09:05:38.594+0000] {logging_mixin.py:188} INFO - [2026-05-21T09:05:38.594+0000] {dag.py:3096} INFO - Sync 1 DAGs
[2026-05-21T09:05:38.617+0000] {logging_mixin.py:188} INFO - [2026-05-21T09:05:38.617+0000] {dag.py:3954} INFO - Setting next_dagrun for produce_json to 2026-05-20 11:00:00+00:00, run_after=2026-05-21 11:00:00+00:00
[2026-05-21T09:05:38.635+0000] {processor.py:183} INFO - Processing /opt/airflow/dags/main.py took 0.133 seconds
[2026-05-21T09:06:08.858+0000] {processor.py:161} INFO - Started process (PID=2234) to work on /opt/airflow/dags/main.py
[2026-05-21T09:06:08.859+0000] {processor.py:830} INFO - Processing file /opt/airflow/dags/main.py for tasks to queue
[2026-05-21T09:06:08.861+0000] {logging_mixin.py:188} INFO - [2026-05-21T09:06:08.861+0000] {dagbag.py:545} INFO - Filling up the DagBag from /opt/airflow/dags/main.py
[2026-05-21T09:06:08.915+0000] {processor.py:840} INFO - DAG(s) 'produce_json' retrieved from /opt/airflow/dags/main.py
[2026-05-21T09:06:08.941+0000] {logging_mixin.py:188} INFO - [2026-05-21T09:06:08.941+0000] {dag.py:3096} INFO - Sync 1 DAGs
[2026-05-21T09:06:08.962+0000] {logging_mixin.py:188} INFO - [2026-05-21T09:06:08.962+0000] {dag.py:3954} INFO - Setting next_dagrun for produce_json to 2026-05-20 11:00:00+00:00, run_after=2026-05-21 11:00:00+00:00
[2026-05-21T09:06:08.991+0000] {processor.py:183} INFO - Processing /opt/airflow/dags/main.py took 0.140 seconds
[2026-05-21T09:06:39.177+0000] {processor.py:161} INFO - Started process (PID=2242) to work on /opt/airflow/dags/main.py
[2026-05-21T09:06:39.178+0000] {processor.py:830} INFO - Processing file /opt/airflow/dags/main.py for tasks to queue
[2026-05-21T09:06:39.180+0000] {logging_mixin.py:188} INFO - [2026-05-21T09:06:39.180+0000] {dagbag.py:545} INFO - Filling up the DagBag from /opt/airflow/dags/main.py
[2026-05-21T09:06:39.230+0000] {processor.py:840} INFO - DAG(s) 'produce_json' retrieved from /opt/airflow/dags/main.py
[2026-05-21T09:06:39.256+0000] {logging_mixin.py:188} INFO - [2026-05-21T09:06:39.256+0000] {dag.py:3096} INFO - Sync 1 DAGs
[2026-05-21T09:06:39.276+0000] {logging_mixin.py:188} INFO - [2026-05-21T09:06:39.275+0000] {dag.py:3954} INFO - Setting next_dagrun for produce_json to 2026-05-20 11:00:00+00:00, run_after=2026-05-21 11:00:00+00:00
[2026-05-21T09:06:39.311+0000] {processor.py:183} INFO - Processing /opt/airflow/dags/main.py took 0.141 seconds
[2026-05-21T09:07:09.643+0000] {processor.py:161} INFO - Started process (PID=2249) to work on /opt/airflow/dags/main.py
[2026-05-21T09:07:09.644+0000] {processor.py:830} INFO - Processing file /opt/airflow/dags/main.py for tasks to queue
[2026-05-21T09:07:09.646+0000] {logging_mixin.py:188} INFO - [2026-05-21T09:07:09.646+0000] {dagbag.py:545} INFO - Filling up the DagBag from /opt/airflow/dags/main.py
[2026-05-21T09:07:09.691+0000] {processor.py:840} INFO - DAG(s) 'produce_json' retrieved from /opt/airflow/dags/main.py
[2026-05-21T09:07:09.716+0000] {logging_mixin.py:188} INFO - [2026-05-21T09:07:09.716+0000] {dag.py:3096} INFO - Sync 1 DAGs
[2026-05-21T09:07:09.736+0000] {logging_mixin.py:188} INFO - [2026-05-21T09:07:09.736+0000] {dag.py:3954} INFO - Setting next_dagrun for produce_json to 2026-05-20 11:00:00+00:00, run_after=2026-05-21 11:00:00+00:00
[2026-05-21T09:07:09.765+0000] {processor.py:183} INFO - Processing /opt/airflow/dags/main.py took 0.127 seconds
[2026-05-21T09:07:39.958+0000] {processor.py:161} INFO - Started process (PID=2256) to work on /opt/airflow/dags/main.py
[2026-05-21T09:07:39.960+0000] {processor.py:830} INFO - Processing file /opt/airflow/dags/main.py for tasks to queue
[2026-05-21T09:07:39.962+0000] {logging_mixin.py:188} INFO - [2026-05-21T09:07:39.961+0000] {dagbag.py:545} INFO - Filling up the DagBag from /opt/airflow/dags/main.py
[2026-05-21T09:07:40.015+0000] {processor.py:840} INFO - DAG(s) 'produce_json' retrieved from /opt/airflow/dags/main.py
[2026-05-21T09:07:40.043+0000] {logging_mixin.py:188} INFO - [2026-05-21T09:07:40.042+0000] {dag.py:3096} INFO - Sync 1 DAGs
[2026-05-21T09:07:40.062+0000] {logging_mixin.py:188} INFO - [2026-05-21T09:07:40.062+0000] {dag.py:3954} INFO - Setting next_dagrun for produce_json to 2026-05-20 11:00:00+00:00, run_after=2026-05-21 11:00:00+00:00
[2026-05-21T09:07:40.080+0000] {processor.py:183} INFO - Processing /opt/airflow/dags/main.py took 0.128 seconds
[2026-05-21T09:08:10.400+0000] {processor.py:161} INFO - Started process (PID=2263) to work on /opt/airflow/dags/main.py
[2026-05-21T09:08:10.401+0000] {processor.py:830} INFO - Processing file /opt/airflow/dags/main.py for tasks to queue
[2026-05-21T09:08:10.403+0000] {logging_mixin.py:188} INFO - [2026-05-21T09:08:10.403+0000] {dagbag.py:545} INFO - Filling up the DagBag from /opt/airflow/dags/main.py
[2026-05-21T09:08:10.454+0000] {processor.py:840} INFO - DAG(s) 'produce_json' retrieved from /opt/airflow/dags/main.py
[2026-05-21T09:08:10.480+0000] {logging_mixin.py:188} INFO - [2026-05-21T09:08:10.479+0000] {dag.py:3096} INFO - Sync 1 DAGs
[2026-05-21T09:08:10.499+0000] {logging_mixin.py:188} INFO - [2026-05-21T09:08:10.499+0000] {dag.py:3954} INFO - Setting next_dagrun for produce_json to 2026-05-20 11:00:00+00:00, run_after=2026-05-21 11:00:00+00:00
[2026-05-21T09:08:10.516+0000] {processor.py:183} INFO - Processing /opt/airflow/dags/main.py took 0.122 seconds
[2026-05-21T09:08:40.809+0000] {processor.py:161} INFO - Started process (PID=2270) to work on /opt/airflow/dags/main.py
[2026-05-21T09:08:40.811+0000] {processor.py:830} INFO - Processing file /opt/airflow/dags/main.py for tasks to queue
[2026-05-21T09:08:40.813+0000] {logging_mixin.py:188} INFO - [2026-05-21T09:08:40.812+0000] {dagbag.py:545} INFO - Filling up the DagBag from /opt/airflow/dags/main.py
[2026-05-21T09:08:40.858+0000] {processor.py:840} INFO - DAG(s) 'produce_json' retrieved from /opt/airflow/dags/main.py
[2026-05-21T09:08:40.883+0000] {logging_mixin.py:188} INFO - [2026-05-21T09:08:40.883+0000] {dag.py:3096} INFO - Sync 1 DAGs
[2026-05-21T09:08:40.902+0000] {logging_mixin.py:188} INFO - [2026-05-21T09:08:40.901+0000] {dag.py:3954} INFO - Setting next_dagrun for produce_json to 2026-05-20 11:00:00+00:00, run_after=2026-05-21 11:00:00+00:00
[2026-05-21T09:08:40.933+0000] {processor.py:183} INFO - Processing /opt/airflow/dags/main.py took 0.130 seconds
[2026-05-21T09:09:11.282+0000] {processor.py:161} INFO - Started process (PID=2277) to work on /opt/airflow/dags/main.py
[2026-05-21T09:09:11.283+0000] {processor.py:830} INFO - Processing file /opt/airflow/dags/main.py for tasks to queue
[2026-05-21T09:09:11.285+0000] {logging_mixin.py:188} INFO - [2026-05-21T09:09:11.285+0000] {dagbag.py:545} INFO - Filling up the DagBag from /opt/airflow/dags/main.py
[2026-05-21T09:09:11.334+0000] {processor.py:840} INFO - DAG(s) 'produce_json' retrieved from /opt/airflow/dags/main.py
[2026-05-21T09:09:11.360+0000] {logging_mixin.py:188} INFO - [2026-05-21T09:09:11.360+0000] {dag.py:3096} INFO - Sync 1 DAGs
[2026-05-21T09:09:11.378+0000] {logging_mixin.py:188} INFO - [2026-05-21T09:09:11.378+0000] {dag.py:3954} INFO - Setting next_dagrun for produce_json to 2026-05-20 11:00:00+00:00, run_after=2026-05-21 11:00:00+00:00
[2026-05-21T09:09:11.406+0000] {processor.py:183} INFO - Processing /opt/airflow/dags/main.py took 0.131 seconds
[2026-05-21T09:09:41.632+0000] {processor.py:161} INFO - Started process (PID=2284) to work on /opt/airflow/dags/main.py
[2026-05-21T09:09:41.633+0000] {processor.py:830} INFO - Processing file /opt/airflow/dags/main.py for tasks to queue
[2026-05-21T09:09:41.635+0000] {logging_mixin.py:188} INFO - [2026-05-21T09:09:41.635+0000] {dagbag.py:545} INFO - Filling up the DagBag from /opt/airflow/dags/main.py
[2026-05-21T09:09:41.683+0000] {processor.py:840} INFO - DAG(s) 'produce_json' retrieved from /opt/airflow/dags/main.py
[2026-05-21T09:09:41.710+0000] {logging_mixin.py:188} INFO - [2026-05-21T09:09:41.710+0000] {dag.py:3096} INFO - Sync 1 DAGs
[2026-05-21T09:09:41.730+0000] {logging_mixin.py:188} INFO - [2026-05-21T09:09:41.730+0000] {dag.py:3954} INFO - Setting next_dagrun for produce_json to 2026-05-20 11:00:00+00:00, run_after=2026-05-21 11:00:00+00:00
[2026-05-21T09:09:41.757+0000] {processor.py:183} INFO - Processing /opt/airflow/dags/main.py took 0.132 seconds
[2026-05-21T09:10:12.161+0000] {processor.py:161} INFO - Started process (PID=2291) to work on /opt/airflow/dags/main.py
[2026-05-21T09:10:12.162+0000] {processor.py:830} INFO - Processing file /opt/airflow/dags/main.py for tasks to queue
[2026-05-21T09:10:12.164+0000] {logging_mixin.py:188} INFO - [2026-05-21T09:10:12.164+0000] {dagbag.py:545} INFO - Filling up the DagBag from /opt/airflow/dags/main.py
[2026-05-21T09:10:12.214+0000] {processor.py:840} INFO - DAG(s) 'produce_json' retrieved from /opt/airflow/dags/main.py
[2026-05-21T09:10:12.240+0000] {logging_mixin.py:188} INFO - [2026-05-21T09:10:12.240+0000] {dag.py:3096} INFO - Sync 1 DAGs
[2026-05-21T09:10:12.260+0000] {logging_mixin.py:188} INFO - [2026-05-21T09:10:12.259+0000] {dag.py:3954} INFO - Setting next_dagrun for produce_json to 2026-05-20 11:00:00+00:00, run_after=2026-05-21 11:00:00+00:00
[2026-05-21T09:10:12.276+0000] {processor.py:183} INFO - Processing /opt/airflow/dags/main.py took 0.121 seconds
[2026-05-21T09:10:42.541+0000] {processor.py:161} INFO - Started process (PID=2298) to work on /opt/airflow/dags/main.py
[2026-05-21T09:10:42.542+0000] {processor.py:830} INFO - Processing file /opt/airflow/dags/main.py for tasks to queue
[2026-05-21T09:10:42.545+0000] {logging_mixin.py:188} INFO - [2026-05-21T09:10:42.545+0000] {dagbag.py:545} INFO - Filling up the DagBag from /opt/airflow/dags/main.py
[2026-05-21T09:10:42.594+0000] {processor.py:840} INFO - DAG(s) 'produce_json' retrieved from /opt/airflow/dags/main.py
[2026-05-21T09:10:42.621+0000] {logging_mixin.py:188} INFO - [2026-05-21T09:10:42.620+0000] {dag.py:3096} INFO - Sync 1 DAGs
[2026-05-21T09:10:42.640+0000] {logging_mixin.py:188} INFO - [2026-05-21T09:10:42.639+0000] {dag.py:3954} INFO - Setting next_dagrun for produce_json to 2026-05-20 11:00:00+00:00, run_after=2026-05-21 11:00:00+00:00
[2026-05-21T09:10:42.656+0000] {processor.py:183} INFO - Processing /opt/airflow/dags/main.py took 0.122 seconds
[2026-05-21T09:11:12.943+0000] {processor.py:161} INFO - Started process (PID=2305) to work on /opt/airflow/dags/main.py
[2026-05-21T09:11:12.944+0000] {processor.py:830} INFO - Processing file /opt/airflow/dags/main.py for tasks to queue
[2026-05-21T09:11:12.947+0000] {logging_mixin.py:188} INFO - [2026-05-21T09:11:12.947+0000] {dagbag.py:545} INFO - Filling up the DagBag from /opt/airflow/dags/main.py
[2026-05-21T09:11:12.997+0000] {processor.py:840} INFO - DAG(s) 'produce_json' retrieved from /opt/airflow/dags/main.py
[2026-05-21T09:11:13.025+0000] {logging_mixin.py:188} INFO - [2026-05-21T09:11:13.025+0000] {dag.py:3096} INFO - Sync 1 DAGs
[2026-05-21T09:11:13.045+0000] {logging_mixin.py:188} INFO - [2026-05-21T09:11:13.045+0000] {dag.py:3954} INFO - Setting next_dagrun for produce_json to 2026-05-20 11:00:00+00:00, run_after=2026-05-21 11:00:00+00:00
[2026-05-21T09:11:13.063+0000] {processor.py:183} INFO - Processing /opt/airflow/dags/main.py took 0.127 seconds
[2026-05-21T09:11:43.265+0000] {processor.py:161} INFO - Started process (PID=2312) to work on /opt/airflow/dags/main.py
[2026-05-21T09:11:43.266+0000] {processor.py:830} INFO - Processing file /opt/airflow/dags/main.py for tasks to queue
[2026-05-21T09:11:43.269+0000] {logging_mixin.py:188} INFO - [2026-05-21T09:11:43.268+0000] {dagbag.py:545} INFO - Filling up the DagBag from /opt/airflow/dags/main.py
[2026-05-21T09:11:43.329+0000] {processor.py:840} INFO - DAG(s) 'produce_json' retrieved from /opt/airflow/dags/main.py
[2026-05-21T09:11:43.361+0000] {logging_mixin.py:188} INFO - [2026-05-21T09:11:43.361+0000] {dag.py:3096} INFO - Sync 1 DAGs
[2026-05-21T09:11:43.383+0000] {logging_mixin.py:188} INFO - [2026-05-21T09:11:43.383+0000] {dag.py:3954} INFO - Setting next_dagrun for produce_json to 2026-05-20 11:00:00+00:00, run_after=2026-05-21 11:00:00+00:00
[2026-05-21T09:11:43.400+0000] {processor.py:183} INFO - Processing /opt/airflow/dags/main.py took 0.143 seconds
[2026-05-21T09:12:13.695+0000] {processor.py:161} INFO - Started process (PID=2319) to work on /opt/airflow/dags/main.py
[2026-05-21T09:12:13.698+0000] {processor.py:830} INFO - Processing file /opt/airflow/dags/main.py for tasks to queue
[2026-05-21T09:12:13.700+0000] {logging_mixin.py:188} INFO - [2026-05-21T09:12:13.700+0000] {dagbag.py:545} INFO - Filling up the DagBag from /opt/airflow/dags/main.py
[2026-05-21T09:12:13.746+0000] {processor.py:840} INFO - DAG(s) 'produce_json' retrieved from /opt/airflow/dags/main.py
[2026-05-21T09:12:13.773+0000] {logging_mixin.py:188} INFO - [2026-05-21T09:12:13.773+0000] {dag.py:3096} INFO - Sync 1 DAGs
[2026-05-21T09:12:13.794+0000] {logging_mixin.py:188} INFO - [2026-05-21T09:12:13.794+0000] {dag.py:3954} INFO - Setting next_dagrun for produce_json to 2026-05-20 11:00:00+00:00, run_after=2026-05-21 11:00:00+00:00
[2026-05-21T09:12:13.812+0000] {processor.py:183} INFO - Processing /opt/airflow/dags/main.py took 0.125 seconds
[2026-05-21T09:12:44.044+0000] {processor.py:161} INFO - Started process (PID=2326) to work on /opt/airflow/dags/main.py
[2026-05-21T09:12:44.045+0000] {processor.py:830} INFO - Processing file /opt/airflow/dags/main.py for tasks to queue
[2026-05-21T09:12:44.047+0000] {logging_mixin.py:188} INFO - [2026-05-21T09:12:44.047+0000] {dagbag.py:545} INFO - Filling up the DagBag from /opt/airflow/dags/main.py
[2026-05-21T09:12:44.094+0000] {processor.py:840} INFO - DAG(s) 'produce_json' retrieved from /opt/airflow/dags/main.py
[2026-05-21T09:12:44.123+0000] {logging_mixin.py:188} INFO - [2026-05-21T09:12:44.123+0000] {dag.py:3096} INFO - Sync 1 DAGs
[2026-05-21T09:12:44.145+0000] {logging_mixin.py:188} INFO - [2026-05-21T09:12:44.145+0000] {dag.py:3954} INFO - Setting next_dagrun for produce_json to 2026-05-20 11:00:00+00:00, run_after=2026-05-21 11:00:00+00:00
[2026-05-21T09:12:44.163+0000] {processor.py:183} INFO - Processing /opt/airflow/dags/main.py took 0.125 seconds
[2026-05-21T09:13:14.435+0000] {processor.py:161} INFO - Started process (PID=2333) to work on /opt/airflow/dags/main.py
[2026-05-21T09:13:14.436+0000] {processor.py:830} INFO - Processing file /opt/airflow/dags/main.py for tasks to queue
[2026-05-21T09:13:14.438+0000] {logging_mixin.py:188} INFO - [2026-05-21T09:13:14.438+0000] {dagbag.py:545} INFO - Filling up the DagBag from /opt/airflow/dags/main.py
[2026-05-21T09:13:14.484+0000] {processor.py:840} INFO - DAG(s) 'produce_json' retrieved from /opt/airflow/dags/main.py
[2026-05-21T09:13:14.510+0000] {logging_mixin.py:188} INFO - [2026-05-21T09:13:14.510+0000] {dag.py:3096} INFO - Sync 1 DAGs
[2026-05-21T09:13:14.530+0000] {logging_mixin.py:188} INFO - [2026-05-21T09:13:14.530+0000] {dag.py:3954} INFO - Setting next_dagrun for produce_json to 2026-05-20 11:00:00+00:00, run_after=2026-05-21 11:00:00+00:00
[2026-05-21T09:13:14.548+0000] {processor.py:183} INFO - Processing /opt/airflow/dags/main.py took 0.120 seconds
[2026-05-21T09:41:43.609+0000] {processor.py:161} INFO - Started process (PID=2346) to work on /opt/airflow/dags/main.py
[2026-05-21T09:41:43.611+0000] {processor.py:830} INFO - Processing file /opt/airflow/dags/main.py for tasks to queue
[2026-05-21T09:41:43.614+0000] {logging_mixin.py:188} INFO - [2026-05-21T09:41:43.614+0000] {dagbag.py:545} INFO - Filling up the DagBag from /opt/airflow/dags/main.py
[2026-05-21T09:41:43.926+0000] {processor.py:840} INFO - DAG(s) 'produce_json' retrieved from /opt/airflow/dags/main.py
[2026-05-21T09:41:44.012+0000] {logging_mixin.py:188} INFO - [2026-05-21T09:41:44.011+0000] {dag.py:3096} INFO - Sync 1 DAGs
[2026-05-21T09:41:44.058+0000] {logging_mixin.py:188} INFO - [2026-05-21T09:41:44.058+0000] {dag.py:3954} INFO - Setting next_dagrun for produce_json to 2026-05-20 11:00:00+00:00, run_after=2026-05-21 11:00:00+00:00
[2026-05-21T09:41:44.091+0000] {processor.py:183} INFO - Processing /opt/airflow/dags/main.py took 0.490 seconds
[2026-05-21T09:42:14.293+0000] {processor.py:161} INFO - Started process (PID=2353) to work on /opt/airflow/dags/main.py
[2026-05-21T09:42:14.294+0000] {processor.py:830} INFO - Processing file /opt/airflow/dags/main.py for tasks to queue
[2026-05-21T09:42:14.296+0000] {logging_mixin.py:188} INFO - [2026-05-21T09:42:14.295+0000] {dagbag.py:545} INFO - Filling up the DagBag from /opt/airflow/dags/main.py
[2026-05-21T09:42:14.347+0000] {processor.py:840} INFO - DAG(s) 'produce_json' retrieved from /opt/airflow/dags/main.py
[2026-05-21T09:42:14.376+0000] {logging_mixin.py:188} INFO - [2026-05-21T09:42:14.376+0000] {dag.py:3096} INFO - Sync 1 DAGs
[2026-05-21T09:42:14.396+0000] {logging_mixin.py:188} INFO - [2026-05-21T09:42:14.396+0000] {dag.py:3954} INFO - Setting next_dagrun for produce_json to 2026-05-20 11:00:00+00:00, run_after=2026-05-21 11:00:00+00:00
[2026-05-21T09:42:14.415+0000] {processor.py:183} INFO - Processing /opt/airflow/dags/main.py took 0.131 seconds
[2026-05-21T09:42:44.461+0000] {processor.py:161} INFO - Started process (PID=2360) to work on /opt/airflow/dags/main.py
[2026-05-21T09:42:44.462+0000] {processor.py:830} INFO - Processing file /opt/airflow/dags/main.py for tasks to queue
[2026-05-21T09:42:44.465+0000] {logging_mixin.py:188} INFO - [2026-05-21T09:42:44.464+0000] {dagbag.py:545} INFO - Filling up the DagBag from /opt/airflow/dags/main.py
[2026-05-21T09:42:44.533+0000] {processor.py:840} INFO - DAG(s) 'produce_json' retrieved from /opt/airflow/dags/main.py
[2026-05-21T09:42:44.561+0000] {logging_mixin.py:188} INFO - [2026-05-21T09:42:44.561+0000] {dag.py:3096} INFO - Sync 1 DAGs
[2026-05-21T09:42:44.581+0000] {logging_mixin.py:188} INFO - [2026-05-21T09:42:44.581+0000] {dag.py:3954} INFO - Setting next_dagrun for produce_json to 2026-05-20 11:00:00+00:00, run_after=2026-05-21 11:00:00+00:00
[2026-05-21T09:42:44.610+0000] {processor.py:183} INFO - Processing /opt/airflow/dags/main.py took 0.156 seconds
[2026-05-21T09:43:14.768+0000] {processor.py:161} INFO - Started process (PID=2367) to work on /opt/airflow/dags/main.py
[2026-05-21T09:43:14.768+0000] {processor.py:830} INFO - Processing file /opt/airflow/dags/main.py for tasks to queue
[2026-05-21T09:43:14.770+0000] {logging_mixin.py:188} INFO - [2026-05-21T09:43:14.770+0000] {dagbag.py:545} INFO - Filling up the DagBag from /opt/airflow/dags/main.py
[2026-05-21T09:43:14.822+0000] {processor.py:840} INFO - DAG(s) 'produce_json' retrieved from /opt/airflow/dags/main.py
[2026-05-21T09:43:14.849+0000] {logging_mixin.py:188} INFO - [2026-05-21T09:43:14.849+0000] {dag.py:3096} INFO - Sync 1 DAGs
[2026-05-21T09:43:14.869+0000] {logging_mixin.py:188} INFO - [2026-05-21T09:43:14.869+0000] {dag.py:3954} INFO - Setting next_dagrun for produce_json to 2026-05-20 11:00:00+00:00, run_after=2026-05-21 11:00:00+00:00
[2026-05-21T09:43:14.889+0000] {processor.py:183} INFO - Processing /opt/airflow/dags/main.py took 0.128 seconds
[2026-05-21T09:43:45.085+0000] {processor.py:161} INFO - Started process (PID=2374) to work on /opt/airflow/dags/main.py
[2026-05-21T09:43:45.086+0000] {processor.py:830} INFO - Processing file /opt/airflow/dags/main.py for tasks to queue
[2026-05-21T09:43:45.088+0000] {logging_mixin.py:188} INFO - [2026-05-21T09:43:45.088+0000] {dagbag.py:545} INFO - Filling up the DagBag from /opt/airflow/dags/main.py
[2026-05-21T09:43:45.143+0000] {processor.py:840} INFO - DAG(s) 'produce_json' retrieved from /opt/airflow/dags/main.py
[2026-05-21T09:43:45.170+0000] {logging_mixin.py:188} INFO - [2026-05-21T09:43:45.170+0000] {dag.py:3096} INFO - Sync 1 DAGs
[2026-05-21T09:43:45.190+0000] {logging_mixin.py:188} INFO - [2026-05-21T09:43:45.190+0000] {dag.py:3954} INFO - Setting next_dagrun for produce_json to 2026-05-20 11:00:00+00:00, run_after=2026-05-21 11:00:00+00:00
[2026-05-21T09:43:45.209+0000] {processor.py:183} INFO - Processing /opt/airflow/dags/main.py took 0.130 seconds
[2026-05-21T09:44:15.489+0000] {processor.py:161} INFO - Started process (PID=2381) to work on /opt/airflow/dags/main.py
[2026-05-21T09:44:15.490+0000] {processor.py:830} INFO - Processing file /opt/airflow/dags/main.py for tasks to queue
[2026-05-21T09:44:15.492+0000] {logging_mixin.py:188} INFO - [2026-05-21T09:44:15.491+0000] {dagbag.py:545} INFO - Filling up the DagBag from /opt/airflow/dags/main.py
[2026-05-21T09:44:15.540+0000] {processor.py:840} INFO - DAG(s) 'produce_json' retrieved from /opt/airflow/dags/main.py
[2026-05-21T09:44:15.566+0000] {logging_mixin.py:188} INFO - [2026-05-21T09:44:15.566+0000] {dag.py:3096} INFO - Sync 1 DAGs
[2026-05-21T09:44:15.587+0000] {logging_mixin.py:188} INFO - [2026-05-21T09:44:15.587+0000] {dag.py:3954} INFO - Setting next_dagrun for produce_json to 2026-05-20 11:00:00+00:00, run_after=2026-05-21 11:00:00+00:00
[2026-05-21T09:44:15.606+0000] {processor.py:183} INFO - Processing /opt/airflow/dags/main.py took 0.123 seconds
[2026-05-21T09:44:45.810+0000] {processor.py:161} INFO - Started process (PID=2388) to work on /opt/airflow/dags/main.py
[2026-05-21T09:44:45.811+0000] {processor.py:830} INFO - Processing file /opt/airflow/dags/main.py for tasks to queue
[2026-05-21T09:44:45.813+0000] {logging_mixin.py:188} INFO - [2026-05-21T09:44:45.813+0000] {dagbag.py:545} INFO - Filling up the DagBag from /opt/airflow/dags/main.py
[2026-05-21T09:44:45.866+0000] {processor.py:840} INFO - DAG(s) 'produce_json' retrieved from /opt/airflow/dags/main.py
[2026-05-21T09:44:45.893+0000] {logging_mixin.py:188} INFO - [2026-05-21T09:44:45.892+0000] {dag.py:3096} INFO - Sync 1 DAGs
[2026-05-21T09:44:45.912+0000] {logging_mixin.py:188} INFO - [2026-05-21T09:44:45.912+0000] {dag.py:3954} INFO - Setting next_dagrun for produce_json to 2026-05-20 11:00:00+00:00, run_after=2026-05-21 11:00:00+00:00
[2026-05-21T09:44:45.931+0000] {processor.py:183} INFO - Processing /opt/airflow/dags/main.py took 0.128 seconds
[2026-05-21T09:45:16.195+0000] {processor.py:161} INFO - Started process (PID=2395) to work on /opt/airflow/dags/main.py
[2026-05-21T09:45:16.196+0000] {processor.py:830} INFO - Processing file /opt/airflow/dags/main.py for tasks to queue
[2026-05-21T09:45:16.198+0000] {logging_mixin.py:188} INFO - [2026-05-21T09:45:16.197+0000] {dagbag.py:545} INFO - Filling up the DagBag from /opt/airflow/dags/main.py
[2026-05-21T09:45:16.246+0000] {processor.py:840} INFO - DAG(s) 'produce_json' retrieved from /opt/airflow/dags/main.py
[2026-05-21T09:45:16.273+0000] {logging_mixin.py:188} INFO - [2026-05-21T09:45:16.273+0000] {dag.py:3096} INFO - Sync 1 DAGs
[2026-05-21T09:45:16.294+0000] {logging_mixin.py:188} INFO - [2026-05-21T09:45:16.294+0000] {dag.py:3954} INFO - Setting next_dagrun for produce_json to 2026-05-20 11:00:00+00:00, run_after=2026-05-21 11:00:00+00:00
[2026-05-21T09:45:16.313+0000] {processor.py:183} INFO - Processing /opt/airflow/dags/main.py took 0.125 seconds
[2026-05-21T09:45:46.496+0000] {processor.py:161} INFO - Started process (PID=2402) to work on /opt/airflow/dags/main.py
[2026-05-21T09:45:46.497+0000] {processor.py:830} INFO - Processing file /opt/airflow/dags/main.py for tasks to queue
[2026-05-21T09:45:46.500+0000] {logging_mixin.py:188} INFO - [2026-05-21T09:45:46.499+0000] {dagbag.py:545} INFO - Filling up the DagBag from /opt/airflow/dags/main.py
[2026-05-21T09:45:46.563+0000] {processor.py:840} INFO - DAG(s) 'produce_json' retrieved from /opt/airflow/dags/main.py
[2026-05-21T09:45:46.602+0000] {logging_mixin.py:188} INFO - [2026-05-21T09:45:46.601+0000] {dag.py:3096} INFO - Sync 1 DAGs
[2026-05-21T09:45:46.624+0000] {logging_mixin.py:188} INFO - [2026-05-21T09:45:46.623+0000] {dag.py:3954} INFO - Setting next_dagrun for produce_json to 2026-05-20 11:00:00+00:00, run_after=2026-05-21 11:00:00+00:00
[2026-05-21T09:45:46.644+0000] {processor.py:183} INFO - Processing /opt/airflow/dags/main.py took 0.155 seconds
[2026-05-21T09:46:16.871+0000] {processor.py:161} INFO - Started process (PID=2409) to work on /opt/airflow/dags/main.py
[2026-05-21T09:46:16.872+0000] {processor.py:830} INFO - Processing file /opt/airflow/dags/main.py for tasks to queue
[2026-05-21T09:46:16.875+0000] {logging_mixin.py:188} INFO - [2026-05-21T09:46:16.874+0000] {dagbag.py:545} INFO - Filling up the DagBag from /opt/airflow/dags/main.py
[2026-05-21T09:46:16.933+0000] {processor.py:840} INFO - DAG(s) 'produce_json' retrieved from /opt/airflow/dags/main.py
[2026-05-21T09:46:16.959+0000] {logging_mixin.py:188} INFO - [2026-05-21T09:46:16.959+0000] {dag.py:3096} INFO - Sync 1 DAGs
[2026-05-21T09:46:16.978+0000] {logging_mixin.py:188} INFO - [2026-05-21T09:46:16.978+0000] {dag.py:3954} INFO - Setting next_dagrun for produce_json to 2026-05-20 11:00:00+00:00, run_after=2026-05-21 11:00:00+00:00
[2026-05-21T09:46:16.997+0000] {processor.py:183} INFO - Processing /opt/airflow/dags/main.py took 0.131 seconds
[2026-05-21T09:46:47.300+0000] {processor.py:161} INFO - Started process (PID=2416) to work on /opt/airflow/dags/main.py
[2026-05-21T09:46:47.301+0000] {processor.py:830} INFO - Processing file /opt/airflow/dags/main.py for tasks to queue
[2026-05-21T09:46:47.303+0000] {logging_mixin.py:188} INFO - [2026-05-21T09:46:47.303+0000] {dagbag.py:545} INFO - Filling up the DagBag from /opt/airflow/dags/main.py
[2026-05-21T09:46:47.352+0000] {processor.py:840} INFO - DAG(s) 'produce_json' retrieved from /opt/airflow/dags/main.py
[2026-05-21T09:46:47.383+0000] {logging_mixin.py:188} INFO - [2026-05-21T09:46:47.382+0000] {dag.py:3096} INFO - Sync 1 DAGs
[2026-05-21T09:46:47.404+0000] {logging_mixin.py:188} INFO - [2026-05-21T09:46:47.404+0000] {dag.py:3954} INFO - Setting next_dagrun for produce_json to 2026-05-20 11:00:00+00:00, run_after=2026-05-21 11:00:00+00:00
[2026-05-21T09:46:47.428+0000] {processor.py:183} INFO - Processing /opt/airflow/dags/main.py took 0.134 seconds
[2026-05-21T09:47:17.525+0000] {processor.py:161} INFO - Started process (PID=2423) to work on /opt/airflow/dags/main.py
[2026-05-21T09:47:17.526+0000] {processor.py:830} INFO - Processing file /opt/airflow/dags/main.py for tasks to queue
[2026-05-21T09:47:17.529+0000] {logging_mixin.py:188} INFO - [2026-05-21T09:47:17.529+0000] {dagbag.py:545} INFO - Filling up the DagBag from /opt/airflow/dags/main.py
[2026-05-21T09:47:17.579+0000] {processor.py:840} INFO - DAG(s) 'produce_json' retrieved from /opt/airflow/dags/main.py
[2026-05-21T09:47:17.608+0000] {logging_mixin.py:188} INFO - [2026-05-21T09:47:17.608+0000] {dag.py:3096} INFO - Sync 1 DAGs
[2026-05-21T09:47:17.630+0000] {logging_mixin.py:188} INFO - [2026-05-21T09:47:17.629+0000] {dag.py:3954} INFO - Setting next_dagrun for produce_json to 2026-05-20 11:00:00+00:00, run_after=2026-05-21 11:00:00+00:00
[2026-05-21T09:47:17.650+0000] {processor.py:183} INFO - Processing /opt/airflow/dags/main.py took 0.132 seconds
[2026-05-21T09:47:47.755+0000] {processor.py:161} INFO - Started process (PID=2430) to work on /opt/airflow/dags/main.py
[2026-05-21T09:47:47.756+0000] {processor.py:830} INFO - Processing file /opt/airflow/dags/main.py for tasks to queue
[2026-05-21T09:47:47.758+0000] {logging_mixin.py:188} INFO - [2026-05-21T09:47:47.758+0000] {dagbag.py:545} INFO - Filling up the DagBag from /opt/airflow/dags/main.py
[2026-05-21T09:47:47.808+0000] {processor.py:840} INFO - DAG(s) 'produce_json' retrieved from /opt/airflow/dags/main.py
[2026-05-21T09:47:47.837+0000] {logging_mixin.py:188} INFO - [2026-05-21T09:47:47.837+0000] {dag.py:3096} INFO - Sync 1 DAGs
[2026-05-21T09:47:47.860+0000] {logging_mixin.py:188} INFO - [2026-05-21T09:47:47.860+0000] {dag.py:3954} INFO - Setting next_dagrun for produce_json to 2026-05-20 11:00:00+00:00, run_after=2026-05-21 11:00:00+00:00
[2026-05-21T09:47:47.880+0000] {processor.py:183} INFO - Processing /opt/airflow/dags/main.py took 0.131 seconds
[2026-05-21T09:48:18.237+0000] {processor.py:161} INFO - Started process (PID=2437) to work on /opt/airflow/dags/main.py
[2026-05-21T09:48:18.238+0000] {processor.py:830} INFO - Processing file /opt/airflow/dags/main.py for tasks to queue
[2026-05-21T09:48:18.240+0000] {logging_mixin.py:188} INFO - [2026-05-21T09:48:18.239+0000] {dagbag.py:545} INFO - Filling up the DagBag from /opt/airflow/dags/main.py
[2026-05-21T09:48:18.286+0000] {processor.py:840} INFO - DAG(s) 'produce_json' retrieved from /opt/airflow/dags/main.py
[2026-05-21T09:48:18.312+0000] {logging_mixin.py:188} INFO - [2026-05-21T09:48:18.312+0000] {dag.py:3096} INFO - Sync 1 DAGs
[2026-05-21T09:48:18.332+0000] {logging_mixin.py:188} INFO - [2026-05-21T09:48:18.332+0000] {dag.py:3954} INFO - Setting next_dagrun for produce_json to 2026-05-20 11:00:00+00:00, run_after=2026-05-21 11:00:00+00:00
[2026-05-21T09:48:18.350+0000] {processor.py:183} INFO - Processing /opt/airflow/dags/main.py took 0.119 seconds
[2026-05-21T09:48:48.612+0000] {processor.py:161} INFO - Started process (PID=2444) to work on /opt/airflow/dags/main.py
[2026-05-21T09:48:48.613+0000] {processor.py:830} INFO - Processing file /opt/airflow/dags/main.py for tasks to queue
[2026-05-21T09:48:48.615+0000] {logging_mixin.py:188} INFO - [2026-05-21T09:48:48.615+0000] {dagbag.py:545} INFO - Filling up the DagBag from /opt/airflow/dags/main.py
[2026-05-21T09:48:48.667+0000] {processor.py:840} INFO - DAG(s) 'produce_json' retrieved from /opt/airflow/dags/main.py
[2026-05-21T09:48:48.692+0000] {logging_mixin.py:188} INFO - [2026-05-21T09:48:48.692+0000] {dag.py:3096} INFO - Sync 1 DAGs
[2026-05-21T09:48:48.711+0000] {logging_mixin.py:188} INFO - [2026-05-21T09:48:48.711+0000] {dag.py:3954} INFO - Setting next_dagrun for produce_json to 2026-05-20 11:00:00+00:00, run_after=2026-05-21 11:00:00+00:00
[2026-05-21T09:48:48.731+0000] {processor.py:183} INFO - Processing /opt/airflow/dags/main.py took 0.125 seconds
[2026-05-21T09:49:18.980+0000] {processor.py:161} INFO - Started process (PID=2451) to work on /opt/airflow/dags/main.py
[2026-05-21T09:49:18.981+0000] {processor.py:830} INFO - Processing file /opt/airflow/dags/main.py for tasks to queue
[2026-05-21T09:49:18.984+0000] {logging_mixin.py:188} INFO - [2026-05-21T09:49:18.983+0000] {dagbag.py:545} INFO - Filling up the DagBag from /opt/airflow/dags/main.py
[2026-05-21T09:49:19.043+0000] {processor.py:840} INFO - DAG(s) 'produce_json' retrieved from /opt/airflow/dags/main.py
[2026-05-21T09:49:19.074+0000] {logging_mixin.py:188} INFO - [2026-05-21T09:49:19.074+0000] {dag.py:3096} INFO - Sync 1 DAGs
[2026-05-21T09:49:19.098+0000] {logging_mixin.py:188} INFO - [2026-05-21T09:49:19.098+0000] {dag.py:3954} INFO - Setting next_dagrun for produce_json to 2026-05-20 11:00:00+00:00, run_after=2026-05-21 11:00:00+00:00
[2026-05-21T09:49:19.119+0000] {processor.py:183} INFO - Processing /opt/airflow/dags/main.py took 0.148 seconds
[2026-05-21T09:49:49.370+0000] {processor.py:161} INFO - Started process (PID=2458) to work on /opt/airflow/dags/main.py
[2026-05-21T09:49:49.371+0000] {processor.py:830} INFO - Processing file /opt/airflow/dags/main.py for tasks to queue
[2026-05-21T09:49:49.373+0000] {logging_mixin.py:188} INFO - [2026-05-21T09:49:49.372+0000] {dagbag.py:545} INFO - Filling up the DagBag from /opt/airflow/dags/main.py
[2026-05-21T09:49:49.433+0000] {processor.py:840} INFO - DAG(s) 'produce_json' retrieved from /opt/airflow/dags/main.py
[2026-05-21T09:49:49.462+0000] {logging_mixin.py:188} INFO - [2026-05-21T09:49:49.462+0000] {dag.py:3096} INFO - Sync 1 DAGs
[2026-05-21T09:49:49.490+0000] {logging_mixin.py:188} INFO - [2026-05-21T09:49:49.490+0000] {dag.py:3954} INFO - Setting next_dagrun for produce_json to 2026-05-20 11:00:00+00:00, run_after=2026-05-21 11:00:00+00:00
[2026-05-21T09:49:49.509+0000] {processor.py:183} INFO - Processing /opt/airflow/dags/main.py took 0.146 seconds
[2026-05-21T09:50:19.701+0000] {processor.py:161} INFO - Started process (PID=2465) to work on /opt/airflow/dags/main.py
[2026-05-21T09:50:19.702+0000] {processor.py:830} INFO - Processing file /opt/airflow/dags/main.py for tasks to queue
[2026-05-21T09:50:19.704+0000] {logging_mixin.py:188} INFO - [2026-05-21T09:50:19.704+0000] {dagbag.py:545} INFO - Filling up the DagBag from /opt/airflow/dags/main.py
[2026-05-21T09:50:19.757+0000] {processor.py:840} INFO - DAG(s) 'produce_json' retrieved from /opt/airflow/dags/main.py
[2026-05-21T09:50:19.786+0000] {logging_mixin.py:188} INFO - [2026-05-21T09:50:19.786+0000] {dag.py:3096} INFO - Sync 1 DAGs
[2026-05-21T09:50:19.805+0000] {logging_mixin.py:188} INFO - [2026-05-21T09:50:19.805+0000] {dag.py:3954} INFO - Setting next_dagrun for produce_json to 2026-05-20 11:00:00+00:00, run_after=2026-05-21 11:00:00+00:00
[2026-05-21T09:50:19.823+0000] {processor.py:183} INFO - Processing /opt/airflow/dags/main.py took 0.128 seconds
[2026-05-21T09:50:50.028+0000] {processor.py:161} INFO - Started process (PID=2472) to work on /opt/airflow/dags/main.py
[2026-05-21T09:50:50.029+0000] {processor.py:830} INFO - Processing file /opt/airflow/dags/main.py for tasks to queue
[2026-05-21T09:50:50.031+0000] {logging_mixin.py:188} INFO - [2026-05-21T09:50:50.031+0000] {dagbag.py:545} INFO - Filling up the DagBag from /opt/airflow/dags/main.py
[2026-05-21T09:50:50.083+0000] {processor.py:840} INFO - DAG(s) 'produce_json' retrieved from /opt/airflow/dags/main.py
[2026-05-21T09:50:50.116+0000] {logging_mixin.py:188} INFO - [2026-05-21T09:50:50.116+0000] {dag.py:3096} INFO - Sync 1 DAGs
[2026-05-21T09:50:50.138+0000] {logging_mixin.py:188} INFO - [2026-05-21T09:50:50.137+0000] {dag.py:3954} INFO - Setting next_dagrun for produce_json to 2026-05-20 11:00:00+00:00, run_after=2026-05-21 11:00:00+00:00
[2026-05-21T09:50:50.155+0000] {processor.py:183} INFO - Processing /opt/airflow/dags/main.py took 0.133 seconds
[2026-05-21T09:51:20.346+0000] {processor.py:161} INFO - Started process (PID=2479) to work on /opt/airflow/dags/main.py
[2026-05-21T09:51:20.347+0000] {processor.py:830} INFO - Processing file /opt/airflow/dags/main.py for tasks to queue
[2026-05-21T09:51:20.350+0000] {logging_mixin.py:188} INFO - [2026-05-21T09:51:20.349+0000] {dagbag.py:545} INFO - Filling up the DagBag from /opt/airflow/dags/main.py
[2026-05-21T09:51:20.410+0000] {processor.py:840} INFO - DAG(s) 'produce_json' retrieved from /opt/airflow/dags/main.py
[2026-05-21T09:51:20.438+0000] {logging_mixin.py:188} INFO - [2026-05-21T09:51:20.438+0000] {dag.py:3096} INFO - Sync 1 DAGs
[2026-05-21T09:51:20.462+0000] {logging_mixin.py:188} INFO - [2026-05-21T09:51:20.461+0000] {dag.py:3954} INFO - Setting next_dagrun for produce_json to 2026-05-20 11:00:00+00:00, run_after=2026-05-21 11:00:00+00:00
[2026-05-21T09:51:20.481+0000] {processor.py:183} INFO - Processing /opt/airflow/dags/main.py took 0.145 seconds
[2026-05-21T09:51:50.726+0000] {processor.py:161} INFO - Started process (PID=2486) to work on /opt/airflow/dags/main.py
[2026-05-21T09:51:50.728+0000] {processor.py:830} INFO - Processing file /opt/airflow/dags/main.py for tasks to queue
[2026-05-21T09:51:50.730+0000] {logging_mixin.py:188} INFO - [2026-05-21T09:51:50.729+0000] {dagbag.py:545} INFO - Filling up the DagBag from /opt/airflow/dags/main.py
[2026-05-21T09:51:50.789+0000] {processor.py:840} INFO - DAG(s) 'produce_json' retrieved from /opt/airflow/dags/main.py
[2026-05-21T09:51:50.818+0000] {logging_mixin.py:188} INFO - [2026-05-21T09:51:50.818+0000] {dag.py:3096} INFO - Sync 1 DAGs
[2026-05-21T09:51:50.839+0000] {logging_mixin.py:188} INFO - [2026-05-21T09:51:50.839+0000] {dag.py:3954} INFO - Setting next_dagrun for produce_json to 2026-05-20 11:00:00+00:00, run_after=2026-05-21 11:00:00+00:00
[2026-05-21T09:51:50.862+0000] {processor.py:183} INFO - Processing /opt/airflow/dags/main.py took 0.141 seconds
[2026-05-21T09:52:21.009+0000] {processor.py:161} INFO - Started process (PID=2493) to work on /opt/airflow/dags/main.py
[2026-05-21T09:52:21.010+0000] {processor.py:830} INFO - Processing file /opt/airflow/dags/main.py for tasks to queue
[2026-05-21T09:52:21.012+0000] {logging_mixin.py:188} INFO - [2026-05-21T09:52:21.012+0000] {dagbag.py:545} INFO - Filling up the DagBag from /opt/airflow/dags/main.py
[2026-05-21T09:52:21.069+0000] {processor.py:840} INFO - DAG(s) 'produce_json' retrieved from /opt/airflow/dags/main.py
[2026-05-21T09:52:21.099+0000] {logging_mixin.py:188} INFO - [2026-05-21T09:52:21.098+0000] {dag.py:3096} INFO - Sync 1 DAGs
[2026-05-21T09:52:21.120+0000] {logging_mixin.py:188} INFO - [2026-05-21T09:52:21.120+0000] {dag.py:3954} INFO - Setting next_dagrun for produce_json to 2026-05-20 11:00:00+00:00, run_after=2026-05-21 11:00:00+00:00
[2026-05-21T09:52:21.139+0000] {processor.py:183} INFO - Processing /opt/airflow/dags/main.py took 0.137 seconds
[2026-05-21T09:52:51.453+0000] {processor.py:161} INFO - Started process (PID=2500) to work on /opt/airflow/dags/main.py
[2026-05-21T09:52:51.454+0000] {processor.py:830} INFO - Processing file /opt/airflow/dags/main.py for tasks to queue
[2026-05-21T09:52:51.456+0000] {logging_mixin.py:188} INFO - [2026-05-21T09:52:51.455+0000] {dagbag.py:545} INFO - Filling up the DagBag from /opt/airflow/dags/main.py
[2026-05-21T09:52:51.504+0000] {processor.py:840} INFO - DAG(s) 'produce_json' retrieved from /opt/airflow/dags/main.py
[2026-05-21T09:52:51.532+0000] {logging_mixin.py:188} INFO - [2026-05-21T09:52:51.531+0000] {dag.py:3096} INFO - Sync 1 DAGs
[2026-05-21T09:52:51.552+0000] {logging_mixin.py:188} INFO - [2026-05-21T09:52:51.552+0000] {dag.py:3954} INFO - Setting next_dagrun for produce_json to 2026-05-20 11:00:00+00:00, run_after=2026-05-21 11:00:00+00:00
[2026-05-21T09:52:51.571+0000] {processor.py:183} INFO - Processing /opt/airflow/dags/main.py took 0.124 seconds
[2026-05-21T09:53:21.775+0000] {processor.py:161} INFO - Started process (PID=2507) to work on /opt/airflow/dags/main.py
[2026-05-21T09:53:21.776+0000] {processor.py:830} INFO - Processing file /opt/airflow/dags/main.py for tasks to queue
[2026-05-21T09:53:21.778+0000] {logging_mixin.py:188} INFO - [2026-05-21T09:53:21.777+0000] {dagbag.py:545} INFO - Filling up the DagBag from /opt/airflow/dags/main.py
[2026-05-21T09:53:21.834+0000] {processor.py:840} INFO - DAG(s) 'produce_json' retrieved from /opt/airflow/dags/main.py
[2026-05-21T09:53:21.861+0000] {logging_mixin.py:188} INFO - [2026-05-21T09:53:21.861+0000] {dag.py:3096} INFO - Sync 1 DAGs
[2026-05-21T09:53:21.881+0000] {logging_mixin.py:188} INFO - [2026-05-21T09:53:21.880+0000] {dag.py:3954} INFO - Setting next_dagrun for produce_json to 2026-05-20 11:00:00+00:00, run_after=2026-05-21 11:00:00+00:00
[2026-05-21T09:53:21.899+0000] {processor.py:183} INFO - Processing /opt/airflow/dags/main.py took 0.130 seconds
[2026-05-21T09:53:52.085+0000] {processor.py:161} INFO - Started process (PID=2514) to work on /opt/airflow/dags/main.py
[2026-05-21T09:53:52.086+0000] {processor.py:830} INFO - Processing file /opt/airflow/dags/main.py for tasks to queue
[2026-05-21T09:53:52.088+0000] {logging_mixin.py:188} INFO - [2026-05-21T09:53:52.088+0000] {dagbag.py:545} INFO - Filling up the DagBag from /opt/airflow/dags/main.py
[2026-05-21T09:53:52.148+0000] {processor.py:840} INFO - DAG(s) 'produce_json' retrieved from /opt/airflow/dags/main.py
[2026-05-21T09:53:52.175+0000] {logging_mixin.py:188} INFO - [2026-05-21T09:53:52.175+0000] {dag.py:3096} INFO - Sync 1 DAGs
[2026-05-21T09:53:52.196+0000] {logging_mixin.py:188} INFO - [2026-05-21T09:53:52.196+0000] {dag.py:3954} INFO - Setting next_dagrun for produce_json to 2026-05-20 11:00:00+00:00, run_after=2026-05-21 11:00:00+00:00
[2026-05-21T09:53:52.217+0000] {processor.py:183} INFO - Processing /opt/airflow/dags/main.py took 0.139 seconds
[2026-05-21T09:54:22.387+0000] {processor.py:161} INFO - Started process (PID=2521) to work on /opt/airflow/dags/main.py
[2026-05-21T09:54:22.388+0000] {processor.py:830} INFO - Processing file /opt/airflow/dags/main.py for tasks to queue
[2026-05-21T09:54:22.389+0000] {logging_mixin.py:188} INFO - [2026-05-21T09:54:22.389+0000] {dagbag.py:545} INFO - Filling up the DagBag from /opt/airflow/dags/main.py
[2026-05-21T09:54:22.449+0000] {processor.py:840} INFO - DAG(s) 'produce_json' retrieved from /opt/airflow/dags/main.py
[2026-05-21T09:54:22.476+0000] {logging_mixin.py:188} INFO - [2026-05-21T09:54:22.476+0000] {dag.py:3096} INFO - Sync 1 DAGs
[2026-05-21T09:54:22.496+0000] {logging_mixin.py:188} INFO - [2026-05-21T09:54:22.495+0000] {dag.py:3954} INFO - Setting next_dagrun for produce_json to 2026-05-20 11:00:00+00:00, run_after=2026-05-21 11:00:00+00:00
[2026-05-21T09:54:22.514+0000] {processor.py:183} INFO - Processing /opt/airflow/dags/main.py took 0.134 seconds
[2026-05-21T09:54:52.751+0000] {processor.py:161} INFO - Started process (PID=2528) to work on /opt/airflow/dags/main.py
[2026-05-21T09:54:52.752+0000] {processor.py:830} INFO - Processing file /opt/airflow/dags/main.py for tasks to queue
[2026-05-21T09:54:52.754+0000] {logging_mixin.py:188} INFO - [2026-05-21T09:54:52.754+0000] {dagbag.py:545} INFO - Filling up the DagBag from /opt/airflow/dags/main.py
[2026-05-21T09:54:52.804+0000] {processor.py:840} INFO - DAG(s) 'produce_json' retrieved from /opt/airflow/dags/main.py
[2026-05-21T09:54:52.830+0000] {logging_mixin.py:188} INFO - [2026-05-21T09:54:52.830+0000] {dag.py:3096} INFO - Sync 1 DAGs
[2026-05-21T09:54:52.849+0000] {logging_mixin.py:188} INFO - [2026-05-21T09:54:52.849+0000] {dag.py:3954} INFO - Setting next_dagrun for produce_json to 2026-05-20 11:00:00+00:00, run_after=2026-05-21 11:00:00+00:00
[2026-05-21T09:54:52.867+0000] {processor.py:183} INFO - Processing /opt/airflow/dags/main.py took 0.122 seconds
[2026-05-21T09:55:23.012+0000] {processor.py:161} INFO - Started process (PID=2535) to work on /opt/airflow/dags/main.py
[2026-05-21T09:55:23.013+0000] {processor.py:830} INFO - Processing file /opt/airflow/dags/main.py for tasks to queue
[2026-05-21T09:55:23.015+0000] {logging_mixin.py:188} INFO - [2026-05-21T09:55:23.015+0000] {dagbag.py:545} INFO - Filling up the DagBag from /opt/airflow/dags/main.py
[2026-05-21T09:55:23.067+0000] {processor.py:840} INFO - DAG(s) 'produce_json' retrieved from /opt/airflow/dags/main.py
[2026-05-21T09:55:23.096+0000] {logging_mixin.py:188} INFO - [2026-05-21T09:55:23.095+0000] {dag.py:3096} INFO - Sync 1 DAGs
[2026-05-21T09:55:23.118+0000] {logging_mixin.py:188} INFO - [2026-05-21T09:55:23.117+0000] {dag.py:3954} INFO - Setting next_dagrun for produce_json to 2026-05-20 11:00:00+00:00, run_after=2026-05-21 11:00:00+00:00
[2026-05-21T09:55:23.137+0000] {processor.py:183} INFO - Processing /opt/airflow/dags/main.py took 0.132 seconds
[2026-05-21T09:55:53.387+0000] {processor.py:161} INFO - Started process (PID=2542) to work on /opt/airflow/dags/main.py
[2026-05-21T09:55:53.388+0000] {processor.py:830} INFO - Processing file /opt/airflow/dags/main.py for tasks to queue
[2026-05-21T09:55:53.390+0000] {logging_mixin.py:188} INFO - [2026-05-21T09:55:53.390+0000] {dagbag.py:545} INFO - Filling up the DagBag from /opt/airflow/dags/main.py
[2026-05-21T09:55:53.444+0000] {processor.py:840} INFO - DAG(s) 'produce_json' retrieved from /opt/airflow/dags/main.py
[2026-05-21T09:55:53.470+0000] {logging_mixin.py:188} INFO - [2026-05-21T09:55:53.470+0000] {dag.py:3096} INFO - Sync 1 DAGs
[2026-05-21T09:55:53.490+0000] {logging_mixin.py:188} INFO - [2026-05-21T09:55:53.490+0000] {dag.py:3954} INFO - Setting next_dagrun for produce_json to 2026-05-20 11:00:00+00:00, run_after=2026-05-21 11:00:00+00:00
[2026-05-21T09:55:53.508+0000] {processor.py:183} INFO - Processing /opt/airflow/dags/main.py took 0.127 seconds
[2026-05-21T09:56:23.631+0000] {processor.py:161} INFO - Started process (PID=2549) to work on /opt/airflow/dags/main.py
[2026-05-21T09:56:23.632+0000] {processor.py:830} INFO - Processing file /opt/airflow/dags/main.py for tasks to queue
[2026-05-21T09:56:23.634+0000] {logging_mixin.py:188} INFO - [2026-05-21T09:56:23.634+0000] {dagbag.py:545} INFO - Filling up the DagBag from /opt/airflow/dags/main.py
[2026-05-21T09:56:23.685+0000] {processor.py:840} INFO - DAG(s) 'produce_json' retrieved from /opt/airflow/dags/main.py
[2026-05-21T09:56:23.713+0000] {logging_mixin.py:188} INFO - [2026-05-21T09:56:23.712+0000] {dag.py:3096} INFO - Sync 1 DAGs
[2026-05-21T09:56:23.732+0000] {logging_mixin.py:188} INFO - [2026-05-21T09:56:23.732+0000] {dag.py:3954} INFO - Setting next_dagrun for produce_json to 2026-05-20 11:00:00+00:00, run_after=2026-05-21 11:00:00+00:00
[2026-05-21T09:56:23.750+0000] {processor.py:183} INFO - Processing /opt/airflow/dags/main.py took 0.126 seconds
[2026-05-21T09:56:54.031+0000] {processor.py:161} INFO - Started process (PID=2556) to work on /opt/airflow/dags/main.py
[2026-05-21T09:56:54.032+0000] {processor.py:830} INFO - Processing file /opt/airflow/dags/main.py for tasks to queue
[2026-05-21T09:56:54.034+0000] {logging_mixin.py:188} INFO - [2026-05-21T09:56:54.033+0000] {dagbag.py:545} INFO - Filling up the DagBag from /opt/airflow/dags/main.py
[2026-05-21T09:56:54.098+0000] {processor.py:840} INFO - DAG(s) 'produce_json' retrieved from /opt/airflow/dags/main.py
[2026-05-21T09:56:54.127+0000] {logging_mixin.py:188} INFO - [2026-05-21T09:56:54.127+0000] {dag.py:3096} INFO - Sync 1 DAGs
[2026-05-21T09:56:54.149+0000] {logging_mixin.py:188} INFO - [2026-05-21T09:56:54.149+0000] {dag.py:3954} INFO - Setting next_dagrun for produce_json to 2026-05-20 11:00:00+00:00, run_after=2026-05-21 11:00:00+00:00
[2026-05-21T09:56:54.166+0000] {processor.py:183} INFO - Processing /opt/airflow/dags/main.py took 0.141 seconds
[2026-05-21T09:57:24.263+0000] {processor.py:161} INFO - Started process (PID=2563) to work on /opt/airflow/dags/main.py
[2026-05-21T09:57:24.264+0000] {processor.py:830} INFO - Processing file /opt/airflow/dags/main.py for tasks to queue
[2026-05-21T09:57:24.267+0000] {logging_mixin.py:188} INFO - [2026-05-21T09:57:24.267+0000] {dagbag.py:545} INFO - Filling up the DagBag from /opt/airflow/dags/main.py
[2026-05-21T09:57:24.320+0000] {processor.py:840} INFO - DAG(s) 'produce_json' retrieved from /opt/airflow/dags/main.py
[2026-05-21T09:57:24.348+0000] {logging_mixin.py:188} INFO - [2026-05-21T09:57:24.348+0000] {dag.py:3096} INFO - Sync 1 DAGs
[2026-05-21T09:57:24.371+0000] {logging_mixin.py:188} INFO - [2026-05-21T09:57:24.370+0000] {dag.py:3954} INFO - Setting next_dagrun for produce_json to 2026-05-20 11:00:00+00:00, run_after=2026-05-21 11:00:00+00:00
[2026-05-21T09:57:24.391+0000] {processor.py:183} INFO - Processing /opt/airflow/dags/main.py took 0.134 seconds
[2026-05-21T09:57:54.608+0000] {processor.py:161} INFO - Started process (PID=2570) to work on /opt/airflow/dags/main.py
[2026-05-21T09:57:54.609+0000] {processor.py:830} INFO - Processing file /opt/airflow/dags/main.py for tasks to queue
[2026-05-21T09:57:54.612+0000] {logging_mixin.py:188} INFO - [2026-05-21T09:57:54.612+0000] {dagbag.py:545} INFO - Filling up the DagBag from /opt/airflow/dags/main.py
[2026-05-21T09:57:54.661+0000] {processor.py:840} INFO - DAG(s) 'produce_json' retrieved from /opt/airflow/dags/main.py
[2026-05-21T09:57:54.690+0000] {logging_mixin.py:188} INFO - [2026-05-21T09:57:54.689+0000] {dag.py:3096} INFO - Sync 1 DAGs
[2026-05-21T09:57:54.723+0000] {logging_mixin.py:188} INFO - [2026-05-21T09:57:54.722+0000] {dag.py:3954} INFO - Setting next_dagrun for produce_json to 2026-05-20 11:00:00+00:00, run_after=2026-05-21 11:00:00+00:00
[2026-05-21T09:57:54.747+0000] {processor.py:183} INFO - Processing /opt/airflow/dags/main.py took 0.144 seconds
[2026-05-21T09:58:24.832+0000] {processor.py:161} INFO - Started process (PID=2577) to work on /opt/airflow/dags/main.py
[2026-05-21T09:58:24.833+0000] {processor.py:830} INFO - Processing file /opt/airflow/dags/main.py for tasks to queue
[2026-05-21T09:58:24.836+0000] {logging_mixin.py:188} INFO - [2026-05-21T09:58:24.836+0000] {dagbag.py:545} INFO - Filling up the DagBag from /opt/airflow/dags/main.py
[2026-05-21T09:58:24.894+0000] {processor.py:840} INFO - DAG(s) 'produce_json' retrieved from /opt/airflow/dags/main.py
[2026-05-21T09:58:24.928+0000] {logging_mixin.py:188} INFO - [2026-05-21T09:58:24.927+0000] {dag.py:3096} INFO - Sync 1 DAGs
[2026-05-21T09:58:24.952+0000] {logging_mixin.py:188} INFO - [2026-05-21T09:58:24.952+0000] {dag.py:3954} INFO - Setting next_dagrun for produce_json to 2026-05-20 11:00:00+00:00, run_after=2026-05-21 11:00:00+00:00
[2026-05-21T09:58:24.973+0000] {processor.py:183} INFO - Processing /opt/airflow/dags/main.py took 0.152 seconds
[2026-05-21T09:58:55.226+0000] {processor.py:161} INFO - Started process (PID=2584) to work on /opt/airflow/dags/main.py
[2026-05-21T09:58:55.227+0000] {processor.py:830} INFO - Processing file /opt/airflow/dags/main.py for tasks to queue
[2026-05-21T09:58:55.229+0000] {logging_mixin.py:188} INFO - [2026-05-21T09:58:55.228+0000] {dagbag.py:545} INFO - Filling up the DagBag from /opt/airflow/dags/main.py
[2026-05-21T09:58:55.279+0000] {processor.py:840} INFO - DAG(s) 'produce_json' retrieved from /opt/airflow/dags/main.py
[2026-05-21T09:58:55.307+0000] {logging_mixin.py:188} INFO - [2026-05-21T09:58:55.307+0000] {dag.py:3096} INFO - Sync 1 DAGs
[2026-05-21T09:58:55.327+0000] {logging_mixin.py:188} INFO - [2026-05-21T09:58:55.326+0000] {dag.py:3954} INFO - Setting next_dagrun for produce_json to 2026-05-20 11:00:00+00:00, run_after=2026-05-21 11:00:00+00:00
[2026-05-21T09:58:55.344+0000] {processor.py:183} INFO - Processing /opt/airflow/dags/main.py took 0.124 seconds
[2026-05-21T09:59:25.466+0000] {processor.py:161} INFO - Started process (PID=2591) to work on /opt/airflow/dags/main.py
[2026-05-21T09:59:25.467+0000] {processor.py:830} INFO - Processing file /opt/airflow/dags/main.py for tasks to queue
[2026-05-21T09:59:25.469+0000] {logging_mixin.py:188} INFO - [2026-05-21T09:59:25.469+0000] {dagbag.py:545} INFO - Filling up the DagBag from /opt/airflow/dags/main.py
[2026-05-21T09:59:25.519+0000] {processor.py:840} INFO - DAG(s) 'produce_json' retrieved from /opt/airflow/dags/main.py
[2026-05-21T09:59:25.545+0000] {logging_mixin.py:188} INFO - [2026-05-21T09:59:25.545+0000] {dag.py:3096} INFO - Sync 1 DAGs
[2026-05-21T09:59:25.564+0000] {logging_mixin.py:188} INFO - [2026-05-21T09:59:25.564+0000] {dag.py:3954} INFO - Setting next_dagrun for produce_json to 2026-05-20 11:00:00+00:00, run_after=2026-05-21 11:00:00+00:00
[2026-05-21T09:59:25.582+0000] {processor.py:183} INFO - Processing /opt/airflow/dags/main.py took 0.123 seconds
[2026-05-21T09:59:55.846+0000] {processor.py:161} INFO - Started process (PID=2598) to work on /opt/airflow/dags/main.py
[2026-05-21T09:59:55.847+0000] {processor.py:830} INFO - Processing file /opt/airflow/dags/main.py for tasks to queue
[2026-05-21T09:59:55.850+0000] {logging_mixin.py:188} INFO - [2026-05-21T09:59:55.849+0000] {dagbag.py:545} INFO - Filling up the DagBag from /opt/airflow/dags/main.py
[2026-05-21T09:59:55.899+0000] {processor.py:840} INFO - DAG(s) 'produce_json' retrieved from /opt/airflow/dags/main.py
[2026-05-21T09:59:55.924+0000] {logging_mixin.py:188} INFO - [2026-05-21T09:59:55.924+0000] {dag.py:3096} INFO - Sync 1 DAGs
[2026-05-21T09:59:55.943+0000] {logging_mixin.py:188} INFO - [2026-05-21T09:59:55.943+0000] {dag.py:3954} INFO - Setting next_dagrun for produce_json to 2026-05-20 11:00:00+00:00, run_after=2026-05-21 11:00:00+00:00
[2026-05-21T09:59:55.959+0000] {processor.py:183} INFO - Processing /opt/airflow/dags/main.py took 0.119 seconds
[2026-05-21T10:00:26.101+0000] {processor.py:161} INFO - Started process (PID=2605) to work on /opt/airflow/dags/main.py
[2026-05-21T10:00:26.103+0000] {processor.py:830} INFO - Processing file /opt/airflow/dags/main.py for tasks to queue
[2026-05-21T10:00:26.105+0000] {logging_mixin.py:188} INFO - [2026-05-21T10:00:26.105+0000] {dagbag.py:545} INFO - Filling up the DagBag from /opt/airflow/dags/main.py
[2026-05-21T10:00:26.154+0000] {processor.py:840} INFO - DAG(s) 'produce_json' retrieved from /opt/airflow/dags/main.py
[2026-05-21T10:00:26.182+0000] {logging_mixin.py:188} INFO - [2026-05-21T10:00:26.182+0000] {dag.py:3096} INFO - Sync 1 DAGs
[2026-05-21T10:00:26.203+0000] {logging_mixin.py:188} INFO - [2026-05-21T10:00:26.202+0000] {dag.py:3954} INFO - Setting next_dagrun for produce_json to 2026-05-20 11:00:00+00:00, run_after=2026-05-21 11:00:00+00:00
[2026-05-21T10:00:26.222+0000] {processor.py:183} INFO - Processing /opt/airflow/dags/main.py took 0.129 seconds
[2026-05-21T10:00:56.423+0000] {processor.py:161} INFO - Started process (PID=2612) to work on /opt/airflow/dags/main.py
[2026-05-21T10:00:56.424+0000] {processor.py:830} INFO - Processing file /opt/airflow/dags/main.py for tasks to queue
[2026-05-21T10:00:56.426+0000] {logging_mixin.py:188} INFO - [2026-05-21T10:00:56.426+0000] {dagbag.py:545} INFO - Filling up the DagBag from /opt/airflow/dags/main.py
[2026-05-21T10:00:56.484+0000] {processor.py:840} INFO - DAG(s) 'produce_json' retrieved from /opt/airflow/dags/main.py
[2026-05-21T10:00:56.512+0000] {logging_mixin.py:188} INFO - [2026-05-21T10:00:56.512+0000] {dag.py:3096} INFO - Sync 1 DAGs
[2026-05-21T10:00:56.535+0000] {logging_mixin.py:188} INFO - [2026-05-21T10:00:56.534+0000] {dag.py:3954} INFO - Setting next_dagrun for produce_json to 2026-05-20 11:00:00+00:00, run_after=2026-05-21 11:00:00+00:00
[2026-05-21T10:00:56.554+0000] {processor.py:183} INFO - Processing /opt/airflow/dags/main.py took 0.140 seconds
[2026-05-21T10:01:26.719+0000] {processor.py:161} INFO - Started process (PID=2619) to work on /opt/airflow/dags/main.py
[2026-05-21T10:01:26.720+0000] {processor.py:830} INFO - Processing file /opt/airflow/dags/main.py for tasks to queue
[2026-05-21T10:01:26.722+0000] {logging_mixin.py:188} INFO - [2026-05-21T10:01:26.722+0000] {dagbag.py:545} INFO - Filling up the DagBag from /opt/airflow/dags/main.py
[2026-05-21T10:01:26.772+0000] {processor.py:840} INFO - DAG(s) 'produce_json' retrieved from /opt/airflow/dags/main.py
[2026-05-21T10:01:26.801+0000] {logging_mixin.py:188} INFO - [2026-05-21T10:01:26.801+0000] {dag.py:3096} INFO - Sync 1 DAGs
[2026-05-21T10:01:26.830+0000] {logging_mixin.py:188} INFO - [2026-05-21T10:01:26.830+0000] {dag.py:3954} INFO - Setting next_dagrun for produce_json to 2026-05-20 11:00:00+00:00, run_after=2026-05-21 11:00:00+00:00
[2026-05-21T10:01:26.846+0000] {processor.py:183} INFO - Processing /opt/airflow/dags/main.py took 0.134 seconds
[2026-05-21T10:01:57.159+0000] {processor.py:161} INFO - Started process (PID=2626) to work on /opt/airflow/dags/main.py
[2026-05-21T10:01:57.160+0000] {processor.py:830} INFO - Processing file /opt/airflow/dags/main.py for tasks to queue
[2026-05-21T10:01:57.162+0000] {logging_mixin.py:188} INFO - [2026-05-21T10:01:57.162+0000] {dagbag.py:545} INFO - Filling up the DagBag from /opt/airflow/dags/main.py
[2026-05-21T10:01:57.209+0000] {processor.py:840} INFO - DAG(s) 'produce_json' retrieved from /opt/airflow/dags/main.py
[2026-05-21T10:01:57.236+0000] {logging_mixin.py:188} INFO - [2026-05-21T10:01:57.236+0000] {dag.py:3096} INFO - Sync 1 DAGs
[2026-05-21T10:01:57.258+0000] {logging_mixin.py:188} INFO - [2026-05-21T10:01:57.258+0000] {dag.py:3954} INFO - Setting next_dagrun for produce_json to 2026-05-20 11:00:00+00:00, run_after=2026-05-21 11:00:00+00:00
[2026-05-21T10:01:57.289+0000] {processor.py:183} INFO - Processing /opt/airflow/dags/main.py took 0.136 seconds
[2026-05-21T10:02:27.411+0000] {processor.py:161} INFO - Started process (PID=2633) to work on /opt/airflow/dags/main.py
[2026-05-21T10:02:27.412+0000] {processor.py:830} INFO - Processing file /opt/airflow/dags/main.py for tasks to queue
[2026-05-21T10:02:27.414+0000] {logging_mixin.py:188} INFO - [2026-05-21T10:02:27.414+0000] {dagbag.py:545} INFO - Filling up the DagBag from /opt/airflow/dags/main.py
[2026-05-21T10:02:27.469+0000] {processor.py:840} INFO - DAG(s) 'produce_json' retrieved from /opt/airflow/dags/main.py
[2026-05-21T10:02:27.497+0000] {logging_mixin.py:188} INFO - [2026-05-21T10:02:27.497+0000] {dag.py:3096} INFO - Sync 1 DAGs
[2026-05-21T10:02:27.517+0000] {logging_mixin.py:188} INFO - [2026-05-21T10:02:27.516+0000] {dag.py:3954} INFO - Setting next_dagrun for produce_json to 2026-05-20 11:00:00+00:00, run_after=2026-05-21 11:00:00+00:00
[2026-05-21T10:02:27.535+0000] {processor.py:183} INFO - Processing /opt/airflow/dags/main.py took 0.131 seconds
[2026-05-21T10:02:57.854+0000] {processor.py:161} INFO - Started process (PID=2640) to work on /opt/airflow/dags/main.py
[2026-05-21T10:02:57.855+0000] {processor.py:830} INFO - Processing file /opt/airflow/dags/main.py for tasks to queue
[2026-05-21T10:02:57.857+0000] {logging_mixin.py:188} INFO - [2026-05-21T10:02:57.856+0000] {dagbag.py:545} INFO - Filling up the DagBag from /opt/airflow/dags/main.py
[2026-05-21T10:02:57.904+0000] {processor.py:840} INFO - DAG(s) 'produce_json' retrieved from /opt/airflow/dags/main.py
[2026-05-21T10:02:57.929+0000] {logging_mixin.py:188} INFO - [2026-05-21T10:02:57.929+0000] {dag.py:3096} INFO - Sync 1 DAGs
[2026-05-21T10:02:57.948+0000] {logging_mixin.py:188} INFO - [2026-05-21T10:02:57.948+0000] {dag.py:3954} INFO - Setting next_dagrun for produce_json to 2026-05-20 11:00:00+00:00, run_after=2026-05-21 11:00:00+00:00
[2026-05-21T10:02:57.977+0000] {processor.py:183} INFO - Processing /opt/airflow/dags/main.py took 0.129 seconds
[2026-05-21T10:03:28.074+0000] {processor.py:161} INFO - Started process (PID=2647) to work on /opt/airflow/dags/main.py
[2026-05-21T10:03:28.075+0000] {processor.py:830} INFO - Processing file /opt/airflow/dags/main.py for tasks to queue
[2026-05-21T10:03:28.078+0000] {logging_mixin.py:188} INFO - [2026-05-21T10:03:28.078+0000] {dagbag.py:545} INFO - Filling up the DagBag from /opt/airflow/dags/main.py
[2026-05-21T10:03:28.133+0000] {processor.py:840} INFO - DAG(s) 'produce_json' retrieved from /opt/airflow/dags/main.py
[2026-05-21T10:03:28.162+0000] {logging_mixin.py:188} INFO - [2026-05-21T10:03:28.161+0000] {dag.py:3096} INFO - Sync 1 DAGs
[2026-05-21T10:03:28.183+0000] {logging_mixin.py:188} INFO - [2026-05-21T10:03:28.183+0000] {dag.py:3954} INFO - Setting next_dagrun for produce_json to 2026-05-20 11:00:00+00:00, run_after=2026-05-21 11:00:00+00:00
[2026-05-21T10:03:28.212+0000] {processor.py:183} INFO - Processing /opt/airflow/dags/main.py took 0.145 seconds
[2026-05-21T10:03:58.513+0000] {processor.py:161} INFO - Started process (PID=2654) to work on /opt/airflow/dags/main.py
[2026-05-21T10:03:58.514+0000] {processor.py:830} INFO - Processing file /opt/airflow/dags/main.py for tasks to queue
[2026-05-21T10:03:58.516+0000] {logging_mixin.py:188} INFO - [2026-05-21T10:03:58.516+0000] {dagbag.py:545} INFO - Filling up the DagBag from /opt/airflow/dags/main.py
[2026-05-21T10:03:58.570+0000] {processor.py:840} INFO - DAG(s) 'produce_json' retrieved from /opt/airflow/dags/main.py
[2026-05-21T10:03:58.596+0000] {logging_mixin.py:188} INFO - [2026-05-21T10:03:58.596+0000] {dag.py:3096} INFO - Sync 1 DAGs
[2026-05-21T10:03:58.616+0000] {logging_mixin.py:188} INFO - [2026-05-21T10:03:58.616+0000] {dag.py:3954} INFO - Setting next_dagrun for produce_json to 2026-05-20 11:00:00+00:00, run_after=2026-05-21 11:00:00+00:00
[2026-05-21T10:03:58.644+0000] {processor.py:183} INFO - Processing /opt/airflow/dags/main.py took 0.137 seconds
[2026-05-21T10:04:28.803+0000] {processor.py:161} INFO - Started process (PID=2661) to work on /opt/airflow/dags/main.py
[2026-05-21T10:04:28.804+0000] {processor.py:830} INFO - Processing file /opt/airflow/dags/main.py for tasks to queue
[2026-05-21T10:04:28.806+0000] {logging_mixin.py:188} INFO - [2026-05-21T10:04:28.806+0000] {dagbag.py:545} INFO - Filling up the DagBag from /opt/airflow/dags/main.py
[2026-05-21T10:04:28.853+0000] {processor.py:840} INFO - DAG(s) 'produce_json' retrieved from /opt/airflow/dags/main.py
[2026-05-21T10:04:28.881+0000] {logging_mixin.py:188} INFO - [2026-05-21T10:04:28.881+0000] {dag.py:3096} INFO - Sync 1 DAGs
[2026-05-21T10:04:28.900+0000] {logging_mixin.py:188} INFO - [2026-05-21T10:04:28.900+0000] {dag.py:3954} INFO - Setting next_dagrun for produce_json to 2026-05-20 11:00:00+00:00, run_after=2026-05-21 11:00:00+00:00
[2026-05-21T10:04:28.918+0000] {processor.py:183} INFO - Processing /opt/airflow/dags/main.py took 0.123 seconds
[2026-05-21T10:04:59.138+0000] {processor.py:161} INFO - Started process (PID=2668) to work on /opt/airflow/dags/main.py
[2026-05-21T10:04:59.139+0000] {processor.py:830} INFO - Processing file /opt/airflow/dags/main.py for tasks to queue
[2026-05-21T10:04:59.141+0000] {logging_mixin.py:188} INFO - [2026-05-21T10:04:59.141+0000] {dagbag.py:545} INFO - Filling up the DagBag from /opt/airflow/dags/main.py
[2026-05-21T10:04:59.196+0000] {processor.py:840} INFO - DAG(s) 'produce_json' retrieved from /opt/airflow/dags/main.py
[2026-05-21T10:04:59.223+0000] {logging_mixin.py:188} INFO - [2026-05-21T10:04:59.223+0000] {dag.py:3096} INFO - Sync 1 DAGs
[2026-05-21T10:04:59.243+0000] {logging_mixin.py:188} INFO - [2026-05-21T10:04:59.242+0000] {dag.py:3954} INFO - Setting next_dagrun for produce_json to 2026-05-20 11:00:00+00:00, run_after=2026-05-21 11:00:00+00:00
[2026-05-21T10:04:59.271+0000] {processor.py:183} INFO - Processing /opt/airflow/dags/main.py took 0.140 seconds
[2026-05-21T10:05:29.497+0000] {processor.py:161} INFO - Started process (PID=2675) to work on /opt/airflow/dags/main.py
[2026-05-21T10:05:29.498+0000] {processor.py:830} INFO - Processing file /opt/airflow/dags/main.py for tasks to queue
[2026-05-21T10:05:29.500+0000] {logging_mixin.py:188} INFO - [2026-05-21T10:05:29.500+0000] {dagbag.py:545} INFO - Filling up the DagBag from /opt/airflow/dags/main.py
[2026-05-21T10:05:29.554+0000] {processor.py:840} INFO - DAG(s) 'produce_json' retrieved from /opt/airflow/dags/main.py
[2026-05-21T10:05:29.583+0000] {logging_mixin.py:188} INFO - [2026-05-21T10:05:29.583+0000] {dag.py:3096} INFO - Sync 1 DAGs
[2026-05-21T10:05:29.604+0000] {logging_mixin.py:188} INFO - [2026-05-21T10:05:29.604+0000] {dag.py:3954} INFO - Setting next_dagrun for produce_json to 2026-05-20 11:00:00+00:00, run_after=2026-05-21 11:00:00+00:00
[2026-05-21T10:05:29.622+0000] {processor.py:183} INFO - Processing /opt/airflow/dags/main.py took 0.133 seconds
[2026-05-21T10:05:59.797+0000] {processor.py:161} INFO - Started process (PID=2682) to work on /opt/airflow/dags/main.py
[2026-05-21T10:05:59.798+0000] {processor.py:830} INFO - Processing file /opt/airflow/dags/main.py for tasks to queue
[2026-05-21T10:05:59.800+0000] {logging_mixin.py:188} INFO - [2026-05-21T10:05:59.800+0000] {dagbag.py:545} INFO - Filling up the DagBag from /opt/airflow/dags/main.py
[2026-05-21T10:05:59.854+0000] {processor.py:840} INFO - DAG(s) 'produce_json' retrieved from /opt/airflow/dags/main.py
[2026-05-21T10:05:59.882+0000] {logging_mixin.py:188} INFO - [2026-05-21T10:05:59.882+0000] {dag.py:3096} INFO - Sync 1 DAGs
[2026-05-21T10:05:59.902+0000] {logging_mixin.py:188} INFO - [2026-05-21T10:05:59.902+0000] {dag.py:3954} INFO - Setting next_dagrun for produce_json to 2026-05-20 11:00:00+00:00, run_after=2026-05-21 11:00:00+00:00
[2026-05-21T10:05:59.933+0000] {processor.py:183} INFO - Processing /opt/airflow/dags/main.py took 0.142 seconds
[2026-05-21T10:06:30.071+0000] {processor.py:161} INFO - Started process (PID=2689) to work on /opt/airflow/dags/main.py
[2026-05-21T10:06:30.072+0000] {processor.py:830} INFO - Processing file /opt/airflow/dags/main.py for tasks to queue
[2026-05-21T10:06:30.074+0000] {logging_mixin.py:188} INFO - [2026-05-21T10:06:30.073+0000] {dagbag.py:545} INFO - Filling up the DagBag from /opt/airflow/dags/main.py
[2026-05-21T10:06:30.124+0000] {processor.py:840} INFO - DAG(s) 'produce_json' retrieved from /opt/airflow/dags/main.py
[2026-05-21T10:06:30.152+0000] {logging_mixin.py:188} INFO - [2026-05-21T10:06:30.151+0000] {dag.py:3096} INFO - Sync 1 DAGs
[2026-05-21T10:06:30.173+0000] {logging_mixin.py:188} INFO - [2026-05-21T10:06:30.173+0000] {dag.py:3954} INFO - Setting next_dagrun for produce_json to 2026-05-20 11:00:00+00:00, run_after=2026-05-21 11:00:00+00:00
[2026-05-21T10:06:30.203+0000] {processor.py:183} INFO - Processing /opt/airflow/dags/main.py took 0.140 seconds
[2026-05-21T10:07:00.470+0000] {processor.py:161} INFO - Started process (PID=2696) to work on /opt/airflow/dags/main.py
[2026-05-21T10:07:00.471+0000] {processor.py:830} INFO - Processing file /opt/airflow/dags/main.py for tasks to queue
[2026-05-21T10:07:00.474+0000] {logging_mixin.py:188} INFO - [2026-05-21T10:07:00.474+0000] {dagbag.py:545} INFO - Filling up the DagBag from /opt/airflow/dags/main.py
[2026-05-21T10:07:00.542+0000] {processor.py:840} INFO - DAG(s) 'produce_json' retrieved from /opt/airflow/dags/main.py
[2026-05-21T10:07:00.578+0000] {logging_mixin.py:188} INFO - [2026-05-21T10:07:00.578+0000] {dag.py:3096} INFO - Sync 1 DAGs
[2026-05-21T10:07:00.602+0000] {logging_mixin.py:188} INFO - [2026-05-21T10:07:00.602+0000] {dag.py:3954} INFO - Setting next_dagrun for produce_json to 2026-05-20 11:00:00+00:00, run_after=2026-05-21 11:00:00+00:00
[2026-05-21T10:07:00.633+0000] {processor.py:183} INFO - Processing /opt/airflow/dags/main.py took 0.170 seconds
[2026-05-21T10:07:30.773+0000] {processor.py:161} INFO - Started process (PID=2703) to work on /opt/airflow/dags/main.py
[2026-05-21T10:07:30.774+0000] {processor.py:830} INFO - Processing file /opt/airflow/dags/main.py for tasks to queue
[2026-05-21T10:07:30.776+0000] {logging_mixin.py:188} INFO - [2026-05-21T10:07:30.776+0000] {dagbag.py:545} INFO - Filling up the DagBag from /opt/airflow/dags/main.py
[2026-05-21T10:07:30.844+0000] {processor.py:840} INFO - DAG(s) 'produce_json' retrieved from /opt/airflow/dags/main.py
[2026-05-21T10:07:30.877+0000] {logging_mixin.py:188} INFO - [2026-05-21T10:07:30.877+0000] {dag.py:3096} INFO - Sync 1 DAGs
[2026-05-21T10:07:30.899+0000] {logging_mixin.py:188} INFO - [2026-05-21T10:07:30.898+0000] {dag.py:3954} INFO - Setting next_dagrun for produce_json to 2026-05-20 11:00:00+00:00, run_after=2026-05-21 11:00:00+00:00
[2026-05-21T10:07:30.936+0000] {processor.py:183} INFO - Processing /opt/airflow/dags/main.py took 0.169 seconds
[2026-05-21T10:08:01.306+0000] {processor.py:161} INFO - Started process (PID=2710) to work on /opt/airflow/dags/main.py
[2026-05-21T10:08:01.307+0000] {processor.py:830} INFO - Processing file /opt/airflow/dags/main.py for tasks to queue
[2026-05-21T10:08:01.309+0000] {logging_mixin.py:188} INFO - [2026-05-21T10:08:01.309+0000] {dagbag.py:545} INFO - Filling up the DagBag from /opt/airflow/dags/main.py
[2026-05-21T10:08:01.370+0000] {processor.py:840} INFO - DAG(s) 'produce_json' retrieved from /opt/airflow/dags/main.py
[2026-05-21T10:08:01.396+0000] {logging_mixin.py:188} INFO - [2026-05-21T10:08:01.396+0000] {dag.py:3096} INFO - Sync 1 DAGs
[2026-05-21T10:08:01.417+0000] {logging_mixin.py:188} INFO - [2026-05-21T10:08:01.417+0000] {dag.py:3954} INFO - Setting next_dagrun for produce_json to 2026-05-20 11:00:00+00:00, run_after=2026-05-21 11:00:00+00:00
[2026-05-21T10:08:01.444+0000] {processor.py:183} INFO - Processing /opt/airflow/dags/main.py took 0.145 seconds
[2026-05-21T10:08:31.619+0000] {processor.py:161} INFO - Started process (PID=2717) to work on /opt/airflow/dags/main.py
[2026-05-21T10:08:31.620+0000] {processor.py:830} INFO - Processing file /opt/airflow/dags/main.py for tasks to queue
[2026-05-21T10:08:31.622+0000] {logging_mixin.py:188} INFO - [2026-05-21T10:08:31.621+0000] {dagbag.py:545} INFO - Filling up the DagBag from /opt/airflow/dags/main.py
[2026-05-21T10:08:31.675+0000] {processor.py:840} INFO - DAG(s) 'produce_json' retrieved from /opt/airflow/dags/main.py
[2026-05-21T10:08:31.705+0000] {logging_mixin.py:188} INFO - [2026-05-21T10:08:31.704+0000] {dag.py:3096} INFO - Sync 1 DAGs
[2026-05-21T10:08:31.724+0000] {logging_mixin.py:188} INFO - [2026-05-21T10:08:31.723+0000] {dag.py:3954} INFO - Setting next_dagrun for produce_json to 2026-05-20 11:00:00+00:00, run_after=2026-05-21 11:00:00+00:00
[2026-05-21T10:08:31.740+0000] {processor.py:183} INFO - Processing /opt/airflow/dags/main.py took 0.128 seconds
[2026-05-21T10:09:02.106+0000] {processor.py:161} INFO - Started process (PID=2724) to work on /opt/airflow/dags/main.py
[2026-05-21T10:09:02.107+0000] {processor.py:830} INFO - Processing file /opt/airflow/dags/main.py for tasks to queue
[2026-05-21T10:09:02.109+0000] {logging_mixin.py:188} INFO - [2026-05-21T10:09:02.108+0000] {dagbag.py:545} INFO - Filling up the DagBag from /opt/airflow/dags/main.py
[2026-05-21T10:09:02.161+0000] {processor.py:840} INFO - DAG(s) 'produce_json' retrieved from /opt/airflow/dags/main.py
[2026-05-21T10:09:02.186+0000] {logging_mixin.py:188} INFO - [2026-05-21T10:09:02.186+0000] {dag.py:3096} INFO - Sync 1 DAGs
[2026-05-21T10:09:02.205+0000] {logging_mixin.py:188} INFO - [2026-05-21T10:09:02.204+0000] {dag.py:3954} INFO - Setting next_dagrun for produce_json to 2026-05-20 11:00:00+00:00, run_after=2026-05-21 11:00:00+00:00
[2026-05-21T10:09:02.233+0000] {processor.py:183} INFO - Processing /opt/airflow/dags/main.py took 0.133 seconds
[2026-05-21T10:09:32.398+0000] {processor.py:161} INFO - Started process (PID=2731) to work on /opt/airflow/dags/main.py
[2026-05-21T10:09:32.399+0000] {processor.py:830} INFO - Processing file /opt/airflow/dags/main.py for tasks to queue
[2026-05-21T10:09:32.401+0000] {logging_mixin.py:188} INFO - [2026-05-21T10:09:32.401+0000] {dagbag.py:545} INFO - Filling up the DagBag from /opt/airflow/dags/main.py
[2026-05-21T10:09:32.452+0000] {processor.py:840} INFO - DAG(s) 'produce_json' retrieved from /opt/airflow/dags/main.py
[2026-05-21T10:09:32.481+0000] {logging_mixin.py:188} INFO - [2026-05-21T10:09:32.481+0000] {dag.py:3096} INFO - Sync 1 DAGs
[2026-05-21T10:09:32.505+0000] {logging_mixin.py:188} INFO - [2026-05-21T10:09:32.505+0000] {dag.py:3954} INFO - Setting next_dagrun for produce_json to 2026-05-20 11:00:00+00:00, run_after=2026-05-21 11:00:00+00:00
[2026-05-21T10:09:32.534+0000] {processor.py:183} INFO - Processing /opt/airflow/dags/main.py took 0.142 seconds
[2026-05-21T10:10:02.757+0000] {processor.py:161} INFO - Started process (PID=2738) to work on /opt/airflow/dags/main.py
[2026-05-21T10:10:02.758+0000] {processor.py:830} INFO - Processing file /opt/airflow/dags/main.py for tasks to queue
[2026-05-21T10:10:02.760+0000] {logging_mixin.py:188} INFO - [2026-05-21T10:10:02.760+0000] {dagbag.py:545} INFO - Filling up the DagBag from /opt/airflow/dags/main.py
[2026-05-21T10:10:02.813+0000] {processor.py:840} INFO - DAG(s) 'produce_json' retrieved from /opt/airflow/dags/main.py
[2026-05-21T10:10:02.839+0000] {logging_mixin.py:188} INFO - [2026-05-21T10:10:02.839+0000] {dag.py:3096} INFO - Sync 1 DAGs
[2026-05-21T10:10:02.859+0000] {logging_mixin.py:188} INFO - [2026-05-21T10:10:02.859+0000] {dag.py:3954} INFO - Setting next_dagrun for produce_json to 2026-05-20 11:00:00+00:00, run_after=2026-05-21 11:00:00+00:00
[2026-05-21T10:10:02.888+0000] {processor.py:183} INFO - Processing /opt/airflow/dags/main.py took 0.138 seconds
[2026-05-21T10:10:33.080+0000] {processor.py:161} INFO - Started process (PID=2745) to work on /opt/airflow/dags/main.py
[2026-05-21T10:10:33.081+0000] {processor.py:830} INFO - Processing file /opt/airflow/dags/main.py for tasks to queue
[2026-05-21T10:10:33.083+0000] {logging_mixin.py:188} INFO - [2026-05-21T10:10:33.082+0000] {dagbag.py:545} INFO - Filling up the DagBag from /opt/airflow/dags/main.py
[2026-05-21T10:10:33.131+0000] {processor.py:840} INFO - DAG(s) 'produce_json' retrieved from /opt/airflow/dags/main.py
[2026-05-21T10:10:33.157+0000] {logging_mixin.py:188} INFO - [2026-05-21T10:10:33.157+0000] {dag.py:3096} INFO - Sync 1 DAGs
[2026-05-21T10:10:33.177+0000] {logging_mixin.py:188} INFO - [2026-05-21T10:10:33.176+0000] {dag.py:3954} INFO - Setting next_dagrun for produce_json to 2026-05-20 11:00:00+00:00, run_after=2026-05-21 11:00:00+00:00
[2026-05-21T10:10:33.193+0000] {processor.py:183} INFO - Processing /opt/airflow/dags/main.py took 0.119 seconds
[2026-05-21T10:11:03.419+0000] {processor.py:161} INFO - Started process (PID=2752) to work on /opt/airflow/dags/main.py
[2026-05-21T10:11:03.420+0000] {processor.py:830} INFO - Processing file /opt/airflow/dags/main.py for tasks to queue
[2026-05-21T10:11:03.422+0000] {logging_mixin.py:188} INFO - [2026-05-21T10:11:03.421+0000] {dagbag.py:545} INFO - Filling up the DagBag from /opt/airflow/dags/main.py
[2026-05-21T10:11:03.467+0000] {processor.py:840} INFO - DAG(s) 'produce_json' retrieved from /opt/airflow/dags/main.py
[2026-05-21T10:11:03.493+0000] {logging_mixin.py:188} INFO - [2026-05-21T10:11:03.493+0000] {dag.py:3096} INFO - Sync 1 DAGs
[2026-05-21T10:11:03.512+0000] {logging_mixin.py:188} INFO - [2026-05-21T10:11:03.512+0000] {dag.py:3954} INFO - Setting next_dagrun for produce_json to 2026-05-20 11:00:00+00:00, run_after=2026-05-21 11:00:00+00:00
[2026-05-21T10:11:03.530+0000] {processor.py:183} INFO - Processing /opt/airflow/dags/main.py took 0.117 seconds
[2026-05-21T10:11:33.688+0000] {processor.py:161} INFO - Started process (PID=2759) to work on /opt/airflow/dags/main.py
[2026-05-21T10:11:33.689+0000] {processor.py:830} INFO - Processing file /opt/airflow/dags/main.py for tasks to queue
[2026-05-21T10:11:33.691+0000] {logging_mixin.py:188} INFO - [2026-05-21T10:11:33.691+0000] {dagbag.py:545} INFO - Filling up the DagBag from /opt/airflow/dags/main.py
[2026-05-21T10:11:33.743+0000] {processor.py:840} INFO - DAG(s) 'produce_json' retrieved from /opt/airflow/dags/main.py
[2026-05-21T10:11:33.774+0000] {logging_mixin.py:188} INFO - [2026-05-21T10:11:33.773+0000] {dag.py:3096} INFO - Sync 1 DAGs
[2026-05-21T10:11:33.795+0000] {logging_mixin.py:188} INFO - [2026-05-21T10:11:33.795+0000] {dag.py:3954} INFO - Setting next_dagrun for produce_json to 2026-05-20 11:00:00+00:00, run_after=2026-05-21 11:00:00+00:00
[2026-05-21T10:11:33.815+0000] {processor.py:183} INFO - Processing /opt/airflow/dags/main.py took 0.133 seconds
[2026-05-21T10:12:04.112+0000] {processor.py:161} INFO - Started process (PID=2766) to work on /opt/airflow/dags/main.py
[2026-05-21T10:12:04.113+0000] {processor.py:830} INFO - Processing file /opt/airflow/dags/main.py for tasks to queue
[2026-05-21T10:12:04.115+0000] {logging_mixin.py:188} INFO - [2026-05-21T10:12:04.115+0000] {dagbag.py:545} INFO - Filling up the DagBag from /opt/airflow/dags/main.py
[2026-05-21T10:12:04.168+0000] {processor.py:840} INFO - DAG(s) 'produce_json' retrieved from /opt/airflow/dags/main.py
[2026-05-21T10:12:04.194+0000] {logging_mixin.py:188} INFO - [2026-05-21T10:12:04.194+0000] {dag.py:3096} INFO - Sync 1 DAGs
[2026-05-21T10:12:04.219+0000] {logging_mixin.py:188} INFO - [2026-05-21T10:12:04.219+0000] {dag.py:3954} INFO - Setting next_dagrun for produce_json to 2026-05-20 11:00:00+00:00, run_after=2026-05-21 11:00:00+00:00
[2026-05-21T10:12:04.239+0000] {processor.py:183} INFO - Processing /opt/airflow/dags/main.py took 0.133 seconds
[2026-05-21T10:12:34.475+0000] {processor.py:161} INFO - Started process (PID=2773) to work on /opt/airflow/dags/main.py
[2026-05-21T10:12:34.476+0000] {processor.py:830} INFO - Processing file /opt/airflow/dags/main.py for tasks to queue
[2026-05-21T10:12:34.478+0000] {logging_mixin.py:188} INFO - [2026-05-21T10:12:34.477+0000] {dagbag.py:545} INFO - Filling up the DagBag from /opt/airflow/dags/main.py
[2026-05-21T10:12:34.541+0000] {processor.py:840} INFO - DAG(s) 'produce_json' retrieved from /opt/airflow/dags/main.py
[2026-05-21T10:12:34.568+0000] {logging_mixin.py:188} INFO - [2026-05-21T10:12:34.568+0000] {dag.py:3096} INFO - Sync 1 DAGs
[2026-05-21T10:12:34.588+0000] {logging_mixin.py:188} INFO - [2026-05-21T10:12:34.588+0000] {dag.py:3954} INFO - Setting next_dagrun for produce_json to 2026-05-20 11:00:00+00:00, run_after=2026-05-21 11:00:00+00:00
[2026-05-21T10:12:34.606+0000] {processor.py:183} INFO - Processing /opt/airflow/dags/main.py took 0.138 seconds
[2026-05-21T10:13:04.838+0000] {processor.py:161} INFO - Started process (PID=2780) to work on /opt/airflow/dags/main.py
[2026-05-21T10:13:04.839+0000] {processor.py:830} INFO - Processing file /opt/airflow/dags/main.py for tasks to queue
[2026-05-21T10:13:04.841+0000] {logging_mixin.py:188} INFO - [2026-05-21T10:13:04.841+0000] {dagbag.py:545} INFO - Filling up the DagBag from /opt/airflow/dags/main.py
[2026-05-21T10:13:04.890+0000] {processor.py:840} INFO - DAG(s) 'produce_json' retrieved from /opt/airflow/dags/main.py
[2026-05-21T10:13:04.916+0000] {logging_mixin.py:188} INFO - [2026-05-21T10:13:04.916+0000] {dag.py:3096} INFO - Sync 1 DAGs
[2026-05-21T10:13:04.935+0000] {logging_mixin.py:188} INFO - [2026-05-21T10:13:04.935+0000] {dag.py:3954} INFO - Setting next_dagrun for produce_json to 2026-05-20 11:00:00+00:00, run_after=2026-05-21 11:00:00+00:00
[2026-05-21T10:13:04.963+0000] {processor.py:183} INFO - Processing /opt/airflow/dags/main.py took 0.131 seconds
[2026-05-21T10:13:35.249+0000] {processor.py:161} INFO - Started process (PID=2787) to work on /opt/airflow/dags/main.py
[2026-05-21T10:13:35.250+0000] {processor.py:830} INFO - Processing file /opt/airflow/dags/main.py for tasks to queue
[2026-05-21T10:13:35.252+0000] {logging_mixin.py:188} INFO - [2026-05-21T10:13:35.252+0000] {dagbag.py:545} INFO - Filling up the DagBag from /opt/airflow/dags/main.py
[2026-05-21T10:13:35.303+0000] {processor.py:840} INFO - DAG(s) 'produce_json' retrieved from /opt/airflow/dags/main.py
[2026-05-21T10:13:35.329+0000] {logging_mixin.py:188} INFO - [2026-05-21T10:13:35.328+0000] {dag.py:3096} INFO - Sync 1 DAGs
[2026-05-21T10:13:35.348+0000] {logging_mixin.py:188} INFO - [2026-05-21T10:13:35.347+0000] {dag.py:3954} INFO - Setting next_dagrun for produce_json to 2026-05-20 11:00:00+00:00, run_after=2026-05-21 11:00:00+00:00
[2026-05-21T10:13:35.365+0000] {processor.py:183} INFO - Processing /opt/airflow/dags/main.py took 0.122 seconds
[2026-05-21T10:14:05.653+0000] {processor.py:161} INFO - Started process (PID=2794) to work on /opt/airflow/dags/main.py
[2026-05-21T10:14:05.654+0000] {processor.py:830} INFO - Processing file /opt/airflow/dags/main.py for tasks to queue
[2026-05-21T10:14:05.656+0000] {logging_mixin.py:188} INFO - [2026-05-21T10:14:05.656+0000] {dagbag.py:545} INFO - Filling up the DagBag from /opt/airflow/dags/main.py
[2026-05-21T10:14:05.707+0000] {processor.py:840} INFO - DAG(s) 'produce_json' retrieved from /opt/airflow/dags/main.py
[2026-05-21T10:14:05.733+0000] {logging_mixin.py:188} INFO - [2026-05-21T10:14:05.733+0000] {dag.py:3096} INFO - Sync 1 DAGs
[2026-05-21T10:14:05.752+0000] {logging_mixin.py:188} INFO - [2026-05-21T10:14:05.752+0000] {dag.py:3954} INFO - Setting next_dagrun for produce_json to 2026-05-20 11:00:00+00:00, run_after=2026-05-21 11:00:00+00:00
[2026-05-21T10:14:05.781+0000] {processor.py:183} INFO - Processing /opt/airflow/dags/main.py took 0.134 seconds
[2026-05-21T10:14:36.116+0000] {processor.py:161} INFO - Started process (PID=2801) to work on /opt/airflow/dags/main.py
[2026-05-21T10:14:36.117+0000] {processor.py:830} INFO - Processing file /opt/airflow/dags/main.py for tasks to queue
[2026-05-21T10:14:36.119+0000] {logging_mixin.py:188} INFO - [2026-05-21T10:14:36.119+0000] {dagbag.py:545} INFO - Filling up the DagBag from /opt/airflow/dags/main.py
[2026-05-21T10:14:36.170+0000] {processor.py:840} INFO - DAG(s) 'produce_json' retrieved from /opt/airflow/dags/main.py
[2026-05-21T10:14:36.196+0000] {logging_mixin.py:188} INFO - [2026-05-21T10:14:36.196+0000] {dag.py:3096} INFO - Sync 1 DAGs
[2026-05-21T10:14:36.219+0000] {logging_mixin.py:188} INFO - [2026-05-21T10:14:36.219+0000] {dag.py:3954} INFO - Setting next_dagrun for produce_json to 2026-05-20 11:00:00+00:00, run_after=2026-05-21 11:00:00+00:00
[2026-05-21T10:14:36.239+0000] {processor.py:183} INFO - Processing /opt/airflow/dags/main.py took 0.128 seconds
[2026-05-21T10:15:06.409+0000] {processor.py:161} INFO - Started process (PID=2808) to work on /opt/airflow/dags/main.py
[2026-05-21T10:15:06.410+0000] {processor.py:830} INFO - Processing file /opt/airflow/dags/main.py for tasks to queue
[2026-05-21T10:15:06.412+0000] {logging_mixin.py:188} INFO - [2026-05-21T10:15:06.411+0000] {dagbag.py:545} INFO - Filling up the DagBag from /opt/airflow/dags/main.py
[2026-05-21T10:15:06.462+0000] {processor.py:840} INFO - DAG(s) 'produce_json' retrieved from /opt/airflow/dags/main.py
[2026-05-21T10:15:06.488+0000] {logging_mixin.py:188} INFO - [2026-05-21T10:15:06.488+0000] {dag.py:3096} INFO - Sync 1 DAGs
[2026-05-21T10:15:06.508+0000] {logging_mixin.py:188} INFO - [2026-05-21T10:15:06.508+0000] {dag.py:3954} INFO - Setting next_dagrun for produce_json to 2026-05-20 11:00:00+00:00, run_after=2026-05-21 11:00:00+00:00
[2026-05-21T10:15:06.543+0000] {processor.py:183} INFO - Processing /opt/airflow/dags/main.py took 0.140 seconds
[2026-05-21T10:15:36.821+0000] {processor.py:161} INFO - Started process (PID=2815) to work on /opt/airflow/dags/main.py
[2026-05-21T10:15:36.822+0000] {processor.py:830} INFO - Processing file /opt/airflow/dags/main.py for tasks to queue
[2026-05-21T10:15:36.824+0000] {logging_mixin.py:188} INFO - [2026-05-21T10:15:36.824+0000] {dagbag.py:545} INFO - Filling up the DagBag from /opt/airflow/dags/main.py
[2026-05-21T10:15:36.880+0000] {processor.py:840} INFO - DAG(s) 'produce_json' retrieved from /opt/airflow/dags/main.py
[2026-05-21T10:15:36.906+0000] {logging_mixin.py:188} INFO - [2026-05-21T10:15:36.906+0000] {dag.py:3096} INFO - Sync 1 DAGs
[2026-05-21T10:15:36.931+0000] {logging_mixin.py:188} INFO - [2026-05-21T10:15:36.930+0000] {dag.py:3954} INFO - Setting next_dagrun for produce_json to 2026-05-20 11:00:00+00:00, run_after=2026-05-21 11:00:00+00:00
[2026-05-21T10:15:36.960+0000] {processor.py:183} INFO - Processing /opt/airflow/dags/main.py took 0.145 seconds
[2026-05-21T10:16:07.224+0000] {processor.py:161} INFO - Started process (PID=2822) to work on /opt/airflow/dags/main.py
[2026-05-21T10:16:07.225+0000] {processor.py:830} INFO - Processing file /opt/airflow/dags/main.py for tasks to queue
[2026-05-21T10:16:07.227+0000] {logging_mixin.py:188} INFO - [2026-05-21T10:16:07.227+0000] {dagbag.py:545} INFO - Filling up the DagBag from /opt/airflow/dags/main.py
[2026-05-21T10:16:07.287+0000] {processor.py:840} INFO - DAG(s) 'produce_json' retrieved from /opt/airflow/dags/main.py
[2026-05-21T10:16:07.319+0000] {logging_mixin.py:188} INFO - [2026-05-21T10:16:07.319+0000] {dag.py:3096} INFO - Sync 1 DAGs
[2026-05-21T10:16:07.342+0000] {logging_mixin.py:188} INFO - [2026-05-21T10:16:07.342+0000] {dag.py:3954} INFO - Setting next_dagrun for produce_json to 2026-05-20 11:00:00+00:00, run_after=2026-05-21 11:00:00+00:00
[2026-05-21T10:16:07.373+0000] {processor.py:183} INFO - Processing /opt/airflow/dags/main.py took 0.158 seconds
[2026-05-21T10:16:37.575+0000] {processor.py:161} INFO - Started process (PID=2829) to work on /opt/airflow/dags/main.py
[2026-05-21T10:16:37.577+0000] {processor.py:830} INFO - Processing file /opt/airflow/dags/main.py for tasks to queue
[2026-05-21T10:16:37.579+0000] {logging_mixin.py:188} INFO - [2026-05-21T10:16:37.578+0000] {dagbag.py:545} INFO - Filling up the DagBag from /opt/airflow/dags/main.py
[2026-05-21T10:16:37.628+0000] {processor.py:840} INFO - DAG(s) 'produce_json' retrieved from /opt/airflow/dags/main.py
[2026-05-21T10:16:37.657+0000] {logging_mixin.py:188} INFO - [2026-05-21T10:16:37.657+0000] {dag.py:3096} INFO - Sync 1 DAGs
[2026-05-21T10:16:37.677+0000] {logging_mixin.py:188} INFO - [2026-05-21T10:16:37.677+0000] {dag.py:3954} INFO - Setting next_dagrun for produce_json to 2026-05-20 11:00:00+00:00, run_after=2026-05-21 11:00:00+00:00
[2026-05-21T10:16:37.696+0000] {processor.py:183} INFO - Processing /opt/airflow/dags/main.py took 0.130 seconds
[2026-05-21T10:17:07.984+0000] {processor.py:161} INFO - Started process (PID=2837) to work on /opt/airflow/dags/main.py
[2026-05-21T10:17:07.985+0000] {processor.py:830} INFO - Processing file /opt/airflow/dags/main.py for tasks to queue
[2026-05-21T10:17:07.987+0000] {logging_mixin.py:188} INFO - [2026-05-21T10:17:07.987+0000] {dagbag.py:545} INFO - Filling up the DagBag from /opt/airflow/dags/main.py
[2026-05-21T10:17:08.035+0000] {processor.py:840} INFO - DAG(s) 'produce_json' retrieved from /opt/airflow/dags/main.py
[2026-05-21T10:17:08.060+0000] {logging_mixin.py:188} INFO - [2026-05-21T10:17:08.060+0000] {dag.py:3096} INFO - Sync 1 DAGs
[2026-05-21T10:17:08.080+0000] {logging_mixin.py:188} INFO - [2026-05-21T10:17:08.080+0000] {dag.py:3954} INFO - Setting next_dagrun for produce_json to 2026-05-20 11:00:00+00:00, run_after=2026-05-21 11:00:00+00:00
[2026-05-21T10:17:08.098+0000] {processor.py:183} INFO - Processing /opt/airflow/dags/main.py took 0.120 seconds
[2026-05-21T10:17:38.326+0000] {processor.py:161} INFO - Started process (PID=2845) to work on /opt/airflow/dags/main.py
[2026-05-21T10:17:38.327+0000] {processor.py:830} INFO - Processing file /opt/airflow/dags/main.py for tasks to queue
[2026-05-21T10:17:38.329+0000] {logging_mixin.py:188} INFO - [2026-05-21T10:17:38.329+0000] {dagbag.py:545} INFO - Filling up the DagBag from /opt/airflow/dags/main.py
[2026-05-21T10:17:38.379+0000] {processor.py:840} INFO - DAG(s) 'produce_json' retrieved from /opt/airflow/dags/main.py
[2026-05-21T10:17:38.406+0000] {logging_mixin.py:188} INFO - [2026-05-21T10:17:38.406+0000] {dag.py:3096} INFO - Sync 1 DAGs
[2026-05-21T10:17:38.425+0000] {logging_mixin.py:188} INFO - [2026-05-21T10:17:38.425+0000] {dag.py:3954} INFO - Setting next_dagrun for produce_json to 2026-05-20 11:00:00+00:00, run_after=2026-05-21 11:00:00+00:00
[2026-05-21T10:17:38.461+0000] {processor.py:183} INFO - Processing /opt/airflow/dags/main.py took 0.142 seconds
[2026-05-21T10:18:08.791+0000] {processor.py:161} INFO - Started process (PID=2852) to work on /opt/airflow/dags/main.py
[2026-05-21T10:18:08.792+0000] {processor.py:830} INFO - Processing file /opt/airflow/dags/main.py for tasks to queue
[2026-05-21T10:18:08.794+0000] {logging_mixin.py:188} INFO - [2026-05-21T10:18:08.793+0000] {dagbag.py:545} INFO - Filling up the DagBag from /opt/airflow/dags/main.py
[2026-05-21T10:18:08.842+0000] {processor.py:840} INFO - DAG(s) 'produce_json' retrieved from /opt/airflow/dags/main.py
[2026-05-21T10:18:08.868+0000] {logging_mixin.py:188} INFO - [2026-05-21T10:18:08.868+0000] {dag.py:3096} INFO - Sync 1 DAGs
[2026-05-21T10:18:08.889+0000] {logging_mixin.py:188} INFO - [2026-05-21T10:18:08.889+0000] {dag.py:3954} INFO - Setting next_dagrun for produce_json to 2026-05-20 11:00:00+00:00, run_after=2026-05-21 11:00:00+00:00
[2026-05-21T10:18:08.919+0000] {processor.py:183} INFO - Processing /opt/airflow/dags/main.py took 0.133 seconds
[2026-05-21T10:18:39.144+0000] {processor.py:161} INFO - Started process (PID=2859) to work on /opt/airflow/dags/main.py
[2026-05-21T10:18:39.145+0000] {processor.py:830} INFO - Processing file /opt/airflow/dags/main.py for tasks to queue
[2026-05-21T10:18:39.147+0000] {logging_mixin.py:188} INFO - [2026-05-21T10:18:39.147+0000] {dagbag.py:545} INFO - Filling up the DagBag from /opt/airflow/dags/main.py
[2026-05-21T10:18:39.202+0000] {processor.py:840} INFO - DAG(s) 'produce_json' retrieved from /opt/airflow/dags/main.py
[2026-05-21T10:18:39.228+0000] {logging_mixin.py:188} INFO - [2026-05-21T10:18:39.228+0000] {dag.py:3096} INFO - Sync 1 DAGs
[2026-05-21T10:18:39.250+0000] {logging_mixin.py:188} INFO - [2026-05-21T10:18:39.250+0000] {dag.py:3954} INFO - Setting next_dagrun for produce_json to 2026-05-20 11:00:00+00:00, run_after=2026-05-21 11:00:00+00:00
[2026-05-21T10:18:39.268+0000] {processor.py:183} INFO - Processing /opt/airflow/dags/main.py took 0.131 seconds
[2026-05-21T10:19:09.570+0000] {processor.py:161} INFO - Started process (PID=2866) to work on /opt/airflow/dags/main.py
[2026-05-21T10:19:09.571+0000] {processor.py:830} INFO - Processing file /opt/airflow/dags/main.py for tasks to queue
[2026-05-21T10:19:09.573+0000] {logging_mixin.py:188} INFO - [2026-05-21T10:19:09.573+0000] {dagbag.py:545} INFO - Filling up the DagBag from /opt/airflow/dags/main.py
[2026-05-21T10:19:09.625+0000] {processor.py:840} INFO - DAG(s) 'produce_json' retrieved from /opt/airflow/dags/main.py
[2026-05-21T10:19:09.652+0000] {logging_mixin.py:188} INFO - [2026-05-21T10:19:09.652+0000] {dag.py:3096} INFO - Sync 1 DAGs
[2026-05-21T10:19:09.673+0000] {logging_mixin.py:188} INFO - [2026-05-21T10:19:09.673+0000] {dag.py:3954} INFO - Setting next_dagrun for produce_json to 2026-05-20 11:00:00+00:00, run_after=2026-05-21 11:00:00+00:00
[2026-05-21T10:19:09.691+0000] {processor.py:183} INFO - Processing /opt/airflow/dags/main.py took 0.128 seconds
[2026-05-21T10:19:40.001+0000] {processor.py:161} INFO - Started process (PID=2874) to work on /opt/airflow/dags/main.py
[2026-05-21T10:19:40.002+0000] {processor.py:830} INFO - Processing file /opt/airflow/dags/main.py for tasks to queue
[2026-05-21T10:19:40.004+0000] {logging_mixin.py:188} INFO - [2026-05-21T10:19:40.003+0000] {dagbag.py:545} INFO - Filling up the DagBag from /opt/airflow/dags/main.py
[2026-05-21T10:19:40.052+0000] {processor.py:840} INFO - DAG(s) 'produce_json' retrieved from /opt/airflow/dags/main.py
[2026-05-21T10:19:40.078+0000] {logging_mixin.py:188} INFO - [2026-05-21T10:19:40.078+0000] {dag.py:3096} INFO - Sync 1 DAGs
[2026-05-21T10:19:40.097+0000] {logging_mixin.py:188} INFO - [2026-05-21T10:19:40.096+0000] {dag.py:3954} INFO - Setting next_dagrun for produce_json to 2026-05-20 11:00:00+00:00, run_after=2026-05-21 11:00:00+00:00
[2026-05-21T10:19:40.120+0000] {processor.py:183} INFO - Processing /opt/airflow/dags/main.py took 0.124 seconds
[2026-05-21T10:20:10.387+0000] {processor.py:161} INFO - Started process (PID=2881) to work on /opt/airflow/dags/main.py
[2026-05-21T10:20:10.388+0000] {processor.py:830} INFO - Processing file /opt/airflow/dags/main.py for tasks to queue
[2026-05-21T10:20:10.390+0000] {logging_mixin.py:188} INFO - [2026-05-21T10:20:10.390+0000] {dagbag.py:545} INFO - Filling up the DagBag from /opt/airflow/dags/main.py
[2026-05-21T10:20:10.440+0000] {processor.py:840} INFO - DAG(s) 'produce_json' retrieved from /opt/airflow/dags/main.py
[2026-05-21T10:20:10.466+0000] {logging_mixin.py:188} INFO - [2026-05-21T10:20:10.465+0000] {dag.py:3096} INFO - Sync 1 DAGs
[2026-05-21T10:20:10.484+0000] {logging_mixin.py:188} INFO - [2026-05-21T10:20:10.484+0000] {dag.py:3954} INFO - Setting next_dagrun for produce_json to 2026-05-20 11:00:00+00:00, run_after=2026-05-21 11:00:00+00:00
[2026-05-21T10:20:10.513+0000] {processor.py:183} INFO - Processing /opt/airflow/dags/main.py took 0.132 seconds
[2026-05-21T10:20:40.832+0000] {processor.py:161} INFO - Started process (PID=2888) to work on /opt/airflow/dags/main.py
[2026-05-21T10:20:40.833+0000] {processor.py:830} INFO - Processing file /opt/airflow/dags/main.py for tasks to queue
[2026-05-21T10:20:40.835+0000] {logging_mixin.py:188} INFO - [2026-05-21T10:20:40.835+0000] {dagbag.py:545} INFO - Filling up the DagBag from /opt/airflow/dags/main.py
[2026-05-21T10:20:40.886+0000] {processor.py:840} INFO - DAG(s) 'produce_json' retrieved from /opt/airflow/dags/main.py
[2026-05-21T10:20:40.912+0000] {logging_mixin.py:188} INFO - [2026-05-21T10:20:40.912+0000] {dag.py:3096} INFO - Sync 1 DAGs
[2026-05-21T10:20:40.931+0000] {logging_mixin.py:188} INFO - [2026-05-21T10:20:40.931+0000] {dag.py:3954} INFO - Setting next_dagrun for produce_json to 2026-05-20 11:00:00+00:00, run_after=2026-05-21 11:00:00+00:00
[2026-05-21T10:20:40.960+0000] {processor.py:183} INFO - Processing /opt/airflow/dags/main.py took 0.134 seconds
[2026-05-21T10:21:11.194+0000] {processor.py:161} INFO - Started process (PID=2895) to work on /opt/airflow/dags/main.py
[2026-05-21T10:21:11.195+0000] {processor.py:830} INFO - Processing file /opt/airflow/dags/main.py for tasks to queue
[2026-05-21T10:21:11.197+0000] {logging_mixin.py:188} INFO - [2026-05-21T10:21:11.196+0000] {dagbag.py:545} INFO - Filling up the DagBag from /opt/airflow/dags/main.py
[2026-05-21T10:21:11.249+0000] {processor.py:840} INFO - DAG(s) 'produce_json' retrieved from /opt/airflow/dags/main.py
[2026-05-21T10:21:11.274+0000] {logging_mixin.py:188} INFO - [2026-05-21T10:21:11.274+0000] {dag.py:3096} INFO - Sync 1 DAGs
[2026-05-21T10:21:11.294+0000] {logging_mixin.py:188} INFO - [2026-05-21T10:21:11.294+0000] {dag.py:3954} INFO - Setting next_dagrun for produce_json to 2026-05-20 11:00:00+00:00, run_after=2026-05-21 11:00:00+00:00
[2026-05-21T10:21:11.323+0000] {processor.py:183} INFO - Processing /opt/airflow/dags/main.py took 0.135 seconds
[2026-05-21T10:21:41.632+0000] {processor.py:161} INFO - Started process (PID=2902) to work on /opt/airflow/dags/main.py
[2026-05-21T10:21:41.633+0000] {processor.py:830} INFO - Processing file /opt/airflow/dags/main.py for tasks to queue
[2026-05-21T10:21:41.635+0000] {logging_mixin.py:188} INFO - [2026-05-21T10:21:41.635+0000] {dagbag.py:545} INFO - Filling up the DagBag from /opt/airflow/dags/main.py
[2026-05-21T10:21:41.682+0000] {processor.py:840} INFO - DAG(s) 'produce_json' retrieved from /opt/airflow/dags/main.py
[2026-05-21T10:21:41.709+0000] {logging_mixin.py:188} INFO - [2026-05-21T10:21:41.709+0000] {dag.py:3096} INFO - Sync 1 DAGs
[2026-05-21T10:21:41.731+0000] {logging_mixin.py:188} INFO - [2026-05-21T10:21:41.731+0000] {dag.py:3954} INFO - Setting next_dagrun for produce_json to 2026-05-20 11:00:00+00:00, run_after=2026-05-21 11:00:00+00:00
[2026-05-21T10:21:41.760+0000] {processor.py:183} INFO - Processing /opt/airflow/dags/main.py took 0.134 seconds
[2026-05-21T10:22:12.101+0000] {processor.py:161} INFO - Started process (PID=2909) to work on /opt/airflow/dags/main.py
[2026-05-21T10:22:12.102+0000] {processor.py:830} INFO - Processing file /opt/airflow/dags/main.py for tasks to queue
[2026-05-21T10:22:12.104+0000] {logging_mixin.py:188} INFO - [2026-05-21T10:22:12.104+0000] {dagbag.py:545} INFO - Filling up the DagBag from /opt/airflow/dags/main.py
[2026-05-21T10:22:12.156+0000] {processor.py:840} INFO - DAG(s) 'produce_json' retrieved from /opt/airflow/dags/main.py
[2026-05-21T10:22:12.184+0000] {logging_mixin.py:188} INFO - [2026-05-21T10:22:12.184+0000] {dag.py:3096} INFO - Sync 1 DAGs
[2026-05-21T10:22:12.204+0000] {logging_mixin.py:188} INFO - [2026-05-21T10:22:12.204+0000] {dag.py:3954} INFO - Setting next_dagrun for produce_json to 2026-05-20 11:00:00+00:00, run_after=2026-05-21 11:00:00+00:00
[2026-05-21T10:22:12.223+0000] {processor.py:183} INFO - Processing /opt/airflow/dags/main.py took 0.128 seconds
[2026-05-21T10:22:42.451+0000] {processor.py:161} INFO - Started process (PID=2916) to work on /opt/airflow/dags/main.py
[2026-05-21T10:22:42.452+0000] {processor.py:830} INFO - Processing file /opt/airflow/dags/main.py for tasks to queue
[2026-05-21T10:22:42.454+0000] {logging_mixin.py:188} INFO - [2026-05-21T10:22:42.453+0000] {dagbag.py:545} INFO - Filling up the DagBag from /opt/airflow/dags/main.py
[2026-05-21T10:22:42.510+0000] {processor.py:840} INFO - DAG(s) 'produce_json' retrieved from /opt/airflow/dags/main.py
[2026-05-21T10:22:42.538+0000] {logging_mixin.py:188} INFO - [2026-05-21T10:22:42.537+0000] {dag.py:3096} INFO - Sync 1 DAGs
[2026-05-21T10:22:42.559+0000] {logging_mixin.py:188} INFO - [2026-05-21T10:22:42.558+0000] {dag.py:3954} INFO - Setting next_dagrun for produce_json to 2026-05-20 11:00:00+00:00, run_after=2026-05-21 11:00:00+00:00
[2026-05-21T10:22:42.587+0000] {processor.py:183} INFO - Processing /opt/airflow/dags/main.py took 0.142 seconds
[2026-05-21T10:23:12.869+0000] {processor.py:161} INFO - Started process (PID=2923) to work on /opt/airflow/dags/main.py
[2026-05-21T10:23:12.870+0000] {processor.py:830} INFO - Processing file /opt/airflow/dags/main.py for tasks to queue
[2026-05-21T10:23:12.872+0000] {logging_mixin.py:188} INFO - [2026-05-21T10:23:12.872+0000] {dagbag.py:545} INFO - Filling up the DagBag from /opt/airflow/dags/main.py
[2026-05-21T10:23:12.926+0000] {processor.py:840} INFO - DAG(s) 'produce_json' retrieved from /opt/airflow/dags/main.py
[2026-05-21T10:23:12.952+0000] {logging_mixin.py:188} INFO - [2026-05-21T10:23:12.951+0000] {dag.py:3096} INFO - Sync 1 DAGs
[2026-05-21T10:23:12.970+0000] {logging_mixin.py:188} INFO - [2026-05-21T10:23:12.970+0000] {dag.py:3954} INFO - Setting next_dagrun for produce_json to 2026-05-20 11:00:00+00:00, run_after=2026-05-21 11:00:00+00:00
[2026-05-21T10:23:12.988+0000] {processor.py:183} INFO - Processing /opt/airflow/dags/main.py took 0.125 seconds
[2026-05-21T10:23:43.330+0000] {processor.py:161} INFO - Started process (PID=2930) to work on /opt/airflow/dags/main.py
[2026-05-21T10:23:43.331+0000] {processor.py:830} INFO - Processing file /opt/airflow/dags/main.py for tasks to queue
[2026-05-21T10:23:43.334+0000] {logging_mixin.py:188} INFO - [2026-05-21T10:23:43.333+0000] {dagbag.py:545} INFO - Filling up the DagBag from /opt/airflow/dags/main.py
[2026-05-21T10:23:43.386+0000] {processor.py:840} INFO - DAG(s) 'produce_json' retrieved from /opt/airflow/dags/main.py
[2026-05-21T10:23:43.412+0000] {logging_mixin.py:188} INFO - [2026-05-21T10:23:43.411+0000] {dag.py:3096} INFO - Sync 1 DAGs
[2026-05-21T10:23:43.431+0000] {logging_mixin.py:188} INFO - [2026-05-21T10:23:43.431+0000] {dag.py:3954} INFO - Setting next_dagrun for produce_json to 2026-05-20 11:00:00+00:00, run_after=2026-05-21 11:00:00+00:00
[2026-05-21T10:23:43.459+0000] {processor.py:183} INFO - Processing /opt/airflow/dags/main.py took 0.134 seconds
[2026-05-21T10:24:13.660+0000] {processor.py:161} INFO - Started process (PID=2938) to work on /opt/airflow/dags/main.py
[2026-05-21T10:24:13.661+0000] {processor.py:830} INFO - Processing file /opt/airflow/dags/main.py for tasks to queue
[2026-05-21T10:24:13.664+0000] {logging_mixin.py:188} INFO - [2026-05-21T10:24:13.664+0000] {dagbag.py:545} INFO - Filling up the DagBag from /opt/airflow/dags/main.py
[2026-05-21T10:24:13.732+0000] {processor.py:840} INFO - DAG(s) 'produce_json' retrieved from /opt/airflow/dags/main.py
[2026-05-21T10:24:13.758+0000] {logging_mixin.py:188} INFO - [2026-05-21T10:24:13.758+0000] {dag.py:3096} INFO - Sync 1 DAGs
[2026-05-21T10:24:13.780+0000] {logging_mixin.py:188} INFO - [2026-05-21T10:24:13.780+0000] {dag.py:3954} INFO - Setting next_dagrun for produce_json to 2026-05-20 11:00:00+00:00, run_after=2026-05-21 11:00:00+00:00
[2026-05-21T10:24:13.798+0000] {processor.py:183} INFO - Processing /opt/airflow/dags/main.py took 0.144 seconds
[2026-05-21T10:24:44.010+0000] {processor.py:161} INFO - Started process (PID=2946) to work on /opt/airflow/dags/main.py
[2026-05-21T10:24:44.011+0000] {processor.py:830} INFO - Processing file /opt/airflow/dags/main.py for tasks to queue
[2026-05-21T10:24:44.013+0000] {logging_mixin.py:188} INFO - [2026-05-21T10:24:44.012+0000] {dagbag.py:545} INFO - Filling up the DagBag from /opt/airflow/dags/main.py
[2026-05-21T10:24:44.068+0000] {processor.py:840} INFO - DAG(s) 'produce_json' retrieved from /opt/airflow/dags/main.py
[2026-05-21T10:24:44.095+0000] {logging_mixin.py:188} INFO - [2026-05-21T10:24:44.095+0000] {dag.py:3096} INFO - Sync 1 DAGs
[2026-05-21T10:24:44.120+0000] {logging_mixin.py:188} INFO - [2026-05-21T10:24:44.119+0000] {dag.py:3954} INFO - Setting next_dagrun for produce_json to 2026-05-20 11:00:00+00:00, run_after=2026-05-21 11:00:00+00:00
[2026-05-21T10:24:44.150+0000] {processor.py:183} INFO - Processing /opt/airflow/dags/main.py took 0.147 seconds
[2026-05-21T10:25:14.347+0000] {processor.py:161} INFO - Started process (PID=2953) to work on /opt/airflow/dags/main.py
[2026-05-21T10:25:14.348+0000] {processor.py:830} INFO - Processing file /opt/airflow/dags/main.py for tasks to queue
[2026-05-21T10:25:14.351+0000] {logging_mixin.py:188} INFO - [2026-05-21T10:25:14.350+0000] {dagbag.py:545} INFO - Filling up the DagBag from /opt/airflow/dags/main.py
[2026-05-21T10:25:14.410+0000] {processor.py:840} INFO - DAG(s) 'produce_json' retrieved from /opt/airflow/dags/main.py
[2026-05-21T10:25:14.438+0000] {logging_mixin.py:188} INFO - [2026-05-21T10:25:14.438+0000] {dag.py:3096} INFO - Sync 1 DAGs
[2026-05-21T10:25:14.458+0000] {logging_mixin.py:188} INFO - [2026-05-21T10:25:14.458+0000] {dag.py:3954} INFO - Setting next_dagrun for produce_json to 2026-05-20 11:00:00+00:00, run_after=2026-05-21 11:00:00+00:00
[2026-05-21T10:25:14.489+0000] {processor.py:183} INFO - Processing /opt/airflow/dags/main.py took 0.150 seconds
[2026-05-21T10:25:44.655+0000] {processor.py:161} INFO - Started process (PID=2960) to work on /opt/airflow/dags/main.py
[2026-05-21T10:25:44.656+0000] {processor.py:830} INFO - Processing file /opt/airflow/dags/main.py for tasks to queue
[2026-05-21T10:25:44.660+0000] {logging_mixin.py:188} INFO - [2026-05-21T10:25:44.659+0000] {dagbag.py:545} INFO - Filling up the DagBag from /opt/airflow/dags/main.py
[2026-05-21T10:25:44.718+0000] {processor.py:840} INFO - DAG(s) 'produce_json' retrieved from /opt/airflow/dags/main.py
[2026-05-21T10:25:44.752+0000] {logging_mixin.py:188} INFO - [2026-05-21T10:25:44.751+0000] {dag.py:3096} INFO - Sync 1 DAGs
[2026-05-21T10:25:44.777+0000] {logging_mixin.py:188} INFO - [2026-05-21T10:25:44.776+0000] {dag.py:3954} INFO - Setting next_dagrun for produce_json to 2026-05-20 11:00:00+00:00, run_after=2026-05-21 11:00:00+00:00
[2026-05-21T10:25:44.808+0000] {processor.py:183} INFO - Processing /opt/airflow/dags/main.py took 0.162 seconds
[2026-05-21T10:26:15.078+0000] {processor.py:161} INFO - Started process (PID=2967) to work on /opt/airflow/dags/main.py
[2026-05-21T10:26:15.079+0000] {processor.py:830} INFO - Processing file /opt/airflow/dags/main.py for tasks to queue
[2026-05-21T10:26:15.081+0000] {logging_mixin.py:188} INFO - [2026-05-21T10:26:15.081+0000] {dagbag.py:545} INFO - Filling up the DagBag from /opt/airflow/dags/main.py
[2026-05-21T10:26:15.130+0000] {processor.py:840} INFO - DAG(s) 'produce_json' retrieved from /opt/airflow/dags/main.py
[2026-05-21T10:26:15.163+0000] {logging_mixin.py:188} INFO - [2026-05-21T10:26:15.163+0000] {dag.py:3096} INFO - Sync 1 DAGs
[2026-05-21T10:26:15.183+0000] {logging_mixin.py:188} INFO - [2026-05-21T10:26:15.183+0000] {dag.py:3954} INFO - Setting next_dagrun for produce_json to 2026-05-20 11:00:00+00:00, run_after=2026-05-21 11:00:00+00:00
[2026-05-21T10:26:15.206+0000] {processor.py:183} INFO - Processing /opt/airflow/dags/main.py took 0.135 seconds
[2026-05-21T10:26:45.443+0000] {processor.py:161} INFO - Started process (PID=2974) to work on /opt/airflow/dags/main.py
[2026-05-21T10:26:45.444+0000] {processor.py:830} INFO - Processing file /opt/airflow/dags/main.py for tasks to queue
[2026-05-21T10:26:45.446+0000] {logging_mixin.py:188} INFO - [2026-05-21T10:26:45.446+0000] {dagbag.py:545} INFO - Filling up the DagBag from /opt/airflow/dags/main.py
[2026-05-21T10:26:45.494+0000] {processor.py:840} INFO - DAG(s) 'produce_json' retrieved from /opt/airflow/dags/main.py
[2026-05-21T10:26:45.521+0000] {logging_mixin.py:188} INFO - [2026-05-21T10:26:45.520+0000] {dag.py:3096} INFO - Sync 1 DAGs
[2026-05-21T10:26:45.543+0000] {logging_mixin.py:188} INFO - [2026-05-21T10:26:45.543+0000] {dag.py:3954} INFO - Setting next_dagrun for produce_json to 2026-05-20 11:00:00+00:00, run_after=2026-05-21 11:00:00+00:00
[2026-05-21T10:26:45.573+0000] {processor.py:183} INFO - Processing /opt/airflow/dags/main.py took 0.137 seconds
[2026-05-21T10:27:15.890+0000] {processor.py:161} INFO - Started process (PID=2981) to work on /opt/airflow/dags/main.py
[2026-05-21T10:27:15.891+0000] {processor.py:830} INFO - Processing file /opt/airflow/dags/main.py for tasks to queue
[2026-05-21T10:27:15.893+0000] {logging_mixin.py:188} INFO - [2026-05-21T10:27:15.893+0000] {dagbag.py:545} INFO - Filling up the DagBag from /opt/airflow/dags/main.py
[2026-05-21T10:27:15.944+0000] {processor.py:840} INFO - DAG(s) 'produce_json' retrieved from /opt/airflow/dags/main.py
[2026-05-21T10:27:15.970+0000] {logging_mixin.py:188} INFO - [2026-05-21T10:27:15.970+0000] {dag.py:3096} INFO - Sync 1 DAGs
[2026-05-21T10:27:15.991+0000] {logging_mixin.py:188} INFO - [2026-05-21T10:27:15.991+0000] {dag.py:3954} INFO - Setting next_dagrun for produce_json to 2026-05-20 11:00:00+00:00, run_after=2026-05-21 11:00:00+00:00
[2026-05-21T10:27:16.011+0000] {processor.py:183} INFO - Processing /opt/airflow/dags/main.py took 0.127 seconds
[2026-05-21T10:27:46.296+0000] {processor.py:161} INFO - Started process (PID=2988) to work on /opt/airflow/dags/main.py
[2026-05-21T10:27:46.297+0000] {processor.py:830} INFO - Processing file /opt/airflow/dags/main.py for tasks to queue
[2026-05-21T10:27:46.299+0000] {logging_mixin.py:188} INFO - [2026-05-21T10:27:46.299+0000] {dagbag.py:545} INFO - Filling up the DagBag from /opt/airflow/dags/main.py
[2026-05-21T10:27:46.348+0000] {processor.py:840} INFO - DAG(s) 'produce_json' retrieved from /opt/airflow/dags/main.py
[2026-05-21T10:27:46.375+0000] {logging_mixin.py:188} INFO - [2026-05-21T10:27:46.374+0000] {dag.py:3096} INFO - Sync 1 DAGs
[2026-05-21T10:27:46.396+0000] {logging_mixin.py:188} INFO - [2026-05-21T10:27:46.396+0000] {dag.py:3954} INFO - Setting next_dagrun for produce_json to 2026-05-20 11:00:00+00:00, run_after=2026-05-21 11:00:00+00:00
[2026-05-21T10:27:46.426+0000] {processor.py:183} INFO - Processing /opt/airflow/dags/main.py took 0.135 seconds
[2026-05-21T10:28:16.763+0000] {processor.py:161} INFO - Started process (PID=2995) to work on /opt/airflow/dags/main.py
[2026-05-21T10:28:16.764+0000] {processor.py:830} INFO - Processing file /opt/airflow/dags/main.py for tasks to queue
[2026-05-21T10:28:16.766+0000] {logging_mixin.py:188} INFO - [2026-05-21T10:28:16.766+0000] {dagbag.py:545} INFO - Filling up the DagBag from /opt/airflow/dags/main.py
[2026-05-21T10:28:16.814+0000] {processor.py:840} INFO - DAG(s) 'produce_json' retrieved from /opt/airflow/dags/main.py
[2026-05-21T10:28:16.843+0000] {logging_mixin.py:188} INFO - [2026-05-21T10:28:16.843+0000] {dag.py:3096} INFO - Sync 1 DAGs
[2026-05-21T10:28:16.865+0000] {logging_mixin.py:188} INFO - [2026-05-21T10:28:16.864+0000] {dag.py:3954} INFO - Setting next_dagrun for produce_json to 2026-05-20 11:00:00+00:00, run_after=2026-05-21 11:00:00+00:00
[2026-05-21T10:28:16.902+0000] {processor.py:183} INFO - Processing /opt/airflow/dags/main.py took 0.145 seconds
[2026-05-21T10:28:47.024+0000] {processor.py:161} INFO - Started process (PID=3002) to work on /opt/airflow/dags/main.py
[2026-05-21T10:28:47.025+0000] {processor.py:830} INFO - Processing file /opt/airflow/dags/main.py for tasks to queue
[2026-05-21T10:28:47.027+0000] {logging_mixin.py:188} INFO - [2026-05-21T10:28:47.027+0000] {dagbag.py:545} INFO - Filling up the DagBag from /opt/airflow/dags/main.py
[2026-05-21T10:28:47.084+0000] {processor.py:840} INFO - DAG(s) 'produce_json' retrieved from /opt/airflow/dags/main.py
[2026-05-21T10:28:47.112+0000] {logging_mixin.py:188} INFO - [2026-05-21T10:28:47.112+0000] {dag.py:3096} INFO - Sync 1 DAGs
[2026-05-21T10:28:47.135+0000] {logging_mixin.py:188} INFO - [2026-05-21T10:28:47.135+0000] {dag.py:3954} INFO - Setting next_dagrun for produce_json to 2026-05-20 11:00:00+00:00, run_after=2026-05-21 11:00:00+00:00
[2026-05-21T10:28:47.156+0000] {processor.py:183} INFO - Processing /opt/airflow/dags/main.py took 0.139 seconds
[2026-05-21T10:29:17.372+0000] {processor.py:161} INFO - Started process (PID=3009) to work on /opt/airflow/dags/main.py
[2026-05-21T10:29:17.373+0000] {processor.py:830} INFO - Processing file /opt/airflow/dags/main.py for tasks to queue
[2026-05-21T10:29:17.376+0000] {logging_mixin.py:188} INFO - [2026-05-21T10:29:17.375+0000] {dagbag.py:545} INFO - Filling up the DagBag from /opt/airflow/dags/main.py
[2026-05-21T10:29:17.425+0000] {processor.py:840} INFO - DAG(s) 'produce_json' retrieved from /opt/airflow/dags/main.py
[2026-05-21T10:29:17.452+0000] {logging_mixin.py:188} INFO - [2026-05-21T10:29:17.452+0000] {dag.py:3096} INFO - Sync 1 DAGs
[2026-05-21T10:29:17.471+0000] {logging_mixin.py:188} INFO - [2026-05-21T10:29:17.471+0000] {dag.py:3954} INFO - Setting next_dagrun for produce_json to 2026-05-20 11:00:00+00:00, run_after=2026-05-21 11:00:00+00:00
[2026-05-21T10:29:17.501+0000] {processor.py:183} INFO - Processing /opt/airflow/dags/main.py took 0.135 seconds
[2026-05-21T10:29:47.766+0000] {processor.py:161} INFO - Started process (PID=3016) to work on /opt/airflow/dags/main.py
[2026-05-21T10:29:47.767+0000] {processor.py:830} INFO - Processing file /opt/airflow/dags/main.py for tasks to queue
[2026-05-21T10:29:47.770+0000] {logging_mixin.py:188} INFO - [2026-05-21T10:29:47.769+0000] {dagbag.py:545} INFO - Filling up the DagBag from /opt/airflow/dags/main.py
[2026-05-21T10:29:47.818+0000] {processor.py:840} INFO - DAG(s) 'produce_json' retrieved from /opt/airflow/dags/main.py
[2026-05-21T10:29:47.844+0000] {logging_mixin.py:188} INFO - [2026-05-21T10:29:47.844+0000] {dag.py:3096} INFO - Sync 1 DAGs
[2026-05-21T10:29:47.864+0000] {logging_mixin.py:188} INFO - [2026-05-21T10:29:47.864+0000] {dag.py:3954} INFO - Setting next_dagrun for produce_json to 2026-05-20 11:00:00+00:00, run_after=2026-05-21 11:00:00+00:00
[2026-05-21T10:29:47.893+0000] {processor.py:183} INFO - Processing /opt/airflow/dags/main.py took 0.132 seconds
[2026-05-21T10:30:18.170+0000] {processor.py:161} INFO - Started process (PID=3023) to work on /opt/airflow/dags/main.py
[2026-05-21T10:30:18.171+0000] {processor.py:830} INFO - Processing file /opt/airflow/dags/main.py for tasks to queue
[2026-05-21T10:30:18.174+0000] {logging_mixin.py:188} INFO - [2026-05-21T10:30:18.173+0000] {dagbag.py:545} INFO - Filling up the DagBag from /opt/airflow/dags/main.py
[2026-05-21T10:30:18.227+0000] {processor.py:840} INFO - DAG(s) 'produce_json' retrieved from /opt/airflow/dags/main.py
[2026-05-21T10:30:18.254+0000] {logging_mixin.py:188} INFO - [2026-05-21T10:30:18.253+0000] {dag.py:3096} INFO - Sync 1 DAGs
[2026-05-21T10:30:18.274+0000] {logging_mixin.py:188} INFO - [2026-05-21T10:30:18.273+0000] {dag.py:3954} INFO - Setting next_dagrun for produce_json to 2026-05-20 11:00:00+00:00, run_after=2026-05-21 11:00:00+00:00
[2026-05-21T10:30:18.291+0000] {processor.py:183} INFO - Processing /opt/airflow/dags/main.py took 0.129 seconds
[2026-05-21T10:30:48.541+0000] {processor.py:161} INFO - Started process (PID=3030) to work on /opt/airflow/dags/main.py
[2026-05-21T10:30:48.542+0000] {processor.py:830} INFO - Processing file /opt/airflow/dags/main.py for tasks to queue
[2026-05-21T10:30:48.544+0000] {logging_mixin.py:188} INFO - [2026-05-21T10:30:48.544+0000] {dagbag.py:545} INFO - Filling up the DagBag from /opt/airflow/dags/main.py
[2026-05-21T10:30:48.595+0000] {processor.py:840} INFO - DAG(s) 'produce_json' retrieved from /opt/airflow/dags/main.py
[2026-05-21T10:30:48.621+0000] {logging_mixin.py:188} INFO - [2026-05-21T10:30:48.621+0000] {dag.py:3096} INFO - Sync 1 DAGs
[2026-05-21T10:30:48.640+0000] {logging_mixin.py:188} INFO - [2026-05-21T10:30:48.640+0000] {dag.py:3954} INFO - Setting next_dagrun for produce_json to 2026-05-20 11:00:00+00:00, run_after=2026-05-21 11:00:00+00:00
[2026-05-21T10:30:48.658+0000] {processor.py:183} INFO - Processing /opt/airflow/dags/main.py took 0.124 seconds
[2026-05-21T10:31:18.909+0000] {processor.py:161} INFO - Started process (PID=3037) to work on /opt/airflow/dags/main.py
[2026-05-21T10:31:18.910+0000] {processor.py:830} INFO - Processing file /opt/airflow/dags/main.py for tasks to queue
[2026-05-21T10:31:18.912+0000] {logging_mixin.py:188} INFO - [2026-05-21T10:31:18.912+0000] {dagbag.py:545} INFO - Filling up the DagBag from /opt/airflow/dags/main.py
[2026-05-21T10:31:18.961+0000] {processor.py:840} INFO - DAG(s) 'produce_json' retrieved from /opt/airflow/dags/main.py
[2026-05-21T10:31:18.988+0000] {logging_mixin.py:188} INFO - [2026-05-21T10:31:18.988+0000] {dag.py:3096} INFO - Sync 1 DAGs
[2026-05-21T10:31:19.007+0000] {logging_mixin.py:188} INFO - [2026-05-21T10:31:19.007+0000] {dag.py:3954} INFO - Setting next_dagrun for produce_json to 2026-05-20 11:00:00+00:00, run_after=2026-05-21 11:00:00+00:00
[2026-05-21T10:31:19.026+0000] {processor.py:183} INFO - Processing /opt/airflow/dags/main.py took 0.123 seconds
[2026-05-21T10:31:49.546+0000] {processor.py:161} INFO - Started process (PID=3045) to work on /opt/airflow/dags/main.py
[2026-05-21T10:31:49.547+0000] {processor.py:830} INFO - Processing file /opt/airflow/dags/main.py for tasks to queue
[2026-05-21T10:31:49.549+0000] {logging_mixin.py:188} INFO - [2026-05-21T10:31:49.549+0000] {dagbag.py:545} INFO - Filling up the DagBag from /opt/airflow/dags/main.py
[2026-05-21T10:31:49.596+0000] {processor.py:840} INFO - DAG(s) 'produce_json' retrieved from /opt/airflow/dags/main.py
[2026-05-21T10:31:49.622+0000] {logging_mixin.py:188} INFO - [2026-05-21T10:31:49.622+0000] {dag.py:3096} INFO - Sync 1 DAGs
[2026-05-21T10:31:49.641+0000] {logging_mixin.py:188} INFO - [2026-05-21T10:31:49.641+0000] {dag.py:3954} INFO - Setting next_dagrun for produce_json to 2026-05-20 11:00:00+00:00, run_after=2026-05-21 11:00:00+00:00
[2026-05-21T10:31:49.660+0000] {processor.py:183} INFO - Processing /opt/airflow/dags/main.py took 0.120 seconds
[2026-05-21T10:32:19.892+0000] {processor.py:161} INFO - Started process (PID=3052) to work on /opt/airflow/dags/main.py
[2026-05-21T10:32:19.893+0000] {processor.py:830} INFO - Processing file /opt/airflow/dags/main.py for tasks to queue
[2026-05-21T10:32:19.895+0000] {logging_mixin.py:188} INFO - [2026-05-21T10:32:19.895+0000] {dagbag.py:545} INFO - Filling up the DagBag from /opt/airflow/dags/main.py
[2026-05-21T10:32:19.943+0000] {processor.py:840} INFO - DAG(s) 'produce_json' retrieved from /opt/airflow/dags/main.py
[2026-05-21T10:32:19.970+0000] {logging_mixin.py:188} INFO - [2026-05-21T10:32:19.970+0000] {dag.py:3096} INFO - Sync 1 DAGs
[2026-05-21T10:32:19.990+0000] {logging_mixin.py:188} INFO - [2026-05-21T10:32:19.990+0000] {dag.py:3954} INFO - Setting next_dagrun for produce_json to 2026-05-20 11:00:00+00:00, run_after=2026-05-21 11:00:00+00:00
[2026-05-21T10:32:20.018+0000] {processor.py:183} INFO - Processing /opt/airflow/dags/main.py took 0.132 seconds
[2026-05-21T10:32:50.301+0000] {processor.py:161} INFO - Started process (PID=3059) to work on /opt/airflow/dags/main.py
[2026-05-21T10:32:50.302+0000] {processor.py:830} INFO - Processing file /opt/airflow/dags/main.py for tasks to queue
[2026-05-21T10:32:50.304+0000] {logging_mixin.py:188} INFO - [2026-05-21T10:32:50.304+0000] {dagbag.py:545} INFO - Filling up the DagBag from /opt/airflow/dags/main.py
[2026-05-21T10:32:50.349+0000] {processor.py:840} INFO - DAG(s) 'produce_json' retrieved from /opt/airflow/dags/main.py
[2026-05-21T10:32:50.375+0000] {logging_mixin.py:188} INFO - [2026-05-21T10:32:50.375+0000] {dag.py:3096} INFO - Sync 1 DAGs
[2026-05-21T10:32:50.396+0000] {logging_mixin.py:188} INFO - [2026-05-21T10:32:50.395+0000] {dag.py:3954} INFO - Setting next_dagrun for produce_json to 2026-05-20 11:00:00+00:00, run_after=2026-05-21 11:00:00+00:00
[2026-05-21T10:32:50.413+0000] {processor.py:183} INFO - Processing /opt/airflow/dags/main.py took 0.118 seconds
[2026-05-21T10:33:20.651+0000] {processor.py:161} INFO - Started process (PID=3066) to work on /opt/airflow/dags/main.py
[2026-05-21T10:33:20.652+0000] {processor.py:830} INFO - Processing file /opt/airflow/dags/main.py for tasks to queue
[2026-05-21T10:33:20.654+0000] {logging_mixin.py:188} INFO - [2026-05-21T10:33:20.654+0000] {dagbag.py:545} INFO - Filling up the DagBag from /opt/airflow/dags/main.py
[2026-05-21T10:33:20.703+0000] {processor.py:840} INFO - DAG(s) 'produce_json' retrieved from /opt/airflow/dags/main.py
[2026-05-21T10:33:20.730+0000] {logging_mixin.py:188} INFO - [2026-05-21T10:33:20.730+0000] {dag.py:3096} INFO - Sync 1 DAGs
[2026-05-21T10:33:20.750+0000] {logging_mixin.py:188} INFO - [2026-05-21T10:33:20.750+0000] {dag.py:3954} INFO - Setting next_dagrun for produce_json to 2026-05-20 11:00:00+00:00, run_after=2026-05-21 11:00:00+00:00
[2026-05-21T10:33:20.778+0000] {processor.py:183} INFO - Processing /opt/airflow/dags/main.py took 0.134 seconds
[2026-05-21T10:33:51.042+0000] {processor.py:161} INFO - Started process (PID=3073) to work on /opt/airflow/dags/main.py
[2026-05-21T10:33:51.043+0000] {processor.py:830} INFO - Processing file /opt/airflow/dags/main.py for tasks to queue
[2026-05-21T10:33:51.045+0000] {logging_mixin.py:188} INFO - [2026-05-21T10:33:51.044+0000] {dagbag.py:545} INFO - Filling up the DagBag from /opt/airflow/dags/main.py
[2026-05-21T10:33:51.096+0000] {processor.py:840} INFO - DAG(s) 'produce_json' retrieved from /opt/airflow/dags/main.py
[2026-05-21T10:33:51.123+0000] {logging_mixin.py:188} INFO - [2026-05-21T10:33:51.122+0000] {dag.py:3096} INFO - Sync 1 DAGs
[2026-05-21T10:33:51.142+0000] {logging_mixin.py:188} INFO - [2026-05-21T10:33:51.141+0000] {dag.py:3954} INFO - Setting next_dagrun for produce_json to 2026-05-20 11:00:00+00:00, run_after=2026-05-21 11:00:00+00:00
[2026-05-21T10:33:51.171+0000] {processor.py:183} INFO - Processing /opt/airflow/dags/main.py took 0.136 seconds
[2026-05-21T10:34:21.468+0000] {processor.py:161} INFO - Started process (PID=3080) to work on /opt/airflow/dags/main.py
[2026-05-21T10:34:21.469+0000] {processor.py:830} INFO - Processing file /opt/airflow/dags/main.py for tasks to queue
[2026-05-21T10:34:21.471+0000] {logging_mixin.py:188} INFO - [2026-05-21T10:34:21.471+0000] {dagbag.py:545} INFO - Filling up the DagBag from /opt/airflow/dags/main.py
[2026-05-21T10:34:21.523+0000] {processor.py:840} INFO - DAG(s) 'produce_json' retrieved from /opt/airflow/dags/main.py
[2026-05-21T10:34:21.549+0000] {logging_mixin.py:188} INFO - [2026-05-21T10:34:21.548+0000] {dag.py:3096} INFO - Sync 1 DAGs
[2026-05-21T10:34:21.568+0000] {logging_mixin.py:188} INFO - [2026-05-21T10:34:21.567+0000] {dag.py:3954} INFO - Setting next_dagrun for produce_json to 2026-05-20 11:00:00+00:00, run_after=2026-05-21 11:00:00+00:00
[2026-05-21T10:34:21.594+0000] {processor.py:183} INFO - Processing /opt/airflow/dags/main.py took 0.132 seconds
[2026-05-21T10:34:51.840+0000] {processor.py:161} INFO - Started process (PID=3087) to work on /opt/airflow/dags/main.py
[2026-05-21T10:34:51.841+0000] {processor.py:830} INFO - Processing file /opt/airflow/dags/main.py for tasks to queue
[2026-05-21T10:34:51.843+0000] {logging_mixin.py:188} INFO - [2026-05-21T10:34:51.843+0000] {dagbag.py:545} INFO - Filling up the DagBag from /opt/airflow/dags/main.py
[2026-05-21T10:34:51.891+0000] {processor.py:840} INFO - DAG(s) 'produce_json' retrieved from /opt/airflow/dags/main.py
[2026-05-21T10:34:51.917+0000] {logging_mixin.py:188} INFO - [2026-05-21T10:34:51.917+0000] {dag.py:3096} INFO - Sync 1 DAGs
[2026-05-21T10:34:51.936+0000] {logging_mixin.py:188} INFO - [2026-05-21T10:34:51.935+0000] {dag.py:3954} INFO - Setting next_dagrun for produce_json to 2026-05-20 11:00:00+00:00, run_after=2026-05-21 11:00:00+00:00
[2026-05-21T10:34:51.966+0000] {processor.py:183} INFO - Processing /opt/airflow/dags/main.py took 0.132 seconds
[2026-05-21T10:35:22.241+0000] {processor.py:161} INFO - Started process (PID=3094) to work on /opt/airflow/dags/main.py
[2026-05-21T10:35:22.242+0000] {processor.py:830} INFO - Processing file /opt/airflow/dags/main.py for tasks to queue
[2026-05-21T10:35:22.245+0000] {logging_mixin.py:188} INFO - [2026-05-21T10:35:22.244+0000] {dagbag.py:545} INFO - Filling up the DagBag from /opt/airflow/dags/main.py
[2026-05-21T10:35:22.299+0000] {processor.py:840} INFO - DAG(s) 'produce_json' retrieved from /opt/airflow/dags/main.py
[2026-05-21T10:35:22.330+0000] {logging_mixin.py:188} INFO - [2026-05-21T10:35:22.330+0000] {dag.py:3096} INFO - Sync 1 DAGs
[2026-05-21T10:35:22.353+0000] {logging_mixin.py:188} INFO - [2026-05-21T10:35:22.353+0000] {dag.py:3954} INFO - Setting next_dagrun for produce_json to 2026-05-20 11:00:00+00:00, run_after=2026-05-21 11:00:00+00:00
[2026-05-21T10:35:22.372+0000] {processor.py:183} INFO - Processing /opt/airflow/dags/main.py took 0.140 seconds
[2026-05-21T10:35:52.678+0000] {processor.py:161} INFO - Started process (PID=3101) to work on /opt/airflow/dags/main.py
[2026-05-21T10:35:52.679+0000] {processor.py:830} INFO - Processing file /opt/airflow/dags/main.py for tasks to queue
[2026-05-21T10:35:52.681+0000] {logging_mixin.py:188} INFO - [2026-05-21T10:35:52.681+0000] {dagbag.py:545} INFO - Filling up the DagBag from /opt/airflow/dags/main.py
[2026-05-21T10:35:52.738+0000] {processor.py:840} INFO - DAG(s) 'produce_json' retrieved from /opt/airflow/dags/main.py
[2026-05-21T10:35:52.766+0000] {logging_mixin.py:188} INFO - [2026-05-21T10:35:52.766+0000] {dag.py:3096} INFO - Sync 1 DAGs
[2026-05-21T10:35:52.787+0000] {logging_mixin.py:188} INFO - [2026-05-21T10:35:52.787+0000] {dag.py:3954} INFO - Setting next_dagrun for produce_json to 2026-05-20 11:00:00+00:00, run_after=2026-05-21 11:00:00+00:00
[2026-05-21T10:35:52.810+0000] {processor.py:183} INFO - Processing /opt/airflow/dags/main.py took 0.139 seconds
[2026-05-21T10:36:23.082+0000] {processor.py:161} INFO - Started process (PID=3109) to work on /opt/airflow/dags/main.py
[2026-05-21T10:36:23.083+0000] {processor.py:830} INFO - Processing file /opt/airflow/dags/main.py for tasks to queue
[2026-05-21T10:36:23.086+0000] {logging_mixin.py:188} INFO - [2026-05-21T10:36:23.086+0000] {dagbag.py:545} INFO - Filling up the DagBag from /opt/airflow/dags/main.py
[2026-05-21T10:36:23.151+0000] {processor.py:840} INFO - DAG(s) 'produce_json' retrieved from /opt/airflow/dags/main.py
[2026-05-21T10:36:23.181+0000] {logging_mixin.py:188} INFO - [2026-05-21T10:36:23.181+0000] {dag.py:3096} INFO - Sync 1 DAGs
[2026-05-21T10:36:23.201+0000] {logging_mixin.py:188} INFO - [2026-05-21T10:36:23.201+0000] {dag.py:3954} INFO - Setting next_dagrun for produce_json to 2026-05-20 11:00:00+00:00, run_after=2026-05-21 11:00:00+00:00
[2026-05-21T10:36:23.219+0000] {processor.py:183} INFO - Processing /opt/airflow/dags/main.py took 0.143 seconds
[2026-05-21T10:36:53.568+0000] {processor.py:161} INFO - Started process (PID=3121) to work on /opt/airflow/dags/main.py
[2026-05-21T10:36:53.569+0000] {processor.py:830} INFO - Processing file /opt/airflow/dags/main.py for tasks to queue
[2026-05-21T10:36:53.572+0000] {logging_mixin.py:188} INFO - [2026-05-21T10:36:53.571+0000] {dagbag.py:545} INFO - Filling up the DagBag from /opt/airflow/dags/main.py
[2026-05-21T10:36:53.619+0000] {processor.py:840} INFO - DAG(s) 'produce_json' retrieved from /opt/airflow/dags/main.py
[2026-05-21T10:36:53.647+0000] {logging_mixin.py:188} INFO - [2026-05-21T10:36:53.647+0000] {dag.py:3096} INFO - Sync 1 DAGs
[2026-05-21T10:36:53.666+0000] {logging_mixin.py:188} INFO - [2026-05-21T10:36:53.666+0000] {dag.py:3954} INFO - Setting next_dagrun for produce_json to 2026-05-20 11:00:00+00:00, run_after=2026-05-21 11:00:00+00:00
[2026-05-21T10:36:53.694+0000] {processor.py:183} INFO - Processing /opt/airflow/dags/main.py took 0.132 seconds
[2026-05-21T10:37:24.005+0000] {processor.py:161} INFO - Started process (PID=3128) to work on /opt/airflow/dags/main.py
[2026-05-21T10:37:24.006+0000] {processor.py:830} INFO - Processing file /opt/airflow/dags/main.py for tasks to queue
[2026-05-21T10:37:24.008+0000] {logging_mixin.py:188} INFO - [2026-05-21T10:37:24.008+0000] {dagbag.py:545} INFO - Filling up the DagBag from /opt/airflow/dags/main.py
[2026-05-21T10:37:24.057+0000] {processor.py:840} INFO - DAG(s) 'produce_json' retrieved from /opt/airflow/dags/main.py
[2026-05-21T10:37:24.084+0000] {logging_mixin.py:188} INFO - [2026-05-21T10:37:24.083+0000] {dag.py:3096} INFO - Sync 1 DAGs
[2026-05-21T10:37:24.103+0000] {logging_mixin.py:188} INFO - [2026-05-21T10:37:24.102+0000] {dag.py:3954} INFO - Setting next_dagrun for produce_json to 2026-05-20 11:00:00+00:00, run_after=2026-05-21 11:00:00+00:00
[2026-05-21T10:37:24.120+0000] {processor.py:183} INFO - Processing /opt/airflow/dags/main.py took 0.121 seconds
[2026-05-21T10:37:54.443+0000] {processor.py:161} INFO - Started process (PID=3135) to work on /opt/airflow/dags/main.py
[2026-05-21T10:37:54.444+0000] {processor.py:830} INFO - Processing file /opt/airflow/dags/main.py for tasks to queue
[2026-05-21T10:37:54.446+0000] {logging_mixin.py:188} INFO - [2026-05-21T10:37:54.446+0000] {dagbag.py:545} INFO - Filling up the DagBag from /opt/airflow/dags/main.py
[2026-05-21T10:37:54.494+0000] {processor.py:840} INFO - DAG(s) 'produce_json' retrieved from /opt/airflow/dags/main.py
[2026-05-21T10:37:54.520+0000] {logging_mixin.py:188} INFO - [2026-05-21T10:37:54.520+0000] {dag.py:3096} INFO - Sync 1 DAGs
[2026-05-21T10:37:54.539+0000] {logging_mixin.py:188} INFO - [2026-05-21T10:37:54.539+0000] {dag.py:3954} INFO - Setting next_dagrun for produce_json to 2026-05-20 11:00:00+00:00, run_after=2026-05-21 11:00:00+00:00
[2026-05-21T10:37:54.574+0000] {processor.py:183} INFO - Processing /opt/airflow/dags/main.py took 0.137 seconds
[2026-05-21T10:38:24.866+0000] {processor.py:161} INFO - Started process (PID=3142) to work on /opt/airflow/dags/main.py
[2026-05-21T10:38:24.867+0000] {processor.py:830} INFO - Processing file /opt/airflow/dags/main.py for tasks to queue
[2026-05-21T10:38:24.870+0000] {logging_mixin.py:188} INFO - [2026-05-21T10:38:24.869+0000] {dagbag.py:545} INFO - Filling up the DagBag from /opt/airflow/dags/main.py
[2026-05-21T10:38:24.919+0000] {processor.py:840} INFO - DAG(s) 'produce_json' retrieved from /opt/airflow/dags/main.py
[2026-05-21T10:38:24.946+0000] {logging_mixin.py:188} INFO - [2026-05-21T10:38:24.945+0000] {dag.py:3096} INFO - Sync 1 DAGs
[2026-05-21T10:38:24.966+0000] {logging_mixin.py:188} INFO - [2026-05-21T10:38:24.966+0000] {dag.py:3954} INFO - Setting next_dagrun for produce_json to 2026-05-20 11:00:00+00:00, run_after=2026-05-21 11:00:00+00:00
[2026-05-21T10:38:24.982+0000] {processor.py:183} INFO - Processing /opt/airflow/dags/main.py took 0.123 seconds
[2026-05-21T10:38:55.254+0000] {processor.py:161} INFO - Started process (PID=3149) to work on /opt/airflow/dags/main.py
[2026-05-21T10:38:55.255+0000] {processor.py:830} INFO - Processing file /opt/airflow/dags/main.py for tasks to queue
[2026-05-21T10:38:55.257+0000] {logging_mixin.py:188} INFO - [2026-05-21T10:38:55.257+0000] {dagbag.py:545} INFO - Filling up the DagBag from /opt/airflow/dags/main.py
[2026-05-21T10:38:55.304+0000] {processor.py:840} INFO - DAG(s) 'produce_json' retrieved from /opt/airflow/dags/main.py
[2026-05-21T10:38:55.331+0000] {logging_mixin.py:188} INFO - [2026-05-21T10:38:55.331+0000] {dag.py:3096} INFO - Sync 1 DAGs
[2026-05-21T10:38:55.351+0000] {logging_mixin.py:188} INFO - [2026-05-21T10:38:55.350+0000] {dag.py:3954} INFO - Setting next_dagrun for produce_json to 2026-05-20 11:00:00+00:00, run_after=2026-05-21 11:00:00+00:00
[2026-05-21T10:38:55.379+0000] {processor.py:183} INFO - Processing /opt/airflow/dags/main.py took 0.131 seconds
[2026-05-21T10:39:25.712+0000] {processor.py:161} INFO - Started process (PID=3156) to work on /opt/airflow/dags/main.py
[2026-05-21T10:39:25.713+0000] {processor.py:830} INFO - Processing file /opt/airflow/dags/main.py for tasks to queue
[2026-05-21T10:39:25.715+0000] {logging_mixin.py:188} INFO - [2026-05-21T10:39:25.714+0000] {dagbag.py:545} INFO - Filling up the DagBag from /opt/airflow/dags/main.py
[2026-05-21T10:39:25.762+0000] {processor.py:840} INFO - DAG(s) 'produce_json' retrieved from /opt/airflow/dags/main.py
[2026-05-21T10:39:25.789+0000] {logging_mixin.py:188} INFO - [2026-05-21T10:39:25.789+0000] {dag.py:3096} INFO - Sync 1 DAGs
[2026-05-21T10:39:25.808+0000] {logging_mixin.py:188} INFO - [2026-05-21T10:39:25.808+0000] {dag.py:3954} INFO - Setting next_dagrun for produce_json to 2026-05-20 11:00:00+00:00, run_after=2026-05-21 11:00:00+00:00
[2026-05-21T10:39:25.824+0000] {processor.py:183} INFO - Processing /opt/airflow/dags/main.py took 0.118 seconds
[2026-05-21T10:39:56.024+0000] {processor.py:161} INFO - Started process (PID=3164) to work on /opt/airflow/dags/main.py
[2026-05-21T10:39:56.025+0000] {processor.py:830} INFO - Processing file /opt/airflow/dags/main.py for tasks to queue
[2026-05-21T10:39:56.027+0000] {logging_mixin.py:188} INFO - [2026-05-21T10:39:56.027+0000] {dagbag.py:545} INFO - Filling up the DagBag from /opt/airflow/dags/main.py
[2026-05-21T10:39:56.077+0000] {processor.py:840} INFO - DAG(s) 'produce_json' retrieved from /opt/airflow/dags/main.py
[2026-05-21T10:39:56.103+0000] {logging_mixin.py:188} INFO - [2026-05-21T10:39:56.103+0000] {dag.py:3096} INFO - Sync 1 DAGs
[2026-05-21T10:39:56.123+0000] {logging_mixin.py:188} INFO - [2026-05-21T10:39:56.123+0000] {dag.py:3954} INFO - Setting next_dagrun for produce_json to 2026-05-20 11:00:00+00:00, run_after=2026-05-21 11:00:00+00:00
[2026-05-21T10:39:56.146+0000] {processor.py:183} INFO - Processing /opt/airflow/dags/main.py took 0.127 seconds
[2026-05-21T10:40:26.461+0000] {processor.py:161} INFO - Started process (PID=3171) to work on /opt/airflow/dags/main.py
[2026-05-21T10:40:26.462+0000] {processor.py:830} INFO - Processing file /opt/airflow/dags/main.py for tasks to queue
[2026-05-21T10:40:26.464+0000] {logging_mixin.py:188} INFO - [2026-05-21T10:40:26.464+0000] {dagbag.py:545} INFO - Filling up the DagBag from /opt/airflow/dags/main.py
[2026-05-21T10:40:26.527+0000] {processor.py:840} INFO - DAG(s) 'produce_json' retrieved from /opt/airflow/dags/main.py
[2026-05-21T10:40:26.554+0000] {logging_mixin.py:188} INFO - [2026-05-21T10:40:26.553+0000] {dag.py:3096} INFO - Sync 1 DAGs
[2026-05-21T10:40:26.573+0000] {logging_mixin.py:188} INFO - [2026-05-21T10:40:26.572+0000] {dag.py:3954} INFO - Setting next_dagrun for produce_json to 2026-05-20 11:00:00+00:00, run_after=2026-05-21 11:00:00+00:00
[2026-05-21T10:40:26.591+0000] {processor.py:183} INFO - Processing /opt/airflow/dags/main.py took 0.136 seconds
[2026-05-21T10:40:56.682+0000] {processor.py:161} INFO - Started process (PID=3178) to work on /opt/airflow/dags/main.py
[2026-05-21T10:40:56.683+0000] {processor.py:830} INFO - Processing file /opt/airflow/dags/main.py for tasks to queue
[2026-05-21T10:40:56.685+0000] {logging_mixin.py:188} INFO - [2026-05-21T10:40:56.684+0000] {dagbag.py:545} INFO - Filling up the DagBag from /opt/airflow/dags/main.py
[2026-05-21T10:40:56.733+0000] {processor.py:840} INFO - DAG(s) 'produce_json' retrieved from /opt/airflow/dags/main.py
[2026-05-21T10:40:56.762+0000] {logging_mixin.py:188} INFO - [2026-05-21T10:40:56.762+0000] {dag.py:3096} INFO - Sync 1 DAGs
[2026-05-21T10:40:56.782+0000] {logging_mixin.py:188} INFO - [2026-05-21T10:40:56.782+0000] {dag.py:3954} INFO - Setting next_dagrun for produce_json to 2026-05-20 11:00:00+00:00, run_after=2026-05-21 11:00:00+00:00
[2026-05-21T10:40:56.800+0000] {processor.py:183} INFO - Processing /opt/airflow/dags/main.py took 0.126 seconds
[2026-05-21T10:41:27.043+0000] {processor.py:161} INFO - Started process (PID=3185) to work on /opt/airflow/dags/main.py
[2026-05-21T10:41:27.045+0000] {processor.py:830} INFO - Processing file /opt/airflow/dags/main.py for tasks to queue
[2026-05-21T10:41:27.046+0000] {logging_mixin.py:188} INFO - [2026-05-21T10:41:27.046+0000] {dagbag.py:545} INFO - Filling up the DagBag from /opt/airflow/dags/main.py
[2026-05-21T10:41:27.094+0000] {processor.py:840} INFO - DAG(s) 'produce_json' retrieved from /opt/airflow/dags/main.py
[2026-05-21T10:41:27.120+0000] {logging_mixin.py:188} INFO - [2026-05-21T10:41:27.119+0000] {dag.py:3096} INFO - Sync 1 DAGs
[2026-05-21T10:41:27.139+0000] {logging_mixin.py:188} INFO - [2026-05-21T10:41:27.139+0000] {dag.py:3954} INFO - Setting next_dagrun for produce_json to 2026-05-20 11:00:00+00:00, run_after=2026-05-21 11:00:00+00:00
[2026-05-21T10:41:27.168+0000] {processor.py:183} INFO - Processing /opt/airflow/dags/main.py took 0.131 seconds
[2026-05-21T10:41:57.484+0000] {processor.py:161} INFO - Started process (PID=3192) to work on /opt/airflow/dags/main.py
[2026-05-21T10:41:57.485+0000] {processor.py:830} INFO - Processing file /opt/airflow/dags/main.py for tasks to queue
[2026-05-21T10:41:57.487+0000] {logging_mixin.py:188} INFO - [2026-05-21T10:41:57.487+0000] {dagbag.py:545} INFO - Filling up the DagBag from /opt/airflow/dags/main.py
[2026-05-21T10:41:57.534+0000] {processor.py:840} INFO - DAG(s) 'produce_json' retrieved from /opt/airflow/dags/main.py
[2026-05-21T10:41:57.560+0000] {logging_mixin.py:188} INFO - [2026-05-21T10:41:57.560+0000] {dag.py:3096} INFO - Sync 1 DAGs
[2026-05-21T10:41:57.579+0000] {logging_mixin.py:188} INFO - [2026-05-21T10:41:57.579+0000] {dag.py:3954} INFO - Setting next_dagrun for produce_json to 2026-05-20 11:00:00+00:00, run_after=2026-05-21 11:00:00+00:00
[2026-05-21T10:41:57.614+0000] {processor.py:183} INFO - Processing /opt/airflow/dags/main.py took 0.135 seconds
[2026-05-21T10:42:27.829+0000] {processor.py:161} INFO - Started process (PID=3199) to work on /opt/airflow/dags/main.py
[2026-05-21T10:42:27.830+0000] {processor.py:830} INFO - Processing file /opt/airflow/dags/main.py for tasks to queue
[2026-05-21T10:42:27.833+0000] {logging_mixin.py:188} INFO - [2026-05-21T10:42:27.832+0000] {dagbag.py:545} INFO - Filling up the DagBag from /opt/airflow/dags/main.py
[2026-05-21T10:42:27.881+0000] {processor.py:840} INFO - DAG(s) 'produce_json' retrieved from /opt/airflow/dags/main.py
[2026-05-21T10:42:27.909+0000] {logging_mixin.py:188} INFO - [2026-05-21T10:42:27.908+0000] {dag.py:3096} INFO - Sync 1 DAGs
[2026-05-21T10:42:27.928+0000] {logging_mixin.py:188} INFO - [2026-05-21T10:42:27.928+0000] {dag.py:3954} INFO - Setting next_dagrun for produce_json to 2026-05-20 11:00:00+00:00, run_after=2026-05-21 11:00:00+00:00
[2026-05-21T10:42:27.958+0000] {processor.py:183} INFO - Processing /opt/airflow/dags/main.py took 0.135 seconds
[2026-05-21T10:42:58.240+0000] {processor.py:161} INFO - Started process (PID=3206) to work on /opt/airflow/dags/main.py
[2026-05-21T10:42:58.241+0000] {processor.py:830} INFO - Processing file /opt/airflow/dags/main.py for tasks to queue
[2026-05-21T10:42:58.243+0000] {logging_mixin.py:188} INFO - [2026-05-21T10:42:58.243+0000] {dagbag.py:545} INFO - Filling up the DagBag from /opt/airflow/dags/main.py
[2026-05-21T10:42:58.291+0000] {processor.py:840} INFO - DAG(s) 'produce_json' retrieved from /opt/airflow/dags/main.py
[2026-05-21T10:42:58.317+0000] {logging_mixin.py:188} INFO - [2026-05-21T10:42:58.317+0000] {dag.py:3096} INFO - Sync 1 DAGs
[2026-05-21T10:42:58.336+0000] {logging_mixin.py:188} INFO - [2026-05-21T10:42:58.336+0000] {dag.py:3954} INFO - Setting next_dagrun for produce_json to 2026-05-20 11:00:00+00:00, run_after=2026-05-21 11:00:00+00:00
[2026-05-21T10:42:58.352+0000] {processor.py:183} INFO - Processing /opt/airflow/dags/main.py took 0.118 seconds
[2026-05-21T10:43:28.583+0000] {processor.py:161} INFO - Started process (PID=3213) to work on /opt/airflow/dags/main.py
[2026-05-21T10:43:28.584+0000] {processor.py:830} INFO - Processing file /opt/airflow/dags/main.py for tasks to queue
[2026-05-21T10:43:28.586+0000] {logging_mixin.py:188} INFO - [2026-05-21T10:43:28.586+0000] {dagbag.py:545} INFO - Filling up the DagBag from /opt/airflow/dags/main.py
[2026-05-21T10:43:28.636+0000] {processor.py:840} INFO - DAG(s) 'produce_json' retrieved from /opt/airflow/dags/main.py
[2026-05-21T10:43:28.662+0000] {logging_mixin.py:188} INFO - [2026-05-21T10:43:28.662+0000] {dag.py:3096} INFO - Sync 1 DAGs
[2026-05-21T10:43:28.681+0000] {logging_mixin.py:188} INFO - [2026-05-21T10:43:28.681+0000] {dag.py:3954} INFO - Setting next_dagrun for produce_json to 2026-05-20 11:00:00+00:00, run_after=2026-05-21 11:00:00+00:00
[2026-05-21T10:43:28.698+0000] {processor.py:183} INFO - Processing /opt/airflow/dags/main.py took 0.122 seconds
[2026-05-21T10:43:59.086+0000] {processor.py:161} INFO - Started process (PID=3220) to work on /opt/airflow/dags/main.py
[2026-05-21T10:43:59.087+0000] {processor.py:830} INFO - Processing file /opt/airflow/dags/main.py for tasks to queue
[2026-05-21T10:43:59.089+0000] {logging_mixin.py:188} INFO - [2026-05-21T10:43:59.088+0000] {dagbag.py:545} INFO - Filling up the DagBag from /opt/airflow/dags/main.py
[2026-05-21T10:43:59.138+0000] {processor.py:840} INFO - DAG(s) 'produce_json' retrieved from /opt/airflow/dags/main.py
[2026-05-21T10:43:59.163+0000] {logging_mixin.py:188} INFO - [2026-05-21T10:43:59.163+0000] {dag.py:3096} INFO - Sync 1 DAGs
[2026-05-21T10:43:59.183+0000] {logging_mixin.py:188} INFO - [2026-05-21T10:43:59.183+0000] {dag.py:3954} INFO - Setting next_dagrun for produce_json to 2026-05-20 11:00:00+00:00, run_after=2026-05-21 11:00:00+00:00
[2026-05-21T10:43:59.216+0000] {processor.py:183} INFO - Processing /opt/airflow/dags/main.py took 0.136 seconds
[2026-05-21T10:44:29.477+0000] {processor.py:161} INFO - Started process (PID=3227) to work on /opt/airflow/dags/main.py
[2026-05-21T10:44:29.478+0000] {processor.py:830} INFO - Processing file /opt/airflow/dags/main.py for tasks to queue
[2026-05-21T10:44:29.480+0000] {logging_mixin.py:188} INFO - [2026-05-21T10:44:29.480+0000] {dagbag.py:545} INFO - Filling up the DagBag from /opt/airflow/dags/main.py
[2026-05-21T10:44:29.532+0000] {processor.py:840} INFO - DAG(s) 'produce_json' retrieved from /opt/airflow/dags/main.py
[2026-05-21T10:44:29.558+0000] {logging_mixin.py:188} INFO - [2026-05-21T10:44:29.557+0000] {dag.py:3096} INFO - Sync 1 DAGs
[2026-05-21T10:44:29.577+0000] {logging_mixin.py:188} INFO - [2026-05-21T10:44:29.577+0000] {dag.py:3954} INFO - Setting next_dagrun for produce_json to 2026-05-20 11:00:00+00:00, run_after=2026-05-21 11:00:00+00:00
[2026-05-21T10:44:29.604+0000] {processor.py:183} INFO - Processing /opt/airflow/dags/main.py took 0.134 seconds
[2026-05-21T10:44:59.833+0000] {processor.py:161} INFO - Started process (PID=3234) to work on /opt/airflow/dags/main.py
[2026-05-21T10:44:59.834+0000] {processor.py:830} INFO - Processing file /opt/airflow/dags/main.py for tasks to queue
[2026-05-21T10:44:59.836+0000] {logging_mixin.py:188} INFO - [2026-05-21T10:44:59.835+0000] {dagbag.py:545} INFO - Filling up the DagBag from /opt/airflow/dags/main.py
[2026-05-21T10:44:59.883+0000] {processor.py:840} INFO - DAG(s) 'produce_json' retrieved from /opt/airflow/dags/main.py
[2026-05-21T10:44:59.909+0000] {logging_mixin.py:188} INFO - [2026-05-21T10:44:59.909+0000] {dag.py:3096} INFO - Sync 1 DAGs
[2026-05-21T10:44:59.928+0000] {logging_mixin.py:188} INFO - [2026-05-21T10:44:59.928+0000] {dag.py:3954} INFO - Setting next_dagrun for produce_json to 2026-05-20 11:00:00+00:00, run_after=2026-05-21 11:00:00+00:00
[2026-05-21T10:44:59.956+0000] {processor.py:183} INFO - Processing /opt/airflow/dags/main.py took 0.129 seconds
[2026-05-21T10:45:30.199+0000] {processor.py:161} INFO - Started process (PID=3241) to work on /opt/airflow/dags/main.py
[2026-05-21T10:45:30.200+0000] {processor.py:830} INFO - Processing file /opt/airflow/dags/main.py for tasks to queue
[2026-05-21T10:45:30.202+0000] {logging_mixin.py:188} INFO - [2026-05-21T10:45:30.202+0000] {dagbag.py:545} INFO - Filling up the DagBag from /opt/airflow/dags/main.py
[2026-05-21T10:45:30.256+0000] {processor.py:840} INFO - DAG(s) 'produce_json' retrieved from /opt/airflow/dags/main.py
[2026-05-21T10:45:30.288+0000] {logging_mixin.py:188} INFO - [2026-05-21T10:45:30.288+0000] {dag.py:3096} INFO - Sync 1 DAGs
[2026-05-21T10:45:30.310+0000] {logging_mixin.py:188} INFO - [2026-05-21T10:45:30.310+0000] {dag.py:3954} INFO - Setting next_dagrun for produce_json to 2026-05-20 11:00:00+00:00, run_after=2026-05-21 11:00:00+00:00
[2026-05-21T10:45:30.339+0000] {processor.py:183} INFO - Processing /opt/airflow/dags/main.py took 0.146 seconds
[2026-05-21T10:46:00.701+0000] {processor.py:161} INFO - Started process (PID=3248) to work on /opt/airflow/dags/main.py
[2026-05-21T10:46:00.702+0000] {processor.py:830} INFO - Processing file /opt/airflow/dags/main.py for tasks to queue
[2026-05-21T10:46:00.704+0000] {logging_mixin.py:188} INFO - [2026-05-21T10:46:00.704+0000] {dagbag.py:545} INFO - Filling up the DagBag from /opt/airflow/dags/main.py
[2026-05-21T10:46:00.753+0000] {processor.py:840} INFO - DAG(s) 'produce_json' retrieved from /opt/airflow/dags/main.py
[2026-05-21T10:46:00.778+0000] {logging_mixin.py:188} INFO - [2026-05-21T10:46:00.778+0000] {dag.py:3096} INFO - Sync 1 DAGs
[2026-05-21T10:46:00.797+0000] {logging_mixin.py:188} INFO - [2026-05-21T10:46:00.797+0000] {dag.py:3954} INFO - Setting next_dagrun for produce_json to 2026-05-20 11:00:00+00:00, run_after=2026-05-21 11:00:00+00:00
[2026-05-21T10:46:00.824+0000] {processor.py:183} INFO - Processing /opt/airflow/dags/main.py took 0.130 seconds
[2026-05-21T10:46:31.112+0000] {processor.py:161} INFO - Started process (PID=3255) to work on /opt/airflow/dags/main.py
[2026-05-21T10:46:31.113+0000] {processor.py:830} INFO - Processing file /opt/airflow/dags/main.py for tasks to queue
[2026-05-21T10:46:31.117+0000] {logging_mixin.py:188} INFO - [2026-05-21T10:46:31.115+0000] {dagbag.py:545} INFO - Filling up the DagBag from /opt/airflow/dags/main.py
[2026-05-21T10:46:31.166+0000] {processor.py:840} INFO - DAG(s) 'produce_json' retrieved from /opt/airflow/dags/main.py
[2026-05-21T10:46:31.191+0000] {logging_mixin.py:188} INFO - [2026-05-21T10:46:31.191+0000] {dag.py:3096} INFO - Sync 1 DAGs
[2026-05-21T10:46:31.211+0000] {logging_mixin.py:188} INFO - [2026-05-21T10:46:31.211+0000] {dag.py:3954} INFO - Setting next_dagrun for produce_json to 2026-05-20 11:00:00+00:00, run_after=2026-05-21 11:00:00+00:00
[2026-05-21T10:46:31.230+0000] {processor.py:183} INFO - Processing /opt/airflow/dags/main.py took 0.125 seconds
[2026-05-21T10:47:01.603+0000] {processor.py:161} INFO - Started process (PID=3262) to work on /opt/airflow/dags/main.py
[2026-05-21T10:47:01.604+0000] {processor.py:830} INFO - Processing file /opt/airflow/dags/main.py for tasks to queue
[2026-05-21T10:47:01.606+0000] {logging_mixin.py:188} INFO - [2026-05-21T10:47:01.606+0000] {dagbag.py:545} INFO - Filling up the DagBag from /opt/airflow/dags/main.py
[2026-05-21T10:47:01.653+0000] {processor.py:840} INFO - DAG(s) 'produce_json' retrieved from /opt/airflow/dags/main.py
[2026-05-21T10:47:01.678+0000] {logging_mixin.py:188} INFO - [2026-05-21T10:47:01.678+0000] {dag.py:3096} INFO - Sync 1 DAGs
[2026-05-21T10:47:01.698+0000] {logging_mixin.py:188} INFO - [2026-05-21T10:47:01.697+0000] {dag.py:3954} INFO - Setting next_dagrun for produce_json to 2026-05-20 11:00:00+00:00, run_after=2026-05-21 11:00:00+00:00
[2026-05-21T10:47:01.715+0000] {processor.py:183} INFO - Processing /opt/airflow/dags/main.py took 0.118 seconds
[2026-05-21T10:47:32.002+0000] {processor.py:161} INFO - Started process (PID=3269) to work on /opt/airflow/dags/main.py
[2026-05-21T10:47:32.003+0000] {processor.py:830} INFO - Processing file /opt/airflow/dags/main.py for tasks to queue
[2026-05-21T10:47:32.005+0000] {logging_mixin.py:188} INFO - [2026-05-21T10:47:32.004+0000] {dagbag.py:545} INFO - Filling up the DagBag from /opt/airflow/dags/main.py
[2026-05-21T10:47:32.052+0000] {processor.py:840} INFO - DAG(s) 'produce_json' retrieved from /opt/airflow/dags/main.py
[2026-05-21T10:47:32.077+0000] {logging_mixin.py:188} INFO - [2026-05-21T10:47:32.077+0000] {dag.py:3096} INFO - Sync 1 DAGs
[2026-05-21T10:47:32.096+0000] {logging_mixin.py:188} INFO - [2026-05-21T10:47:32.096+0000] {dag.py:3954} INFO - Setting next_dagrun for produce_json to 2026-05-20 11:00:00+00:00, run_after=2026-05-21 11:00:00+00:00
[2026-05-21T10:47:32.132+0000] {processor.py:183} INFO - Processing /opt/airflow/dags/main.py took 0.137 seconds
[2026-05-21T10:48:02.366+0000] {processor.py:161} INFO - Started process (PID=3276) to work on /opt/airflow/dags/main.py
[2026-05-21T10:48:02.367+0000] {processor.py:830} INFO - Processing file /opt/airflow/dags/main.py for tasks to queue
[2026-05-21T10:48:02.369+0000] {logging_mixin.py:188} INFO - [2026-05-21T10:48:02.369+0000] {dagbag.py:545} INFO - Filling up the DagBag from /opt/airflow/dags/main.py
[2026-05-21T10:48:02.418+0000] {processor.py:840} INFO - DAG(s) 'produce_json' retrieved from /opt/airflow/dags/main.py
[2026-05-21T10:48:02.444+0000] {logging_mixin.py:188} INFO - [2026-05-21T10:48:02.444+0000] {dag.py:3096} INFO - Sync 1 DAGs
[2026-05-21T10:48:02.463+0000] {logging_mixin.py:188} INFO - [2026-05-21T10:48:02.463+0000] {dag.py:3954} INFO - Setting next_dagrun for produce_json to 2026-05-20 11:00:00+00:00, run_after=2026-05-21 11:00:00+00:00
[2026-05-21T10:48:02.482+0000] {processor.py:183} INFO - Processing /opt/airflow/dags/main.py took 0.122 seconds
[2026-05-21T10:48:32.850+0000] {processor.py:161} INFO - Started process (PID=3283) to work on /opt/airflow/dags/main.py
[2026-05-21T10:48:32.851+0000] {processor.py:830} INFO - Processing file /opt/airflow/dags/main.py for tasks to queue
[2026-05-21T10:48:32.854+0000] {logging_mixin.py:188} INFO - [2026-05-21T10:48:32.853+0000] {dagbag.py:545} INFO - Filling up the DagBag from /opt/airflow/dags/main.py
[2026-05-21T10:48:32.908+0000] {processor.py:840} INFO - DAG(s) 'produce_json' retrieved from /opt/airflow/dags/main.py
[2026-05-21T10:48:32.935+0000] {logging_mixin.py:188} INFO - [2026-05-21T10:48:32.935+0000] {dag.py:3096} INFO - Sync 1 DAGs
[2026-05-21T10:48:32.955+0000] {logging_mixin.py:188} INFO - [2026-05-21T10:48:32.955+0000] {dag.py:3954} INFO - Setting next_dagrun for produce_json to 2026-05-20 11:00:00+00:00, run_after=2026-05-21 11:00:00+00:00
[2026-05-21T10:48:32.973+0000] {processor.py:183} INFO - Processing /opt/airflow/dags/main.py took 0.130 seconds
[2026-05-21T10:49:03.143+0000] {processor.py:161} INFO - Started process (PID=3290) to work on /opt/airflow/dags/main.py
[2026-05-21T10:49:03.144+0000] {processor.py:830} INFO - Processing file /opt/airflow/dags/main.py for tasks to queue
[2026-05-21T10:49:03.146+0000] {logging_mixin.py:188} INFO - [2026-05-21T10:49:03.145+0000] {dagbag.py:545} INFO - Filling up the DagBag from /opt/airflow/dags/main.py
[2026-05-21T10:49:03.192+0000] {processor.py:840} INFO - DAG(s) 'produce_json' retrieved from /opt/airflow/dags/main.py
[2026-05-21T10:49:03.218+0000] {logging_mixin.py:188} INFO - [2026-05-21T10:49:03.218+0000] {dag.py:3096} INFO - Sync 1 DAGs
[2026-05-21T10:49:03.237+0000] {logging_mixin.py:188} INFO - [2026-05-21T10:49:03.237+0000] {dag.py:3954} INFO - Setting next_dagrun for produce_json to 2026-05-20 11:00:00+00:00, run_after=2026-05-21 11:00:00+00:00
[2026-05-21T10:49:03.256+0000] {processor.py:183} INFO - Processing /opt/airflow/dags/main.py took 0.120 seconds
[2026-05-21T10:49:33.487+0000] {processor.py:161} INFO - Started process (PID=3297) to work on /opt/airflow/dags/main.py
[2026-05-21T10:49:33.488+0000] {processor.py:830} INFO - Processing file /opt/airflow/dags/main.py for tasks to queue
[2026-05-21T10:49:33.490+0000] {logging_mixin.py:188} INFO - [2026-05-21T10:49:33.490+0000] {dagbag.py:545} INFO - Filling up the DagBag from /opt/airflow/dags/main.py
[2026-05-21T10:49:33.538+0000] {processor.py:840} INFO - DAG(s) 'produce_json' retrieved from /opt/airflow/dags/main.py
[2026-05-21T10:49:33.569+0000] {logging_mixin.py:188} INFO - [2026-05-21T10:49:33.569+0000] {dag.py:3096} INFO - Sync 1 DAGs
[2026-05-21T10:49:33.590+0000] {logging_mixin.py:188} INFO - [2026-05-21T10:49:33.590+0000] {dag.py:3954} INFO - Setting next_dagrun for produce_json to 2026-05-20 11:00:00+00:00, run_after=2026-05-21 11:00:00+00:00
[2026-05-21T10:49:33.607+0000] {processor.py:183} INFO - Processing /opt/airflow/dags/main.py took 0.128 seconds
[2026-05-21T10:50:03.873+0000] {processor.py:161} INFO - Started process (PID=3304) to work on /opt/airflow/dags/main.py
[2026-05-21T10:50:03.875+0000] {processor.py:830} INFO - Processing file /opt/airflow/dags/main.py for tasks to queue
[2026-05-21T10:50:03.876+0000] {logging_mixin.py:188} INFO - [2026-05-21T10:50:03.876+0000] {dagbag.py:545} INFO - Filling up the DagBag from /opt/airflow/dags/main.py
[2026-05-21T10:50:03.924+0000] {processor.py:840} INFO - DAG(s) 'produce_json' retrieved from /opt/airflow/dags/main.py
[2026-05-21T10:50:03.950+0000] {logging_mixin.py:188} INFO - [2026-05-21T10:50:03.950+0000] {dag.py:3096} INFO - Sync 1 DAGs
[2026-05-21T10:50:03.970+0000] {logging_mixin.py:188} INFO - [2026-05-21T10:50:03.969+0000] {dag.py:3954} INFO - Setting next_dagrun for produce_json to 2026-05-20 11:00:00+00:00, run_after=2026-05-21 11:00:00+00:00
[2026-05-21T10:50:03.987+0000] {processor.py:183} INFO - Processing /opt/airflow/dags/main.py took 0.120 seconds
[2026-05-21T10:50:34.256+0000] {processor.py:161} INFO - Started process (PID=3311) to work on /opt/airflow/dags/main.py
[2026-05-21T10:50:34.256+0000] {processor.py:830} INFO - Processing file /opt/airflow/dags/main.py for tasks to queue
[2026-05-21T10:50:34.258+0000] {logging_mixin.py:188} INFO - [2026-05-21T10:50:34.258+0000] {dagbag.py:545} INFO - Filling up the DagBag from /opt/airflow/dags/main.py
[2026-05-21T10:50:34.304+0000] {processor.py:840} INFO - DAG(s) 'produce_json' retrieved from /opt/airflow/dags/main.py
[2026-05-21T10:50:34.332+0000] {logging_mixin.py:188} INFO - [2026-05-21T10:50:34.332+0000] {dag.py:3096} INFO - Sync 1 DAGs
[2026-05-21T10:50:34.353+0000] {logging_mixin.py:188} INFO - [2026-05-21T10:50:34.353+0000] {dag.py:3954} INFO - Setting next_dagrun for produce_json to 2026-05-20 11:00:00+00:00, run_after=2026-05-21 11:00:00+00:00
[2026-05-21T10:50:34.371+0000] {processor.py:183} INFO - Processing /opt/airflow/dags/main.py took 0.121 seconds
[2026-05-21T10:51:04.557+0000] {processor.py:161} INFO - Started process (PID=3318) to work on /opt/airflow/dags/main.py
[2026-05-21T10:51:04.558+0000] {processor.py:830} INFO - Processing file /opt/airflow/dags/main.py for tasks to queue
[2026-05-21T10:51:04.560+0000] {logging_mixin.py:188} INFO - [2026-05-21T10:51:04.560+0000] {dagbag.py:545} INFO - Filling up the DagBag from /opt/airflow/dags/main.py
[2026-05-21T10:51:04.611+0000] {processor.py:840} INFO - DAG(s) 'produce_json' retrieved from /opt/airflow/dags/main.py
[2026-05-21T10:51:04.641+0000] {logging_mixin.py:188} INFO - [2026-05-21T10:51:04.641+0000] {dag.py:3096} INFO - Sync 1 DAGs
[2026-05-21T10:51:04.660+0000] {logging_mixin.py:188} INFO - [2026-05-21T10:51:04.659+0000] {dag.py:3954} INFO - Setting next_dagrun for produce_json to 2026-05-20 11:00:00+00:00, run_after=2026-05-21 11:00:00+00:00
[2026-05-21T10:51:04.677+0000] {processor.py:183} INFO - Processing /opt/airflow/dags/main.py took 0.126 seconds
[2026-05-21T10:51:34.922+0000] {processor.py:161} INFO - Started process (PID=3325) to work on /opt/airflow/dags/main.py
[2026-05-21T10:51:34.923+0000] {processor.py:830} INFO - Processing file /opt/airflow/dags/main.py for tasks to queue
[2026-05-21T10:51:34.926+0000] {logging_mixin.py:188} INFO - [2026-05-21T10:51:34.925+0000] {dagbag.py:545} INFO - Filling up the DagBag from /opt/airflow/dags/main.py
[2026-05-21T10:51:34.971+0000] {processor.py:840} INFO - DAG(s) 'produce_json' retrieved from /opt/airflow/dags/main.py
[2026-05-21T10:51:34.999+0000] {logging_mixin.py:188} INFO - [2026-05-21T10:51:34.998+0000] {dag.py:3096} INFO - Sync 1 DAGs
[2026-05-21T10:51:35.019+0000] {logging_mixin.py:188} INFO - [2026-05-21T10:51:35.019+0000] {dag.py:3954} INFO - Setting next_dagrun for produce_json to 2026-05-20 11:00:00+00:00, run_after=2026-05-21 11:00:00+00:00
[2026-05-21T10:51:35.036+0000] {processor.py:183} INFO - Processing /opt/airflow/dags/main.py took 0.119 seconds
[2026-05-21T10:52:05.390+0000] {processor.py:161} INFO - Started process (PID=3332) to work on /opt/airflow/dags/main.py
[2026-05-21T10:52:05.391+0000] {processor.py:830} INFO - Processing file /opt/airflow/dags/main.py for tasks to queue
[2026-05-21T10:52:05.392+0000] {logging_mixin.py:188} INFO - [2026-05-21T10:52:05.392+0000] {dagbag.py:545} INFO - Filling up the DagBag from /opt/airflow/dags/main.py
[2026-05-21T10:52:05.440+0000] {processor.py:840} INFO - DAG(s) 'produce_json' retrieved from /opt/airflow/dags/main.py
[2026-05-21T10:52:05.466+0000] {logging_mixin.py:188} INFO - [2026-05-21T10:52:05.466+0000] {dag.py:3096} INFO - Sync 1 DAGs
[2026-05-21T10:52:05.485+0000] {logging_mixin.py:188} INFO - [2026-05-21T10:52:05.485+0000] {dag.py:3954} INFO - Setting next_dagrun for produce_json to 2026-05-20 11:00:00+00:00, run_after=2026-05-21 11:00:00+00:00
[2026-05-21T10:52:05.504+0000] {processor.py:183} INFO - Processing /opt/airflow/dags/main.py took 0.120 seconds
[2026-05-21T10:52:35.790+0000] {processor.py:161} INFO - Started process (PID=3339) to work on /opt/airflow/dags/main.py
[2026-05-21T10:52:35.791+0000] {processor.py:830} INFO - Processing file /opt/airflow/dags/main.py for tasks to queue
[2026-05-21T10:52:35.793+0000] {logging_mixin.py:188} INFO - [2026-05-21T10:52:35.793+0000] {dagbag.py:545} INFO - Filling up the DagBag from /opt/airflow/dags/main.py
[2026-05-21T10:52:35.845+0000] {processor.py:840} INFO - DAG(s) 'produce_json' retrieved from /opt/airflow/dags/main.py
[2026-05-21T10:52:35.871+0000] {logging_mixin.py:188} INFO - [2026-05-21T10:52:35.871+0000] {dag.py:3096} INFO - Sync 1 DAGs
[2026-05-21T10:52:35.891+0000] {logging_mixin.py:188} INFO - [2026-05-21T10:52:35.891+0000] {dag.py:3954} INFO - Setting next_dagrun for produce_json to 2026-05-20 11:00:00+00:00, run_after=2026-05-21 11:00:00+00:00
[2026-05-21T10:52:35.908+0000] {processor.py:183} INFO - Processing /opt/airflow/dags/main.py took 0.125 seconds
[2026-05-21T10:53:06.147+0000] {processor.py:161} INFO - Started process (PID=3346) to work on /opt/airflow/dags/main.py
[2026-05-21T10:53:06.148+0000] {processor.py:830} INFO - Processing file /opt/airflow/dags/main.py for tasks to queue
[2026-05-21T10:53:06.150+0000] {logging_mixin.py:188} INFO - [2026-05-21T10:53:06.150+0000] {dagbag.py:545} INFO - Filling up the DagBag from /opt/airflow/dags/main.py
[2026-05-21T10:53:06.199+0000] {processor.py:840} INFO - DAG(s) 'produce_json' retrieved from /opt/airflow/dags/main.py
[2026-05-21T10:53:06.224+0000] {logging_mixin.py:188} INFO - [2026-05-21T10:53:06.224+0000] {dag.py:3096} INFO - Sync 1 DAGs
[2026-05-21T10:53:06.244+0000] {logging_mixin.py:188} INFO - [2026-05-21T10:53:06.244+0000] {dag.py:3954} INFO - Setting next_dagrun for produce_json to 2026-05-20 11:00:00+00:00, run_after=2026-05-21 11:00:00+00:00
[2026-05-21T10:53:06.261+0000] {processor.py:183} INFO - Processing /opt/airflow/dags/main.py took 0.119 seconds
[2026-05-21T10:53:36.487+0000] {processor.py:161} INFO - Started process (PID=3353) to work on /opt/airflow/dags/main.py
[2026-05-21T10:53:36.488+0000] {processor.py:830} INFO - Processing file /opt/airflow/dags/main.py for tasks to queue
[2026-05-21T10:53:36.490+0000] {logging_mixin.py:188} INFO - [2026-05-21T10:53:36.490+0000] {dagbag.py:545} INFO - Filling up the DagBag from /opt/airflow/dags/main.py
[2026-05-21T10:53:36.540+0000] {processor.py:840} INFO - DAG(s) 'produce_json' retrieved from /opt/airflow/dags/main.py
[2026-05-21T10:53:36.567+0000] {logging_mixin.py:188} INFO - [2026-05-21T10:53:36.567+0000] {dag.py:3096} INFO - Sync 1 DAGs
[2026-05-21T10:53:36.585+0000] {logging_mixin.py:188} INFO - [2026-05-21T10:53:36.585+0000] {dag.py:3954} INFO - Setting next_dagrun for produce_json to 2026-05-20 11:00:00+00:00, run_after=2026-05-21 11:00:00+00:00
[2026-05-21T10:53:36.603+0000] {processor.py:183} INFO - Processing /opt/airflow/dags/main.py took 0.122 seconds
[2026-05-21T10:54:06.912+0000] {processor.py:161} INFO - Started process (PID=3360) to work on /opt/airflow/dags/main.py
[2026-05-21T10:54:06.913+0000] {processor.py:830} INFO - Processing file /opt/airflow/dags/main.py for tasks to queue
[2026-05-21T10:54:06.916+0000] {logging_mixin.py:188} INFO - [2026-05-21T10:54:06.915+0000] {dagbag.py:545} INFO - Filling up the DagBag from /opt/airflow/dags/main.py
[2026-05-21T10:54:06.965+0000] {processor.py:840} INFO - DAG(s) 'produce_json' retrieved from /opt/airflow/dags/main.py
[2026-05-21T10:54:06.991+0000] {logging_mixin.py:188} INFO - [2026-05-21T10:54:06.991+0000] {dag.py:3096} INFO - Sync 1 DAGs
[2026-05-21T10:54:07.010+0000] {logging_mixin.py:188} INFO - [2026-05-21T10:54:07.010+0000] {dag.py:3954} INFO - Setting next_dagrun for produce_json to 2026-05-20 11:00:00+00:00, run_after=2026-05-21 11:00:00+00:00
[2026-05-21T10:54:07.028+0000] {processor.py:183} INFO - Processing /opt/airflow/dags/main.py took 0.123 seconds
[2026-05-21T10:54:37.326+0000] {processor.py:161} INFO - Started process (PID=3367) to work on /opt/airflow/dags/main.py
[2026-05-21T10:54:37.327+0000] {processor.py:830} INFO - Processing file /opt/airflow/dags/main.py for tasks to queue
[2026-05-21T10:54:37.329+0000] {logging_mixin.py:188} INFO - [2026-05-21T10:54:37.329+0000] {dagbag.py:545} INFO - Filling up the DagBag from /opt/airflow/dags/main.py
[2026-05-21T10:54:37.375+0000] {processor.py:840} INFO - DAG(s) 'produce_json' retrieved from /opt/airflow/dags/main.py
[2026-05-21T10:54:37.401+0000] {logging_mixin.py:188} INFO - [2026-05-21T10:54:37.400+0000] {dag.py:3096} INFO - Sync 1 DAGs
[2026-05-21T10:54:37.419+0000] {logging_mixin.py:188} INFO - [2026-05-21T10:54:37.419+0000] {dag.py:3954} INFO - Setting next_dagrun for produce_json to 2026-05-20 11:00:00+00:00, run_after=2026-05-21 11:00:00+00:00
[2026-05-21T10:54:37.437+0000] {processor.py:183} INFO - Processing /opt/airflow/dags/main.py took 0.116 seconds
[2026-05-21T10:55:07.685+0000] {processor.py:161} INFO - Started process (PID=3374) to work on /opt/airflow/dags/main.py
[2026-05-21T10:55:07.686+0000] {processor.py:830} INFO - Processing file /opt/airflow/dags/main.py for tasks to queue
[2026-05-21T10:55:07.690+0000] {logging_mixin.py:188} INFO - [2026-05-21T10:55:07.689+0000] {dagbag.py:545} INFO - Filling up the DagBag from /opt/airflow/dags/main.py
[2026-05-21T10:55:07.751+0000] {processor.py:840} INFO - DAG(s) 'produce_json' retrieved from /opt/airflow/dags/main.py
[2026-05-21T10:55:07.781+0000] {logging_mixin.py:188} INFO - [2026-05-21T10:55:07.781+0000] {dag.py:3096} INFO - Sync 1 DAGs
[2026-05-21T10:55:07.802+0000] {logging_mixin.py:188} INFO - [2026-05-21T10:55:07.802+0000] {dag.py:3954} INFO - Setting next_dagrun for produce_json to 2026-05-20 11:00:00+00:00, run_after=2026-05-21 11:00:00+00:00
[2026-05-21T10:55:07.821+0000] {processor.py:183} INFO - Processing /opt/airflow/dags/main.py took 0.144 seconds
[2026-05-21T10:55:38.063+0000] {processor.py:161} INFO - Started process (PID=3381) to work on /opt/airflow/dags/main.py
[2026-05-21T10:55:38.064+0000] {processor.py:830} INFO - Processing file /opt/airflow/dags/main.py for tasks to queue
[2026-05-21T10:55:38.066+0000] {logging_mixin.py:188} INFO - [2026-05-21T10:55:38.065+0000] {dagbag.py:545} INFO - Filling up the DagBag from /opt/airflow/dags/main.py
[2026-05-21T10:55:38.122+0000] {processor.py:840} INFO - DAG(s) 'produce_json' retrieved from /opt/airflow/dags/main.py
[2026-05-21T10:55:38.151+0000] {logging_mixin.py:188} INFO - [2026-05-21T10:55:38.151+0000] {dag.py:3096} INFO - Sync 1 DAGs
[2026-05-21T10:55:38.173+0000] {logging_mixin.py:188} INFO - [2026-05-21T10:55:38.172+0000] {dag.py:3954} INFO - Setting next_dagrun for produce_json to 2026-05-20 11:00:00+00:00, run_after=2026-05-21 11:00:00+00:00
[2026-05-21T10:55:38.190+0000] {processor.py:183} INFO - Processing /opt/airflow/dags/main.py took 0.134 seconds
[2026-05-21T10:56:08.494+0000] {processor.py:161} INFO - Started process (PID=3388) to work on /opt/airflow/dags/main.py
[2026-05-21T10:56:08.494+0000] {processor.py:830} INFO - Processing file /opt/airflow/dags/main.py for tasks to queue
[2026-05-21T10:56:08.497+0000] {logging_mixin.py:188} INFO - [2026-05-21T10:56:08.496+0000] {dagbag.py:545} INFO - Filling up the DagBag from /opt/airflow/dags/main.py
[2026-05-21T10:56:08.546+0000] {processor.py:840} INFO - DAG(s) 'produce_json' retrieved from /opt/airflow/dags/main.py
[2026-05-21T10:56:08.573+0000] {logging_mixin.py:188} INFO - [2026-05-21T10:56:08.573+0000] {dag.py:3096} INFO - Sync 1 DAGs
[2026-05-21T10:56:08.595+0000] {logging_mixin.py:188} INFO - [2026-05-21T10:56:08.595+0000] {dag.py:3954} INFO - Setting next_dagrun for produce_json to 2026-05-20 11:00:00+00:00, run_after=2026-05-21 11:00:00+00:00
[2026-05-21T10:56:08.612+0000] {processor.py:183} INFO - Processing /opt/airflow/dags/main.py took 0.124 seconds
[2026-05-21T10:56:38.860+0000] {processor.py:161} INFO - Started process (PID=3395) to work on /opt/airflow/dags/main.py
[2026-05-21T10:56:38.861+0000] {processor.py:830} INFO - Processing file /opt/airflow/dags/main.py for tasks to queue
[2026-05-21T10:56:38.863+0000] {logging_mixin.py:188} INFO - [2026-05-21T10:56:38.863+0000] {dagbag.py:545} INFO - Filling up the DagBag from /opt/airflow/dags/main.py
[2026-05-21T10:56:38.921+0000] {processor.py:840} INFO - DAG(s) 'produce_json' retrieved from /opt/airflow/dags/main.py
[2026-05-21T10:56:38.953+0000] {logging_mixin.py:188} INFO - [2026-05-21T10:56:38.952+0000] {dag.py:3096} INFO - Sync 1 DAGs
[2026-05-21T10:56:38.972+0000] {logging_mixin.py:188} INFO - [2026-05-21T10:56:38.972+0000] {dag.py:3954} INFO - Setting next_dagrun for produce_json to 2026-05-20 11:00:00+00:00, run_after=2026-05-21 11:00:00+00:00
[2026-05-21T10:56:39.000+0000] {processor.py:183} INFO - Processing /opt/airflow/dags/main.py took 0.147 seconds
[2026-05-21T10:57:09.298+0000] {processor.py:161} INFO - Started process (PID=3402) to work on /opt/airflow/dags/main.py
[2026-05-21T10:57:09.299+0000] {processor.py:830} INFO - Processing file /opt/airflow/dags/main.py for tasks to queue
[2026-05-21T10:57:09.301+0000] {logging_mixin.py:188} INFO - [2026-05-21T10:57:09.301+0000] {dagbag.py:545} INFO - Filling up the DagBag from /opt/airflow/dags/main.py
[2026-05-21T10:57:09.352+0000] {processor.py:840} INFO - DAG(s) 'produce_json' retrieved from /opt/airflow/dags/main.py
[2026-05-21T10:57:09.391+0000] {logging_mixin.py:188} INFO - [2026-05-21T10:57:09.391+0000] {dag.py:3096} INFO - Sync 1 DAGs
[2026-05-21T10:57:09.413+0000] {logging_mixin.py:188} INFO - [2026-05-21T10:57:09.413+0000] {dag.py:3954} INFO - Setting next_dagrun for produce_json to 2026-05-20 11:00:00+00:00, run_after=2026-05-21 11:00:00+00:00
[2026-05-21T10:57:09.442+0000] {processor.py:183} INFO - Processing /opt/airflow/dags/main.py took 0.150 seconds
[2026-05-21T10:57:39.683+0000] {processor.py:161} INFO - Started process (PID=3409) to work on /opt/airflow/dags/main.py
[2026-05-21T10:57:39.684+0000] {processor.py:830} INFO - Processing file /opt/airflow/dags/main.py for tasks to queue
[2026-05-21T10:57:39.686+0000] {logging_mixin.py:188} INFO - [2026-05-21T10:57:39.686+0000] {dagbag.py:545} INFO - Filling up the DagBag from /opt/airflow/dags/main.py
[2026-05-21T10:57:39.737+0000] {processor.py:840} INFO - DAG(s) 'produce_json' retrieved from /opt/airflow/dags/main.py
[2026-05-21T10:57:39.771+0000] {logging_mixin.py:188} INFO - [2026-05-21T10:57:39.771+0000] {dag.py:3096} INFO - Sync 1 DAGs
[2026-05-21T10:57:39.793+0000] {logging_mixin.py:188} INFO - [2026-05-21T10:57:39.793+0000] {dag.py:3954} INFO - Setting next_dagrun for produce_json to 2026-05-20 11:00:00+00:00, run_after=2026-05-21 11:00:00+00:00
[2026-05-21T10:57:39.825+0000] {processor.py:183} INFO - Processing /opt/airflow/dags/main.py took 0.148 seconds
[2026-05-21T10:58:10.100+0000] {processor.py:161} INFO - Started process (PID=3416) to work on /opt/airflow/dags/main.py
[2026-05-21T10:58:10.101+0000] {processor.py:830} INFO - Processing file /opt/airflow/dags/main.py for tasks to queue
[2026-05-21T10:58:10.103+0000] {logging_mixin.py:188} INFO - [2026-05-21T10:58:10.102+0000] {dagbag.py:545} INFO - Filling up the DagBag from /opt/airflow/dags/main.py
[2026-05-21T10:58:10.155+0000] {processor.py:840} INFO - DAG(s) 'produce_json' retrieved from /opt/airflow/dags/main.py
[2026-05-21T10:58:10.184+0000] {logging_mixin.py:188} INFO - [2026-05-21T10:58:10.183+0000] {dag.py:3096} INFO - Sync 1 DAGs
[2026-05-21T10:58:10.205+0000] {logging_mixin.py:188} INFO - [2026-05-21T10:58:10.204+0000] {dag.py:3954} INFO - Setting next_dagrun for produce_json to 2026-05-20 11:00:00+00:00, run_after=2026-05-21 11:00:00+00:00
[2026-05-21T10:58:10.224+0000] {processor.py:183} INFO - Processing /opt/airflow/dags/main.py took 0.130 seconds
[2026-05-21T10:58:40.418+0000] {processor.py:161} INFO - Started process (PID=3423) to work on /opt/airflow/dags/main.py
[2026-05-21T10:58:40.419+0000] {processor.py:830} INFO - Processing file /opt/airflow/dags/main.py for tasks to queue
[2026-05-21T10:58:40.421+0000] {logging_mixin.py:188} INFO - [2026-05-21T10:58:40.421+0000] {dagbag.py:545} INFO - Filling up the DagBag from /opt/airflow/dags/main.py
[2026-05-21T10:58:40.470+0000] {processor.py:840} INFO - DAG(s) 'produce_json' retrieved from /opt/airflow/dags/main.py
[2026-05-21T10:58:40.500+0000] {logging_mixin.py:188} INFO - [2026-05-21T10:58:40.499+0000] {dag.py:3096} INFO - Sync 1 DAGs
[2026-05-21T10:58:40.520+0000] {logging_mixin.py:188} INFO - [2026-05-21T10:58:40.520+0000] {dag.py:3954} INFO - Setting next_dagrun for produce_json to 2026-05-20 11:00:00+00:00, run_after=2026-05-21 11:00:00+00:00
[2026-05-21T10:58:40.557+0000] {processor.py:183} INFO - Processing /opt/airflow/dags/main.py took 0.144 seconds
[2026-05-21T10:59:10.890+0000] {processor.py:161} INFO - Started process (PID=3430) to work on /opt/airflow/dags/main.py
[2026-05-21T10:59:10.891+0000] {processor.py:830} INFO - Processing file /opt/airflow/dags/main.py for tasks to queue
[2026-05-21T10:59:10.893+0000] {logging_mixin.py:188} INFO - [2026-05-21T10:59:10.892+0000] {dagbag.py:545} INFO - Filling up the DagBag from /opt/airflow/dags/main.py
[2026-05-21T10:59:10.941+0000] {processor.py:840} INFO - DAG(s) 'produce_json' retrieved from /opt/airflow/dags/main.py
[2026-05-21T10:59:10.971+0000] {logging_mixin.py:188} INFO - [2026-05-21T10:59:10.970+0000] {dag.py:3096} INFO - Sync 1 DAGs
[2026-05-21T10:59:10.991+0000] {logging_mixin.py:188} INFO - [2026-05-21T10:59:10.991+0000] {dag.py:3954} INFO - Setting next_dagrun for produce_json to 2026-05-20 11:00:00+00:00, run_after=2026-05-21 11:00:00+00:00
[2026-05-21T10:59:11.021+0000] {processor.py:183} INFO - Processing /opt/airflow/dags/main.py took 0.136 seconds
[2026-05-21T10:59:41.224+0000] {processor.py:161} INFO - Started process (PID=3437) to work on /opt/airflow/dags/main.py
[2026-05-21T10:59:41.225+0000] {processor.py:830} INFO - Processing file /opt/airflow/dags/main.py for tasks to queue
[2026-05-21T10:59:41.227+0000] {logging_mixin.py:188} INFO - [2026-05-21T10:59:41.227+0000] {dagbag.py:545} INFO - Filling up the DagBag from /opt/airflow/dags/main.py
[2026-05-21T10:59:41.282+0000] {processor.py:840} INFO - DAG(s) 'produce_json' retrieved from /opt/airflow/dags/main.py
[2026-05-21T10:59:41.312+0000] {logging_mixin.py:188} INFO - [2026-05-21T10:59:41.312+0000] {dag.py:3096} INFO - Sync 1 DAGs
[2026-05-21T10:59:41.331+0000] {logging_mixin.py:188} INFO - [2026-05-21T10:59:41.331+0000] {dag.py:3954} INFO - Setting next_dagrun for produce_json to 2026-05-20 11:00:00+00:00, run_after=2026-05-21 11:00:00+00:00
[2026-05-21T10:59:41.359+0000] {processor.py:183} INFO - Processing /opt/airflow/dags/main.py took 0.141 seconds
[2026-05-21T11:00:11.710+0000] {processor.py:161} INFO - Started process (PID=3444) to work on /opt/airflow/dags/main.py
[2026-05-21T11:00:11.711+0000] {processor.py:830} INFO - Processing file /opt/airflow/dags/main.py for tasks to queue
[2026-05-21T11:00:11.714+0000] {logging_mixin.py:188} INFO - [2026-05-21T11:00:11.714+0000] {dagbag.py:545} INFO - Filling up the DagBag from /opt/airflow/dags/main.py
[2026-05-21T11:00:11.767+0000] {processor.py:840} INFO - DAG(s) 'produce_json' retrieved from /opt/airflow/dags/main.py
[2026-05-21T11:00:11.802+0000] {logging_mixin.py:188} INFO - [2026-05-21T11:00:11.802+0000] {dag.py:3096} INFO - Sync 1 DAGs
[2026-05-21T11:00:11.823+0000] {logging_mixin.py:188} INFO - [2026-05-21T11:00:11.823+0000] {dag.py:3954} INFO - Setting next_dagrun for produce_json to 2026-05-21 11:00:00+00:00, run_after=2026-05-22 11:00:00+00:00
[2026-05-21T11:00:11.840+0000] {processor.py:183} INFO - Processing /opt/airflow/dags/main.py took 0.137 seconds
[2026-05-21T11:00:42.027+0000] {processor.py:161} INFO - Started process (PID=3451) to work on /opt/airflow/dags/main.py
[2026-05-21T11:00:42.028+0000] {processor.py:830} INFO - Processing file /opt/airflow/dags/main.py for tasks to queue
[2026-05-21T11:00:42.030+0000] {logging_mixin.py:188} INFO - [2026-05-21T11:00:42.029+0000] {dagbag.py:545} INFO - Filling up the DagBag from /opt/airflow/dags/main.py
[2026-05-21T11:00:42.080+0000] {processor.py:840} INFO - DAG(s) 'produce_json' retrieved from /opt/airflow/dags/main.py
[2026-05-21T11:00:42.106+0000] {logging_mixin.py:188} INFO - [2026-05-21T11:00:42.106+0000] {dag.py:3096} INFO - Sync 1 DAGs
[2026-05-21T11:00:42.126+0000] {logging_mixin.py:188} INFO - [2026-05-21T11:00:42.125+0000] {dag.py:3954} INFO - Setting next_dagrun for produce_json to 2026-05-21 11:00:00+00:00, run_after=2026-05-22 11:00:00+00:00
[2026-05-21T11:00:42.144+0000] {processor.py:183} INFO - Processing /opt/airflow/dags/main.py took 0.125 seconds
[2026-05-21T11:01:12.496+0000] {processor.py:161} INFO - Started process (PID=3458) to work on /opt/airflow/dags/main.py
[2026-05-21T11:01:12.497+0000] {processor.py:830} INFO - Processing file /opt/airflow/dags/main.py for tasks to queue
[2026-05-21T11:01:12.500+0000] {logging_mixin.py:188} INFO - [2026-05-21T11:01:12.499+0000] {dagbag.py:545} INFO - Filling up the DagBag from /opt/airflow/dags/main.py
[2026-05-21T11:01:12.550+0000] {processor.py:840} INFO - DAG(s) 'produce_json' retrieved from /opt/airflow/dags/main.py
[2026-05-21T11:01:12.575+0000] {logging_mixin.py:188} INFO - [2026-05-21T11:01:12.575+0000] {dag.py:3096} INFO - Sync 1 DAGs
[2026-05-21T11:01:12.595+0000] {logging_mixin.py:188} INFO - [2026-05-21T11:01:12.595+0000] {dag.py:3954} INFO - Setting next_dagrun for produce_json to 2026-05-21 11:00:00+00:00, run_after=2026-05-22 11:00:00+00:00
[2026-05-21T11:01:12.623+0000] {processor.py:183} INFO - Processing /opt/airflow/dags/main.py took 0.132 seconds
[2026-05-21T11:01:42.914+0000] {processor.py:161} INFO - Started process (PID=3465) to work on /opt/airflow/dags/main.py
[2026-05-21T11:01:42.915+0000] {processor.py:830} INFO - Processing file /opt/airflow/dags/main.py for tasks to queue
[2026-05-21T11:01:42.917+0000] {logging_mixin.py:188} INFO - [2026-05-21T11:01:42.917+0000] {dagbag.py:545} INFO - Filling up the DagBag from /opt/airflow/dags/main.py
[2026-05-21T11:01:42.976+0000] {processor.py:840} INFO - DAG(s) 'produce_json' retrieved from /opt/airflow/dags/main.py
[2026-05-21T11:01:43.006+0000] {logging_mixin.py:188} INFO - [2026-05-21T11:01:43.005+0000] {dag.py:3096} INFO - Sync 1 DAGs
[2026-05-21T11:01:43.029+0000] {logging_mixin.py:188} INFO - [2026-05-21T11:01:43.028+0000] {dag.py:3954} INFO - Setting next_dagrun for produce_json to 2026-05-21 11:00:00+00:00, run_after=2026-05-22 11:00:00+00:00
[2026-05-21T11:01:43.047+0000] {processor.py:183} INFO - Processing /opt/airflow/dags/main.py took 0.140 seconds
[2026-05-21T11:02:13.325+0000] {processor.py:161} INFO - Started process (PID=3472) to work on /opt/airflow/dags/main.py
[2026-05-21T11:02:13.326+0000] {processor.py:830} INFO - Processing file /opt/airflow/dags/main.py for tasks to queue
[2026-05-21T11:02:13.329+0000] {logging_mixin.py:188} INFO - [2026-05-21T11:02:13.328+0000] {dagbag.py:545} INFO - Filling up the DagBag from /opt/airflow/dags/main.py
[2026-05-21T11:02:13.384+0000] {processor.py:840} INFO - DAG(s) 'produce_json' retrieved from /opt/airflow/dags/main.py
[2026-05-21T11:02:13.418+0000] {logging_mixin.py:188} INFO - [2026-05-21T11:02:13.418+0000] {dag.py:3096} INFO - Sync 1 DAGs
[2026-05-21T11:02:13.440+0000] {logging_mixin.py:188} INFO - [2026-05-21T11:02:13.440+0000] {dag.py:3954} INFO - Setting next_dagrun for produce_json to 2026-05-21 11:00:00+00:00, run_after=2026-05-22 11:00:00+00:00
[2026-05-21T11:02:13.470+0000] {processor.py:183} INFO - Processing /opt/airflow/dags/main.py took 0.152 seconds
[2026-05-21T11:02:43.716+0000] {processor.py:161} INFO - Started process (PID=3479) to work on /opt/airflow/dags/main.py
[2026-05-21T11:02:43.717+0000] {processor.py:830} INFO - Processing file /opt/airflow/dags/main.py for tasks to queue
[2026-05-21T11:02:43.719+0000] {logging_mixin.py:188} INFO - [2026-05-21T11:02:43.719+0000] {dagbag.py:545} INFO - Filling up the DagBag from /opt/airflow/dags/main.py
[2026-05-21T11:02:43.772+0000] {processor.py:840} INFO - DAG(s) 'produce_json' retrieved from /opt/airflow/dags/main.py
[2026-05-21T11:02:43.798+0000] {logging_mixin.py:188} INFO - [2026-05-21T11:02:43.798+0000] {dag.py:3096} INFO - Sync 1 DAGs
[2026-05-21T11:02:43.817+0000] {logging_mixin.py:188} INFO - [2026-05-21T11:02:43.817+0000] {dag.py:3954} INFO - Setting next_dagrun for produce_json to 2026-05-21 11:00:00+00:00, run_after=2026-05-22 11:00:00+00:00
[2026-05-21T11:02:43.833+0000] {processor.py:183} INFO - Processing /opt/airflow/dags/main.py took 0.123 seconds
[2026-05-21T11:03:14.098+0000] {processor.py:161} INFO - Started process (PID=3486) to work on /opt/airflow/dags/main.py
[2026-05-21T11:03:14.099+0000] {processor.py:830} INFO - Processing file /opt/airflow/dags/main.py for tasks to queue
[2026-05-21T11:03:14.101+0000] {logging_mixin.py:188} INFO - [2026-05-21T11:03:14.100+0000] {dagbag.py:545} INFO - Filling up the DagBag from /opt/airflow/dags/main.py
[2026-05-21T11:03:14.151+0000] {processor.py:840} INFO - DAG(s) 'produce_json' retrieved from /opt/airflow/dags/main.py
[2026-05-21T11:03:14.177+0000] {logging_mixin.py:188} INFO - [2026-05-21T11:03:14.177+0000] {dag.py:3096} INFO - Sync 1 DAGs
[2026-05-21T11:03:14.196+0000] {logging_mixin.py:188} INFO - [2026-05-21T11:03:14.196+0000] {dag.py:3954} INFO - Setting next_dagrun for produce_json to 2026-05-21 11:00:00+00:00, run_after=2026-05-22 11:00:00+00:00
[2026-05-21T11:03:14.224+0000] {processor.py:183} INFO - Processing /opt/airflow/dags/main.py took 0.132 seconds
[2026-05-21T11:03:44.493+0000] {processor.py:161} INFO - Started process (PID=3493) to work on /opt/airflow/dags/main.py
[2026-05-21T11:03:44.494+0000] {processor.py:830} INFO - Processing file /opt/airflow/dags/main.py for tasks to queue
[2026-05-21T11:03:44.497+0000] {logging_mixin.py:188} INFO - [2026-05-21T11:03:44.496+0000] {dagbag.py:545} INFO - Filling up the DagBag from /opt/airflow/dags/main.py
[2026-05-21T11:03:44.545+0000] {processor.py:840} INFO - DAG(s) 'produce_json' retrieved from /opt/airflow/dags/main.py
[2026-05-21T11:03:44.571+0000] {logging_mixin.py:188} INFO - [2026-05-21T11:03:44.571+0000] {dag.py:3096} INFO - Sync 1 DAGs
[2026-05-21T11:03:44.590+0000] {logging_mixin.py:188} INFO - [2026-05-21T11:03:44.590+0000] {dag.py:3954} INFO - Setting next_dagrun for produce_json to 2026-05-21 11:00:00+00:00, run_after=2026-05-22 11:00:00+00:00
[2026-05-21T11:03:44.607+0000] {processor.py:183} INFO - Processing /opt/airflow/dags/main.py took 0.119 seconds
[2026-05-21T11:04:14.871+0000] {processor.py:161} INFO - Started process (PID=3500) to work on /opt/airflow/dags/main.py
[2026-05-21T11:04:14.872+0000] {processor.py:830} INFO - Processing file /opt/airflow/dags/main.py for tasks to queue
[2026-05-21T11:04:14.874+0000] {logging_mixin.py:188} INFO - [2026-05-21T11:04:14.874+0000] {dagbag.py:545} INFO - Filling up the DagBag from /opt/airflow/dags/main.py
[2026-05-21T11:04:14.927+0000] {processor.py:840} INFO - DAG(s) 'produce_json' retrieved from /opt/airflow/dags/main.py
[2026-05-21T11:04:14.957+0000] {logging_mixin.py:188} INFO - [2026-05-21T11:04:14.957+0000] {dag.py:3096} INFO - Sync 1 DAGs
[2026-05-21T11:04:14.979+0000] {logging_mixin.py:188} INFO - [2026-05-21T11:04:14.979+0000] {dag.py:3954} INFO - Setting next_dagrun for produce_json to 2026-05-21 11:00:00+00:00, run_after=2026-05-22 11:00:00+00:00
[2026-05-21T11:04:14.997+0000] {processor.py:183} INFO - Processing /opt/airflow/dags/main.py took 0.132 seconds
[2026-05-21T11:04:45.247+0000] {processor.py:161} INFO - Started process (PID=3508) to work on /opt/airflow/dags/main.py
[2026-05-21T11:04:45.248+0000] {processor.py:830} INFO - Processing file /opt/airflow/dags/main.py for tasks to queue
[2026-05-21T11:04:45.251+0000] {logging_mixin.py:188} INFO - [2026-05-21T11:04:45.250+0000] {dagbag.py:545} INFO - Filling up the DagBag from /opt/airflow/dags/main.py
[2026-05-21T11:04:45.314+0000] {processor.py:840} INFO - DAG(s) 'produce_json' retrieved from /opt/airflow/dags/main.py
[2026-05-21T11:04:45.340+0000] {logging_mixin.py:188} INFO - [2026-05-21T11:04:45.340+0000] {dag.py:3096} INFO - Sync 1 DAGs
[2026-05-21T11:04:45.360+0000] {logging_mixin.py:188} INFO - [2026-05-21T11:04:45.360+0000] {dag.py:3954} INFO - Setting next_dagrun for produce_json to 2026-05-21 11:00:00+00:00, run_after=2026-05-22 11:00:00+00:00
[2026-05-21T11:04:45.377+0000] {processor.py:183} INFO - Processing /opt/airflow/dags/main.py took 0.138 seconds
[2026-05-21T11:05:15.642+0000] {processor.py:161} INFO - Started process (PID=3516) to work on /opt/airflow/dags/main.py
[2026-05-21T11:05:15.643+0000] {processor.py:830} INFO - Processing file /opt/airflow/dags/main.py for tasks to queue
[2026-05-21T11:05:15.645+0000] {logging_mixin.py:188} INFO - [2026-05-21T11:05:15.645+0000] {dagbag.py:545} INFO - Filling up the DagBag from /opt/airflow/dags/main.py
[2026-05-21T11:05:15.698+0000] {processor.py:840} INFO - DAG(s) 'produce_json' retrieved from /opt/airflow/dags/main.py
[2026-05-21T11:05:15.726+0000] {logging_mixin.py:188} INFO - [2026-05-21T11:05:15.726+0000] {dag.py:3096} INFO - Sync 1 DAGs
[2026-05-21T11:05:15.747+0000] {logging_mixin.py:188} INFO - [2026-05-21T11:05:15.747+0000] {dag.py:3954} INFO - Setting next_dagrun for produce_json to 2026-05-21 11:00:00+00:00, run_after=2026-05-22 11:00:00+00:00
[2026-05-21T11:05:15.768+0000] {processor.py:183} INFO - Processing /opt/airflow/dags/main.py took 0.133 seconds
[2026-05-21T11:05:45.910+0000] {processor.py:161} INFO - Started process (PID=3523) to work on /opt/airflow/dags/main.py
[2026-05-21T11:05:45.911+0000] {processor.py:830} INFO - Processing file /opt/airflow/dags/main.py for tasks to queue
[2026-05-21T11:05:45.913+0000] {logging_mixin.py:188} INFO - [2026-05-21T11:05:45.913+0000] {dagbag.py:545} INFO - Filling up the DagBag from /opt/airflow/dags/main.py
[2026-05-21T11:05:45.961+0000] {processor.py:840} INFO - DAG(s) 'produce_json' retrieved from /opt/airflow/dags/main.py
[2026-05-21T11:05:45.988+0000] {logging_mixin.py:188} INFO - [2026-05-21T11:05:45.988+0000] {dag.py:3096} INFO - Sync 1 DAGs
[2026-05-21T11:05:46.007+0000] {logging_mixin.py:188} INFO - [2026-05-21T11:05:46.007+0000] {dag.py:3954} INFO - Setting next_dagrun for produce_json to 2026-05-21 11:00:00+00:00, run_after=2026-05-22 11:00:00+00:00
[2026-05-21T11:05:46.023+0000] {processor.py:183} INFO - Processing /opt/airflow/dags/main.py took 0.121 seconds
[2026-05-21T11:06:16.290+0000] {processor.py:161} INFO - Started process (PID=3530) to work on /opt/airflow/dags/main.py
[2026-05-21T11:06:16.291+0000] {processor.py:830} INFO - Processing file /opt/airflow/dags/main.py for tasks to queue
[2026-05-21T11:06:16.293+0000] {logging_mixin.py:188} INFO - [2026-05-21T11:06:16.293+0000] {dagbag.py:545} INFO - Filling up the DagBag from /opt/airflow/dags/main.py
[2026-05-21T11:06:16.344+0000] {processor.py:840} INFO - DAG(s) 'produce_json' retrieved from /opt/airflow/dags/main.py
[2026-05-21T11:06:16.371+0000] {logging_mixin.py:188} INFO - [2026-05-21T11:06:16.371+0000] {dag.py:3096} INFO - Sync 1 DAGs
[2026-05-21T11:06:16.390+0000] {logging_mixin.py:188} INFO - [2026-05-21T11:06:16.390+0000] {dag.py:3954} INFO - Setting next_dagrun for produce_json to 2026-05-21 11:00:00+00:00, run_after=2026-05-22 11:00:00+00:00
[2026-05-21T11:06:16.409+0000] {processor.py:183} INFO - Processing /opt/airflow/dags/main.py took 0.125 seconds
[2026-05-21T11:06:46.732+0000] {processor.py:161} INFO - Started process (PID=3537) to work on /opt/airflow/dags/main.py
[2026-05-21T11:06:46.733+0000] {processor.py:830} INFO - Processing file /opt/airflow/dags/main.py for tasks to queue
[2026-05-21T11:06:46.735+0000] {logging_mixin.py:188} INFO - [2026-05-21T11:06:46.735+0000] {dagbag.py:545} INFO - Filling up the DagBag from /opt/airflow/dags/main.py
[2026-05-21T11:06:46.788+0000] {processor.py:840} INFO - DAG(s) 'produce_json' retrieved from /opt/airflow/dags/main.py
[2026-05-21T11:06:46.814+0000] {logging_mixin.py:188} INFO - [2026-05-21T11:06:46.813+0000] {dag.py:3096} INFO - Sync 1 DAGs
[2026-05-21T11:06:46.834+0000] {logging_mixin.py:188} INFO - [2026-05-21T11:06:46.834+0000] {dag.py:3954} INFO - Setting next_dagrun for produce_json to 2026-05-21 11:00:00+00:00, run_after=2026-05-22 11:00:00+00:00
[2026-05-21T11:06:46.852+0000] {processor.py:183} INFO - Processing /opt/airflow/dags/main.py took 0.126 seconds
[2026-05-21T11:07:17.136+0000] {processor.py:161} INFO - Started process (PID=3544) to work on /opt/airflow/dags/main.py
[2026-05-21T11:07:17.137+0000] {processor.py:830} INFO - Processing file /opt/airflow/dags/main.py for tasks to queue
[2026-05-21T11:07:17.139+0000] {logging_mixin.py:188} INFO - [2026-05-21T11:07:17.139+0000] {dagbag.py:545} INFO - Filling up the DagBag from /opt/airflow/dags/main.py
[2026-05-21T11:07:17.197+0000] {processor.py:840} INFO - DAG(s) 'produce_json' retrieved from /opt/airflow/dags/main.py
[2026-05-21T11:07:17.226+0000] {logging_mixin.py:188} INFO - [2026-05-21T11:07:17.226+0000] {dag.py:3096} INFO - Sync 1 DAGs
[2026-05-21T11:07:17.246+0000] {logging_mixin.py:188} INFO - [2026-05-21T11:07:17.245+0000] {dag.py:3954} INFO - Setting next_dagrun for produce_json to 2026-05-21 11:00:00+00:00, run_after=2026-05-22 11:00:00+00:00
[2026-05-21T11:07:17.263+0000] {processor.py:183} INFO - Processing /opt/airflow/dags/main.py took 0.133 seconds
[2026-05-21T11:07:47.449+0000] {processor.py:161} INFO - Started process (PID=3551) to work on /opt/airflow/dags/main.py
[2026-05-21T11:07:47.450+0000] {processor.py:830} INFO - Processing file /opt/airflow/dags/main.py for tasks to queue
[2026-05-21T11:07:47.452+0000] {logging_mixin.py:188} INFO - [2026-05-21T11:07:47.452+0000] {dagbag.py:545} INFO - Filling up the DagBag from /opt/airflow/dags/main.py
[2026-05-21T11:07:47.502+0000] {processor.py:840} INFO - DAG(s) 'produce_json' retrieved from /opt/airflow/dags/main.py
[2026-05-21T11:07:47.529+0000] {logging_mixin.py:188} INFO - [2026-05-21T11:07:47.529+0000] {dag.py:3096} INFO - Sync 1 DAGs
[2026-05-21T11:07:47.548+0000] {logging_mixin.py:188} INFO - [2026-05-21T11:07:47.548+0000] {dag.py:3954} INFO - Setting next_dagrun for produce_json to 2026-05-21 11:00:00+00:00, run_after=2026-05-22 11:00:00+00:00
[2026-05-21T11:07:47.575+0000] {processor.py:183} INFO - Processing /opt/airflow/dags/main.py took 0.133 seconds
[2026-05-21T11:08:17.899+0000] {processor.py:161} INFO - Started process (PID=3558) to work on /opt/airflow/dags/main.py
[2026-05-21T11:08:17.900+0000] {processor.py:830} INFO - Processing file /opt/airflow/dags/main.py for tasks to queue
[2026-05-21T11:08:17.902+0000] {logging_mixin.py:188} INFO - [2026-05-21T11:08:17.902+0000] {dagbag.py:545} INFO - Filling up the DagBag from /opt/airflow/dags/main.py
[2026-05-21T11:08:17.952+0000] {processor.py:840} INFO - DAG(s) 'produce_json' retrieved from /opt/airflow/dags/main.py
[2026-05-21T11:08:17.978+0000] {logging_mixin.py:188} INFO - [2026-05-21T11:08:17.977+0000] {dag.py:3096} INFO - Sync 1 DAGs
[2026-05-21T11:08:17.996+0000] {logging_mixin.py:188} INFO - [2026-05-21T11:08:17.996+0000] {dag.py:3954} INFO - Setting next_dagrun for produce_json to 2026-05-21 11:00:00+00:00, run_after=2026-05-22 11:00:00+00:00
[2026-05-21T11:08:18.013+0000] {processor.py:183} INFO - Processing /opt/airflow/dags/main.py took 0.120 seconds
[2026-05-21T11:08:48.288+0000] {processor.py:161} INFO - Started process (PID=3565) to work on /opt/airflow/dags/main.py
[2026-05-21T11:08:48.289+0000] {processor.py:830} INFO - Processing file /opt/airflow/dags/main.py for tasks to queue
[2026-05-21T11:08:48.292+0000] {logging_mixin.py:188} INFO - [2026-05-21T11:08:48.292+0000] {dagbag.py:545} INFO - Filling up the DagBag from /opt/airflow/dags/main.py
[2026-05-21T11:08:48.345+0000] {processor.py:840} INFO - DAG(s) 'produce_json' retrieved from /opt/airflow/dags/main.py
[2026-05-21T11:08:48.372+0000] {logging_mixin.py:188} INFO - [2026-05-21T11:08:48.372+0000] {dag.py:3096} INFO - Sync 1 DAGs
[2026-05-21T11:08:48.392+0000] {logging_mixin.py:188} INFO - [2026-05-21T11:08:48.391+0000] {dag.py:3954} INFO - Setting next_dagrun for produce_json to 2026-05-21 11:00:00+00:00, run_after=2026-05-22 11:00:00+00:00
[2026-05-21T11:08:48.427+0000] {processor.py:183} INFO - Processing /opt/airflow/dags/main.py took 0.145 seconds
[2026-05-21T11:09:18.723+0000] {processor.py:161} INFO - Started process (PID=3572) to work on /opt/airflow/dags/main.py
[2026-05-21T11:09:18.724+0000] {processor.py:830} INFO - Processing file /opt/airflow/dags/main.py for tasks to queue
[2026-05-21T11:09:18.726+0000] {logging_mixin.py:188} INFO - [2026-05-21T11:09:18.726+0000] {dagbag.py:545} INFO - Filling up the DagBag from /opt/airflow/dags/main.py
[2026-05-21T11:09:18.779+0000] {processor.py:840} INFO - DAG(s) 'produce_json' retrieved from /opt/airflow/dags/main.py
[2026-05-21T11:09:18.805+0000] {logging_mixin.py:188} INFO - [2026-05-21T11:09:18.804+0000] {dag.py:3096} INFO - Sync 1 DAGs
[2026-05-21T11:09:18.823+0000] {logging_mixin.py:188} INFO - [2026-05-21T11:09:18.823+0000] {dag.py:3954} INFO - Setting next_dagrun for produce_json to 2026-05-21 11:00:00+00:00, run_after=2026-05-22 11:00:00+00:00
[2026-05-21T11:09:18.842+0000] {processor.py:183} INFO - Processing /opt/airflow/dags/main.py took 0.125 seconds
[2026-05-21T11:09:49.033+0000] {processor.py:161} INFO - Started process (PID=3579) to work on /opt/airflow/dags/main.py
[2026-05-21T11:09:49.034+0000] {processor.py:830} INFO - Processing file /opt/airflow/dags/main.py for tasks to queue
[2026-05-21T11:09:49.036+0000] {logging_mixin.py:188} INFO - [2026-05-21T11:09:49.036+0000] {dagbag.py:545} INFO - Filling up the DagBag from /opt/airflow/dags/main.py
[2026-05-21T11:09:49.090+0000] {processor.py:840} INFO - DAG(s) 'produce_json' retrieved from /opt/airflow/dags/main.py
[2026-05-21T11:09:49.118+0000] {logging_mixin.py:188} INFO - [2026-05-21T11:09:49.117+0000] {dag.py:3096} INFO - Sync 1 DAGs
[2026-05-21T11:09:49.138+0000] {logging_mixin.py:188} INFO - [2026-05-21T11:09:49.138+0000] {dag.py:3954} INFO - Setting next_dagrun for produce_json to 2026-05-21 11:00:00+00:00, run_after=2026-05-22 11:00:00+00:00
[2026-05-21T11:09:49.155+0000] {processor.py:183} INFO - Processing /opt/airflow/dags/main.py took 0.128 seconds
[2026-05-21T11:10:19.497+0000] {processor.py:161} INFO - Started process (PID=3586) to work on /opt/airflow/dags/main.py
[2026-05-21T11:10:19.498+0000] {processor.py:830} INFO - Processing file /opt/airflow/dags/main.py for tasks to queue
[2026-05-21T11:10:19.500+0000] {logging_mixin.py:188} INFO - [2026-05-21T11:10:19.500+0000] {dagbag.py:545} INFO - Filling up the DagBag from /opt/airflow/dags/main.py
[2026-05-21T11:10:19.550+0000] {processor.py:840} INFO - DAG(s) 'produce_json' retrieved from /opt/airflow/dags/main.py
[2026-05-21T11:10:19.576+0000] {logging_mixin.py:188} INFO - [2026-05-21T11:10:19.576+0000] {dag.py:3096} INFO - Sync 1 DAGs
[2026-05-21T11:10:19.599+0000] {logging_mixin.py:188} INFO - [2026-05-21T11:10:19.598+0000] {dag.py:3954} INFO - Setting next_dagrun for produce_json to 2026-05-21 11:00:00+00:00, run_after=2026-05-22 11:00:00+00:00
[2026-05-21T11:10:19.617+0000] {processor.py:183} INFO - Processing /opt/airflow/dags/main.py took 0.126 seconds
[2026-05-21T11:10:49.854+0000] {processor.py:161} INFO - Started process (PID=3593) to work on /opt/airflow/dags/main.py
[2026-05-21T11:10:49.855+0000] {processor.py:830} INFO - Processing file /opt/airflow/dags/main.py for tasks to queue
[2026-05-21T11:10:49.857+0000] {logging_mixin.py:188} INFO - [2026-05-21T11:10:49.857+0000] {dagbag.py:545} INFO - Filling up the DagBag from /opt/airflow/dags/main.py
[2026-05-21T11:10:49.913+0000] {processor.py:840} INFO - DAG(s) 'produce_json' retrieved from /opt/airflow/dags/main.py
[2026-05-21T11:10:49.939+0000] {logging_mixin.py:188} INFO - [2026-05-21T11:10:49.939+0000] {dag.py:3096} INFO - Sync 1 DAGs
[2026-05-21T11:10:49.960+0000] {logging_mixin.py:188} INFO - [2026-05-21T11:10:49.960+0000] {dag.py:3954} INFO - Setting next_dagrun for produce_json to 2026-05-21 11:00:00+00:00, run_after=2026-05-22 11:00:00+00:00
[2026-05-21T11:10:49.976+0000] {processor.py:183} INFO - Processing /opt/airflow/dags/main.py took 0.128 seconds
[2026-05-21T11:11:20.264+0000] {processor.py:161} INFO - Started process (PID=3600) to work on /opt/airflow/dags/main.py
[2026-05-21T11:11:20.265+0000] {processor.py:830} INFO - Processing file /opt/airflow/dags/main.py for tasks to queue
[2026-05-21T11:11:20.267+0000] {logging_mixin.py:188} INFO - [2026-05-21T11:11:20.267+0000] {dagbag.py:545} INFO - Filling up the DagBag from /opt/airflow/dags/main.py
[2026-05-21T11:11:20.317+0000] {processor.py:840} INFO - DAG(s) 'produce_json' retrieved from /opt/airflow/dags/main.py
[2026-05-21T11:11:20.344+0000] {logging_mixin.py:188} INFO - [2026-05-21T11:11:20.344+0000] {dag.py:3096} INFO - Sync 1 DAGs
[2026-05-21T11:11:20.364+0000] {logging_mixin.py:188} INFO - [2026-05-21T11:11:20.364+0000] {dag.py:3954} INFO - Setting next_dagrun for produce_json to 2026-05-21 11:00:00+00:00, run_after=2026-05-22 11:00:00+00:00
[2026-05-21T11:11:20.399+0000] {processor.py:183} INFO - Processing /opt/airflow/dags/main.py took 0.141 seconds
[2026-05-21T11:11:50.628+0000] {processor.py:161} INFO - Started process (PID=3607) to work on /opt/airflow/dags/main.py
[2026-05-21T11:11:50.629+0000] {processor.py:830} INFO - Processing file /opt/airflow/dags/main.py for tasks to queue
[2026-05-21T11:11:50.630+0000] {logging_mixin.py:188} INFO - [2026-05-21T11:11:50.630+0000] {dagbag.py:545} INFO - Filling up the DagBag from /opt/airflow/dags/main.py
[2026-05-21T11:11:50.679+0000] {processor.py:840} INFO - DAG(s) 'produce_json' retrieved from /opt/airflow/dags/main.py
[2026-05-21T11:11:50.708+0000] {logging_mixin.py:188} INFO - [2026-05-21T11:11:50.708+0000] {dag.py:3096} INFO - Sync 1 DAGs
[2026-05-21T11:11:50.730+0000] {logging_mixin.py:188} INFO - [2026-05-21T11:11:50.729+0000] {dag.py:3954} INFO - Setting next_dagrun for produce_json to 2026-05-21 11:00:00+00:00, run_after=2026-05-22 11:00:00+00:00
[2026-05-21T11:11:50.760+0000] {processor.py:183} INFO - Processing /opt/airflow/dags/main.py took 0.139 seconds
[2026-05-21T11:12:21.013+0000] {processor.py:161} INFO - Started process (PID=3614) to work on /opt/airflow/dags/main.py
[2026-05-21T11:12:21.014+0000] {processor.py:830} INFO - Processing file /opt/airflow/dags/main.py for tasks to queue
[2026-05-21T11:12:21.017+0000] {logging_mixin.py:188} INFO - [2026-05-21T11:12:21.016+0000] {dagbag.py:545} INFO - Filling up the DagBag from /opt/airflow/dags/main.py
[2026-05-21T11:12:21.065+0000] {processor.py:840} INFO - DAG(s) 'produce_json' retrieved from /opt/airflow/dags/main.py
[2026-05-21T11:12:21.091+0000] {logging_mixin.py:188} INFO - [2026-05-21T11:12:21.091+0000] {dag.py:3096} INFO - Sync 1 DAGs
[2026-05-21T11:12:21.111+0000] {logging_mixin.py:188} INFO - [2026-05-21T11:12:21.110+0000] {dag.py:3954} INFO - Setting next_dagrun for produce_json to 2026-05-21 11:00:00+00:00, run_after=2026-05-22 11:00:00+00:00
[2026-05-21T11:12:21.146+0000] {processor.py:183} INFO - Processing /opt/airflow/dags/main.py took 0.139 seconds
[2026-05-21T11:12:51.413+0000] {processor.py:161} INFO - Started process (PID=3621) to work on /opt/airflow/dags/main.py
[2026-05-21T11:12:51.414+0000] {processor.py:830} INFO - Processing file /opt/airflow/dags/main.py for tasks to queue
[2026-05-21T11:12:51.417+0000] {logging_mixin.py:188} INFO - [2026-05-21T11:12:51.416+0000] {dagbag.py:545} INFO - Filling up the DagBag from /opt/airflow/dags/main.py
[2026-05-21T11:12:51.467+0000] {processor.py:840} INFO - DAG(s) 'produce_json' retrieved from /opt/airflow/dags/main.py
[2026-05-21T11:12:51.493+0000] {logging_mixin.py:188} INFO - [2026-05-21T11:12:51.493+0000] {dag.py:3096} INFO - Sync 1 DAGs
[2026-05-21T11:12:51.513+0000] {logging_mixin.py:188} INFO - [2026-05-21T11:12:51.513+0000] {dag.py:3954} INFO - Setting next_dagrun for produce_json to 2026-05-21 11:00:00+00:00, run_after=2026-05-22 11:00:00+00:00
[2026-05-21T11:12:51.542+0000] {processor.py:183} INFO - Processing /opt/airflow/dags/main.py took 0.135 seconds
[2026-05-21T13:15:35.734+0000] {processor.py:161} INFO - Started process (PID=3628) to work on /opt/airflow/dags/main.py
[2026-05-21T13:15:35.738+0000] {processor.py:830} INFO - Processing file /opt/airflow/dags/main.py for tasks to queue
[2026-05-21T13:15:35.744+0000] {logging_mixin.py:188} INFO - [2026-05-21T13:15:35.743+0000] {dagbag.py:545} INFO - Filling up the DagBag from /opt/airflow/dags/main.py
[2026-05-21T13:15:35.987+0000] {processor.py:840} INFO - DAG(s) 'produce_json' retrieved from /opt/airflow/dags/main.py
[2026-05-21T13:15:36.149+0000] {logging_mixin.py:188} INFO - [2026-05-21T13:15:36.148+0000] {dag.py:3096} INFO - Sync 1 DAGs
[2026-05-21T13:15:36.379+0000] {logging_mixin.py:188} INFO - [2026-05-21T13:15:36.379+0000] {dag.py:3954} INFO - Setting next_dagrun for produce_json to 2026-05-21 11:00:00+00:00, run_after=2026-05-22 11:00:00+00:00
[2026-05-21T13:15:36.596+0000] {processor.py:183} INFO - Processing /opt/airflow/dags/main.py took 0.890 seconds
[2026-05-21T13:16:06.899+0000] {processor.py:161} INFO - Started process (PID=3635) to work on /opt/airflow/dags/main.py
[2026-05-21T13:16:06.900+0000] {processor.py:830} INFO - Processing file /opt/airflow/dags/main.py for tasks to queue
[2026-05-21T13:16:06.902+0000] {logging_mixin.py:188} INFO - [2026-05-21T13:16:06.902+0000] {dagbag.py:545} INFO - Filling up the DagBag from /opt/airflow/dags/main.py
[2026-05-21T13:16:06.980+0000] {processor.py:840} INFO - DAG(s) 'produce_json' retrieved from /opt/airflow/dags/main.py
[2026-05-21T13:16:07.013+0000] {logging_mixin.py:188} INFO - [2026-05-21T13:16:07.012+0000] {dag.py:3096} INFO - Sync 1 DAGs
[2026-05-21T13:16:07.034+0000] {logging_mixin.py:188} INFO - [2026-05-21T13:16:07.034+0000] {dag.py:3954} INFO - Setting next_dagrun for produce_json to 2026-05-21 11:00:00+00:00, run_after=2026-05-22 11:00:00+00:00
[2026-05-21T13:16:07.096+0000] {processor.py:183} INFO - Processing /opt/airflow/dags/main.py took 0.206 seconds
[2026-05-21T13:16:37.317+0000] {processor.py:161} INFO - Started process (PID=3642) to work on /opt/airflow/dags/main.py
[2026-05-21T13:16:37.319+0000] {processor.py:830} INFO - Processing file /opt/airflow/dags/main.py for tasks to queue
[2026-05-21T13:16:37.321+0000] {logging_mixin.py:188} INFO - [2026-05-21T13:16:37.321+0000] {dagbag.py:545} INFO - Filling up the DagBag from /opt/airflow/dags/main.py
[2026-05-21T13:16:37.393+0000] {processor.py:840} INFO - DAG(s) 'produce_json' retrieved from /opt/airflow/dags/main.py
[2026-05-21T13:16:37.425+0000] {logging_mixin.py:188} INFO - [2026-05-21T13:16:37.425+0000] {dag.py:3096} INFO - Sync 1 DAGs
[2026-05-21T13:16:37.448+0000] {logging_mixin.py:188} INFO - [2026-05-21T13:16:37.447+0000] {dag.py:3954} INFO - Setting next_dagrun for produce_json to 2026-05-21 11:00:00+00:00, run_after=2026-05-22 11:00:00+00:00
[2026-05-21T13:16:37.506+0000] {processor.py:183} INFO - Processing /opt/airflow/dags/main.py took 0.195 seconds
[2026-05-21T13:17:07.798+0000] {processor.py:161} INFO - Started process (PID=3649) to work on /opt/airflow/dags/main.py
[2026-05-21T13:17:07.801+0000] {processor.py:830} INFO - Processing file /opt/airflow/dags/main.py for tasks to queue
[2026-05-21T13:17:07.804+0000] {logging_mixin.py:188} INFO - [2026-05-21T13:17:07.804+0000] {dagbag.py:545} INFO - Filling up the DagBag from /opt/airflow/dags/main.py
[2026-05-21T13:17:07.940+0000] {processor.py:840} INFO - DAG(s) 'produce_json' retrieved from /opt/airflow/dags/main.py
[2026-05-21T13:17:07.982+0000] {logging_mixin.py:188} INFO - [2026-05-21T13:17:07.981+0000] {dag.py:3096} INFO - Sync 1 DAGs
[2026-05-21T13:17:08.009+0000] {logging_mixin.py:188} INFO - [2026-05-21T13:17:08.009+0000] {dag.py:3954} INFO - Setting next_dagrun for produce_json to 2026-05-21 11:00:00+00:00, run_after=2026-05-22 11:00:00+00:00
[2026-05-21T13:17:08.091+0000] {processor.py:183} INFO - Processing /opt/airflow/dags/main.py took 0.310 seconds
[2026-05-21T13:17:38.242+0000] {processor.py:161} INFO - Started process (PID=3656) to work on /opt/airflow/dags/main.py
[2026-05-21T13:17:38.244+0000] {processor.py:830} INFO - Processing file /opt/airflow/dags/main.py for tasks to queue
[2026-05-21T13:17:38.248+0000] {logging_mixin.py:188} INFO - [2026-05-21T13:17:38.247+0000] {dagbag.py:545} INFO - Filling up the DagBag from /opt/airflow/dags/main.py
[2026-05-21T13:17:38.381+0000] {processor.py:840} INFO - DAG(s) 'produce_json' retrieved from /opt/airflow/dags/main.py
[2026-05-21T13:17:38.426+0000] {logging_mixin.py:188} INFO - [2026-05-21T13:17:38.425+0000] {dag.py:3096} INFO - Sync 1 DAGs
[2026-05-21T13:17:38.482+0000] {logging_mixin.py:188} INFO - [2026-05-21T13:17:38.481+0000] {dag.py:3954} INFO - Setting next_dagrun for produce_json to 2026-05-21 11:00:00+00:00, run_after=2026-05-22 11:00:00+00:00
[2026-05-21T13:17:38.590+0000] {processor.py:183} INFO - Processing /opt/airflow/dags/main.py took 0.369 seconds
[2026-05-21T13:18:08.939+0000] {processor.py:161} INFO - Started process (PID=3663) to work on /opt/airflow/dags/main.py
[2026-05-21T13:18:08.942+0000] {processor.py:830} INFO - Processing file /opt/airflow/dags/main.py for tasks to queue
[2026-05-21T13:18:08.946+0000] {logging_mixin.py:188} INFO - [2026-05-21T13:18:08.945+0000] {dagbag.py:545} INFO - Filling up the DagBag from /opt/airflow/dags/main.py
[2026-05-21T13:18:09.042+0000] {processor.py:840} INFO - DAG(s) 'produce_json' retrieved from /opt/airflow/dags/main.py
[2026-05-21T13:18:09.088+0000] {logging_mixin.py:188} INFO - [2026-05-21T13:18:09.087+0000] {dag.py:3096} INFO - Sync 1 DAGs
[2026-05-21T13:18:09.120+0000] {logging_mixin.py:188} INFO - [2026-05-21T13:18:09.120+0000] {dag.py:3954} INFO - Setting next_dagrun for produce_json to 2026-05-21 11:00:00+00:00, run_after=2026-05-22 11:00:00+00:00
[2026-05-21T13:18:09.182+0000] {processor.py:183} INFO - Processing /opt/airflow/dags/main.py took 0.261 seconds
[2026-05-21T13:18:39.344+0000] {processor.py:161} INFO - Started process (PID=3670) to work on /opt/airflow/dags/main.py
[2026-05-21T13:18:39.346+0000] {processor.py:830} INFO - Processing file /opt/airflow/dags/main.py for tasks to queue
[2026-05-21T13:18:39.349+0000] {logging_mixin.py:188} INFO - [2026-05-21T13:18:39.349+0000] {dagbag.py:545} INFO - Filling up the DagBag from /opt/airflow/dags/main.py
[2026-05-21T13:18:39.433+0000] {processor.py:840} INFO - DAG(s) 'produce_json' retrieved from /opt/airflow/dags/main.py
[2026-05-21T13:18:39.473+0000] {logging_mixin.py:188} INFO - [2026-05-21T13:18:39.472+0000] {dag.py:3096} INFO - Sync 1 DAGs
[2026-05-21T13:18:39.512+0000] {logging_mixin.py:188} INFO - [2026-05-21T13:18:39.512+0000] {dag.py:3954} INFO - Setting next_dagrun for produce_json to 2026-05-21 11:00:00+00:00, run_after=2026-05-22 11:00:00+00:00
[2026-05-21T13:18:39.546+0000] {processor.py:183} INFO - Processing /opt/airflow/dags/main.py took 0.211 seconds
[2026-05-21T13:19:09.949+0000] {processor.py:161} INFO - Started process (PID=3677) to work on /opt/airflow/dags/main.py
[2026-05-21T13:19:09.951+0000] {processor.py:830} INFO - Processing file /opt/airflow/dags/main.py for tasks to queue
[2026-05-21T13:19:09.955+0000] {logging_mixin.py:188} INFO - [2026-05-21T13:19:09.954+0000] {dagbag.py:545} INFO - Filling up the DagBag from /opt/airflow/dags/main.py
[2026-05-21T13:19:10.055+0000] {processor.py:840} INFO - DAG(s) 'produce_json' retrieved from /opt/airflow/dags/main.py
[2026-05-21T13:19:10.088+0000] {logging_mixin.py:188} INFO - [2026-05-21T13:19:10.088+0000] {dag.py:3096} INFO - Sync 1 DAGs
[2026-05-21T13:19:10.116+0000] {logging_mixin.py:188} INFO - [2026-05-21T13:19:10.116+0000] {dag.py:3954} INFO - Setting next_dagrun for produce_json to 2026-05-21 11:00:00+00:00, run_after=2026-05-22 11:00:00+00:00
[2026-05-21T13:19:10.198+0000] {processor.py:183} INFO - Processing /opt/airflow/dags/main.py took 0.264 seconds
[2026-05-21T13:19:40.371+0000] {processor.py:161} INFO - Started process (PID=3684) to work on /opt/airflow/dags/main.py
[2026-05-21T13:19:40.406+0000] {processor.py:830} INFO - Processing file /opt/airflow/dags/main.py for tasks to queue
[2026-05-21T13:19:40.412+0000] {logging_mixin.py:188} INFO - [2026-05-21T13:19:40.411+0000] {dagbag.py:545} INFO - Filling up the DagBag from /opt/airflow/dags/main.py
[2026-05-21T13:19:40.561+0000] {processor.py:840} INFO - DAG(s) 'produce_json' retrieved from /opt/airflow/dags/main.py
[2026-05-21T13:19:40.598+0000] {logging_mixin.py:188} INFO - [2026-05-21T13:19:40.597+0000] {dag.py:3096} INFO - Sync 1 DAGs
[2026-05-21T13:19:40.626+0000] {logging_mixin.py:188} INFO - [2026-05-21T13:19:40.626+0000] {dag.py:3954} INFO - Setting next_dagrun for produce_json to 2026-05-21 11:00:00+00:00, run_after=2026-05-22 11:00:00+00:00
[2026-05-21T13:19:40.703+0000] {processor.py:183} INFO - Processing /opt/airflow/dags/main.py took 0.351 seconds
[2026-05-21T13:20:10.913+0000] {processor.py:161} INFO - Started process (PID=3691) to work on /opt/airflow/dags/main.py
[2026-05-21T13:20:10.915+0000] {processor.py:830} INFO - Processing file /opt/airflow/dags/main.py for tasks to queue
[2026-05-21T13:20:10.917+0000] {logging_mixin.py:188} INFO - [2026-05-21T13:20:10.917+0000] {dagbag.py:545} INFO - Filling up the DagBag from /opt/airflow/dags/main.py
[2026-05-21T13:20:10.990+0000] {processor.py:840} INFO - DAG(s) 'produce_json' retrieved from /opt/airflow/dags/main.py
[2026-05-21T13:20:11.025+0000] {logging_mixin.py:188} INFO - [2026-05-21T13:20:11.024+0000] {dag.py:3096} INFO - Sync 1 DAGs
[2026-05-21T13:20:11.059+0000] {logging_mixin.py:188} INFO - [2026-05-21T13:20:11.059+0000] {dag.py:3954} INFO - Setting next_dagrun for produce_json to 2026-05-21 11:00:00+00:00, run_after=2026-05-22 11:00:00+00:00
[2026-05-21T13:20:11.096+0000] {processor.py:183} INFO - Processing /opt/airflow/dags/main.py took 0.193 seconds
[2026-05-21T13:20:41.675+0000] {processor.py:161} INFO - Started process (PID=3698) to work on /opt/airflow/dags/main.py
[2026-05-21T13:20:41.677+0000] {processor.py:830} INFO - Processing file /opt/airflow/dags/main.py for tasks to queue
[2026-05-21T13:20:41.682+0000] {logging_mixin.py:188} INFO - [2026-05-21T13:20:41.681+0000] {dagbag.py:545} INFO - Filling up the DagBag from /opt/airflow/dags/main.py
[2026-05-21T13:20:41.803+0000] {processor.py:840} INFO - DAG(s) 'produce_json' retrieved from /opt/airflow/dags/main.py
[2026-05-21T13:20:41.844+0000] {logging_mixin.py:188} INFO - [2026-05-21T13:20:41.843+0000] {dag.py:3096} INFO - Sync 1 DAGs
[2026-05-21T13:20:41.871+0000] {logging_mixin.py:188} INFO - [2026-05-21T13:20:41.871+0000] {dag.py:3954} INFO - Setting next_dagrun for produce_json to 2026-05-21 11:00:00+00:00, run_after=2026-05-22 11:00:00+00:00
[2026-05-21T13:20:41.957+0000] {processor.py:183} INFO - Processing /opt/airflow/dags/main.py took 0.293 seconds
[2026-05-21T13:21:12.068+0000] {processor.py:161} INFO - Started process (PID=3705) to work on /opt/airflow/dags/main.py
[2026-05-21T13:21:12.069+0000] {processor.py:830} INFO - Processing file /opt/airflow/dags/main.py for tasks to queue
[2026-05-21T13:21:12.073+0000] {logging_mixin.py:188} INFO - [2026-05-21T13:21:12.072+0000] {dagbag.py:545} INFO - Filling up the DagBag from /opt/airflow/dags/main.py
[2026-05-21T13:21:12.161+0000] {processor.py:840} INFO - DAG(s) 'produce_json' retrieved from /opt/airflow/dags/main.py
[2026-05-21T13:21:12.199+0000] {logging_mixin.py:188} INFO - [2026-05-21T13:21:12.199+0000] {dag.py:3096} INFO - Sync 1 DAGs
[2026-05-21T13:21:12.230+0000] {logging_mixin.py:188} INFO - [2026-05-21T13:21:12.230+0000] {dag.py:3954} INFO - Setting next_dagrun for produce_json to 2026-05-21 11:00:00+00:00, run_after=2026-05-22 11:00:00+00:00
[2026-05-21T13:21:12.256+0000] {processor.py:183} INFO - Processing /opt/airflow/dags/main.py took 0.199 seconds
[2026-05-21T13:21:42.551+0000] {processor.py:161} INFO - Started process (PID=3712) to work on /opt/airflow/dags/main.py
[2026-05-21T13:21:42.554+0000] {processor.py:830} INFO - Processing file /opt/airflow/dags/main.py for tasks to queue
[2026-05-21T13:21:42.557+0000] {logging_mixin.py:188} INFO - [2026-05-21T13:21:42.557+0000] {dagbag.py:545} INFO - Filling up the DagBag from /opt/airflow/dags/main.py
[2026-05-21T13:21:42.694+0000] {processor.py:840} INFO - DAG(s) 'produce_json' retrieved from /opt/airflow/dags/main.py
[2026-05-21T13:21:42.741+0000] {logging_mixin.py:188} INFO - [2026-05-21T13:21:42.741+0000] {dag.py:3096} INFO - Sync 1 DAGs
[2026-05-21T13:21:42.767+0000] {logging_mixin.py:188} INFO - [2026-05-21T13:21:42.767+0000] {dag.py:3954} INFO - Setting next_dagrun for produce_json to 2026-05-21 11:00:00+00:00, run_after=2026-05-22 11:00:00+00:00
[2026-05-21T13:21:42.845+0000] {processor.py:183} INFO - Processing /opt/airflow/dags/main.py took 0.310 seconds
[2026-05-21T13:22:13.165+0000] {processor.py:161} INFO - Started process (PID=3719) to work on /opt/airflow/dags/main.py
[2026-05-21T13:22:13.168+0000] {processor.py:830} INFO - Processing file /opt/airflow/dags/main.py for tasks to queue
[2026-05-21T13:22:13.171+0000] {logging_mixin.py:188} INFO - [2026-05-21T13:22:13.171+0000] {dagbag.py:545} INFO - Filling up the DagBag from /opt/airflow/dags/main.py
[2026-05-21T13:22:13.280+0000] {processor.py:840} INFO - DAG(s) 'produce_json' retrieved from /opt/airflow/dags/main.py
[2026-05-21T13:22:13.312+0000] {logging_mixin.py:188} INFO - [2026-05-21T13:22:13.312+0000] {dag.py:3096} INFO - Sync 1 DAGs
[2026-05-21T13:22:13.336+0000] {logging_mixin.py:188} INFO - [2026-05-21T13:22:13.336+0000] {dag.py:3954} INFO - Setting next_dagrun for produce_json to 2026-05-21 11:00:00+00:00, run_after=2026-05-22 11:00:00+00:00
[2026-05-21T13:22:13.357+0000] {processor.py:183} INFO - Processing /opt/airflow/dags/main.py took 0.211 seconds
[2026-05-21T13:22:43.707+0000] {processor.py:161} INFO - Started process (PID=3726) to work on /opt/airflow/dags/main.py
[2026-05-21T13:22:43.710+0000] {processor.py:830} INFO - Processing file /opt/airflow/dags/main.py for tasks to queue
[2026-05-21T13:22:43.714+0000] {logging_mixin.py:188} INFO - [2026-05-21T13:22:43.714+0000] {dagbag.py:545} INFO - Filling up the DagBag from /opt/airflow/dags/main.py
[2026-05-21T13:22:43.849+0000] {processor.py:840} INFO - DAG(s) 'produce_json' retrieved from /opt/airflow/dags/main.py
[2026-05-21T13:22:43.881+0000] {logging_mixin.py:188} INFO - [2026-05-21T13:22:43.881+0000] {dag.py:3096} INFO - Sync 1 DAGs
[2026-05-21T13:22:43.909+0000] {logging_mixin.py:188} INFO - [2026-05-21T13:22:43.908+0000] {dag.py:3954} INFO - Setting next_dagrun for produce_json to 2026-05-21 11:00:00+00:00, run_after=2026-05-22 11:00:00+00:00
[2026-05-21T13:22:43.992+0000] {processor.py:183} INFO - Processing /opt/airflow/dags/main.py took 0.302 seconds
[2026-05-21T13:23:14.209+0000] {processor.py:161} INFO - Started process (PID=3733) to work on /opt/airflow/dags/main.py
[2026-05-21T13:23:14.211+0000] {processor.py:830} INFO - Processing file /opt/airflow/dags/main.py for tasks to queue
[2026-05-21T13:23:14.215+0000] {logging_mixin.py:188} INFO - [2026-05-21T13:23:14.214+0000] {dagbag.py:545} INFO - Filling up the DagBag from /opt/airflow/dags/main.py
[2026-05-21T13:23:14.334+0000] {processor.py:840} INFO - DAG(s) 'produce_json' retrieved from /opt/airflow/dags/main.py
[2026-05-21T13:23:14.372+0000] {logging_mixin.py:188} INFO - [2026-05-21T13:23:14.371+0000] {dag.py:3096} INFO - Sync 1 DAGs
[2026-05-21T13:23:14.396+0000] {logging_mixin.py:188} INFO - [2026-05-21T13:23:14.396+0000] {dag.py:3954} INFO - Setting next_dagrun for produce_json to 2026-05-21 11:00:00+00:00, run_after=2026-05-22 11:00:00+00:00
[2026-05-21T13:23:14.488+0000] {processor.py:183} INFO - Processing /opt/airflow/dags/main.py took 0.292 seconds
[2026-05-21T13:23:44.909+0000] {processor.py:161} INFO - Started process (PID=3740) to work on /opt/airflow/dags/main.py
[2026-05-21T13:23:44.912+0000] {processor.py:830} INFO - Processing file /opt/airflow/dags/main.py for tasks to queue
[2026-05-21T13:23:44.918+0000] {logging_mixin.py:188} INFO - [2026-05-21T13:23:44.917+0000] {dagbag.py:545} INFO - Filling up the DagBag from /opt/airflow/dags/main.py
[2026-05-21T13:23:45.061+0000] {processor.py:840} INFO - DAG(s) 'produce_json' retrieved from /opt/airflow/dags/main.py
[2026-05-21T13:23:45.108+0000] {logging_mixin.py:188} INFO - [2026-05-21T13:23:45.108+0000] {dag.py:3096} INFO - Sync 1 DAGs
[2026-05-21T13:23:45.156+0000] {logging_mixin.py:188} INFO - [2026-05-21T13:23:45.156+0000] {dag.py:3954} INFO - Setting next_dagrun for produce_json to 2026-05-21 11:00:00+00:00, run_after=2026-05-22 11:00:00+00:00
[2026-05-21T13:23:45.198+0000] {processor.py:183} INFO - Processing /opt/airflow/dags/main.py took 0.309 seconds
[2026-05-21T13:24:15.395+0000] {processor.py:161} INFO - Started process (PID=3747) to work on /opt/airflow/dags/main.py
[2026-05-21T13:24:15.398+0000] {processor.py:830} INFO - Processing file /opt/airflow/dags/main.py for tasks to queue
[2026-05-21T13:24:15.403+0000] {logging_mixin.py:188} INFO - [2026-05-21T13:24:15.402+0000] {dagbag.py:545} INFO - Filling up the DagBag from /opt/airflow/dags/main.py
[2026-05-21T13:24:15.475+0000] {processor.py:840} INFO - DAG(s) 'produce_json' retrieved from /opt/airflow/dags/main.py
[2026-05-21T13:24:15.516+0000] {logging_mixin.py:188} INFO - [2026-05-21T13:24:15.516+0000] {dag.py:3096} INFO - Sync 1 DAGs
[2026-05-21T13:24:15.563+0000] {logging_mixin.py:188} INFO - [2026-05-21T13:24:15.563+0000] {dag.py:3954} INFO - Setting next_dagrun for produce_json to 2026-05-21 11:00:00+00:00, run_after=2026-05-22 11:00:00+00:00
[2026-05-21T13:24:15.641+0000] {processor.py:183} INFO - Processing /opt/airflow/dags/main.py took 0.260 seconds
[2026-05-21T13:24:46.037+0000] {processor.py:161} INFO - Started process (PID=3754) to work on /opt/airflow/dags/main.py
[2026-05-21T13:24:46.039+0000] {processor.py:830} INFO - Processing file /opt/airflow/dags/main.py for tasks to queue
[2026-05-21T13:24:46.043+0000] {logging_mixin.py:188} INFO - [2026-05-21T13:24:46.043+0000] {dagbag.py:545} INFO - Filling up the DagBag from /opt/airflow/dags/main.py
[2026-05-21T13:24:46.188+0000] {processor.py:840} INFO - DAG(s) 'produce_json' retrieved from /opt/airflow/dags/main.py
[2026-05-21T13:24:46.225+0000] {logging_mixin.py:188} INFO - [2026-05-21T13:24:46.225+0000] {dag.py:3096} INFO - Sync 1 DAGs
[2026-05-21T13:24:46.258+0000] {logging_mixin.py:188} INFO - [2026-05-21T13:24:46.258+0000] {dag.py:3954} INFO - Setting next_dagrun for produce_json to 2026-05-21 11:00:00+00:00, run_after=2026-05-22 11:00:00+00:00
[2026-05-21T13:24:46.345+0000] {processor.py:183} INFO - Processing /opt/airflow/dags/main.py took 0.326 seconds
[2026-05-21T13:25:16.502+0000] {processor.py:161} INFO - Started process (PID=3761) to work on /opt/airflow/dags/main.py
[2026-05-21T13:25:16.505+0000] {processor.py:830} INFO - Processing file /opt/airflow/dags/main.py for tasks to queue
[2026-05-21T13:25:16.510+0000] {logging_mixin.py:188} INFO - [2026-05-21T13:25:16.510+0000] {dagbag.py:545} INFO - Filling up the DagBag from /opt/airflow/dags/main.py
[2026-05-21T13:25:16.659+0000] {processor.py:840} INFO - DAG(s) 'produce_json' retrieved from /opt/airflow/dags/main.py
[2026-05-21T13:25:16.710+0000] {logging_mixin.py:188} INFO - [2026-05-21T13:25:16.709+0000] {dag.py:3096} INFO - Sync 1 DAGs
[2026-05-21T13:25:16.734+0000] {logging_mixin.py:188} INFO - [2026-05-21T13:25:16.733+0000] {dag.py:3954} INFO - Setting next_dagrun for produce_json to 2026-05-21 11:00:00+00:00, run_after=2026-05-22 11:00:00+00:00
[2026-05-21T13:25:16.760+0000] {processor.py:183} INFO - Processing /opt/airflow/dags/main.py took 0.277 seconds
[2026-05-21T13:25:47.590+0000] {processor.py:161} INFO - Started process (PID=3768) to work on /opt/airflow/dags/main.py
[2026-05-21T13:25:47.593+0000] {processor.py:830} INFO - Processing file /opt/airflow/dags/main.py for tasks to queue
[2026-05-21T13:25:47.597+0000] {logging_mixin.py:188} INFO - [2026-05-21T13:25:47.596+0000] {dagbag.py:545} INFO - Filling up the DagBag from /opt/airflow/dags/main.py
[2026-05-21T13:25:47.743+0000] {processor.py:840} INFO - DAG(s) 'produce_json' retrieved from /opt/airflow/dags/main.py
[2026-05-21T13:25:47.777+0000] {logging_mixin.py:188} INFO - [2026-05-21T13:25:47.776+0000] {dag.py:3096} INFO - Sync 1 DAGs
[2026-05-21T13:25:47.804+0000] {logging_mixin.py:188} INFO - [2026-05-21T13:25:47.804+0000] {dag.py:3954} INFO - Setting next_dagrun for produce_json to 2026-05-21 11:00:00+00:00, run_after=2026-05-22 11:00:00+00:00
[2026-05-21T13:25:47.896+0000] {processor.py:183} INFO - Processing /opt/airflow/dags/main.py took 0.315 seconds
[2026-05-21T13:26:18.059+0000] {processor.py:161} INFO - Started process (PID=3776) to work on /opt/airflow/dags/main.py
[2026-05-21T13:26:18.062+0000] {processor.py:830} INFO - Processing file /opt/airflow/dags/main.py for tasks to queue
[2026-05-21T13:26:18.067+0000] {logging_mixin.py:188} INFO - [2026-05-21T13:26:18.066+0000] {dagbag.py:545} INFO - Filling up the DagBag from /opt/airflow/dags/main.py
[2026-05-21T13:26:18.211+0000] {processor.py:840} INFO - DAG(s) 'produce_json' retrieved from /opt/airflow/dags/main.py
[2026-05-21T13:26:18.251+0000] {logging_mixin.py:188} INFO - [2026-05-21T13:26:18.251+0000] {dag.py:3096} INFO - Sync 1 DAGs
[2026-05-21T13:26:18.276+0000] {logging_mixin.py:188} INFO - [2026-05-21T13:26:18.276+0000] {dag.py:3954} INFO - Setting next_dagrun for produce_json to 2026-05-21 11:00:00+00:00, run_after=2026-05-22 11:00:00+00:00
[2026-05-21T13:26:18.364+0000] {processor.py:183} INFO - Processing /opt/airflow/dags/main.py took 0.327 seconds
[2026-05-21T13:26:48.783+0000] {processor.py:161} INFO - Started process (PID=3783) to work on /opt/airflow/dags/main.py
[2026-05-21T13:26:48.785+0000] {processor.py:830} INFO - Processing file /opt/airflow/dags/main.py for tasks to queue
[2026-05-21T13:26:48.788+0000] {logging_mixin.py:188} INFO - [2026-05-21T13:26:48.788+0000] {dagbag.py:545} INFO - Filling up the DagBag from /opt/airflow/dags/main.py
[2026-05-21T13:26:48.928+0000] {processor.py:840} INFO - DAG(s) 'produce_json' retrieved from /opt/airflow/dags/main.py
[2026-05-21T13:26:48.963+0000] {logging_mixin.py:188} INFO - [2026-05-21T13:26:48.962+0000] {dag.py:3096} INFO - Sync 1 DAGs
[2026-05-21T13:26:48.993+0000] {logging_mixin.py:188} INFO - [2026-05-21T13:26:48.993+0000] {dag.py:3954} INFO - Setting next_dagrun for produce_json to 2026-05-21 11:00:00+00:00, run_after=2026-05-22 11:00:00+00:00
[2026-05-21T13:26:49.077+0000] {processor.py:183} INFO - Processing /opt/airflow/dags/main.py took 0.305 seconds
[2026-05-21T13:27:19.201+0000] {processor.py:161} INFO - Started process (PID=3790) to work on /opt/airflow/dags/main.py
[2026-05-21T13:27:19.204+0000] {processor.py:830} INFO - Processing file /opt/airflow/dags/main.py for tasks to queue
[2026-05-21T13:27:19.207+0000] {logging_mixin.py:188} INFO - [2026-05-21T13:27:19.206+0000] {dagbag.py:545} INFO - Filling up the DagBag from /opt/airflow/dags/main.py
[2026-05-21T13:27:19.342+0000] {processor.py:840} INFO - DAG(s) 'produce_json' retrieved from /opt/airflow/dags/main.py
[2026-05-21T13:27:19.378+0000] {logging_mixin.py:188} INFO - [2026-05-21T13:27:19.378+0000] {dag.py:3096} INFO - Sync 1 DAGs
[2026-05-21T13:27:19.408+0000] {logging_mixin.py:188} INFO - [2026-05-21T13:27:19.407+0000] {dag.py:3954} INFO - Setting next_dagrun for produce_json to 2026-05-21 11:00:00+00:00, run_after=2026-05-22 11:00:00+00:00
[2026-05-21T13:27:19.435+0000] {processor.py:183} INFO - Processing /opt/airflow/dags/main.py took 0.247 seconds
[2026-05-21T13:27:49.885+0000] {processor.py:161} INFO - Started process (PID=3797) to work on /opt/airflow/dags/main.py
[2026-05-21T13:27:49.886+0000] {processor.py:830} INFO - Processing file /opt/airflow/dags/main.py for tasks to queue
[2026-05-21T13:27:49.889+0000] {logging_mixin.py:188} INFO - [2026-05-21T13:27:49.888+0000] {dagbag.py:545} INFO - Filling up the DagBag from /opt/airflow/dags/main.py
[2026-05-21T13:27:49.978+0000] {processor.py:840} INFO - DAG(s) 'produce_json' retrieved from /opt/airflow/dags/main.py
[2026-05-21T13:27:50.018+0000] {logging_mixin.py:188} INFO - [2026-05-21T13:27:50.018+0000] {dag.py:3096} INFO - Sync 1 DAGs
[2026-05-21T13:27:50.048+0000] {logging_mixin.py:188} INFO - [2026-05-21T13:27:50.047+0000] {dag.py:3954} INFO - Setting next_dagrun for produce_json to 2026-05-21 11:00:00+00:00, run_after=2026-05-22 11:00:00+00:00
[2026-05-21T13:27:50.138+0000] {processor.py:183} INFO - Processing /opt/airflow/dags/main.py took 0.264 seconds
[2026-05-21T13:28:20.248+0000] {processor.py:161} INFO - Started process (PID=3804) to work on /opt/airflow/dags/main.py
[2026-05-21T13:28:20.249+0000] {processor.py:830} INFO - Processing file /opt/airflow/dags/main.py for tasks to queue
[2026-05-21T13:28:20.253+0000] {logging_mixin.py:188} INFO - [2026-05-21T13:28:20.252+0000] {dagbag.py:545} INFO - Filling up the DagBag from /opt/airflow/dags/main.py
[2026-05-21T13:28:20.387+0000] {processor.py:840} INFO - DAG(s) 'produce_json' retrieved from /opt/airflow/dags/main.py
[2026-05-21T13:28:20.431+0000] {logging_mixin.py:188} INFO - [2026-05-21T13:28:20.430+0000] {dag.py:3096} INFO - Sync 1 DAGs
[2026-05-21T13:28:20.462+0000] {logging_mixin.py:188} INFO - [2026-05-21T13:28:20.462+0000] {dag.py:3954} INFO - Setting next_dagrun for produce_json to 2026-05-21 11:00:00+00:00, run_after=2026-05-22 11:00:00+00:00
[2026-05-21T13:28:20.485+0000] {processor.py:183} INFO - Processing /opt/airflow/dags/main.py took 0.248 seconds
[2026-05-21T13:28:50.925+0000] {processor.py:161} INFO - Started process (PID=3811) to work on /opt/airflow/dags/main.py
[2026-05-21T13:28:50.927+0000] {processor.py:830} INFO - Processing file /opt/airflow/dags/main.py for tasks to queue
[2026-05-21T13:28:50.931+0000] {logging_mixin.py:188} INFO - [2026-05-21T13:28:50.931+0000] {dagbag.py:545} INFO - Filling up the DagBag from /opt/airflow/dags/main.py
[2026-05-21T13:28:51.059+0000] {processor.py:840} INFO - DAG(s) 'produce_json' retrieved from /opt/airflow/dags/main.py
[2026-05-21T13:28:51.104+0000] {logging_mixin.py:188} INFO - [2026-05-21T13:28:51.103+0000] {dag.py:3096} INFO - Sync 1 DAGs
[2026-05-21T13:28:51.132+0000] {logging_mixin.py:188} INFO - [2026-05-21T13:28:51.131+0000] {dag.py:3954} INFO - Setting next_dagrun for produce_json to 2026-05-21 11:00:00+00:00, run_after=2026-05-22 11:00:00+00:00
[2026-05-21T13:28:51.208+0000] {processor.py:183} INFO - Processing /opt/airflow/dags/main.py took 0.300 seconds
[2026-05-21T13:29:21.596+0000] {processor.py:161} INFO - Started process (PID=3818) to work on /opt/airflow/dags/main.py
[2026-05-21T13:29:21.597+0000] {processor.py:830} INFO - Processing file /opt/airflow/dags/main.py for tasks to queue
[2026-05-21T13:29:21.601+0000] {logging_mixin.py:188} INFO - [2026-05-21T13:29:21.600+0000] {dagbag.py:545} INFO - Filling up the DagBag from /opt/airflow/dags/main.py
[2026-05-21T13:29:21.700+0000] {processor.py:840} INFO - DAG(s) 'produce_json' retrieved from /opt/airflow/dags/main.py
[2026-05-21T13:29:21.746+0000] {logging_mixin.py:188} INFO - [2026-05-21T13:29:21.746+0000] {dag.py:3096} INFO - Sync 1 DAGs
[2026-05-21T13:29:21.780+0000] {logging_mixin.py:188} INFO - [2026-05-21T13:29:21.780+0000] {dag.py:3954} INFO - Setting next_dagrun for produce_json to 2026-05-21 11:00:00+00:00, run_after=2026-05-22 11:00:00+00:00
[2026-05-21T13:29:21.842+0000] {processor.py:183} INFO - Processing /opt/airflow/dags/main.py took 0.256 seconds
[2026-05-21T13:29:52.014+0000] {processor.py:161} INFO - Started process (PID=3825) to work on /opt/airflow/dags/main.py
[2026-05-21T13:29:52.016+0000] {processor.py:830} INFO - Processing file /opt/airflow/dags/main.py for tasks to queue
[2026-05-21T13:29:52.019+0000] {logging_mixin.py:188} INFO - [2026-05-21T13:29:52.019+0000] {dagbag.py:545} INFO - Filling up the DagBag from /opt/airflow/dags/main.py
[2026-05-21T13:29:52.106+0000] {processor.py:840} INFO - DAG(s) 'produce_json' retrieved from /opt/airflow/dags/main.py
[2026-05-21T13:29:52.144+0000] {logging_mixin.py:188} INFO - [2026-05-21T13:29:52.144+0000] {dag.py:3096} INFO - Sync 1 DAGs
[2026-05-21T13:29:52.194+0000] {logging_mixin.py:188} INFO - [2026-05-21T13:29:52.194+0000] {dag.py:3954} INFO - Setting next_dagrun for produce_json to 2026-05-21 11:00:00+00:00, run_after=2026-05-22 11:00:00+00:00
[2026-05-21T13:29:52.262+0000] {processor.py:183} INFO - Processing /opt/airflow/dags/main.py took 0.261 seconds
[2026-05-21T13:30:22.593+0000] {processor.py:161} INFO - Started process (PID=3832) to work on /opt/airflow/dags/main.py
[2026-05-21T13:30:22.595+0000] {processor.py:830} INFO - Processing file /opt/airflow/dags/main.py for tasks to queue
[2026-05-21T13:30:22.597+0000] {logging_mixin.py:188} INFO - [2026-05-21T13:30:22.597+0000] {dagbag.py:545} INFO - Filling up the DagBag from /opt/airflow/dags/main.py
[2026-05-21T13:30:22.687+0000] {processor.py:840} INFO - DAG(s) 'produce_json' retrieved from /opt/airflow/dags/main.py
[2026-05-21T13:30:22.730+0000] {logging_mixin.py:188} INFO - [2026-05-21T13:30:22.730+0000] {dag.py:3096} INFO - Sync 1 DAGs
[2026-05-21T13:30:22.765+0000] {logging_mixin.py:188} INFO - [2026-05-21T13:30:22.764+0000] {dag.py:3954} INFO - Setting next_dagrun for produce_json to 2026-05-21 11:00:00+00:00, run_after=2026-05-22 11:00:00+00:00
[2026-05-21T13:30:22.827+0000] {processor.py:183} INFO - Processing /opt/airflow/dags/main.py took 0.243 seconds
[2026-05-21T13:30:52.979+0000] {processor.py:161} INFO - Started process (PID=3839) to work on /opt/airflow/dags/main.py
[2026-05-21T13:30:52.981+0000] {processor.py:830} INFO - Processing file /opt/airflow/dags/main.py for tasks to queue
[2026-05-21T13:30:52.985+0000] {logging_mixin.py:188} INFO - [2026-05-21T13:30:52.984+0000] {dagbag.py:545} INFO - Filling up the DagBag from /opt/airflow/dags/main.py
[2026-05-21T13:30:53.135+0000] {processor.py:840} INFO - DAG(s) 'produce_json' retrieved from /opt/airflow/dags/main.py
[2026-05-21T13:30:53.194+0000] {logging_mixin.py:188} INFO - [2026-05-21T13:30:53.194+0000] {dag.py:3096} INFO - Sync 1 DAGs
[2026-05-21T13:30:53.225+0000] {logging_mixin.py:188} INFO - [2026-05-21T13:30:53.225+0000] {dag.py:3954} INFO - Setting next_dagrun for produce_json to 2026-05-21 11:00:00+00:00, run_after=2026-05-22 11:00:00+00:00
[2026-05-21T13:30:53.310+0000] {processor.py:183} INFO - Processing /opt/airflow/dags/main.py took 0.344 seconds
[2026-05-21T13:31:23.687+0000] {processor.py:161} INFO - Started process (PID=3846) to work on /opt/airflow/dags/main.py
[2026-05-21T13:31:23.689+0000] {processor.py:830} INFO - Processing file /opt/airflow/dags/main.py for tasks to queue
[2026-05-21T13:31:23.692+0000] {logging_mixin.py:188} INFO - [2026-05-21T13:31:23.692+0000] {dagbag.py:545} INFO - Filling up the DagBag from /opt/airflow/dags/main.py
[2026-05-21T13:31:23.806+0000] {processor.py:840} INFO - DAG(s) 'produce_json' retrieved from /opt/airflow/dags/main.py
[2026-05-21T13:31:23.849+0000] {logging_mixin.py:188} INFO - [2026-05-21T13:31:23.848+0000] {dag.py:3096} INFO - Sync 1 DAGs
[2026-05-21T13:31:23.875+0000] {logging_mixin.py:188} INFO - [2026-05-21T13:31:23.874+0000] {dag.py:3954} INFO - Setting next_dagrun for produce_json to 2026-05-21 11:00:00+00:00, run_after=2026-05-22 11:00:00+00:00
[2026-05-21T13:31:23.964+0000] {processor.py:183} INFO - Processing /opt/airflow/dags/main.py took 0.287 seconds
[2026-05-21T13:31:54.099+0000] {processor.py:161} INFO - Started process (PID=3853) to work on /opt/airflow/dags/main.py
[2026-05-21T13:31:54.101+0000] {processor.py:830} INFO - Processing file /opt/airflow/dags/main.py for tasks to queue
[2026-05-21T13:31:54.106+0000] {logging_mixin.py:188} INFO - [2026-05-21T13:31:54.106+0000] {dagbag.py:545} INFO - Filling up the DagBag from /opt/airflow/dags/main.py
[2026-05-21T13:31:54.194+0000] {processor.py:840} INFO - DAG(s) 'produce_json' retrieved from /opt/airflow/dags/main.py
[2026-05-21T13:31:54.234+0000] {logging_mixin.py:188} INFO - [2026-05-21T13:31:54.234+0000] {dag.py:3096} INFO - Sync 1 DAGs
[2026-05-21T13:31:54.259+0000] {logging_mixin.py:188} INFO - [2026-05-21T13:31:54.258+0000] {dag.py:3954} INFO - Setting next_dagrun for produce_json to 2026-05-21 11:00:00+00:00, run_after=2026-05-22 11:00:00+00:00
[2026-05-21T13:31:54.355+0000] {processor.py:183} INFO - Processing /opt/airflow/dags/main.py took 0.269 seconds
[2026-05-21T13:32:24.762+0000] {processor.py:161} INFO - Started process (PID=3860) to work on /opt/airflow/dags/main.py
[2026-05-21T13:32:24.763+0000] {processor.py:830} INFO - Processing file /opt/airflow/dags/main.py for tasks to queue
[2026-05-21T13:32:24.766+0000] {logging_mixin.py:188} INFO - [2026-05-21T13:32:24.766+0000] {dagbag.py:545} INFO - Filling up the DagBag from /opt/airflow/dags/main.py
[2026-05-21T13:32:24.902+0000] {processor.py:840} INFO - DAG(s) 'produce_json' retrieved from /opt/airflow/dags/main.py
[2026-05-21T13:32:24.941+0000] {logging_mixin.py:188} INFO - [2026-05-21T13:32:24.941+0000] {dag.py:3096} INFO - Sync 1 DAGs
[2026-05-21T13:32:24.978+0000] {logging_mixin.py:188} INFO - [2026-05-21T13:32:24.978+0000] {dag.py:3954} INFO - Setting next_dagrun for produce_json to 2026-05-21 11:00:00+00:00, run_after=2026-05-22 11:00:00+00:00
[2026-05-21T13:32:25.054+0000] {processor.py:183} INFO - Processing /opt/airflow/dags/main.py took 0.303 seconds
[2026-05-21T13:32:55.140+0000] {processor.py:161} INFO - Started process (PID=3867) to work on /opt/airflow/dags/main.py
[2026-05-21T13:32:55.142+0000] {processor.py:830} INFO - Processing file /opt/airflow/dags/main.py for tasks to queue
[2026-05-21T13:32:55.145+0000] {logging_mixin.py:188} INFO - [2026-05-21T13:32:55.145+0000] {dagbag.py:545} INFO - Filling up the DagBag from /opt/airflow/dags/main.py
[2026-05-21T13:32:55.237+0000] {processor.py:840} INFO - DAG(s) 'produce_json' retrieved from /opt/airflow/dags/main.py
[2026-05-21T13:32:55.274+0000] {logging_mixin.py:188} INFO - [2026-05-21T13:32:55.274+0000] {dag.py:3096} INFO - Sync 1 DAGs
[2026-05-21T13:32:55.314+0000] {logging_mixin.py:188} INFO - [2026-05-21T13:32:55.313+0000] {dag.py:3954} INFO - Setting next_dagrun for produce_json to 2026-05-21 11:00:00+00:00, run_after=2026-05-22 11:00:00+00:00
[2026-05-21T13:32:55.378+0000] {processor.py:183} INFO - Processing /opt/airflow/dags/main.py took 0.249 seconds
[2026-05-21T13:33:25.545+0000] {processor.py:161} INFO - Started process (PID=3875) to work on /opt/airflow/dags/main.py
[2026-05-21T13:33:25.549+0000] {processor.py:830} INFO - Processing file /opt/airflow/dags/main.py for tasks to queue
[2026-05-21T13:33:25.556+0000] {logging_mixin.py:188} INFO - [2026-05-21T13:33:25.555+0000] {dagbag.py:545} INFO - Filling up the DagBag from /opt/airflow/dags/main.py
[2026-05-21T13:33:25.641+0000] {processor.py:840} INFO - DAG(s) 'produce_json' retrieved from /opt/airflow/dags/main.py
[2026-05-21T13:33:25.683+0000] {logging_mixin.py:188} INFO - [2026-05-21T13:33:25.683+0000] {dag.py:3096} INFO - Sync 1 DAGs
[2026-05-21T13:33:25.712+0000] {logging_mixin.py:188} INFO - [2026-05-21T13:33:25.712+0000] {dag.py:3954} INFO - Setting next_dagrun for produce_json to 2026-05-21 11:00:00+00:00, run_after=2026-05-22 11:00:00+00:00
[2026-05-21T13:33:25.800+0000] {processor.py:183} INFO - Processing /opt/airflow/dags/main.py took 0.272 seconds
[2026-05-21T13:33:56.116+0000] {processor.py:161} INFO - Started process (PID=3882) to work on /opt/airflow/dags/main.py
[2026-05-21T13:33:56.118+0000] {processor.py:830} INFO - Processing file /opt/airflow/dags/main.py for tasks to queue
[2026-05-21T13:33:56.121+0000] {logging_mixin.py:188} INFO - [2026-05-21T13:33:56.121+0000] {dagbag.py:545} INFO - Filling up the DagBag from /opt/airflow/dags/main.py
[2026-05-21T13:33:56.197+0000] {processor.py:840} INFO - DAG(s) 'produce_json' retrieved from /opt/airflow/dags/main.py
[2026-05-21T13:33:56.230+0000] {logging_mixin.py:188} INFO - [2026-05-21T13:33:56.230+0000] {dag.py:3096} INFO - Sync 1 DAGs
[2026-05-21T13:33:56.258+0000] {logging_mixin.py:188} INFO - [2026-05-21T13:33:56.257+0000] {dag.py:3954} INFO - Setting next_dagrun for produce_json to 2026-05-21 11:00:00+00:00, run_after=2026-05-22 11:00:00+00:00
[2026-05-21T13:33:56.348+0000] {processor.py:183} INFO - Processing /opt/airflow/dags/main.py took 0.242 seconds
[2026-05-21T13:34:26.548+0000] {processor.py:161} INFO - Started process (PID=3889) to work on /opt/airflow/dags/main.py
[2026-05-21T13:34:26.550+0000] {processor.py:830} INFO - Processing file /opt/airflow/dags/main.py for tasks to queue
[2026-05-21T13:34:26.554+0000] {logging_mixin.py:188} INFO - [2026-05-21T13:34:26.554+0000] {dagbag.py:545} INFO - Filling up the DagBag from /opt/airflow/dags/main.py
[2026-05-21T13:34:26.647+0000] {processor.py:840} INFO - DAG(s) 'produce_json' retrieved from /opt/airflow/dags/main.py
[2026-05-21T13:34:26.688+0000] {logging_mixin.py:188} INFO - [2026-05-21T13:34:26.688+0000] {dag.py:3096} INFO - Sync 1 DAGs
[2026-05-21T13:34:26.712+0000] {logging_mixin.py:188} INFO - [2026-05-21T13:34:26.712+0000] {dag.py:3954} INFO - Setting next_dagrun for produce_json to 2026-05-21 11:00:00+00:00, run_after=2026-05-22 11:00:00+00:00
[2026-05-21T13:34:26.786+0000] {processor.py:183} INFO - Processing /opt/airflow/dags/main.py took 0.257 seconds
[2026-05-21T13:34:57.124+0000] {processor.py:161} INFO - Started process (PID=3896) to work on /opt/airflow/dags/main.py
[2026-05-21T13:34:57.126+0000] {processor.py:830} INFO - Processing file /opt/airflow/dags/main.py for tasks to queue
[2026-05-21T13:34:57.128+0000] {logging_mixin.py:188} INFO - [2026-05-21T13:34:57.128+0000] {dagbag.py:545} INFO - Filling up the DagBag from /opt/airflow/dags/main.py
[2026-05-21T13:34:57.206+0000] {processor.py:840} INFO - DAG(s) 'produce_json' retrieved from /opt/airflow/dags/main.py
[2026-05-21T13:34:57.246+0000] {logging_mixin.py:188} INFO - [2026-05-21T13:34:57.245+0000] {dag.py:3096} INFO - Sync 1 DAGs
[2026-05-21T13:34:57.277+0000] {logging_mixin.py:188} INFO - [2026-05-21T13:34:57.276+0000] {dag.py:3954} INFO - Setting next_dagrun for produce_json to 2026-05-21 11:00:00+00:00, run_after=2026-05-22 11:00:00+00:00
[2026-05-21T13:34:57.370+0000] {processor.py:183} INFO - Processing /opt/airflow/dags/main.py took 0.255 seconds
[2026-05-21T13:35:27.692+0000] {processor.py:161} INFO - Started process (PID=3903) to work on /opt/airflow/dags/main.py
[2026-05-21T13:35:27.694+0000] {processor.py:830} INFO - Processing file /opt/airflow/dags/main.py for tasks to queue
[2026-05-21T13:35:27.697+0000] {logging_mixin.py:188} INFO - [2026-05-21T13:35:27.697+0000] {dagbag.py:545} INFO - Filling up the DagBag from /opt/airflow/dags/main.py
[2026-05-21T13:35:27.772+0000] {processor.py:840} INFO - DAG(s) 'produce_json' retrieved from /opt/airflow/dags/main.py
[2026-05-21T13:35:27.810+0000] {logging_mixin.py:188} INFO - [2026-05-21T13:35:27.810+0000] {dag.py:3096} INFO - Sync 1 DAGs
[2026-05-21T13:35:27.854+0000] {logging_mixin.py:188} INFO - [2026-05-21T13:35:27.854+0000] {dag.py:3954} INFO - Setting next_dagrun for produce_json to 2026-05-21 11:00:00+00:00, run_after=2026-05-22 11:00:00+00:00
[2026-05-21T13:35:27.927+0000] {processor.py:183} INFO - Processing /opt/airflow/dags/main.py took 0.245 seconds
[2026-05-21T13:35:58.119+0000] {processor.py:161} INFO - Started process (PID=3911) to work on /opt/airflow/dags/main.py
[2026-05-21T13:35:58.121+0000] {processor.py:830} INFO - Processing file /opt/airflow/dags/main.py for tasks to queue
[2026-05-21T13:35:58.125+0000] {logging_mixin.py:188} INFO - [2026-05-21T13:35:58.124+0000] {dagbag.py:545} INFO - Filling up the DagBag from /opt/airflow/dags/main.py
[2026-05-21T13:35:58.230+0000] {processor.py:840} INFO - DAG(s) 'produce_json' retrieved from /opt/airflow/dags/main.py
[2026-05-21T13:35:58.281+0000] {logging_mixin.py:188} INFO - [2026-05-21T13:35:58.280+0000] {dag.py:3096} INFO - Sync 1 DAGs
[2026-05-21T13:35:58.317+0000] {logging_mixin.py:188} INFO - [2026-05-21T13:35:58.316+0000] {dag.py:3954} INFO - Setting next_dagrun for produce_json to 2026-05-21 11:00:00+00:00, run_after=2026-05-22 11:00:00+00:00
[2026-05-21T13:35:58.386+0000] {processor.py:183} INFO - Processing /opt/airflow/dags/main.py took 0.285 seconds
[2026-05-21T13:36:28.566+0000] {processor.py:161} INFO - Started process (PID=3918) to work on /opt/airflow/dags/main.py
[2026-05-21T13:36:28.569+0000] {processor.py:830} INFO - Processing file /opt/airflow/dags/main.py for tasks to queue
[2026-05-21T13:36:28.572+0000] {logging_mixin.py:188} INFO - [2026-05-21T13:36:28.572+0000] {dagbag.py:545} INFO - Filling up the DagBag from /opt/airflow/dags/main.py
[2026-05-21T13:36:28.659+0000] {processor.py:840} INFO - DAG(s) 'produce_json' retrieved from /opt/airflow/dags/main.py
[2026-05-21T13:36:28.705+0000] {logging_mixin.py:188} INFO - [2026-05-21T13:36:28.705+0000] {dag.py:3096} INFO - Sync 1 DAGs
[2026-05-21T13:36:28.731+0000] {logging_mixin.py:188} INFO - [2026-05-21T13:36:28.731+0000] {dag.py:3954} INFO - Setting next_dagrun for produce_json to 2026-05-21 11:00:00+00:00, run_after=2026-05-22 11:00:00+00:00
[2026-05-21T13:36:28.792+0000] {processor.py:183} INFO - Processing /opt/airflow/dags/main.py took 0.241 seconds
[2026-05-21T13:36:59.216+0000] {processor.py:161} INFO - Started process (PID=3925) to work on /opt/airflow/dags/main.py
[2026-05-21T13:36:59.218+0000] {processor.py:830} INFO - Processing file /opt/airflow/dags/main.py for tasks to queue
[2026-05-21T13:36:59.221+0000] {logging_mixin.py:188} INFO - [2026-05-21T13:36:59.221+0000] {dagbag.py:545} INFO - Filling up the DagBag from /opt/airflow/dags/main.py
[2026-05-21T13:36:59.301+0000] {processor.py:840} INFO - DAG(s) 'produce_json' retrieved from /opt/airflow/dags/main.py
[2026-05-21T13:36:59.333+0000] {logging_mixin.py:188} INFO - [2026-05-21T13:36:59.333+0000] {dag.py:3096} INFO - Sync 1 DAGs
[2026-05-21T13:36:59.360+0000] {logging_mixin.py:188} INFO - [2026-05-21T13:36:59.360+0000] {dag.py:3954} INFO - Setting next_dagrun for produce_json to 2026-05-21 11:00:00+00:00, run_after=2026-05-22 11:00:00+00:00
[2026-05-21T13:36:59.449+0000] {processor.py:183} INFO - Processing /opt/airflow/dags/main.py took 0.240 seconds
[2026-05-21T13:37:29.633+0000] {processor.py:161} INFO - Started process (PID=3932) to work on /opt/airflow/dags/main.py
[2026-05-21T13:37:29.635+0000] {processor.py:830} INFO - Processing file /opt/airflow/dags/main.py for tasks to queue
[2026-05-21T13:37:29.639+0000] {logging_mixin.py:188} INFO - [2026-05-21T13:37:29.638+0000] {dagbag.py:545} INFO - Filling up the DagBag from /opt/airflow/dags/main.py
[2026-05-21T13:37:29.725+0000] {processor.py:840} INFO - DAG(s) 'produce_json' retrieved from /opt/airflow/dags/main.py
[2026-05-21T13:37:29.759+0000] {logging_mixin.py:188} INFO - [2026-05-21T13:37:29.758+0000] {dag.py:3096} INFO - Sync 1 DAGs
[2026-05-21T13:37:29.791+0000] {logging_mixin.py:188} INFO - [2026-05-21T13:37:29.791+0000] {dag.py:3954} INFO - Setting next_dagrun for produce_json to 2026-05-21 11:00:00+00:00, run_after=2026-05-22 11:00:00+00:00
[2026-05-21T13:37:29.874+0000] {processor.py:183} INFO - Processing /opt/airflow/dags/main.py took 0.253 seconds
[2026-05-21T13:38:00.258+0000] {processor.py:161} INFO - Started process (PID=3939) to work on /opt/airflow/dags/main.py
[2026-05-21T13:38:00.260+0000] {processor.py:830} INFO - Processing file /opt/airflow/dags/main.py for tasks to queue
[2026-05-21T13:38:00.262+0000] {logging_mixin.py:188} INFO - [2026-05-21T13:38:00.262+0000] {dagbag.py:545} INFO - Filling up the DagBag from /opt/airflow/dags/main.py
[2026-05-21T13:38:00.349+0000] {processor.py:840} INFO - DAG(s) 'produce_json' retrieved from /opt/airflow/dags/main.py
[2026-05-21T13:38:00.387+0000] {logging_mixin.py:188} INFO - [2026-05-21T13:38:00.387+0000] {dag.py:3096} INFO - Sync 1 DAGs
[2026-05-21T13:38:00.413+0000] {logging_mixin.py:188} INFO - [2026-05-21T13:38:00.413+0000] {dag.py:3954} INFO - Setting next_dagrun for produce_json to 2026-05-21 11:00:00+00:00, run_after=2026-05-22 11:00:00+00:00
[2026-05-21T13:38:00.502+0000] {processor.py:183} INFO - Processing /opt/airflow/dags/main.py took 0.251 seconds
[2026-05-21T13:38:30.699+0000] {processor.py:161} INFO - Started process (PID=3947) to work on /opt/airflow/dags/main.py
[2026-05-21T13:38:30.701+0000] {processor.py:830} INFO - Processing file /opt/airflow/dags/main.py for tasks to queue
[2026-05-21T13:38:30.705+0000] {logging_mixin.py:188} INFO - [2026-05-21T13:38:30.704+0000] {dagbag.py:545} INFO - Filling up the DagBag from /opt/airflow/dags/main.py
[2026-05-21T13:38:30.795+0000] {processor.py:840} INFO - DAG(s) 'produce_json' retrieved from /opt/airflow/dags/main.py
[2026-05-21T13:38:30.830+0000] {logging_mixin.py:188} INFO - [2026-05-21T13:38:30.830+0000] {dag.py:3096} INFO - Sync 1 DAGs
[2026-05-21T13:38:30.861+0000] {logging_mixin.py:188} INFO - [2026-05-21T13:38:30.861+0000] {dag.py:3954} INFO - Setting next_dagrun for produce_json to 2026-05-21 11:00:00+00:00, run_after=2026-05-22 11:00:00+00:00
[2026-05-21T13:38:30.892+0000] {processor.py:183} INFO - Processing /opt/airflow/dags/main.py took 0.204 seconds
[2026-05-21T13:39:01.356+0000] {processor.py:161} INFO - Started process (PID=3954) to work on /opt/airflow/dags/main.py
[2026-05-21T13:39:01.357+0000] {processor.py:830} INFO - Processing file /opt/airflow/dags/main.py for tasks to queue
[2026-05-21T13:39:01.360+0000] {logging_mixin.py:188} INFO - [2026-05-21T13:39:01.359+0000] {dagbag.py:545} INFO - Filling up the DagBag from /opt/airflow/dags/main.py
[2026-05-21T13:39:01.470+0000] {processor.py:840} INFO - DAG(s) 'produce_json' retrieved from /opt/airflow/dags/main.py
[2026-05-21T13:39:01.506+0000] {logging_mixin.py:188} INFO - [2026-05-21T13:39:01.506+0000] {dag.py:3096} INFO - Sync 1 DAGs
[2026-05-21T13:39:01.547+0000] {logging_mixin.py:188} INFO - [2026-05-21T13:39:01.546+0000] {dag.py:3954} INFO - Setting next_dagrun for produce_json to 2026-05-21 11:00:00+00:00, run_after=2026-05-22 11:00:00+00:00
[2026-05-21T13:39:01.585+0000] {processor.py:183} INFO - Processing /opt/airflow/dags/main.py took 0.241 seconds
[2026-05-21T13:39:31.765+0000] {processor.py:161} INFO - Started process (PID=3967) to work on /opt/airflow/dags/main.py
[2026-05-21T13:39:31.766+0000] {processor.py:830} INFO - Processing file /opt/airflow/dags/main.py for tasks to queue
[2026-05-21T13:39:31.769+0000] {logging_mixin.py:188} INFO - [2026-05-21T13:39:31.769+0000] {dagbag.py:545} INFO - Filling up the DagBag from /opt/airflow/dags/main.py
[2026-05-21T13:39:31.854+0000] {processor.py:840} INFO - DAG(s) 'produce_json' retrieved from /opt/airflow/dags/main.py
[2026-05-21T13:39:31.898+0000] {logging_mixin.py:188} INFO - [2026-05-21T13:39:31.898+0000] {dag.py:3096} INFO - Sync 1 DAGs
[2026-05-21T13:39:31.923+0000] {logging_mixin.py:188} INFO - [2026-05-21T13:39:31.923+0000] {dag.py:3954} INFO - Setting next_dagrun for produce_json to 2026-05-21 11:00:00+00:00, run_after=2026-05-22 11:00:00+00:00
[2026-05-21T13:39:31.994+0000] {processor.py:183} INFO - Processing /opt/airflow/dags/main.py took 0.240 seconds
[2026-05-21T13:40:02.432+0000] {processor.py:161} INFO - Started process (PID=3974) to work on /opt/airflow/dags/main.py
[2026-05-21T13:40:02.434+0000] {processor.py:830} INFO - Processing file /opt/airflow/dags/main.py for tasks to queue
[2026-05-21T13:40:02.439+0000] {logging_mixin.py:188} INFO - [2026-05-21T13:40:02.438+0000] {dagbag.py:545} INFO - Filling up the DagBag from /opt/airflow/dags/main.py
[2026-05-21T13:40:02.585+0000] {processor.py:840} INFO - DAG(s) 'produce_json' retrieved from /opt/airflow/dags/main.py
[2026-05-21T13:40:02.630+0000] {logging_mixin.py:188} INFO - [2026-05-21T13:40:02.630+0000] {dag.py:3096} INFO - Sync 1 DAGs
[2026-05-21T13:40:02.683+0000] {logging_mixin.py:188} INFO - [2026-05-21T13:40:02.682+0000] {dag.py:3954} INFO - Setting next_dagrun for produce_json to 2026-05-21 11:00:00+00:00, run_after=2026-05-22 11:00:00+00:00
[2026-05-21T13:40:02.776+0000] {processor.py:183} INFO - Processing /opt/airflow/dags/main.py took 0.360 seconds
[2026-05-21T13:40:33.175+0000] {processor.py:161} INFO - Started process (PID=3981) to work on /opt/airflow/dags/main.py
[2026-05-21T13:40:33.178+0000] {processor.py:830} INFO - Processing file /opt/airflow/dags/main.py for tasks to queue
[2026-05-21T13:40:33.182+0000] {logging_mixin.py:188} INFO - [2026-05-21T13:40:33.182+0000] {dagbag.py:545} INFO - Filling up the DagBag from /opt/airflow/dags/main.py
[2026-05-21T13:40:33.321+0000] {processor.py:840} INFO - DAG(s) 'produce_json' retrieved from /opt/airflow/dags/main.py
[2026-05-21T13:40:33.356+0000] {logging_mixin.py:188} INFO - [2026-05-21T13:40:33.355+0000] {dag.py:3096} INFO - Sync 1 DAGs
[2026-05-21T13:40:33.379+0000] {logging_mixin.py:188} INFO - [2026-05-21T13:40:33.379+0000] {dag.py:3954} INFO - Setting next_dagrun for produce_json to 2026-05-21 11:00:00+00:00, run_after=2026-05-22 11:00:00+00:00
[2026-05-21T13:40:33.451+0000] {processor.py:183} INFO - Processing /opt/airflow/dags/main.py took 0.292 seconds
[2026-05-21T13:41:03.858+0000] {processor.py:161} INFO - Started process (PID=3988) to work on /opt/airflow/dags/main.py
[2026-05-21T13:41:03.861+0000] {processor.py:830} INFO - Processing file /opt/airflow/dags/main.py for tasks to queue
[2026-05-21T13:41:03.867+0000] {logging_mixin.py:188} INFO - [2026-05-21T13:41:03.866+0000] {dagbag.py:545} INFO - Filling up the DagBag from /opt/airflow/dags/main.py
[2026-05-21T13:41:03.959+0000] {processor.py:840} INFO - DAG(s) 'produce_json' retrieved from /opt/airflow/dags/main.py
[2026-05-21T13:41:03.996+0000] {logging_mixin.py:188} INFO - [2026-05-21T13:41:03.996+0000] {dag.py:3096} INFO - Sync 1 DAGs
[2026-05-21T13:41:04.044+0000] {logging_mixin.py:188} INFO - [2026-05-21T13:41:04.044+0000] {dag.py:3954} INFO - Setting next_dagrun for produce_json to 2026-05-21 11:00:00+00:00, run_after=2026-05-22 11:00:00+00:00
[2026-05-21T13:41:04.137+0000] {processor.py:183} INFO - Processing /opt/airflow/dags/main.py took 0.300 seconds
[2026-05-21T13:41:34.555+0000] {processor.py:161} INFO - Started process (PID=3995) to work on /opt/airflow/dags/main.py
[2026-05-21T13:41:34.558+0000] {processor.py:830} INFO - Processing file /opt/airflow/dags/main.py for tasks to queue
[2026-05-21T13:41:34.563+0000] {logging_mixin.py:188} INFO - [2026-05-21T13:41:34.562+0000] {dagbag.py:545} INFO - Filling up the DagBag from /opt/airflow/dags/main.py
[2026-05-21T13:41:34.679+0000] {processor.py:840} INFO - DAG(s) 'produce_json' retrieved from /opt/airflow/dags/main.py
[2026-05-21T13:41:34.747+0000] {logging_mixin.py:188} INFO - [2026-05-21T13:41:34.746+0000] {dag.py:3096} INFO - Sync 1 DAGs
[2026-05-21T13:41:34.791+0000] {logging_mixin.py:188} INFO - [2026-05-21T13:41:34.791+0000] {dag.py:3954} INFO - Setting next_dagrun for produce_json to 2026-05-21 11:00:00+00:00, run_after=2026-05-22 11:00:00+00:00
[2026-05-21T13:41:34.888+0000] {processor.py:183} INFO - Processing /opt/airflow/dags/main.py took 0.357 seconds
[2026-05-21T13:42:05.323+0000] {processor.py:161} INFO - Started process (PID=4002) to work on /opt/airflow/dags/main.py
[2026-05-21T13:42:05.326+0000] {processor.py:830} INFO - Processing file /opt/airflow/dags/main.py for tasks to queue
[2026-05-21T13:42:05.330+0000] {logging_mixin.py:188} INFO - [2026-05-21T13:42:05.329+0000] {dagbag.py:545} INFO - Filling up the DagBag from /opt/airflow/dags/main.py
[2026-05-21T13:42:05.438+0000] {processor.py:840} INFO - DAG(s) 'produce_json' retrieved from /opt/airflow/dags/main.py
[2026-05-21T13:42:05.494+0000] {logging_mixin.py:188} INFO - [2026-05-21T13:42:05.493+0000] {dag.py:3096} INFO - Sync 1 DAGs
[2026-05-21T13:42:05.530+0000] {logging_mixin.py:188} INFO - [2026-05-21T13:42:05.530+0000] {dag.py:3954} INFO - Setting next_dagrun for produce_json to 2026-05-21 11:00:00+00:00, run_after=2026-05-22 11:00:00+00:00
[2026-05-21T13:42:05.611+0000] {processor.py:183} INFO - Processing /opt/airflow/dags/main.py took 0.306 seconds
[2026-05-21T13:42:36.058+0000] {processor.py:161} INFO - Started process (PID=4009) to work on /opt/airflow/dags/main.py
[2026-05-21T13:42:36.061+0000] {processor.py:830} INFO - Processing file /opt/airflow/dags/main.py for tasks to queue
[2026-05-21T13:42:36.066+0000] {logging_mixin.py:188} INFO - [2026-05-21T13:42:36.065+0000] {dagbag.py:545} INFO - Filling up the DagBag from /opt/airflow/dags/main.py
[2026-05-21T13:42:36.192+0000] {processor.py:840} INFO - DAG(s) 'produce_json' retrieved from /opt/airflow/dags/main.py
[2026-05-21T13:42:36.241+0000] {logging_mixin.py:188} INFO - [2026-05-21T13:42:36.240+0000] {dag.py:3096} INFO - Sync 1 DAGs
[2026-05-21T13:42:36.267+0000] {logging_mixin.py:188} INFO - [2026-05-21T13:42:36.267+0000] {dag.py:3954} INFO - Setting next_dagrun for produce_json to 2026-05-21 11:00:00+00:00, run_after=2026-05-22 11:00:00+00:00
[2026-05-21T13:42:36.297+0000] {processor.py:183} INFO - Processing /opt/airflow/dags/main.py took 0.257 seconds
[2026-05-21T13:43:06.401+0000] {processor.py:161} INFO - Started process (PID=4016) to work on /opt/airflow/dags/main.py
[2026-05-21T13:43:06.403+0000] {processor.py:830} INFO - Processing file /opt/airflow/dags/main.py for tasks to queue
[2026-05-21T13:43:06.408+0000] {logging_mixin.py:188} INFO - [2026-05-21T13:43:06.408+0000] {dagbag.py:545} INFO - Filling up the DagBag from /opt/airflow/dags/main.py
[2026-05-21T13:43:06.550+0000] {processor.py:840} INFO - DAG(s) 'produce_json' retrieved from /opt/airflow/dags/main.py
[2026-05-21T13:43:06.596+0000] {logging_mixin.py:188} INFO - [2026-05-21T13:43:06.596+0000] {dag.py:3096} INFO - Sync 1 DAGs
[2026-05-21T13:43:06.627+0000] {logging_mixin.py:188} INFO - [2026-05-21T13:43:06.627+0000] {dag.py:3954} INFO - Setting next_dagrun for produce_json to 2026-05-21 11:00:00+00:00, run_after=2026-05-22 11:00:00+00:00
[2026-05-21T13:43:06.705+0000] {processor.py:183} INFO - Processing /opt/airflow/dags/main.py took 0.321 seconds
[2026-05-21T13:43:37.034+0000] {processor.py:161} INFO - Started process (PID=4023) to work on /opt/airflow/dags/main.py
[2026-05-21T13:43:37.036+0000] {processor.py:830} INFO - Processing file /opt/airflow/dags/main.py for tasks to queue
[2026-05-21T13:43:37.039+0000] {logging_mixin.py:188} INFO - [2026-05-21T13:43:37.039+0000] {dagbag.py:545} INFO - Filling up the DagBag from /opt/airflow/dags/main.py
[2026-05-21T13:43:37.130+0000] {processor.py:840} INFO - DAG(s) 'produce_json' retrieved from /opt/airflow/dags/main.py
[2026-05-21T13:43:37.170+0000] {logging_mixin.py:188} INFO - [2026-05-21T13:43:37.170+0000] {dag.py:3096} INFO - Sync 1 DAGs
[2026-05-21T13:43:37.201+0000] {logging_mixin.py:188} INFO - [2026-05-21T13:43:37.201+0000] {dag.py:3954} INFO - Setting next_dagrun for produce_json to 2026-05-21 11:00:00+00:00, run_after=2026-05-22 11:00:00+00:00
[2026-05-21T13:43:37.266+0000] {processor.py:183} INFO - Processing /opt/airflow/dags/main.py took 0.243 seconds
[2026-05-21T13:44:07.462+0000] {processor.py:161} INFO - Started process (PID=4030) to work on /opt/airflow/dags/main.py
[2026-05-21T13:44:07.465+0000] {processor.py:830} INFO - Processing file /opt/airflow/dags/main.py for tasks to queue
[2026-05-21T13:44:07.469+0000] {logging_mixin.py:188} INFO - [2026-05-21T13:44:07.469+0000] {dagbag.py:545} INFO - Filling up the DagBag from /opt/airflow/dags/main.py
[2026-05-21T13:44:07.585+0000] {processor.py:840} INFO - DAG(s) 'produce_json' retrieved from /opt/airflow/dags/main.py
[2026-05-21T13:44:07.629+0000] {logging_mixin.py:188} INFO - [2026-05-21T13:44:07.629+0000] {dag.py:3096} INFO - Sync 1 DAGs
[2026-05-21T13:44:07.663+0000] {logging_mixin.py:188} INFO - [2026-05-21T13:44:07.663+0000] {dag.py:3954} INFO - Setting next_dagrun for produce_json to 2026-05-21 11:00:00+00:00, run_after=2026-05-22 11:00:00+00:00
[2026-05-21T13:44:07.690+0000] {processor.py:183} INFO - Processing /opt/airflow/dags/main.py took 0.247 seconds
[2026-05-21T13:44:38.099+0000] {processor.py:161} INFO - Started process (PID=4037) to work on /opt/airflow/dags/main.py
[2026-05-21T13:44:38.103+0000] {processor.py:830} INFO - Processing file /opt/airflow/dags/main.py for tasks to queue
[2026-05-21T13:44:38.108+0000] {logging_mixin.py:188} INFO - [2026-05-21T13:44:38.108+0000] {dagbag.py:545} INFO - Filling up the DagBag from /opt/airflow/dags/main.py
[2026-05-21T13:44:38.261+0000] {processor.py:840} INFO - DAG(s) 'produce_json' retrieved from /opt/airflow/dags/main.py
[2026-05-21T13:44:38.306+0000] {logging_mixin.py:188} INFO - [2026-05-21T13:44:38.305+0000] {dag.py:3096} INFO - Sync 1 DAGs
[2026-05-21T13:44:38.340+0000] {logging_mixin.py:188} INFO - [2026-05-21T13:44:38.339+0000] {dag.py:3954} INFO - Setting next_dagrun for produce_json to 2026-05-21 11:00:00+00:00, run_after=2026-05-22 11:00:00+00:00
[2026-05-21T13:44:38.407+0000] {processor.py:183} INFO - Processing /opt/airflow/dags/main.py took 0.325 seconds
[2026-05-21T13:45:08.825+0000] {processor.py:161} INFO - Started process (PID=4044) to work on /opt/airflow/dags/main.py
[2026-05-21T13:45:08.828+0000] {processor.py:830} INFO - Processing file /opt/airflow/dags/main.py for tasks to queue
[2026-05-21T13:45:08.835+0000] {logging_mixin.py:188} INFO - [2026-05-21T13:45:08.834+0000] {dagbag.py:545} INFO - Filling up the DagBag from /opt/airflow/dags/main.py
[2026-05-21T13:45:08.980+0000] {processor.py:840} INFO - DAG(s) 'produce_json' retrieved from /opt/airflow/dags/main.py
[2026-05-21T13:45:09.020+0000] {logging_mixin.py:188} INFO - [2026-05-21T13:45:09.019+0000] {dag.py:3096} INFO - Sync 1 DAGs
[2026-05-21T13:45:09.050+0000] {logging_mixin.py:188} INFO - [2026-05-21T13:45:09.050+0000] {dag.py:3954} INFO - Setting next_dagrun for produce_json to 2026-05-21 11:00:00+00:00, run_after=2026-05-22 11:00:00+00:00
[2026-05-21T13:45:09.079+0000] {processor.py:183} INFO - Processing /opt/airflow/dags/main.py took 0.270 seconds
[2026-05-21T13:45:39.834+0000] {processor.py:161} INFO - Started process (PID=4051) to work on /opt/airflow/dags/main.py
[2026-05-21T13:45:39.836+0000] {processor.py:830} INFO - Processing file /opt/airflow/dags/main.py for tasks to queue
[2026-05-21T13:45:39.839+0000] {logging_mixin.py:188} INFO - [2026-05-21T13:45:39.839+0000] {dagbag.py:545} INFO - Filling up the DagBag from /opt/airflow/dags/main.py
[2026-05-21T13:45:39.960+0000] {processor.py:840} INFO - DAG(s) 'produce_json' retrieved from /opt/airflow/dags/main.py
[2026-05-21T13:45:40.002+0000] {logging_mixin.py:188} INFO - [2026-05-21T13:45:40.001+0000] {dag.py:3096} INFO - Sync 1 DAGs
[2026-05-21T13:45:40.034+0000] {logging_mixin.py:188} INFO - [2026-05-21T13:45:40.034+0000] {dag.py:3954} INFO - Setting next_dagrun for produce_json to 2026-05-21 11:00:00+00:00, run_after=2026-05-22 11:00:00+00:00
[2026-05-21T13:45:40.066+0000] {processor.py:183} INFO - Processing /opt/airflow/dags/main.py took 0.251 seconds
[2026-05-21T13:46:10.228+0000] {processor.py:161} INFO - Started process (PID=4058) to work on /opt/airflow/dags/main.py
[2026-05-21T13:46:10.231+0000] {processor.py:830} INFO - Processing file /opt/airflow/dags/main.py for tasks to queue
[2026-05-21T13:46:10.235+0000] {logging_mixin.py:188} INFO - [2026-05-21T13:46:10.234+0000] {dagbag.py:545} INFO - Filling up the DagBag from /opt/airflow/dags/main.py
[2026-05-21T13:46:10.335+0000] {processor.py:840} INFO - DAG(s) 'produce_json' retrieved from /opt/airflow/dags/main.py
[2026-05-21T13:46:10.381+0000] {logging_mixin.py:188} INFO - [2026-05-21T13:46:10.381+0000] {dag.py:3096} INFO - Sync 1 DAGs
[2026-05-21T13:46:10.409+0000] {logging_mixin.py:188} INFO - [2026-05-21T13:46:10.409+0000] {dag.py:3954} INFO - Setting next_dagrun for produce_json to 2026-05-21 11:00:00+00:00, run_after=2026-05-22 11:00:00+00:00
[2026-05-21T13:46:10.487+0000] {processor.py:183} INFO - Processing /opt/airflow/dags/main.py took 0.284 seconds
[2026-05-21T13:46:40.805+0000] {processor.py:161} INFO - Started process (PID=4065) to work on /opt/airflow/dags/main.py
[2026-05-21T13:46:40.806+0000] {processor.py:830} INFO - Processing file /opt/airflow/dags/main.py for tasks to queue
[2026-05-21T13:46:40.809+0000] {logging_mixin.py:188} INFO - [2026-05-21T13:46:40.809+0000] {dagbag.py:545} INFO - Filling up the DagBag from /opt/airflow/dags/main.py
[2026-05-21T13:46:40.928+0000] {processor.py:840} INFO - DAG(s) 'produce_json' retrieved from /opt/airflow/dags/main.py
[2026-05-21T13:46:40.980+0000] {logging_mixin.py:188} INFO - [2026-05-21T13:46:40.980+0000] {dag.py:3096} INFO - Sync 1 DAGs
[2026-05-21T13:46:41.007+0000] {logging_mixin.py:188} INFO - [2026-05-21T13:46:41.007+0000] {dag.py:3954} INFO - Setting next_dagrun for produce_json to 2026-05-21 11:00:00+00:00, run_after=2026-05-22 11:00:00+00:00
[2026-05-21T13:46:41.030+0000] {processor.py:183} INFO - Processing /opt/airflow/dags/main.py took 0.235 seconds
[2026-05-21T13:47:11.203+0000] {processor.py:161} INFO - Started process (PID=4072) to work on /opt/airflow/dags/main.py
[2026-05-21T13:47:11.205+0000] {processor.py:830} INFO - Processing file /opt/airflow/dags/main.py for tasks to queue
[2026-05-21T13:47:11.208+0000] {logging_mixin.py:188} INFO - [2026-05-21T13:47:11.207+0000] {dagbag.py:545} INFO - Filling up the DagBag from /opt/airflow/dags/main.py
[2026-05-21T13:47:11.301+0000] {processor.py:840} INFO - DAG(s) 'produce_json' retrieved from /opt/airflow/dags/main.py
[2026-05-21T13:47:11.343+0000] {logging_mixin.py:188} INFO - [2026-05-21T13:47:11.343+0000] {dag.py:3096} INFO - Sync 1 DAGs
[2026-05-21T13:47:11.376+0000] {logging_mixin.py:188} INFO - [2026-05-21T13:47:11.375+0000] {dag.py:3954} INFO - Setting next_dagrun for produce_json to 2026-05-21 11:00:00+00:00, run_after=2026-05-22 11:00:00+00:00
[2026-05-21T13:47:11.464+0000] {processor.py:183} INFO - Processing /opt/airflow/dags/main.py took 0.275 seconds
[2026-05-21T13:47:41.769+0000] {processor.py:161} INFO - Started process (PID=4079) to work on /opt/airflow/dags/main.py
[2026-05-21T13:47:41.771+0000] {processor.py:830} INFO - Processing file /opt/airflow/dags/main.py for tasks to queue
[2026-05-21T13:47:41.774+0000] {logging_mixin.py:188} INFO - [2026-05-21T13:47:41.773+0000] {dagbag.py:545} INFO - Filling up the DagBag from /opt/airflow/dags/main.py
[2026-05-21T13:47:41.877+0000] {processor.py:840} INFO - DAG(s) 'produce_json' retrieved from /opt/airflow/dags/main.py
[2026-05-21T13:47:41.928+0000] {logging_mixin.py:188} INFO - [2026-05-21T13:47:41.927+0000] {dag.py:3096} INFO - Sync 1 DAGs
[2026-05-21T13:47:41.955+0000] {logging_mixin.py:188} INFO - [2026-05-21T13:47:41.955+0000] {dag.py:3954} INFO - Setting next_dagrun for produce_json to 2026-05-21 11:00:00+00:00, run_after=2026-05-22 11:00:00+00:00
[2026-05-21T13:47:41.976+0000] {processor.py:183} INFO - Processing /opt/airflow/dags/main.py took 0.221 seconds
[2026-05-21T13:48:12.237+0000] {processor.py:161} INFO - Started process (PID=4086) to work on /opt/airflow/dags/main.py
[2026-05-21T13:48:12.239+0000] {processor.py:830} INFO - Processing file /opt/airflow/dags/main.py for tasks to queue
[2026-05-21T13:48:12.242+0000] {logging_mixin.py:188} INFO - [2026-05-21T13:48:12.242+0000] {dagbag.py:545} INFO - Filling up the DagBag from /opt/airflow/dags/main.py
[2026-05-21T13:48:12.319+0000] {processor.py:840} INFO - DAG(s) 'produce_json' retrieved from /opt/airflow/dags/main.py
[2026-05-21T13:48:12.385+0000] {logging_mixin.py:188} INFO - [2026-05-21T13:48:12.385+0000] {dag.py:3096} INFO - Sync 1 DAGs
[2026-05-21T13:48:12.439+0000] {logging_mixin.py:188} INFO - [2026-05-21T13:48:12.439+0000] {dag.py:3954} INFO - Setting next_dagrun for produce_json to 2026-05-21 11:00:00+00:00, run_after=2026-05-22 11:00:00+00:00
[2026-05-21T13:48:12.506+0000] {processor.py:183} INFO - Processing /opt/airflow/dags/main.py took 0.286 seconds
[2026-05-21T13:48:42.826+0000] {processor.py:161} INFO - Started process (PID=4093) to work on /opt/airflow/dags/main.py
[2026-05-21T13:48:42.829+0000] {processor.py:830} INFO - Processing file /opt/airflow/dags/main.py for tasks to queue
[2026-05-21T13:48:42.832+0000] {logging_mixin.py:188} INFO - [2026-05-21T13:48:42.832+0000] {dagbag.py:545} INFO - Filling up the DagBag from /opt/airflow/dags/main.py
[2026-05-21T13:48:42.938+0000] {processor.py:840} INFO - DAG(s) 'produce_json' retrieved from /opt/airflow/dags/main.py
[2026-05-21T13:48:42.974+0000] {logging_mixin.py:188} INFO - [2026-05-21T13:48:42.974+0000] {dag.py:3096} INFO - Sync 1 DAGs
[2026-05-21T13:48:43.007+0000] {logging_mixin.py:188} INFO - [2026-05-21T13:48:43.006+0000] {dag.py:3954} INFO - Setting next_dagrun for produce_json to 2026-05-21 11:00:00+00:00, run_after=2026-05-22 11:00:00+00:00
[2026-05-21T13:48:43.103+0000] {processor.py:183} INFO - Processing /opt/airflow/dags/main.py took 0.300 seconds
[2026-05-21T13:49:13.372+0000] {processor.py:161} INFO - Started process (PID=4100) to work on /opt/airflow/dags/main.py
[2026-05-21T13:49:13.375+0000] {processor.py:830} INFO - Processing file /opt/airflow/dags/main.py for tasks to queue
[2026-05-21T13:49:13.380+0000] {logging_mixin.py:188} INFO - [2026-05-21T13:49:13.379+0000] {dagbag.py:545} INFO - Filling up the DagBag from /opt/airflow/dags/main.py
[2026-05-21T13:49:13.498+0000] {processor.py:840} INFO - DAG(s) 'produce_json' retrieved from /opt/airflow/dags/main.py
[2026-05-21T13:49:13.559+0000] {logging_mixin.py:188} INFO - [2026-05-21T13:49:13.558+0000] {dag.py:3096} INFO - Sync 1 DAGs
[2026-05-21T13:49:13.610+0000] {logging_mixin.py:188} INFO - [2026-05-21T13:49:13.609+0000] {dag.py:3954} INFO - Setting next_dagrun for produce_json to 2026-05-21 11:00:00+00:00, run_after=2026-05-22 11:00:00+00:00
[2026-05-21T13:49:13.711+0000] {processor.py:183} INFO - Processing /opt/airflow/dags/main.py took 0.365 seconds
[2026-05-21T13:49:44.008+0000] {processor.py:161} INFO - Started process (PID=4107) to work on /opt/airflow/dags/main.py
[2026-05-21T13:49:44.011+0000] {processor.py:830} INFO - Processing file /opt/airflow/dags/main.py for tasks to queue
[2026-05-21T13:49:44.017+0000] {logging_mixin.py:188} INFO - [2026-05-21T13:49:44.016+0000] {dagbag.py:545} INFO - Filling up the DagBag from /opt/airflow/dags/main.py
[2026-05-21T13:49:44.144+0000] {processor.py:840} INFO - DAG(s) 'produce_json' retrieved from /opt/airflow/dags/main.py
[2026-05-21T13:49:44.176+0000] {logging_mixin.py:188} INFO - [2026-05-21T13:49:44.176+0000] {dag.py:3096} INFO - Sync 1 DAGs
[2026-05-21T13:49:44.207+0000] {logging_mixin.py:188} INFO - [2026-05-21T13:49:44.207+0000] {dag.py:3954} INFO - Setting next_dagrun for produce_json to 2026-05-21 11:00:00+00:00, run_after=2026-05-22 11:00:00+00:00
[2026-05-21T13:49:44.296+0000] {processor.py:183} INFO - Processing /opt/airflow/dags/main.py took 0.310 seconds
[2026-05-21T13:50:14.585+0000] {processor.py:161} INFO - Started process (PID=4114) to work on /opt/airflow/dags/main.py
[2026-05-21T13:50:14.588+0000] {processor.py:830} INFO - Processing file /opt/airflow/dags/main.py for tasks to queue
[2026-05-21T13:50:14.593+0000] {logging_mixin.py:188} INFO - [2026-05-21T13:50:14.592+0000] {dagbag.py:545} INFO - Filling up the DagBag from /opt/airflow/dags/main.py
[2026-05-21T13:50:14.689+0000] {processor.py:840} INFO - DAG(s) 'produce_json' retrieved from /opt/airflow/dags/main.py
[2026-05-21T13:50:14.723+0000] {logging_mixin.py:188} INFO - [2026-05-21T13:50:14.723+0000] {dag.py:3096} INFO - Sync 1 DAGs
[2026-05-21T13:50:14.749+0000] {logging_mixin.py:188} INFO - [2026-05-21T13:50:14.749+0000] {dag.py:3954} INFO - Setting next_dagrun for produce_json to 2026-05-21 11:00:00+00:00, run_after=2026-05-22 11:00:00+00:00
[2026-05-21T13:50:14.840+0000] {processor.py:183} INFO - Processing /opt/airflow/dags/main.py took 0.273 seconds
[2026-05-21T13:50:45.669+0000] {processor.py:161} INFO - Started process (PID=4121) to work on /opt/airflow/dags/main.py
[2026-05-21T13:50:45.672+0000] {processor.py:830} INFO - Processing file /opt/airflow/dags/main.py for tasks to queue
[2026-05-21T13:50:45.677+0000] {logging_mixin.py:188} INFO - [2026-05-21T13:50:45.676+0000] {dagbag.py:545} INFO - Filling up the DagBag from /opt/airflow/dags/main.py
[2026-05-21T13:50:45.824+0000] {processor.py:840} INFO - DAG(s) 'produce_json' retrieved from /opt/airflow/dags/main.py
[2026-05-21T13:50:45.866+0000] {logging_mixin.py:188} INFO - [2026-05-21T13:50:45.865+0000] {dag.py:3096} INFO - Sync 1 DAGs
[2026-05-21T13:50:45.896+0000] {logging_mixin.py:188} INFO - [2026-05-21T13:50:45.895+0000] {dag.py:3954} INFO - Setting next_dagrun for produce_json to 2026-05-21 11:00:00+00:00, run_after=2026-05-22 11:00:00+00:00
[2026-05-21T13:50:45.976+0000] {processor.py:183} INFO - Processing /opt/airflow/dags/main.py took 0.323 seconds
[2026-05-21T13:51:16.066+0000] {processor.py:161} INFO - Started process (PID=4128) to work on /opt/airflow/dags/main.py
[2026-05-21T13:51:16.069+0000] {processor.py:830} INFO - Processing file /opt/airflow/dags/main.py for tasks to queue
[2026-05-21T13:51:16.072+0000] {logging_mixin.py:188} INFO - [2026-05-21T13:51:16.072+0000] {dagbag.py:545} INFO - Filling up the DagBag from /opt/airflow/dags/main.py
[2026-05-21T13:51:16.173+0000] {processor.py:840} INFO - DAG(s) 'produce_json' retrieved from /opt/airflow/dags/main.py
[2026-05-21T13:51:16.224+0000] {logging_mixin.py:188} INFO - [2026-05-21T13:51:16.224+0000] {dag.py:3096} INFO - Sync 1 DAGs
[2026-05-21T13:51:16.264+0000] {logging_mixin.py:188} INFO - [2026-05-21T13:51:16.263+0000] {dag.py:3954} INFO - Setting next_dagrun for produce_json to 2026-05-21 11:00:00+00:00, run_after=2026-05-22 11:00:00+00:00
[2026-05-21T13:51:16.330+0000] {processor.py:183} INFO - Processing /opt/airflow/dags/main.py took 0.279 seconds
[2026-05-21T13:51:46.836+0000] {processor.py:161} INFO - Started process (PID=4135) to work on /opt/airflow/dags/main.py
[2026-05-21T13:51:46.838+0000] {processor.py:830} INFO - Processing file /opt/airflow/dags/main.py for tasks to queue
[2026-05-21T13:51:46.840+0000] {logging_mixin.py:188} INFO - [2026-05-21T13:51:46.840+0000] {dagbag.py:545} INFO - Filling up the DagBag from /opt/airflow/dags/main.py
[2026-05-21T13:51:46.916+0000] {processor.py:840} INFO - DAG(s) 'produce_json' retrieved from /opt/airflow/dags/main.py
[2026-05-21T13:51:46.951+0000] {logging_mixin.py:188} INFO - [2026-05-21T13:51:46.951+0000] {dag.py:3096} INFO - Sync 1 DAGs
[2026-05-21T13:51:46.980+0000] {logging_mixin.py:188} INFO - [2026-05-21T13:51:46.980+0000] {dag.py:3954} INFO - Setting next_dagrun for produce_json to 2026-05-21 11:00:00+00:00, run_after=2026-05-22 11:00:00+00:00
[2026-05-21T13:51:47.045+0000] {processor.py:183} INFO - Processing /opt/airflow/dags/main.py took 0.217 seconds
[2026-05-21T13:52:17.335+0000] {processor.py:161} INFO - Started process (PID=4142) to work on /opt/airflow/dags/main.py
[2026-05-21T13:52:17.338+0000] {processor.py:830} INFO - Processing file /opt/airflow/dags/main.py for tasks to queue
[2026-05-21T13:52:17.341+0000] {logging_mixin.py:188} INFO - [2026-05-21T13:52:17.341+0000] {dagbag.py:545} INFO - Filling up the DagBag from /opt/airflow/dags/main.py
[2026-05-21T13:52:17.475+0000] {processor.py:840} INFO - DAG(s) 'produce_json' retrieved from /opt/airflow/dags/main.py
[2026-05-21T13:52:17.508+0000] {logging_mixin.py:188} INFO - [2026-05-21T13:52:17.508+0000] {dag.py:3096} INFO - Sync 1 DAGs
[2026-05-21T13:52:17.543+0000] {logging_mixin.py:188} INFO - [2026-05-21T13:52:17.542+0000] {dag.py:3954} INFO - Setting next_dagrun for produce_json to 2026-05-21 11:00:00+00:00, run_after=2026-05-22 11:00:00+00:00
[2026-05-21T13:52:17.569+0000] {processor.py:183} INFO - Processing /opt/airflow/dags/main.py took 0.259 seconds
[2026-05-21T13:52:47.941+0000] {processor.py:161} INFO - Started process (PID=4149) to work on /opt/airflow/dags/main.py
[2026-05-21T13:52:47.944+0000] {processor.py:830} INFO - Processing file /opt/airflow/dags/main.py for tasks to queue
[2026-05-21T13:52:47.948+0000] {logging_mixin.py:188} INFO - [2026-05-21T13:52:47.947+0000] {dagbag.py:545} INFO - Filling up the DagBag from /opt/airflow/dags/main.py
[2026-05-21T13:52:48.043+0000] {processor.py:840} INFO - DAG(s) 'produce_json' retrieved from /opt/airflow/dags/main.py
[2026-05-21T13:52:48.080+0000] {logging_mixin.py:188} INFO - [2026-05-21T13:52:48.079+0000] {dag.py:3096} INFO - Sync 1 DAGs
[2026-05-21T13:52:48.109+0000] {logging_mixin.py:188} INFO - [2026-05-21T13:52:48.109+0000] {dag.py:3954} INFO - Setting next_dagrun for produce_json to 2026-05-21 11:00:00+00:00, run_after=2026-05-22 11:00:00+00:00
[2026-05-21T13:52:48.135+0000] {processor.py:183} INFO - Processing /opt/airflow/dags/main.py took 0.215 seconds
[2026-05-21T13:53:18.434+0000] {processor.py:161} INFO - Started process (PID=4157) to work on /opt/airflow/dags/main.py
[2026-05-21T13:53:18.437+0000] {processor.py:830} INFO - Processing file /opt/airflow/dags/main.py for tasks to queue
[2026-05-21T13:53:18.442+0000] {logging_mixin.py:188} INFO - [2026-05-21T13:53:18.442+0000] {dagbag.py:545} INFO - Filling up the DagBag from /opt/airflow/dags/main.py
[2026-05-21T13:53:18.589+0000] {processor.py:840} INFO - DAG(s) 'produce_json' retrieved from /opt/airflow/dags/main.py
[2026-05-21T13:53:18.626+0000] {logging_mixin.py:188} INFO - [2026-05-21T13:53:18.626+0000] {dag.py:3096} INFO - Sync 1 DAGs
[2026-05-21T13:53:18.677+0000] {logging_mixin.py:188} INFO - [2026-05-21T13:53:18.677+0000] {dag.py:3954} INFO - Setting next_dagrun for produce_json to 2026-05-21 11:00:00+00:00, run_after=2026-05-22 11:00:00+00:00
[2026-05-21T13:53:18.779+0000] {processor.py:183} INFO - Processing /opt/airflow/dags/main.py took 0.363 seconds
[2026-05-21T13:53:48.960+0000] {processor.py:161} INFO - Started process (PID=4164) to work on /opt/airflow/dags/main.py
[2026-05-21T13:53:48.962+0000] {processor.py:830} INFO - Processing file /opt/airflow/dags/main.py for tasks to queue
[2026-05-21T13:53:48.965+0000] {logging_mixin.py:188} INFO - [2026-05-21T13:53:48.965+0000] {dagbag.py:545} INFO - Filling up the DagBag from /opt/airflow/dags/main.py
[2026-05-21T13:53:49.043+0000] {processor.py:840} INFO - DAG(s) 'produce_json' retrieved from /opt/airflow/dags/main.py
[2026-05-21T13:53:49.091+0000] {logging_mixin.py:188} INFO - [2026-05-21T13:53:49.090+0000] {dag.py:3096} INFO - Sync 1 DAGs
[2026-05-21T13:53:49.126+0000] {logging_mixin.py:188} INFO - [2026-05-21T13:53:49.125+0000] {dag.py:3954} INFO - Setting next_dagrun for produce_json to 2026-05-21 11:00:00+00:00, run_after=2026-05-22 11:00:00+00:00
[2026-05-21T13:53:49.228+0000] {processor.py:183} INFO - Processing /opt/airflow/dags/main.py took 0.279 seconds
[2026-05-21T13:54:19.613+0000] {processor.py:161} INFO - Started process (PID=4171) to work on /opt/airflow/dags/main.py
[2026-05-21T13:54:19.615+0000] {processor.py:830} INFO - Processing file /opt/airflow/dags/main.py for tasks to queue
[2026-05-21T13:54:19.621+0000] {logging_mixin.py:188} INFO - [2026-05-21T13:54:19.621+0000] {dagbag.py:545} INFO - Filling up the DagBag from /opt/airflow/dags/main.py
[2026-05-21T13:54:19.732+0000] {processor.py:840} INFO - DAG(s) 'produce_json' retrieved from /opt/airflow/dags/main.py
[2026-05-21T13:54:19.777+0000] {logging_mixin.py:188} INFO - [2026-05-21T13:54:19.776+0000] {dag.py:3096} INFO - Sync 1 DAGs
[2026-05-21T13:54:19.832+0000] {logging_mixin.py:188} INFO - [2026-05-21T13:54:19.831+0000] {dag.py:3954} INFO - Setting next_dagrun for produce_json to 2026-05-21 11:00:00+00:00, run_after=2026-05-22 11:00:00+00:00
[2026-05-21T13:54:19.936+0000] {processor.py:183} INFO - Processing /opt/airflow/dags/main.py took 0.348 seconds
[2026-05-21T13:54:50.054+0000] {processor.py:161} INFO - Started process (PID=4178) to work on /opt/airflow/dags/main.py
[2026-05-21T13:54:50.056+0000] {processor.py:830} INFO - Processing file /opt/airflow/dags/main.py for tasks to queue
[2026-05-21T13:54:50.060+0000] {logging_mixin.py:188} INFO - [2026-05-21T13:54:50.059+0000] {dagbag.py:545} INFO - Filling up the DagBag from /opt/airflow/dags/main.py
[2026-05-21T13:54:50.171+0000] {processor.py:840} INFO - DAG(s) 'produce_json' retrieved from /opt/airflow/dags/main.py
[2026-05-21T13:54:50.213+0000] {logging_mixin.py:188} INFO - [2026-05-21T13:54:50.213+0000] {dag.py:3096} INFO - Sync 1 DAGs
[2026-05-21T13:54:50.244+0000] {logging_mixin.py:188} INFO - [2026-05-21T13:54:50.244+0000] {dag.py:3954} INFO - Setting next_dagrun for produce_json to 2026-05-21 11:00:00+00:00, run_after=2026-05-22 11:00:00+00:00
[2026-05-21T13:54:50.330+0000] {processor.py:183} INFO - Processing /opt/airflow/dags/main.py took 0.289 seconds
[2026-05-21T13:55:20.781+0000] {processor.py:161} INFO - Started process (PID=4186) to work on /opt/airflow/dags/main.py
[2026-05-21T13:55:20.783+0000] {processor.py:830} INFO - Processing file /opt/airflow/dags/main.py for tasks to queue
[2026-05-21T13:55:20.786+0000] {logging_mixin.py:188} INFO - [2026-05-21T13:55:20.785+0000] {dagbag.py:545} INFO - Filling up the DagBag from /opt/airflow/dags/main.py
[2026-05-21T13:55:20.872+0000] {processor.py:840} INFO - DAG(s) 'produce_json' retrieved from /opt/airflow/dags/main.py
[2026-05-21T13:55:20.912+0000] {logging_mixin.py:188} INFO - [2026-05-21T13:55:20.911+0000] {dag.py:3096} INFO - Sync 1 DAGs
[2026-05-21T13:55:20.945+0000] {logging_mixin.py:188} INFO - [2026-05-21T13:55:20.945+0000] {dag.py:3954} INFO - Setting next_dagrun for produce_json to 2026-05-21 11:00:00+00:00, run_after=2026-05-22 11:00:00+00:00
[2026-05-21T13:55:20.982+0000] {processor.py:183} INFO - Processing /opt/airflow/dags/main.py took 0.210 seconds
[2026-05-21T13:55:51.170+0000] {processor.py:161} INFO - Started process (PID=4193) to work on /opt/airflow/dags/main.py
[2026-05-21T13:55:51.173+0000] {processor.py:830} INFO - Processing file /opt/airflow/dags/main.py for tasks to queue
[2026-05-21T13:55:51.178+0000] {logging_mixin.py:188} INFO - [2026-05-21T13:55:51.177+0000] {dagbag.py:545} INFO - Filling up the DagBag from /opt/airflow/dags/main.py
[2026-05-21T13:55:51.324+0000] {processor.py:840} INFO - DAG(s) 'produce_json' retrieved from /opt/airflow/dags/main.py
[2026-05-21T13:55:51.363+0000] {logging_mixin.py:188} INFO - [2026-05-21T13:55:51.363+0000] {dag.py:3096} INFO - Sync 1 DAGs
[2026-05-21T13:55:51.394+0000] {logging_mixin.py:188} INFO - [2026-05-21T13:55:51.394+0000] {dag.py:3954} INFO - Setting next_dagrun for produce_json to 2026-05-21 11:00:00+00:00, run_after=2026-05-22 11:00:00+00:00
[2026-05-21T13:55:51.471+0000] {processor.py:183} INFO - Processing /opt/airflow/dags/main.py took 0.311 seconds
[2026-05-21T13:56:21.943+0000] {processor.py:161} INFO - Started process (PID=4200) to work on /opt/airflow/dags/main.py
[2026-05-21T13:56:21.946+0000] {processor.py:830} INFO - Processing file /opt/airflow/dags/main.py for tasks to queue
[2026-05-21T13:56:21.951+0000] {logging_mixin.py:188} INFO - [2026-05-21T13:56:21.950+0000] {dagbag.py:545} INFO - Filling up the DagBag from /opt/airflow/dags/main.py
[2026-05-21T13:56:22.094+0000] {processor.py:840} INFO - DAG(s) 'produce_json' retrieved from /opt/airflow/dags/main.py
[2026-05-21T13:56:22.138+0000] {logging_mixin.py:188} INFO - [2026-05-21T13:56:22.138+0000] {dag.py:3096} INFO - Sync 1 DAGs
[2026-05-21T13:56:22.170+0000] {logging_mixin.py:188} INFO - [2026-05-21T13:56:22.169+0000] {dag.py:3954} INFO - Setting next_dagrun for produce_json to 2026-05-21 11:00:00+00:00, run_after=2026-05-22 11:00:00+00:00
[2026-05-21T13:56:22.263+0000] {processor.py:183} INFO - Processing /opt/airflow/dags/main.py took 0.343 seconds
[2026-05-21T13:56:52.784+0000] {processor.py:161} INFO - Started process (PID=4207) to work on /opt/airflow/dags/main.py
[2026-05-21T13:56:52.787+0000] {processor.py:830} INFO - Processing file /opt/airflow/dags/main.py for tasks to queue
[2026-05-21T13:56:52.793+0000] {logging_mixin.py:188} INFO - [2026-05-21T13:56:52.793+0000] {dagbag.py:545} INFO - Filling up the DagBag from /opt/airflow/dags/main.py
[2026-05-21T13:56:52.957+0000] {processor.py:840} INFO - DAG(s) 'produce_json' retrieved from /opt/airflow/dags/main.py
[2026-05-21T13:56:52.992+0000] {logging_mixin.py:188} INFO - [2026-05-21T13:56:52.992+0000] {dag.py:3096} INFO - Sync 1 DAGs
[2026-05-21T13:56:53.025+0000] {logging_mixin.py:188} INFO - [2026-05-21T13:56:53.025+0000] {dag.py:3954} INFO - Setting next_dagrun for produce_json to 2026-05-21 11:00:00+00:00, run_after=2026-05-22 11:00:00+00:00
[2026-05-21T13:56:53.117+0000] {processor.py:183} INFO - Processing /opt/airflow/dags/main.py took 0.353 seconds
[2026-05-21T13:57:23.622+0000] {processor.py:161} INFO - Started process (PID=4214) to work on /opt/airflow/dags/main.py
[2026-05-21T13:57:23.625+0000] {processor.py:830} INFO - Processing file /opt/airflow/dags/main.py for tasks to queue
[2026-05-21T13:57:23.629+0000] {logging_mixin.py:188} INFO - [2026-05-21T13:57:23.629+0000] {dagbag.py:545} INFO - Filling up the DagBag from /opt/airflow/dags/main.py
[2026-05-21T13:57:23.773+0000] {processor.py:840} INFO - DAG(s) 'produce_json' retrieved from /opt/airflow/dags/main.py
[2026-05-21T13:57:23.822+0000] {logging_mixin.py:188} INFO - [2026-05-21T13:57:23.821+0000] {dag.py:3096} INFO - Sync 1 DAGs
[2026-05-21T13:57:23.860+0000] {logging_mixin.py:188} INFO - [2026-05-21T13:57:23.859+0000] {dag.py:3954} INFO - Setting next_dagrun for produce_json to 2026-05-21 11:00:00+00:00, run_after=2026-05-22 11:00:00+00:00
[2026-05-21T13:57:23.901+0000] {processor.py:183} INFO - Processing /opt/airflow/dags/main.py took 0.304 seconds
[2026-05-21T13:57:54.367+0000] {processor.py:161} INFO - Started process (PID=4221) to work on /opt/airflow/dags/main.py
[2026-05-21T13:57:54.369+0000] {processor.py:830} INFO - Processing file /opt/airflow/dags/main.py for tasks to queue
[2026-05-21T13:57:54.374+0000] {logging_mixin.py:188} INFO - [2026-05-21T13:57:54.374+0000] {dagbag.py:545} INFO - Filling up the DagBag from /opt/airflow/dags/main.py
[2026-05-21T13:57:54.450+0000] {processor.py:840} INFO - DAG(s) 'produce_json' retrieved from /opt/airflow/dags/main.py
[2026-05-21T13:57:54.483+0000] {logging_mixin.py:188} INFO - [2026-05-21T13:57:54.483+0000] {dag.py:3096} INFO - Sync 1 DAGs
[2026-05-21T13:57:54.509+0000] {logging_mixin.py:188} INFO - [2026-05-21T13:57:54.508+0000] {dag.py:3954} INFO - Setting next_dagrun for produce_json to 2026-05-21 11:00:00+00:00, run_after=2026-05-22 11:00:00+00:00
[2026-05-21T13:57:54.531+0000] {processor.py:183} INFO - Processing /opt/airflow/dags/main.py took 0.181 seconds
[2026-05-21T13:58:24.754+0000] {processor.py:161} INFO - Started process (PID=4228) to work on /opt/airflow/dags/main.py
[2026-05-21T13:58:24.756+0000] {processor.py:830} INFO - Processing file /opt/airflow/dags/main.py for tasks to queue
[2026-05-21T13:58:24.760+0000] {logging_mixin.py:188} INFO - [2026-05-21T13:58:24.759+0000] {dagbag.py:545} INFO - Filling up the DagBag from /opt/airflow/dags/main.py
[2026-05-21T13:58:24.838+0000] {processor.py:840} INFO - DAG(s) 'produce_json' retrieved from /opt/airflow/dags/main.py
[2026-05-21T13:58:24.873+0000] {logging_mixin.py:188} INFO - [2026-05-21T13:58:24.873+0000] {dag.py:3096} INFO - Sync 1 DAGs
[2026-05-21T13:58:24.901+0000] {logging_mixin.py:188} INFO - [2026-05-21T13:58:24.901+0000] {dag.py:3954} INFO - Setting next_dagrun for produce_json to 2026-05-21 11:00:00+00:00, run_after=2026-05-22 11:00:00+00:00
[2026-05-21T13:58:24.992+0000] {processor.py:183} INFO - Processing /opt/airflow/dags/main.py took 0.246 seconds
[2026-05-21T13:58:55.343+0000] {processor.py:161} INFO - Started process (PID=4235) to work on /opt/airflow/dags/main.py
[2026-05-21T13:58:55.345+0000] {processor.py:830} INFO - Processing file /opt/airflow/dags/main.py for tasks to queue
[2026-05-21T13:58:55.348+0000] {logging_mixin.py:188} INFO - [2026-05-21T13:58:55.348+0000] {dagbag.py:545} INFO - Filling up the DagBag from /opt/airflow/dags/main.py
[2026-05-21T13:58:55.433+0000] {processor.py:840} INFO - DAG(s) 'produce_json' retrieved from /opt/airflow/dags/main.py
[2026-05-21T13:58:55.476+0000] {logging_mixin.py:188} INFO - [2026-05-21T13:58:55.475+0000] {dag.py:3096} INFO - Sync 1 DAGs
[2026-05-21T13:58:55.509+0000] {logging_mixin.py:188} INFO - [2026-05-21T13:58:55.508+0000] {dag.py:3954} INFO - Setting next_dagrun for produce_json to 2026-05-21 11:00:00+00:00, run_after=2026-05-22 11:00:00+00:00
[2026-05-21T13:58:55.575+0000] {processor.py:183} INFO - Processing /opt/airflow/dags/main.py took 0.243 seconds
[2026-05-21T13:59:25.892+0000] {processor.py:161} INFO - Started process (PID=4242) to work on /opt/airflow/dags/main.py
[2026-05-21T13:59:25.893+0000] {processor.py:830} INFO - Processing file /opt/airflow/dags/main.py for tasks to queue
[2026-05-21T13:59:25.896+0000] {logging_mixin.py:188} INFO - [2026-05-21T13:59:25.896+0000] {dagbag.py:545} INFO - Filling up the DagBag from /opt/airflow/dags/main.py
[2026-05-21T13:59:25.975+0000] {processor.py:840} INFO - DAG(s) 'produce_json' retrieved from /opt/airflow/dags/main.py
[2026-05-21T13:59:26.009+0000] {logging_mixin.py:188} INFO - [2026-05-21T13:59:26.008+0000] {dag.py:3096} INFO - Sync 1 DAGs
[2026-05-21T13:59:26.035+0000] {logging_mixin.py:188} INFO - [2026-05-21T13:59:26.034+0000] {dag.py:3954} INFO - Setting next_dagrun for produce_json to 2026-05-21 11:00:00+00:00, run_after=2026-05-22 11:00:00+00:00
[2026-05-21T13:59:26.096+0000] {processor.py:183} INFO - Processing /opt/airflow/dags/main.py took 0.214 seconds
[2026-05-21T13:59:56.468+0000] {processor.py:161} INFO - Started process (PID=4249) to work on /opt/airflow/dags/main.py
[2026-05-21T13:59:56.470+0000] {processor.py:830} INFO - Processing file /opt/airflow/dags/main.py for tasks to queue
[2026-05-21T13:59:56.474+0000] {logging_mixin.py:188} INFO - [2026-05-21T13:59:56.474+0000] {dagbag.py:545} INFO - Filling up the DagBag from /opt/airflow/dags/main.py
[2026-05-21T13:59:56.608+0000] {processor.py:840} INFO - DAG(s) 'produce_json' retrieved from /opt/airflow/dags/main.py
[2026-05-21T13:59:56.641+0000] {logging_mixin.py:188} INFO - [2026-05-21T13:59:56.640+0000] {dag.py:3096} INFO - Sync 1 DAGs
[2026-05-21T13:59:56.668+0000] {logging_mixin.py:188} INFO - [2026-05-21T13:59:56.668+0000] {dag.py:3954} INFO - Setting next_dagrun for produce_json to 2026-05-21 11:00:00+00:00, run_after=2026-05-22 11:00:00+00:00
[2026-05-21T13:59:56.757+0000] {processor.py:183} INFO - Processing /opt/airflow/dags/main.py took 0.316 seconds
[2026-05-21T14:00:26.973+0000] {processor.py:161} INFO - Started process (PID=4256) to work on /opt/airflow/dags/main.py
[2026-05-21T14:00:26.976+0000] {processor.py:830} INFO - Processing file /opt/airflow/dags/main.py for tasks to queue
[2026-05-21T14:00:26.979+0000] {logging_mixin.py:188} INFO - [2026-05-21T14:00:26.979+0000] {dagbag.py:545} INFO - Filling up the DagBag from /opt/airflow/dags/main.py
[2026-05-21T14:00:27.079+0000] {processor.py:840} INFO - DAG(s) 'produce_json' retrieved from /opt/airflow/dags/main.py
[2026-05-21T14:00:27.117+0000] {logging_mixin.py:188} INFO - [2026-05-21T14:00:27.117+0000] {dag.py:3096} INFO - Sync 1 DAGs
[2026-05-21T14:00:27.149+0000] {logging_mixin.py:188} INFO - [2026-05-21T14:00:27.149+0000] {dag.py:3954} INFO - Setting next_dagrun for produce_json to 2026-05-21 11:00:00+00:00, run_after=2026-05-22 11:00:00+00:00
[2026-05-21T14:00:27.225+0000] {processor.py:183} INFO - Processing /opt/airflow/dags/main.py took 0.274 seconds
[2026-05-21T14:00:57.756+0000] {processor.py:161} INFO - Started process (PID=4263) to work on /opt/airflow/dags/main.py
[2026-05-21T14:00:57.758+0000] {processor.py:830} INFO - Processing file /opt/airflow/dags/main.py for tasks to queue
[2026-05-21T14:00:57.761+0000] {logging_mixin.py:188} INFO - [2026-05-21T14:00:57.760+0000] {dagbag.py:545} INFO - Filling up the DagBag from /opt/airflow/dags/main.py
[2026-05-21T14:00:57.847+0000] {processor.py:840} INFO - DAG(s) 'produce_json' retrieved from /opt/airflow/dags/main.py
[2026-05-21T14:00:57.882+0000] {logging_mixin.py:188} INFO - [2026-05-21T14:00:57.882+0000] {dag.py:3096} INFO - Sync 1 DAGs
[2026-05-21T14:00:57.912+0000] {logging_mixin.py:188} INFO - [2026-05-21T14:00:57.911+0000] {dag.py:3954} INFO - Setting next_dagrun for produce_json to 2026-05-21 11:00:00+00:00, run_after=2026-05-22 11:00:00+00:00
[2026-05-21T14:00:58.003+0000] {processor.py:183} INFO - Processing /opt/airflow/dags/main.py took 0.255 seconds
[2026-05-21T14:01:28.254+0000] {processor.py:161} INFO - Started process (PID=4270) to work on /opt/airflow/dags/main.py
[2026-05-21T14:01:28.256+0000] {processor.py:830} INFO - Processing file /opt/airflow/dags/main.py for tasks to queue
[2026-05-21T14:01:28.260+0000] {logging_mixin.py:188} INFO - [2026-05-21T14:01:28.259+0000] {dagbag.py:545} INFO - Filling up the DagBag from /opt/airflow/dags/main.py
[2026-05-21T14:01:28.396+0000] {processor.py:840} INFO - DAG(s) 'produce_json' retrieved from /opt/airflow/dags/main.py
[2026-05-21T14:01:28.428+0000] {logging_mixin.py:188} INFO - [2026-05-21T14:01:28.428+0000] {dag.py:3096} INFO - Sync 1 DAGs
[2026-05-21T14:01:28.455+0000] {logging_mixin.py:188} INFO - [2026-05-21T14:01:28.455+0000] {dag.py:3954} INFO - Setting next_dagrun for produce_json to 2026-05-21 11:00:00+00:00, run_after=2026-05-22 11:00:00+00:00
[2026-05-21T14:01:28.544+0000] {processor.py:183} INFO - Processing /opt/airflow/dags/main.py took 0.312 seconds
[2026-05-21T14:01:58.896+0000] {processor.py:161} INFO - Started process (PID=4277) to work on /opt/airflow/dags/main.py
[2026-05-21T14:01:58.899+0000] {processor.py:830} INFO - Processing file /opt/airflow/dags/main.py for tasks to queue
[2026-05-21T14:01:58.905+0000] {logging_mixin.py:188} INFO - [2026-05-21T14:01:58.904+0000] {dagbag.py:545} INFO - Filling up the DagBag from /opt/airflow/dags/main.py
[2026-05-21T14:01:59.046+0000] {processor.py:840} INFO - DAG(s) 'produce_json' retrieved from /opt/airflow/dags/main.py
[2026-05-21T14:01:59.133+0000] {logging_mixin.py:188} INFO - [2026-05-21T14:01:59.132+0000] {dag.py:3096} INFO - Sync 1 DAGs
[2026-05-21T14:01:59.159+0000] {logging_mixin.py:188} INFO - [2026-05-21T14:01:59.159+0000] {dag.py:3954} INFO - Setting next_dagrun for produce_json to 2026-05-21 11:00:00+00:00, run_after=2026-05-22 11:00:00+00:00
[2026-05-21T14:01:59.181+0000] {processor.py:183} INFO - Processing /opt/airflow/dags/main.py took 0.303 seconds
[2026-05-21T14:02:29.375+0000] {processor.py:161} INFO - Started process (PID=4284) to work on /opt/airflow/dags/main.py
[2026-05-21T14:02:29.378+0000] {processor.py:830} INFO - Processing file /opt/airflow/dags/main.py for tasks to queue
[2026-05-21T14:02:29.384+0000] {logging_mixin.py:188} INFO - [2026-05-21T14:02:29.383+0000] {dagbag.py:545} INFO - Filling up the DagBag from /opt/airflow/dags/main.py
[2026-05-21T14:02:29.510+0000] {processor.py:840} INFO - DAG(s) 'produce_json' retrieved from /opt/airflow/dags/main.py
[2026-05-21T14:02:29.559+0000] {logging_mixin.py:188} INFO - [2026-05-21T14:02:29.558+0000] {dag.py:3096} INFO - Sync 1 DAGs
[2026-05-21T14:02:29.590+0000] {logging_mixin.py:188} INFO - [2026-05-21T14:02:29.590+0000] {dag.py:3954} INFO - Setting next_dagrun for produce_json to 2026-05-21 11:00:00+00:00, run_after=2026-05-22 11:00:00+00:00
[2026-05-21T14:02:29.616+0000] {processor.py:183} INFO - Processing /opt/airflow/dags/main.py took 0.254 seconds
[2026-05-21T14:02:59.962+0000] {processor.py:161} INFO - Started process (PID=4291) to work on /opt/airflow/dags/main.py
[2026-05-21T14:02:59.965+0000] {processor.py:830} INFO - Processing file /opt/airflow/dags/main.py for tasks to queue
[2026-05-21T14:02:59.970+0000] {logging_mixin.py:188} INFO - [2026-05-21T14:02:59.970+0000] {dagbag.py:545} INFO - Filling up the DagBag from /opt/airflow/dags/main.py
[2026-05-21T14:03:00.084+0000] {processor.py:840} INFO - DAG(s) 'produce_json' retrieved from /opt/airflow/dags/main.py
[2026-05-21T14:03:00.125+0000] {logging_mixin.py:188} INFO - [2026-05-21T14:03:00.124+0000] {dag.py:3096} INFO - Sync 1 DAGs
[2026-05-21T14:03:00.158+0000] {logging_mixin.py:188} INFO - [2026-05-21T14:03:00.157+0000] {dag.py:3954} INFO - Setting next_dagrun for produce_json to 2026-05-21 11:00:00+00:00, run_after=2026-05-22 11:00:00+00:00
[2026-05-21T14:03:00.240+0000] {processor.py:183} INFO - Processing /opt/airflow/dags/main.py took 0.297 seconds
[2026-05-21T14:03:30.462+0000] {processor.py:161} INFO - Started process (PID=4298) to work on /opt/airflow/dags/main.py
[2026-05-21T14:03:30.464+0000] {processor.py:830} INFO - Processing file /opt/airflow/dags/main.py for tasks to queue
[2026-05-21T14:03:30.468+0000] {logging_mixin.py:188} INFO - [2026-05-21T14:03:30.467+0000] {dagbag.py:545} INFO - Filling up the DagBag from /opt/airflow/dags/main.py
[2026-05-21T14:03:30.604+0000] {processor.py:840} INFO - DAG(s) 'produce_json' retrieved from /opt/airflow/dags/main.py
[2026-05-21T14:03:30.638+0000] {logging_mixin.py:188} INFO - [2026-05-21T14:03:30.638+0000] {dag.py:3096} INFO - Sync 1 DAGs
[2026-05-21T14:03:30.663+0000] {logging_mixin.py:188} INFO - [2026-05-21T14:03:30.663+0000] {dag.py:3954} INFO - Setting next_dagrun for produce_json to 2026-05-21 11:00:00+00:00, run_after=2026-05-22 11:00:00+00:00
[2026-05-21T14:03:30.738+0000] {processor.py:183} INFO - Processing /opt/airflow/dags/main.py took 0.300 seconds
[2026-05-21T14:04:01.036+0000] {processor.py:161} INFO - Started process (PID=4305) to work on /opt/airflow/dags/main.py
[2026-05-21T14:04:01.037+0000] {processor.py:830} INFO - Processing file /opt/airflow/dags/main.py for tasks to queue
[2026-05-21T14:04:01.040+0000] {logging_mixin.py:188} INFO - [2026-05-21T14:04:01.039+0000] {dagbag.py:545} INFO - Filling up the DagBag from /opt/airflow/dags/main.py
[2026-05-21T14:04:01.125+0000] {processor.py:840} INFO - DAG(s) 'produce_json' retrieved from /opt/airflow/dags/main.py
[2026-05-21T14:04:01.160+0000] {logging_mixin.py:188} INFO - [2026-05-21T14:04:01.160+0000] {dag.py:3096} INFO - Sync 1 DAGs
[2026-05-21T14:04:01.200+0000] {logging_mixin.py:188} INFO - [2026-05-21T14:04:01.200+0000] {dag.py:3954} INFO - Setting next_dagrun for produce_json to 2026-05-21 11:00:00+00:00, run_after=2026-05-22 11:00:00+00:00
[2026-05-21T14:04:01.246+0000] {processor.py:183} INFO - Processing /opt/airflow/dags/main.py took 0.221 seconds
[2026-05-21T14:04:31.484+0000] {processor.py:161} INFO - Started process (PID=4313) to work on /opt/airflow/dags/main.py
[2026-05-21T14:04:31.486+0000] {processor.py:830} INFO - Processing file /opt/airflow/dags/main.py for tasks to queue
[2026-05-21T14:04:31.490+0000] {logging_mixin.py:188} INFO - [2026-05-21T14:04:31.489+0000] {dagbag.py:545} INFO - Filling up the DagBag from /opt/airflow/dags/main.py
[2026-05-21T14:04:31.620+0000] {processor.py:840} INFO - DAG(s) 'produce_json' retrieved from /opt/airflow/dags/main.py
[2026-05-21T14:04:31.652+0000] {logging_mixin.py:188} INFO - [2026-05-21T14:04:31.652+0000] {dag.py:3096} INFO - Sync 1 DAGs
[2026-05-21T14:04:31.682+0000] {logging_mixin.py:188} INFO - [2026-05-21T14:04:31.682+0000] {dag.py:3954} INFO - Setting next_dagrun for produce_json to 2026-05-21 11:00:00+00:00, run_after=2026-05-22 11:00:00+00:00
[2026-05-21T14:04:31.774+0000] {processor.py:183} INFO - Processing /opt/airflow/dags/main.py took 0.307 seconds
[2026-05-21T14:05:02.043+0000] {processor.py:161} INFO - Started process (PID=4320) to work on /opt/airflow/dags/main.py
[2026-05-21T14:05:02.048+0000] {processor.py:830} INFO - Processing file /opt/airflow/dags/main.py for tasks to queue
[2026-05-21T14:05:02.053+0000] {logging_mixin.py:188} INFO - [2026-05-21T14:05:02.052+0000] {dagbag.py:545} INFO - Filling up the DagBag from /opt/airflow/dags/main.py
[2026-05-21T14:05:02.183+0000] {processor.py:840} INFO - DAG(s) 'produce_json' retrieved from /opt/airflow/dags/main.py
[2026-05-21T14:05:02.245+0000] {logging_mixin.py:188} INFO - [2026-05-21T14:05:02.245+0000] {dag.py:3096} INFO - Sync 1 DAGs
[2026-05-21T14:05:02.281+0000] {logging_mixin.py:188} INFO - [2026-05-21T14:05:02.281+0000] {dag.py:3954} INFO - Setting next_dagrun for produce_json to 2026-05-21 11:00:00+00:00, run_after=2026-05-22 11:00:00+00:00
[2026-05-21T14:05:02.315+0000] {processor.py:183} INFO - Processing /opt/airflow/dags/main.py took 0.307 seconds
[2026-05-21T14:05:32.604+0000] {processor.py:161} INFO - Started process (PID=4327) to work on /opt/airflow/dags/main.py
[2026-05-21T14:05:32.607+0000] {processor.py:830} INFO - Processing file /opt/airflow/dags/main.py for tasks to queue
[2026-05-21T14:05:32.611+0000] {logging_mixin.py:188} INFO - [2026-05-21T14:05:32.610+0000] {dagbag.py:545} INFO - Filling up the DagBag from /opt/airflow/dags/main.py
[2026-05-21T14:05:32.752+0000] {processor.py:840} INFO - DAG(s) 'produce_json' retrieved from /opt/airflow/dags/main.py
[2026-05-21T14:05:32.785+0000] {logging_mixin.py:188} INFO - [2026-05-21T14:05:32.785+0000] {dag.py:3096} INFO - Sync 1 DAGs
[2026-05-21T14:05:32.809+0000] {logging_mixin.py:188} INFO - [2026-05-21T14:05:32.809+0000] {dag.py:3954} INFO - Setting next_dagrun for produce_json to 2026-05-21 11:00:00+00:00, run_after=2026-05-22 11:00:00+00:00
[2026-05-21T14:05:32.895+0000] {processor.py:183} INFO - Processing /opt/airflow/dags/main.py took 0.309 seconds
[2026-05-21T14:06:03.369+0000] {processor.py:161} INFO - Started process (PID=4334) to work on /opt/airflow/dags/main.py
[2026-05-21T14:06:03.371+0000] {processor.py:830} INFO - Processing file /opt/airflow/dags/main.py for tasks to queue
[2026-05-21T14:06:03.375+0000] {logging_mixin.py:188} INFO - [2026-05-21T14:06:03.375+0000] {dagbag.py:545} INFO - Filling up the DagBag from /opt/airflow/dags/main.py
[2026-05-21T14:06:03.508+0000] {processor.py:840} INFO - DAG(s) 'produce_json' retrieved from /opt/airflow/dags/main.py
[2026-05-21T14:06:03.541+0000] {logging_mixin.py:188} INFO - [2026-05-21T14:06:03.540+0000] {dag.py:3096} INFO - Sync 1 DAGs
[2026-05-21T14:06:03.567+0000] {logging_mixin.py:188} INFO - [2026-05-21T14:06:03.567+0000] {dag.py:3954} INFO - Setting next_dagrun for produce_json to 2026-05-21 11:00:00+00:00, run_after=2026-05-22 11:00:00+00:00
[2026-05-21T14:06:03.633+0000] {processor.py:183} INFO - Processing /opt/airflow/dags/main.py took 0.280 seconds
[2026-05-21T14:06:33.755+0000] {processor.py:161} INFO - Started process (PID=4341) to work on /opt/airflow/dags/main.py
[2026-05-21T14:06:33.758+0000] {processor.py:830} INFO - Processing file /opt/airflow/dags/main.py for tasks to queue
[2026-05-21T14:06:33.763+0000] {logging_mixin.py:188} INFO - [2026-05-21T14:06:33.762+0000] {dagbag.py:545} INFO - Filling up the DagBag from /opt/airflow/dags/main.py
[2026-05-21T14:06:33.866+0000] {processor.py:840} INFO - DAG(s) 'produce_json' retrieved from /opt/airflow/dags/main.py
[2026-05-21T14:06:33.916+0000] {logging_mixin.py:188} INFO - [2026-05-21T14:06:33.916+0000] {dag.py:3096} INFO - Sync 1 DAGs
[2026-05-21T14:06:33.954+0000] {logging_mixin.py:188} INFO - [2026-05-21T14:06:33.954+0000] {dag.py:3954} INFO - Setting next_dagrun for produce_json to 2026-05-21 11:00:00+00:00, run_after=2026-05-22 11:00:00+00:00
[2026-05-21T14:06:34.025+0000] {processor.py:183} INFO - Processing /opt/airflow/dags/main.py took 0.287 seconds
[2026-05-21T14:07:04.436+0000] {processor.py:161} INFO - Started process (PID=4348) to work on /opt/airflow/dags/main.py
[2026-05-21T14:07:04.437+0000] {processor.py:830} INFO - Processing file /opt/airflow/dags/main.py for tasks to queue
[2026-05-21T14:07:04.441+0000] {logging_mixin.py:188} INFO - [2026-05-21T14:07:04.441+0000] {dagbag.py:545} INFO - Filling up the DagBag from /opt/airflow/dags/main.py
[2026-05-21T14:07:04.553+0000] {processor.py:840} INFO - DAG(s) 'produce_json' retrieved from /opt/airflow/dags/main.py
[2026-05-21T14:07:04.603+0000] {logging_mixin.py:188} INFO - [2026-05-21T14:07:04.603+0000] {dag.py:3096} INFO - Sync 1 DAGs
[2026-05-21T14:07:04.633+0000] {logging_mixin.py:188} INFO - [2026-05-21T14:07:04.632+0000] {dag.py:3954} INFO - Setting next_dagrun for produce_json to 2026-05-21 11:00:00+00:00, run_after=2026-05-22 11:00:00+00:00
[2026-05-21T14:07:04.658+0000] {processor.py:183} INFO - Processing /opt/airflow/dags/main.py took 0.231 seconds
[2026-05-21T14:07:34.839+0000] {processor.py:161} INFO - Started process (PID=4355) to work on /opt/airflow/dags/main.py
[2026-05-21T14:07:34.841+0000] {processor.py:830} INFO - Processing file /opt/airflow/dags/main.py for tasks to queue
[2026-05-21T14:07:34.845+0000] {logging_mixin.py:188} INFO - [2026-05-21T14:07:34.844+0000] {dagbag.py:545} INFO - Filling up the DagBag from /opt/airflow/dags/main.py
[2026-05-21T14:07:34.931+0000] {processor.py:840} INFO - DAG(s) 'produce_json' retrieved from /opt/airflow/dags/main.py
[2026-05-21T14:07:34.980+0000] {logging_mixin.py:188} INFO - [2026-05-21T14:07:34.980+0000] {dag.py:3096} INFO - Sync 1 DAGs
[2026-05-21T14:07:35.016+0000] {logging_mixin.py:188} INFO - [2026-05-21T14:07:35.016+0000] {dag.py:3954} INFO - Setting next_dagrun for produce_json to 2026-05-21 11:00:00+00:00, run_after=2026-05-22 11:00:00+00:00
[2026-05-21T14:07:35.120+0000] {processor.py:183} INFO - Processing /opt/airflow/dags/main.py took 0.290 seconds
[2026-05-21T14:08:05.529+0000] {processor.py:161} INFO - Started process (PID=4362) to work on /opt/airflow/dags/main.py
[2026-05-21T14:08:05.532+0000] {processor.py:830} INFO - Processing file /opt/airflow/dags/main.py for tasks to queue
[2026-05-21T14:08:05.538+0000] {logging_mixin.py:188} INFO - [2026-05-21T14:08:05.537+0000] {dagbag.py:545} INFO - Filling up the DagBag from /opt/airflow/dags/main.py
[2026-05-21T14:08:05.697+0000] {processor.py:840} INFO - DAG(s) 'produce_json' retrieved from /opt/airflow/dags/main.py
[2026-05-21T14:08:05.734+0000] {logging_mixin.py:188} INFO - [2026-05-21T14:08:05.734+0000] {dag.py:3096} INFO - Sync 1 DAGs
[2026-05-21T14:08:05.759+0000] {logging_mixin.py:188} INFO - [2026-05-21T14:08:05.759+0000] {dag.py:3954} INFO - Setting next_dagrun for produce_json to 2026-05-21 11:00:00+00:00, run_after=2026-05-22 11:00:00+00:00
[2026-05-21T14:08:05.848+0000] {processor.py:183} INFO - Processing /opt/airflow/dags/main.py took 0.338 seconds
[2026-05-21T14:08:36.292+0000] {processor.py:161} INFO - Started process (PID=4369) to work on /opt/airflow/dags/main.py
[2026-05-21T14:08:36.294+0000] {processor.py:830} INFO - Processing file /opt/airflow/dags/main.py for tasks to queue
[2026-05-21T14:08:36.297+0000] {logging_mixin.py:188} INFO - [2026-05-21T14:08:36.296+0000] {dagbag.py:545} INFO - Filling up the DagBag from /opt/airflow/dags/main.py
[2026-05-21T14:08:36.381+0000] {processor.py:840} INFO - DAG(s) 'produce_json' retrieved from /opt/airflow/dags/main.py
[2026-05-21T14:08:36.418+0000] {logging_mixin.py:188} INFO - [2026-05-21T14:08:36.418+0000] {dag.py:3096} INFO - Sync 1 DAGs
[2026-05-21T14:08:36.445+0000] {logging_mixin.py:188} INFO - [2026-05-21T14:08:36.445+0000] {dag.py:3954} INFO - Setting next_dagrun for produce_json to 2026-05-21 11:00:00+00:00, run_after=2026-05-22 11:00:00+00:00
[2026-05-21T14:08:36.516+0000] {processor.py:183} INFO - Processing /opt/airflow/dags/main.py took 0.234 seconds
[2026-05-21T14:09:06.735+0000] {processor.py:161} INFO - Started process (PID=4376) to work on /opt/airflow/dags/main.py
[2026-05-21T14:09:06.738+0000] {processor.py:830} INFO - Processing file /opt/airflow/dags/main.py for tasks to queue
[2026-05-21T14:09:06.743+0000] {logging_mixin.py:188} INFO - [2026-05-21T14:09:06.742+0000] {dagbag.py:545} INFO - Filling up the DagBag from /opt/airflow/dags/main.py
[2026-05-21T14:09:06.898+0000] {processor.py:840} INFO - DAG(s) 'produce_json' retrieved from /opt/airflow/dags/main.py
[2026-05-21T14:09:06.939+0000] {logging_mixin.py:188} INFO - [2026-05-21T14:09:06.938+0000] {dag.py:3096} INFO - Sync 1 DAGs
[2026-05-21T14:09:06.968+0000] {logging_mixin.py:188} INFO - [2026-05-21T14:09:06.968+0000] {dag.py:3954} INFO - Setting next_dagrun for produce_json to 2026-05-21 11:00:00+00:00, run_after=2026-05-22 11:00:00+00:00
[2026-05-21T14:09:06.992+0000] {processor.py:183} INFO - Processing /opt/airflow/dags/main.py took 0.274 seconds
[2026-05-21T14:09:37.386+0000] {processor.py:161} INFO - Started process (PID=4383) to work on /opt/airflow/dags/main.py
[2026-05-21T14:09:37.388+0000] {processor.py:830} INFO - Processing file /opt/airflow/dags/main.py for tasks to queue
[2026-05-21T14:09:37.392+0000] {logging_mixin.py:188} INFO - [2026-05-21T14:09:37.392+0000] {dagbag.py:545} INFO - Filling up the DagBag from /opt/airflow/dags/main.py
[2026-05-21T14:09:37.507+0000] {processor.py:840} INFO - DAG(s) 'produce_json' retrieved from /opt/airflow/dags/main.py
[2026-05-21T14:09:37.546+0000] {logging_mixin.py:188} INFO - [2026-05-21T14:09:37.546+0000] {dag.py:3096} INFO - Sync 1 DAGs
[2026-05-21T14:09:37.593+0000] {logging_mixin.py:188} INFO - [2026-05-21T14:09:37.593+0000] {dag.py:3954} INFO - Setting next_dagrun for produce_json to 2026-05-21 11:00:00+00:00, run_after=2026-05-22 11:00:00+00:00
[2026-05-21T14:09:37.691+0000] {processor.py:183} INFO - Processing /opt/airflow/dags/main.py took 0.320 seconds
[2026-05-21T14:10:07.882+0000] {processor.py:161} INFO - Started process (PID=4390) to work on /opt/airflow/dags/main.py
[2026-05-21T14:10:07.885+0000] {processor.py:830} INFO - Processing file /opt/airflow/dags/main.py for tasks to queue
[2026-05-21T14:10:07.890+0000] {logging_mixin.py:188} INFO - [2026-05-21T14:10:07.889+0000] {dagbag.py:545} INFO - Filling up the DagBag from /opt/airflow/dags/main.py
[2026-05-21T14:10:08.039+0000] {processor.py:840} INFO - DAG(s) 'produce_json' retrieved from /opt/airflow/dags/main.py
[2026-05-21T14:10:08.075+0000] {logging_mixin.py:188} INFO - [2026-05-21T14:10:08.075+0000] {dag.py:3096} INFO - Sync 1 DAGs
[2026-05-21T14:10:08.100+0000] {logging_mixin.py:188} INFO - [2026-05-21T14:10:08.100+0000] {dag.py:3954} INFO - Setting next_dagrun for produce_json to 2026-05-21 11:00:00+00:00, run_after=2026-05-22 11:00:00+00:00
[2026-05-21T14:10:08.187+0000] {processor.py:183} INFO - Processing /opt/airflow/dags/main.py took 0.330 seconds
[2026-05-21T14:10:38.939+0000] {processor.py:161} INFO - Started process (PID=4397) to work on /opt/airflow/dags/main.py
[2026-05-21T14:10:38.941+0000] {processor.py:830} INFO - Processing file /opt/airflow/dags/main.py for tasks to queue
[2026-05-21T14:10:38.948+0000] {logging_mixin.py:188} INFO - [2026-05-21T14:10:38.947+0000] {dagbag.py:545} INFO - Filling up the DagBag from /opt/airflow/dags/main.py
[2026-05-21T14:10:39.087+0000] {processor.py:840} INFO - DAG(s) 'produce_json' retrieved from /opt/airflow/dags/main.py
[2026-05-21T14:10:39.123+0000] {logging_mixin.py:188} INFO - [2026-05-21T14:10:39.122+0000] {dag.py:3096} INFO - Sync 1 DAGs
[2026-05-21T14:10:39.159+0000] {logging_mixin.py:188} INFO - [2026-05-21T14:10:39.158+0000] {dag.py:3954} INFO - Setting next_dagrun for produce_json to 2026-05-21 11:00:00+00:00, run_after=2026-05-22 11:00:00+00:00
[2026-05-21T14:10:39.205+0000] {processor.py:183} INFO - Processing /opt/airflow/dags/main.py took 0.282 seconds
[2026-05-21T14:11:09.336+0000] {processor.py:161} INFO - Started process (PID=4404) to work on /opt/airflow/dags/main.py
[2026-05-21T14:11:09.338+0000] {processor.py:830} INFO - Processing file /opt/airflow/dags/main.py for tasks to queue
[2026-05-21T14:11:09.341+0000] {logging_mixin.py:188} INFO - [2026-05-21T14:11:09.341+0000] {dagbag.py:545} INFO - Filling up the DagBag from /opt/airflow/dags/main.py
[2026-05-21T14:11:09.430+0000] {processor.py:840} INFO - DAG(s) 'produce_json' retrieved from /opt/airflow/dags/main.py
[2026-05-21T14:11:09.478+0000] {logging_mixin.py:188} INFO - [2026-05-21T14:11:09.477+0000] {dag.py:3096} INFO - Sync 1 DAGs
[2026-05-21T14:11:09.530+0000] {logging_mixin.py:188} INFO - [2026-05-21T14:11:09.530+0000] {dag.py:3954} INFO - Setting next_dagrun for produce_json to 2026-05-21 11:00:00+00:00, run_after=2026-05-22 11:00:00+00:00
[2026-05-21T14:11:09.627+0000] {processor.py:183} INFO - Processing /opt/airflow/dags/main.py took 0.301 seconds
[2026-05-21T14:11:40.067+0000] {processor.py:161} INFO - Started process (PID=4411) to work on /opt/airflow/dags/main.py
[2026-05-21T14:11:40.070+0000] {processor.py:830} INFO - Processing file /opt/airflow/dags/main.py for tasks to queue
[2026-05-21T14:11:40.074+0000] {logging_mixin.py:188} INFO - [2026-05-21T14:11:40.073+0000] {dagbag.py:545} INFO - Filling up the DagBag from /opt/airflow/dags/main.py
[2026-05-21T14:11:40.219+0000] {processor.py:840} INFO - DAG(s) 'produce_json' retrieved from /opt/airflow/dags/main.py
[2026-05-21T14:11:40.256+0000] {logging_mixin.py:188} INFO - [2026-05-21T14:11:40.256+0000] {dag.py:3096} INFO - Sync 1 DAGs
[2026-05-21T14:11:40.300+0000] {logging_mixin.py:188} INFO - [2026-05-21T14:11:40.299+0000] {dag.py:3954} INFO - Setting next_dagrun for produce_json to 2026-05-21 11:00:00+00:00, run_after=2026-05-22 11:00:00+00:00
[2026-05-21T14:11:40.387+0000] {processor.py:183} INFO - Processing /opt/airflow/dags/main.py took 0.336 seconds
[2026-05-21T14:12:10.893+0000] {processor.py:161} INFO - Started process (PID=4424) to work on /opt/airflow/dags/main.py
[2026-05-21T14:12:10.896+0000] {processor.py:830} INFO - Processing file /opt/airflow/dags/main.py for tasks to queue
[2026-05-21T14:12:10.899+0000] {logging_mixin.py:188} INFO - [2026-05-21T14:12:10.899+0000] {dagbag.py:545} INFO - Filling up the DagBag from /opt/airflow/dags/main.py
[2026-05-21T14:12:11.044+0000] {processor.py:840} INFO - DAG(s) 'produce_json' retrieved from /opt/airflow/dags/main.py
[2026-05-21T14:12:11.093+0000] {logging_mixin.py:188} INFO - [2026-05-21T14:12:11.093+0000] {dag.py:3096} INFO - Sync 1 DAGs
[2026-05-21T14:12:11.121+0000] {logging_mixin.py:188} INFO - [2026-05-21T14:12:11.121+0000] {dag.py:3954} INFO - Setting next_dagrun for produce_json to 2026-05-21 11:00:00+00:00, run_after=2026-05-22 11:00:00+00:00
[2026-05-21T14:12:11.156+0000] {processor.py:183} INFO - Processing /opt/airflow/dags/main.py took 0.286 seconds
[2026-05-21T14:12:41.321+0000] {processor.py:161} INFO - Started process (PID=4431) to work on /opt/airflow/dags/main.py
[2026-05-21T14:12:41.324+0000] {processor.py:830} INFO - Processing file /opt/airflow/dags/main.py for tasks to queue
[2026-05-21T14:12:41.328+0000] {logging_mixin.py:188} INFO - [2026-05-21T14:12:41.327+0000] {dagbag.py:545} INFO - Filling up the DagBag from /opt/airflow/dags/main.py
[2026-05-21T14:12:41.472+0000] {processor.py:840} INFO - DAG(s) 'produce_json' retrieved from /opt/airflow/dags/main.py
[2026-05-21T14:12:41.516+0000] {logging_mixin.py:188} INFO - [2026-05-21T14:12:41.516+0000] {dag.py:3096} INFO - Sync 1 DAGs
[2026-05-21T14:12:41.543+0000] {logging_mixin.py:188} INFO - [2026-05-21T14:12:41.543+0000] {dag.py:3954} INFO - Setting next_dagrun for produce_json to 2026-05-21 11:00:00+00:00, run_after=2026-05-22 11:00:00+00:00
[2026-05-21T14:12:41.604+0000] {processor.py:183} INFO - Processing /opt/airflow/dags/main.py took 0.308 seconds
[2026-05-21T14:13:11.957+0000] {processor.py:161} INFO - Started process (PID=4438) to work on /opt/airflow/dags/main.py
[2026-05-21T14:13:11.958+0000] {processor.py:830} INFO - Processing file /opt/airflow/dags/main.py for tasks to queue
[2026-05-21T14:13:11.962+0000] {logging_mixin.py:188} INFO - [2026-05-21T14:13:11.962+0000] {dagbag.py:545} INFO - Filling up the DagBag from /opt/airflow/dags/main.py
[2026-05-21T14:13:12.089+0000] {processor.py:840} INFO - DAG(s) 'produce_json' retrieved from /opt/airflow/dags/main.py
[2026-05-21T14:13:12.130+0000] {logging_mixin.py:188} INFO - [2026-05-21T14:13:12.130+0000] {dag.py:3096} INFO - Sync 1 DAGs
[2026-05-21T14:13:12.161+0000] {logging_mixin.py:188} INFO - [2026-05-21T14:13:12.161+0000] {dag.py:3954} INFO - Setting next_dagrun for produce_json to 2026-05-21 11:00:00+00:00, run_after=2026-05-22 11:00:00+00:00
[2026-05-21T14:13:12.247+0000] {processor.py:183} INFO - Processing /opt/airflow/dags/main.py took 0.300 seconds
[2026-05-21T14:13:42.490+0000] {processor.py:161} INFO - Started process (PID=4445) to work on /opt/airflow/dags/main.py
[2026-05-21T14:13:42.493+0000] {processor.py:830} INFO - Processing file /opt/airflow/dags/main.py for tasks to queue
[2026-05-21T14:13:42.497+0000] {logging_mixin.py:188} INFO - [2026-05-21T14:13:42.496+0000] {dagbag.py:545} INFO - Filling up the DagBag from /opt/airflow/dags/main.py
[2026-05-21T14:13:42.637+0000] {processor.py:840} INFO - DAG(s) 'produce_json' retrieved from /opt/airflow/dags/main.py
[2026-05-21T14:13:42.692+0000] {logging_mixin.py:188} INFO - [2026-05-21T14:13:42.691+0000] {dag.py:3096} INFO - Sync 1 DAGs
[2026-05-21T14:13:42.746+0000] {logging_mixin.py:188} INFO - [2026-05-21T14:13:42.745+0000] {dag.py:3954} INFO - Setting next_dagrun for produce_json to 2026-05-21 11:00:00+00:00, run_after=2026-05-22 11:00:00+00:00
[2026-05-21T14:13:42.801+0000] {processor.py:183} INFO - Processing /opt/airflow/dags/main.py took 0.335 seconds
[2026-05-21T14:14:13.144+0000] {processor.py:161} INFO - Started process (PID=4452) to work on /opt/airflow/dags/main.py
[2026-05-21T14:14:13.147+0000] {processor.py:830} INFO - Processing file /opt/airflow/dags/main.py for tasks to queue
[2026-05-21T14:14:13.151+0000] {logging_mixin.py:188} INFO - [2026-05-21T14:14:13.150+0000] {dagbag.py:545} INFO - Filling up the DagBag from /opt/airflow/dags/main.py
[2026-05-21T14:14:13.266+0000] {processor.py:840} INFO - DAG(s) 'produce_json' retrieved from /opt/airflow/dags/main.py
[2026-05-21T14:14:13.310+0000] {logging_mixin.py:188} INFO - [2026-05-21T14:14:13.310+0000] {dag.py:3096} INFO - Sync 1 DAGs
[2026-05-21T14:14:13.345+0000] {logging_mixin.py:188} INFO - [2026-05-21T14:14:13.345+0000] {dag.py:3954} INFO - Setting next_dagrun for produce_json to 2026-05-21 11:00:00+00:00, run_after=2026-05-22 11:00:00+00:00
[2026-05-21T14:14:13.438+0000] {processor.py:183} INFO - Processing /opt/airflow/dags/main.py took 0.311 seconds
[2026-05-21T14:14:43.683+0000] {processor.py:161} INFO - Started process (PID=4459) to work on /opt/airflow/dags/main.py
[2026-05-21T14:14:43.685+0000] {processor.py:830} INFO - Processing file /opt/airflow/dags/main.py for tasks to queue
[2026-05-21T14:14:43.688+0000] {logging_mixin.py:188} INFO - [2026-05-21T14:14:43.688+0000] {dagbag.py:545} INFO - Filling up the DagBag from /opt/airflow/dags/main.py
[2026-05-21T14:14:43.792+0000] {processor.py:840} INFO - DAG(s) 'produce_json' retrieved from /opt/airflow/dags/main.py
[2026-05-21T14:14:43.834+0000] {logging_mixin.py:188} INFO - [2026-05-21T14:14:43.834+0000] {dag.py:3096} INFO - Sync 1 DAGs
[2026-05-21T14:14:43.865+0000] {logging_mixin.py:188} INFO - [2026-05-21T14:14:43.865+0000] {dag.py:3954} INFO - Setting next_dagrun for produce_json to 2026-05-21 11:00:00+00:00, run_after=2026-05-22 11:00:00+00:00
[2026-05-21T14:14:43.886+0000] {processor.py:183} INFO - Processing /opt/airflow/dags/main.py took 0.218 seconds
[2026-05-21T14:15:14.276+0000] {processor.py:161} INFO - Started process (PID=4466) to work on /opt/airflow/dags/main.py
[2026-05-21T14:15:14.277+0000] {processor.py:830} INFO - Processing file /opt/airflow/dags/main.py for tasks to queue
[2026-05-21T14:15:14.280+0000] {logging_mixin.py:188} INFO - [2026-05-21T14:15:14.280+0000] {dagbag.py:545} INFO - Filling up the DagBag from /opt/airflow/dags/main.py
[2026-05-21T14:15:14.353+0000] {processor.py:840} INFO - DAG(s) 'produce_json' retrieved from /opt/airflow/dags/main.py
[2026-05-21T14:15:14.388+0000] {logging_mixin.py:188} INFO - [2026-05-21T14:15:14.388+0000] {dag.py:3096} INFO - Sync 1 DAGs
[2026-05-21T14:15:14.416+0000] {logging_mixin.py:188} INFO - [2026-05-21T14:15:14.416+0000] {dag.py:3954} INFO - Setting next_dagrun for produce_json to 2026-05-21 11:00:00+00:00, run_after=2026-05-22 11:00:00+00:00
[2026-05-21T14:15:14.449+0000] {processor.py:183} INFO - Processing /opt/airflow/dags/main.py took 0.180 seconds
[2026-05-21T14:15:45.141+0000] {processor.py:161} INFO - Started process (PID=4473) to work on /opt/airflow/dags/main.py
[2026-05-21T14:15:45.143+0000] {processor.py:830} INFO - Processing file /opt/airflow/dags/main.py for tasks to queue
[2026-05-21T14:15:45.146+0000] {logging_mixin.py:188} INFO - [2026-05-21T14:15:45.146+0000] {dagbag.py:545} INFO - Filling up the DagBag from /opt/airflow/dags/main.py
[2026-05-21T14:15:45.222+0000] {processor.py:840} INFO - DAG(s) 'produce_json' retrieved from /opt/airflow/dags/main.py
[2026-05-21T14:15:45.255+0000] {logging_mixin.py:188} INFO - [2026-05-21T14:15:45.254+0000] {dag.py:3096} INFO - Sync 1 DAGs
[2026-05-21T14:15:45.280+0000] {logging_mixin.py:188} INFO - [2026-05-21T14:15:45.280+0000] {dag.py:3954} INFO - Setting next_dagrun for produce_json to 2026-05-21 11:00:00+00:00, run_after=2026-05-22 11:00:00+00:00
[2026-05-21T14:15:45.308+0000] {processor.py:183} INFO - Processing /opt/airflow/dags/main.py took 0.183 seconds
[2026-05-21T14:16:15.618+0000] {processor.py:161} INFO - Started process (PID=4480) to work on /opt/airflow/dags/main.py
[2026-05-21T14:16:15.620+0000] {processor.py:830} INFO - Processing file /opt/airflow/dags/main.py for tasks to queue
[2026-05-21T14:16:15.626+0000] {logging_mixin.py:188} INFO - [2026-05-21T14:16:15.625+0000] {dagbag.py:545} INFO - Filling up the DagBag from /opt/airflow/dags/main.py
[2026-05-21T14:16:15.771+0000] {processor.py:840} INFO - DAG(s) 'produce_json' retrieved from /opt/airflow/dags/main.py
[2026-05-21T14:16:15.810+0000] {logging_mixin.py:188} INFO - [2026-05-21T14:16:15.810+0000] {dag.py:3096} INFO - Sync 1 DAGs
[2026-05-21T14:16:15.839+0000] {logging_mixin.py:188} INFO - [2026-05-21T14:16:15.838+0000] {dag.py:3954} INFO - Setting next_dagrun for produce_json to 2026-05-21 11:00:00+00:00, run_after=2026-05-22 11:00:00+00:00
[2026-05-21T14:16:15.924+0000] {processor.py:183} INFO - Processing /opt/airflow/dags/main.py took 0.335 seconds
[2026-05-21T14:16:46.157+0000] {processor.py:161} INFO - Started process (PID=4487) to work on /opt/airflow/dags/main.py
[2026-05-21T14:16:46.160+0000] {processor.py:830} INFO - Processing file /opt/airflow/dags/main.py for tasks to queue
[2026-05-21T14:16:46.163+0000] {logging_mixin.py:188} INFO - [2026-05-21T14:16:46.163+0000] {dagbag.py:545} INFO - Filling up the DagBag from /opt/airflow/dags/main.py
[2026-05-21T14:16:46.299+0000] {processor.py:840} INFO - DAG(s) 'produce_json' retrieved from /opt/airflow/dags/main.py
[2026-05-21T14:16:46.333+0000] {logging_mixin.py:188} INFO - [2026-05-21T14:16:46.333+0000] {dag.py:3096} INFO - Sync 1 DAGs
[2026-05-21T14:16:46.363+0000] {logging_mixin.py:188} INFO - [2026-05-21T14:16:46.362+0000] {dag.py:3954} INFO - Setting next_dagrun for produce_json to 2026-05-21 11:00:00+00:00, run_after=2026-05-22 11:00:00+00:00
[2026-05-21T14:16:46.387+0000] {processor.py:183} INFO - Processing /opt/airflow/dags/main.py took 0.247 seconds
[2026-05-21T14:17:16.777+0000] {processor.py:161} INFO - Started process (PID=4494) to work on /opt/airflow/dags/main.py
[2026-05-21T14:17:16.779+0000] {processor.py:830} INFO - Processing file /opt/airflow/dags/main.py for tasks to queue
[2026-05-21T14:17:16.783+0000] {logging_mixin.py:188} INFO - [2026-05-21T14:17:16.782+0000] {dagbag.py:545} INFO - Filling up the DagBag from /opt/airflow/dags/main.py
[2026-05-21T14:17:16.915+0000] {processor.py:840} INFO - DAG(s) 'produce_json' retrieved from /opt/airflow/dags/main.py
[2026-05-21T14:17:16.949+0000] {logging_mixin.py:188} INFO - [2026-05-21T14:17:16.948+0000] {dag.py:3096} INFO - Sync 1 DAGs
[2026-05-21T14:17:16.976+0000] {logging_mixin.py:188} INFO - [2026-05-21T14:17:16.976+0000] {dag.py:3954} INFO - Setting next_dagrun for produce_json to 2026-05-21 11:00:00+00:00, run_after=2026-05-22 11:00:00+00:00
[2026-05-21T14:17:17.066+0000] {processor.py:183} INFO - Processing /opt/airflow/dags/main.py took 0.303 seconds
[2026-05-21T14:17:47.260+0000] {processor.py:161} INFO - Started process (PID=4501) to work on /opt/airflow/dags/main.py
[2026-05-21T14:17:47.264+0000] {processor.py:830} INFO - Processing file /opt/airflow/dags/main.py for tasks to queue
[2026-05-21T14:17:47.268+0000] {logging_mixin.py:188} INFO - [2026-05-21T14:17:47.268+0000] {dagbag.py:545} INFO - Filling up the DagBag from /opt/airflow/dags/main.py
[2026-05-21T14:17:47.417+0000] {processor.py:840} INFO - DAG(s) 'produce_json' retrieved from /opt/airflow/dags/main.py
[2026-05-21T14:17:47.455+0000] {logging_mixin.py:188} INFO - [2026-05-21T14:17:47.454+0000] {dag.py:3096} INFO - Sync 1 DAGs
[2026-05-21T14:17:47.478+0000] {logging_mixin.py:188} INFO - [2026-05-21T14:17:47.477+0000] {dag.py:3954} INFO - Setting next_dagrun for produce_json to 2026-05-21 11:00:00+00:00, run_after=2026-05-22 11:00:00+00:00
[2026-05-21T14:17:47.522+0000] {processor.py:183} INFO - Processing /opt/airflow/dags/main.py took 0.290 seconds
[2026-05-21T14:18:17.918+0000] {processor.py:161} INFO - Started process (PID=4508) to work on /opt/airflow/dags/main.py
[2026-05-21T14:18:17.921+0000] {processor.py:830} INFO - Processing file /opt/airflow/dags/main.py for tasks to queue
[2026-05-21T14:18:17.925+0000] {logging_mixin.py:188} INFO - [2026-05-21T14:18:17.924+0000] {dagbag.py:545} INFO - Filling up the DagBag from /opt/airflow/dags/main.py
[2026-05-21T14:18:18.062+0000] {processor.py:840} INFO - DAG(s) 'produce_json' retrieved from /opt/airflow/dags/main.py
[2026-05-21T14:18:18.104+0000] {logging_mixin.py:188} INFO - [2026-05-21T14:18:18.104+0000] {dag.py:3096} INFO - Sync 1 DAGs
[2026-05-21T14:18:18.132+0000] {logging_mixin.py:188} INFO - [2026-05-21T14:18:18.132+0000] {dag.py:3954} INFO - Setting next_dagrun for produce_json to 2026-05-21 11:00:00+00:00, run_after=2026-05-22 11:00:00+00:00
[2026-05-21T14:18:18.225+0000] {processor.py:183} INFO - Processing /opt/airflow/dags/main.py took 0.319 seconds
[2026-05-21T14:18:48.360+0000] {processor.py:161} INFO - Started process (PID=4515) to work on /opt/airflow/dags/main.py
[2026-05-21T14:18:48.362+0000] {processor.py:830} INFO - Processing file /opt/airflow/dags/main.py for tasks to queue
[2026-05-21T14:18:48.365+0000] {logging_mixin.py:188} INFO - [2026-05-21T14:18:48.365+0000] {dagbag.py:545} INFO - Filling up the DagBag from /opt/airflow/dags/main.py
[2026-05-21T14:18:48.503+0000] {processor.py:840} INFO - DAG(s) 'produce_json' retrieved from /opt/airflow/dags/main.py
[2026-05-21T14:18:48.540+0000] {logging_mixin.py:188} INFO - [2026-05-21T14:18:48.539+0000] {dag.py:3096} INFO - Sync 1 DAGs
[2026-05-21T14:18:48.568+0000] {logging_mixin.py:188} INFO - [2026-05-21T14:18:48.568+0000] {dag.py:3954} INFO - Setting next_dagrun for produce_json to 2026-05-21 11:00:00+00:00, run_after=2026-05-22 11:00:00+00:00
[2026-05-21T14:18:48.639+0000] {processor.py:183} INFO - Processing /opt/airflow/dags/main.py took 0.288 seconds
[2026-05-21T14:19:19.113+0000] {processor.py:161} INFO - Started process (PID=4522) to work on /opt/airflow/dags/main.py
[2026-05-21T14:19:19.115+0000] {processor.py:830} INFO - Processing file /opt/airflow/dags/main.py for tasks to queue
[2026-05-21T14:19:19.120+0000] {logging_mixin.py:188} INFO - [2026-05-21T14:19:19.119+0000] {dagbag.py:545} INFO - Filling up the DagBag from /opt/airflow/dags/main.py
[2026-05-21T14:19:19.262+0000] {processor.py:840} INFO - DAG(s) 'produce_json' retrieved from /opt/airflow/dags/main.py
[2026-05-21T14:19:19.295+0000] {logging_mixin.py:188} INFO - [2026-05-21T14:19:19.295+0000] {dag.py:3096} INFO - Sync 1 DAGs
[2026-05-21T14:19:19.321+0000] {logging_mixin.py:188} INFO - [2026-05-21T14:19:19.321+0000] {dag.py:3954} INFO - Setting next_dagrun for produce_json to 2026-05-21 11:00:00+00:00, run_after=2026-05-22 11:00:00+00:00
[2026-05-21T14:19:19.409+0000] {processor.py:183} INFO - Processing /opt/airflow/dags/main.py took 0.309 seconds
[2026-05-21T14:19:49.580+0000] {processor.py:161} INFO - Started process (PID=4529) to work on /opt/airflow/dags/main.py
[2026-05-21T14:19:49.583+0000] {processor.py:830} INFO - Processing file /opt/airflow/dags/main.py for tasks to queue
[2026-05-21T14:19:49.589+0000] {logging_mixin.py:188} INFO - [2026-05-21T14:19:49.589+0000] {dagbag.py:545} INFO - Filling up the DagBag from /opt/airflow/dags/main.py
[2026-05-21T14:19:49.732+0000] {processor.py:840} INFO - DAG(s) 'produce_json' retrieved from /opt/airflow/dags/main.py
[2026-05-21T14:19:49.782+0000] {logging_mixin.py:188} INFO - [2026-05-21T14:19:49.782+0000] {dag.py:3096} INFO - Sync 1 DAGs
[2026-05-21T14:19:49.834+0000] {logging_mixin.py:188} INFO - [2026-05-21T14:19:49.833+0000] {dag.py:3954} INFO - Setting next_dagrun for produce_json to 2026-05-21 11:00:00+00:00, run_after=2026-05-22 11:00:00+00:00
[2026-05-21T14:19:49.932+0000] {processor.py:183} INFO - Processing /opt/airflow/dags/main.py took 0.375 seconds
[2026-05-21T14:20:20.269+0000] {processor.py:161} INFO - Started process (PID=4536) to work on /opt/airflow/dags/main.py
[2026-05-21T14:20:20.272+0000] {processor.py:830} INFO - Processing file /opt/airflow/dags/main.py for tasks to queue
[2026-05-21T14:20:20.278+0000] {logging_mixin.py:188} INFO - [2026-05-21T14:20:20.277+0000] {dagbag.py:545} INFO - Filling up the DagBag from /opt/airflow/dags/main.py
[2026-05-21T14:20:20.423+0000] {processor.py:840} INFO - DAG(s) 'produce_json' retrieved from /opt/airflow/dags/main.py
[2026-05-21T14:20:20.487+0000] {logging_mixin.py:188} INFO - [2026-05-21T14:20:20.487+0000] {dag.py:3096} INFO - Sync 1 DAGs
[2026-05-21T14:20:20.541+0000] {logging_mixin.py:188} INFO - [2026-05-21T14:20:20.540+0000] {dag.py:3954} INFO - Setting next_dagrun for produce_json to 2026-05-21 11:00:00+00:00, run_after=2026-05-22 11:00:00+00:00
[2026-05-21T14:20:20.644+0000] {processor.py:183} INFO - Processing /opt/airflow/dags/main.py took 0.392 seconds
[2026-05-21T14:20:50.790+0000] {processor.py:161} INFO - Started process (PID=4543) to work on /opt/airflow/dags/main.py
[2026-05-21T14:20:50.792+0000] {processor.py:830} INFO - Processing file /opt/airflow/dags/main.py for tasks to queue
[2026-05-21T14:20:50.796+0000] {logging_mixin.py:188} INFO - [2026-05-21T14:20:50.796+0000] {dagbag.py:545} INFO - Filling up the DagBag from /opt/airflow/dags/main.py
[2026-05-21T14:20:50.943+0000] {processor.py:840} INFO - DAG(s) 'produce_json' retrieved from /opt/airflow/dags/main.py
[2026-05-21T14:20:50.984+0000] {logging_mixin.py:188} INFO - [2026-05-21T14:20:50.984+0000] {dag.py:3096} INFO - Sync 1 DAGs
[2026-05-21T14:20:51.012+0000] {logging_mixin.py:188} INFO - [2026-05-21T14:20:51.011+0000] {dag.py:3954} INFO - Setting next_dagrun for produce_json to 2026-05-21 11:00:00+00:00, run_after=2026-05-22 11:00:00+00:00
[2026-05-21T14:20:51.106+0000] {processor.py:183} INFO - Processing /opt/airflow/dags/main.py took 0.337 seconds
[2026-05-21T14:21:21.562+0000] {processor.py:161} INFO - Started process (PID=4550) to work on /opt/airflow/dags/main.py
[2026-05-21T14:21:21.564+0000] {processor.py:830} INFO - Processing file /opt/airflow/dags/main.py for tasks to queue
[2026-05-21T14:21:21.567+0000] {logging_mixin.py:188} INFO - [2026-05-21T14:21:21.567+0000] {dagbag.py:545} INFO - Filling up the DagBag from /opt/airflow/dags/main.py
[2026-05-21T14:21:21.659+0000] {processor.py:840} INFO - DAG(s) 'produce_json' retrieved from /opt/airflow/dags/main.py
[2026-05-21T14:21:21.699+0000] {logging_mixin.py:188} INFO - [2026-05-21T14:21:21.699+0000] {dag.py:3096} INFO - Sync 1 DAGs
[2026-05-21T14:21:21.729+0000] {logging_mixin.py:188} INFO - [2026-05-21T14:21:21.729+0000] {dag.py:3954} INFO - Setting next_dagrun for produce_json to 2026-05-21 11:00:00+00:00, run_after=2026-05-22 11:00:00+00:00
[2026-05-21T14:21:21.801+0000] {processor.py:183} INFO - Processing /opt/airflow/dags/main.py took 0.249 seconds
[2026-05-21T14:21:51.962+0000] {processor.py:161} INFO - Started process (PID=4557) to work on /opt/airflow/dags/main.py
[2026-05-21T14:21:51.965+0000] {processor.py:830} INFO - Processing file /opt/airflow/dags/main.py for tasks to queue
[2026-05-21T14:21:51.970+0000] {logging_mixin.py:188} INFO - [2026-05-21T14:21:51.969+0000] {dagbag.py:545} INFO - Filling up the DagBag from /opt/airflow/dags/main.py
[2026-05-21T14:21:52.106+0000] {processor.py:840} INFO - DAG(s) 'produce_json' retrieved from /opt/airflow/dags/main.py
[2026-05-21T14:21:52.143+0000] {logging_mixin.py:188} INFO - [2026-05-21T14:21:52.143+0000] {dag.py:3096} INFO - Sync 1 DAGs
[2026-05-21T14:21:52.172+0000] {logging_mixin.py:188} INFO - [2026-05-21T14:21:52.171+0000] {dag.py:3954} INFO - Setting next_dagrun for produce_json to 2026-05-21 11:00:00+00:00, run_after=2026-05-22 11:00:00+00:00
[2026-05-21T14:21:52.248+0000] {processor.py:183} INFO - Processing /opt/airflow/dags/main.py took 0.304 seconds
[2026-05-21T14:22:22.647+0000] {processor.py:161} INFO - Started process (PID=4564) to work on /opt/airflow/dags/main.py
[2026-05-21T14:22:22.650+0000] {processor.py:830} INFO - Processing file /opt/airflow/dags/main.py for tasks to queue
[2026-05-21T14:22:22.654+0000] {logging_mixin.py:188} INFO - [2026-05-21T14:22:22.653+0000] {dagbag.py:545} INFO - Filling up the DagBag from /opt/airflow/dags/main.py
[2026-05-21T14:22:22.745+0000] {processor.py:840} INFO - DAG(s) 'produce_json' retrieved from /opt/airflow/dags/main.py
[2026-05-21T14:22:22.781+0000] {logging_mixin.py:188} INFO - [2026-05-21T14:22:22.781+0000] {dag.py:3096} INFO - Sync 1 DAGs
[2026-05-21T14:22:22.810+0000] {logging_mixin.py:188} INFO - [2026-05-21T14:22:22.810+0000] {dag.py:3954} INFO - Setting next_dagrun for produce_json to 2026-05-21 11:00:00+00:00, run_after=2026-05-22 11:00:00+00:00
[2026-05-21T14:22:22.887+0000] {processor.py:183} INFO - Processing /opt/airflow/dags/main.py took 0.260 seconds
[2026-05-21T14:22:53.104+0000] {processor.py:161} INFO - Started process (PID=4571) to work on /opt/airflow/dags/main.py
[2026-05-21T14:22:53.107+0000] {processor.py:830} INFO - Processing file /opt/airflow/dags/main.py for tasks to queue
[2026-05-21T14:22:53.112+0000] {logging_mixin.py:188} INFO - [2026-05-21T14:22:53.111+0000] {dagbag.py:545} INFO - Filling up the DagBag from /opt/airflow/dags/main.py
[2026-05-21T14:22:53.257+0000] {processor.py:840} INFO - DAG(s) 'produce_json' retrieved from /opt/airflow/dags/main.py
[2026-05-21T14:22:53.291+0000] {logging_mixin.py:188} INFO - [2026-05-21T14:22:53.291+0000] {dag.py:3096} INFO - Sync 1 DAGs
[2026-05-21T14:22:53.314+0000] {logging_mixin.py:188} INFO - [2026-05-21T14:22:53.314+0000] {dag.py:3954} INFO - Setting next_dagrun for produce_json to 2026-05-21 11:00:00+00:00, run_after=2026-05-22 11:00:00+00:00
[2026-05-21T14:22:53.407+0000] {processor.py:183} INFO - Processing /opt/airflow/dags/main.py took 0.321 seconds
[2026-05-21T14:23:23.693+0000] {processor.py:161} INFO - Started process (PID=4578) to work on /opt/airflow/dags/main.py
[2026-05-21T14:23:23.695+0000] {processor.py:830} INFO - Processing file /opt/airflow/dags/main.py for tasks to queue
[2026-05-21T14:23:23.698+0000] {logging_mixin.py:188} INFO - [2026-05-21T14:23:23.698+0000] {dagbag.py:545} INFO - Filling up the DagBag from /opt/airflow/dags/main.py
[2026-05-21T14:23:23.789+0000] {processor.py:840} INFO - DAG(s) 'produce_json' retrieved from /opt/airflow/dags/main.py
[2026-05-21T14:23:23.826+0000] {logging_mixin.py:188} INFO - [2026-05-21T14:23:23.826+0000] {dag.py:3096} INFO - Sync 1 DAGs
[2026-05-21T14:23:23.857+0000] {logging_mixin.py:188} INFO - [2026-05-21T14:23:23.856+0000] {dag.py:3954} INFO - Setting next_dagrun for produce_json to 2026-05-21 11:00:00+00:00, run_after=2026-05-22 11:00:00+00:00
[2026-05-21T14:23:23.917+0000] {processor.py:183} INFO - Processing /opt/airflow/dags/main.py took 0.236 seconds
[2026-05-21T14:23:54.236+0000] {processor.py:161} INFO - Started process (PID=4585) to work on /opt/airflow/dags/main.py
[2026-05-21T14:23:54.239+0000] {processor.py:830} INFO - Processing file /opt/airflow/dags/main.py for tasks to queue
[2026-05-21T14:23:54.243+0000] {logging_mixin.py:188} INFO - [2026-05-21T14:23:54.243+0000] {dagbag.py:545} INFO - Filling up the DagBag from /opt/airflow/dags/main.py
[2026-05-21T14:23:54.359+0000] {processor.py:840} INFO - DAG(s) 'produce_json' retrieved from /opt/airflow/dags/main.py
[2026-05-21T14:23:54.414+0000] {logging_mixin.py:188} INFO - [2026-05-21T14:23:54.413+0000] {dag.py:3096} INFO - Sync 1 DAGs
[2026-05-21T14:23:54.444+0000] {logging_mixin.py:188} INFO - [2026-05-21T14:23:54.444+0000] {dag.py:3954} INFO - Setting next_dagrun for produce_json to 2026-05-21 11:00:00+00:00, run_after=2026-05-22 11:00:00+00:00
[2026-05-21T14:23:54.471+0000] {processor.py:183} INFO - Processing /opt/airflow/dags/main.py took 0.256 seconds
[2026-05-21T14:24:24.784+0000] {processor.py:161} INFO - Started process (PID=4592) to work on /opt/airflow/dags/main.py
[2026-05-21T14:24:24.786+0000] {processor.py:830} INFO - Processing file /opt/airflow/dags/main.py for tasks to queue
[2026-05-21T14:24:24.790+0000] {logging_mixin.py:188} INFO - [2026-05-21T14:24:24.790+0000] {dagbag.py:545} INFO - Filling up the DagBag from /opt/airflow/dags/main.py
[2026-05-21T14:24:24.898+0000] {processor.py:840} INFO - DAG(s) 'produce_json' retrieved from /opt/airflow/dags/main.py
[2026-05-21T14:24:24.947+0000] {logging_mixin.py:188} INFO - [2026-05-21T14:24:24.947+0000] {dag.py:3096} INFO - Sync 1 DAGs
[2026-05-21T14:24:24.974+0000] {logging_mixin.py:188} INFO - [2026-05-21T14:24:24.974+0000] {dag.py:3954} INFO - Setting next_dagrun for produce_json to 2026-05-21 11:00:00+00:00, run_after=2026-05-22 11:00:00+00:00
[2026-05-21T14:24:25.063+0000] {processor.py:183} INFO - Processing /opt/airflow/dags/main.py took 0.300 seconds
[2026-05-21T14:24:55.369+0000] {processor.py:161} INFO - Started process (PID=4599) to work on /opt/airflow/dags/main.py
[2026-05-21T14:24:55.371+0000] {processor.py:830} INFO - Processing file /opt/airflow/dags/main.py for tasks to queue
[2026-05-21T14:24:55.377+0000] {logging_mixin.py:188} INFO - [2026-05-21T14:24:55.377+0000] {dagbag.py:545} INFO - Filling up the DagBag from /opt/airflow/dags/main.py
[2026-05-21T14:24:55.516+0000] {processor.py:840} INFO - DAG(s) 'produce_json' retrieved from /opt/airflow/dags/main.py
[2026-05-21T14:24:55.569+0000] {logging_mixin.py:188} INFO - [2026-05-21T14:24:55.569+0000] {dag.py:3096} INFO - Sync 1 DAGs
[2026-05-21T14:24:55.595+0000] {logging_mixin.py:188} INFO - [2026-05-21T14:24:55.595+0000] {dag.py:3954} INFO - Setting next_dagrun for produce_json to 2026-05-21 11:00:00+00:00, run_after=2026-05-22 11:00:00+00:00
[2026-05-21T14:24:55.623+0000] {processor.py:183} INFO - Processing /opt/airflow/dags/main.py took 0.279 seconds
[2026-05-21T14:25:25.995+0000] {processor.py:161} INFO - Started process (PID=4606) to work on /opt/airflow/dags/main.py
[2026-05-21T14:25:25.998+0000] {processor.py:830} INFO - Processing file /opt/airflow/dags/main.py for tasks to queue
[2026-05-21T14:25:26.004+0000] {logging_mixin.py:188} INFO - [2026-05-21T14:25:26.004+0000] {dagbag.py:545} INFO - Filling up the DagBag from /opt/airflow/dags/main.py
[2026-05-21T14:25:26.146+0000] {processor.py:840} INFO - DAG(s) 'produce_json' retrieved from /opt/airflow/dags/main.py
[2026-05-21T14:25:26.180+0000] {logging_mixin.py:188} INFO - [2026-05-21T14:25:26.179+0000] {dag.py:3096} INFO - Sync 1 DAGs
[2026-05-21T14:25:26.205+0000] {logging_mixin.py:188} INFO - [2026-05-21T14:25:26.205+0000] {dag.py:3954} INFO - Setting next_dagrun for produce_json to 2026-05-21 11:00:00+00:00, run_after=2026-05-22 11:00:00+00:00
[2026-05-21T14:25:26.293+0000] {processor.py:183} INFO - Processing /opt/airflow/dags/main.py took 0.315 seconds
[2026-05-21T14:25:56.767+0000] {processor.py:161} INFO - Started process (PID=4613) to work on /opt/airflow/dags/main.py
[2026-05-21T14:25:56.770+0000] {processor.py:830} INFO - Processing file /opt/airflow/dags/main.py for tasks to queue
[2026-05-21T14:25:56.773+0000] {logging_mixin.py:188} INFO - [2026-05-21T14:25:56.772+0000] {dagbag.py:545} INFO - Filling up the DagBag from /opt/airflow/dags/main.py
[2026-05-21T14:25:56.901+0000] {processor.py:840} INFO - DAG(s) 'produce_json' retrieved from /opt/airflow/dags/main.py
[2026-05-21T14:25:56.947+0000] {logging_mixin.py:188} INFO - [2026-05-21T14:25:56.946+0000] {dag.py:3096} INFO - Sync 1 DAGs
[2026-05-21T14:25:56.980+0000] {logging_mixin.py:188} INFO - [2026-05-21T14:25:56.980+0000] {dag.py:3954} INFO - Setting next_dagrun for produce_json to 2026-05-21 11:00:00+00:00, run_after=2026-05-22 11:00:00+00:00
[2026-05-21T14:25:57.072+0000] {processor.py:183} INFO - Processing /opt/airflow/dags/main.py took 0.317 seconds
[2026-05-21T14:26:27.221+0000] {processor.py:161} INFO - Started process (PID=4620) to work on /opt/airflow/dags/main.py
[2026-05-21T14:26:27.223+0000] {processor.py:830} INFO - Processing file /opt/airflow/dags/main.py for tasks to queue
[2026-05-21T14:26:27.227+0000] {logging_mixin.py:188} INFO - [2026-05-21T14:26:27.226+0000] {dagbag.py:545} INFO - Filling up the DagBag from /opt/airflow/dags/main.py
[2026-05-21T14:26:27.338+0000] {processor.py:840} INFO - DAG(s) 'produce_json' retrieved from /opt/airflow/dags/main.py
[2026-05-21T14:26:27.379+0000] {logging_mixin.py:188} INFO - [2026-05-21T14:26:27.379+0000] {dag.py:3096} INFO - Sync 1 DAGs
[2026-05-21T14:26:27.420+0000] {logging_mixin.py:188} INFO - [2026-05-21T14:26:27.419+0000] {dag.py:3954} INFO - Setting next_dagrun for produce_json to 2026-05-21 11:00:00+00:00, run_after=2026-05-22 11:00:00+00:00
[2026-05-21T14:26:27.521+0000] {processor.py:183} INFO - Processing /opt/airflow/dags/main.py took 0.319 seconds
[2026-05-21T14:26:57.943+0000] {processor.py:161} INFO - Started process (PID=4627) to work on /opt/airflow/dags/main.py
[2026-05-21T14:26:57.946+0000] {processor.py:830} INFO - Processing file /opt/airflow/dags/main.py for tasks to queue
[2026-05-21T14:26:57.949+0000] {logging_mixin.py:188} INFO - [2026-05-21T14:26:57.949+0000] {dagbag.py:545} INFO - Filling up the DagBag from /opt/airflow/dags/main.py
[2026-05-21T14:26:58.078+0000] {processor.py:840} INFO - DAG(s) 'produce_json' retrieved from /opt/airflow/dags/main.py
[2026-05-21T14:26:58.113+0000] {logging_mixin.py:188} INFO - [2026-05-21T14:26:58.113+0000] {dag.py:3096} INFO - Sync 1 DAGs
[2026-05-21T14:26:58.140+0000] {logging_mixin.py:188} INFO - [2026-05-21T14:26:58.140+0000] {dag.py:3954} INFO - Setting next_dagrun for produce_json to 2026-05-21 11:00:00+00:00, run_after=2026-05-22 11:00:00+00:00
[2026-05-21T14:26:58.167+0000] {processor.py:183} INFO - Processing /opt/airflow/dags/main.py took 0.241 seconds
[2026-05-21T14:27:28.440+0000] {processor.py:161} INFO - Started process (PID=4634) to work on /opt/airflow/dags/main.py
[2026-05-21T14:27:28.443+0000] {processor.py:830} INFO - Processing file /opt/airflow/dags/main.py for tasks to queue
[2026-05-21T14:27:28.447+0000] {logging_mixin.py:188} INFO - [2026-05-21T14:27:28.446+0000] {dagbag.py:545} INFO - Filling up the DagBag from /opt/airflow/dags/main.py
[2026-05-21T14:27:28.530+0000] {processor.py:840} INFO - DAG(s) 'produce_json' retrieved from /opt/airflow/dags/main.py
[2026-05-21T14:27:28.560+0000] {logging_mixin.py:188} INFO - [2026-05-21T14:27:28.560+0000] {dag.py:3096} INFO - Sync 1 DAGs
[2026-05-21T14:27:28.590+0000] {logging_mixin.py:188} INFO - [2026-05-21T14:27:28.590+0000] {dag.py:3954} INFO - Setting next_dagrun for produce_json to 2026-05-21 11:00:00+00:00, run_after=2026-05-22 11:00:00+00:00
[2026-05-21T14:27:28.620+0000] {processor.py:183} INFO - Processing /opt/airflow/dags/main.py took 0.200 seconds
[2026-05-21T14:27:59.002+0000] {processor.py:161} INFO - Started process (PID=4641) to work on /opt/airflow/dags/main.py
[2026-05-21T14:27:59.005+0000] {processor.py:830} INFO - Processing file /opt/airflow/dags/main.py for tasks to queue
[2026-05-21T14:27:59.010+0000] {logging_mixin.py:188} INFO - [2026-05-21T14:27:59.010+0000] {dagbag.py:545} INFO - Filling up the DagBag from /opt/airflow/dags/main.py
[2026-05-21T14:27:59.148+0000] {processor.py:840} INFO - DAG(s) 'produce_json' retrieved from /opt/airflow/dags/main.py
[2026-05-21T14:27:59.184+0000] {logging_mixin.py:188} INFO - [2026-05-21T14:27:59.184+0000] {dag.py:3096} INFO - Sync 1 DAGs
[2026-05-21T14:27:59.221+0000] {logging_mixin.py:188} INFO - [2026-05-21T14:27:59.220+0000] {dag.py:3954} INFO - Setting next_dagrun for produce_json to 2026-05-21 11:00:00+00:00, run_after=2026-05-22 11:00:00+00:00
[2026-05-21T14:27:59.318+0000] {processor.py:183} INFO - Processing /opt/airflow/dags/main.py took 0.332 seconds
[2026-05-21T14:28:29.490+0000] {processor.py:161} INFO - Started process (PID=4648) to work on /opt/airflow/dags/main.py
[2026-05-21T14:28:29.492+0000] {processor.py:830} INFO - Processing file /opt/airflow/dags/main.py for tasks to queue
[2026-05-21T14:28:29.496+0000] {logging_mixin.py:188} INFO - [2026-05-21T14:28:29.496+0000] {dagbag.py:545} INFO - Filling up the DagBag from /opt/airflow/dags/main.py
[2026-05-21T14:28:29.610+0000] {processor.py:840} INFO - DAG(s) 'produce_json' retrieved from /opt/airflow/dags/main.py
[2026-05-21T14:28:29.647+0000] {logging_mixin.py:188} INFO - [2026-05-21T14:28:29.647+0000] {dag.py:3096} INFO - Sync 1 DAGs
[2026-05-21T14:28:29.676+0000] {logging_mixin.py:188} INFO - [2026-05-21T14:28:29.676+0000] {dag.py:3954} INFO - Setting next_dagrun for produce_json to 2026-05-21 11:00:00+00:00, run_after=2026-05-22 11:00:00+00:00
[2026-05-21T14:28:29.769+0000] {processor.py:183} INFO - Processing /opt/airflow/dags/main.py took 0.304 seconds
[2026-05-21T14:29:00.184+0000] {processor.py:161} INFO - Started process (PID=4655) to work on /opt/airflow/dags/main.py
[2026-05-21T14:29:00.187+0000] {processor.py:830} INFO - Processing file /opt/airflow/dags/main.py for tasks to queue
[2026-05-21T14:29:00.192+0000] {logging_mixin.py:188} INFO - [2026-05-21T14:29:00.192+0000] {dagbag.py:545} INFO - Filling up the DagBag from /opt/airflow/dags/main.py
[2026-05-21T14:29:00.293+0000] {processor.py:840} INFO - DAG(s) 'produce_json' retrieved from /opt/airflow/dags/main.py
[2026-05-21T14:29:00.334+0000] {logging_mixin.py:188} INFO - [2026-05-21T14:29:00.334+0000] {dag.py:3096} INFO - Sync 1 DAGs
[2026-05-21T14:29:00.370+0000] {logging_mixin.py:188} INFO - [2026-05-21T14:29:00.370+0000] {dag.py:3954} INFO - Setting next_dagrun for produce_json to 2026-05-21 11:00:00+00:00, run_after=2026-05-22 11:00:00+00:00
[2026-05-21T14:29:00.461+0000] {processor.py:183} INFO - Processing /opt/airflow/dags/main.py took 0.302 seconds
[2026-05-21T14:29:30.620+0000] {processor.py:161} INFO - Started process (PID=4662) to work on /opt/airflow/dags/main.py
[2026-05-21T14:29:30.624+0000] {processor.py:830} INFO - Processing file /opt/airflow/dags/main.py for tasks to queue
[2026-05-21T14:29:30.630+0000] {logging_mixin.py:188} INFO - [2026-05-21T14:29:30.629+0000] {dagbag.py:545} INFO - Filling up the DagBag from /opt/airflow/dags/main.py
[2026-05-21T14:29:30.770+0000] {processor.py:840} INFO - DAG(s) 'produce_json' retrieved from /opt/airflow/dags/main.py
[2026-05-21T14:29:30.808+0000] {logging_mixin.py:188} INFO - [2026-05-21T14:29:30.807+0000] {dag.py:3096} INFO - Sync 1 DAGs
[2026-05-21T14:29:30.835+0000] {logging_mixin.py:188} INFO - [2026-05-21T14:29:30.835+0000] {dag.py:3954} INFO - Setting next_dagrun for produce_json to 2026-05-21 11:00:00+00:00, run_after=2026-05-22 11:00:00+00:00
[2026-05-21T14:29:30.927+0000] {processor.py:183} INFO - Processing /opt/airflow/dags/main.py took 0.324 seconds
[2026-05-21T14:30:01.362+0000] {processor.py:161} INFO - Started process (PID=4669) to work on /opt/airflow/dags/main.py
[2026-05-21T14:30:01.364+0000] {processor.py:830} INFO - Processing file /opt/airflow/dags/main.py for tasks to queue
[2026-05-21T14:30:01.367+0000] {logging_mixin.py:188} INFO - [2026-05-21T14:30:01.367+0000] {dagbag.py:545} INFO - Filling up the DagBag from /opt/airflow/dags/main.py
[2026-05-21T14:30:01.491+0000] {processor.py:840} INFO - DAG(s) 'produce_json' retrieved from /opt/airflow/dags/main.py
[2026-05-21T14:30:01.530+0000] {logging_mixin.py:188} INFO - [2026-05-21T14:30:01.530+0000] {dag.py:3096} INFO - Sync 1 DAGs
[2026-05-21T14:30:01.559+0000] {logging_mixin.py:188} INFO - [2026-05-21T14:30:01.559+0000] {dag.py:3954} INFO - Setting next_dagrun for produce_json to 2026-05-21 11:00:00+00:00, run_after=2026-05-22 11:00:00+00:00
[2026-05-21T14:30:01.645+0000] {processor.py:183} INFO - Processing /opt/airflow/dags/main.py took 0.304 seconds
[2026-05-21T14:30:31.825+0000] {processor.py:161} INFO - Started process (PID=4676) to work on /opt/airflow/dags/main.py
[2026-05-21T14:30:31.829+0000] {processor.py:830} INFO - Processing file /opt/airflow/dags/main.py for tasks to queue
[2026-05-21T14:30:31.835+0000] {logging_mixin.py:188} INFO - [2026-05-21T14:30:31.834+0000] {dagbag.py:545} INFO - Filling up the DagBag from /opt/airflow/dags/main.py
[2026-05-21T14:30:31.995+0000] {processor.py:840} INFO - DAG(s) 'produce_json' retrieved from /opt/airflow/dags/main.py
[2026-05-21T14:30:32.064+0000] {logging_mixin.py:188} INFO - [2026-05-21T14:30:32.064+0000] {dag.py:3096} INFO - Sync 1 DAGs
[2026-05-21T14:30:32.110+0000] {logging_mixin.py:188} INFO - [2026-05-21T14:30:32.110+0000] {dag.py:3954} INFO - Setting next_dagrun for produce_json to 2026-05-21 11:00:00+00:00, run_after=2026-05-22 11:00:00+00:00
[2026-05-21T14:30:32.176+0000] {processor.py:183} INFO - Processing /opt/airflow/dags/main.py took 0.375 seconds
[2026-05-21T17:30:55.596+0000] {processor.py:161} INFO - Started process (PID=4689) to work on /opt/airflow/dags/main.py
[2026-05-21T17:30:55.598+0000] {processor.py:830} INFO - Processing file /opt/airflow/dags/main.py for tasks to queue
[2026-05-21T17:30:55.614+0000] {logging_mixin.py:188} INFO - [2026-05-21T17:30:55.613+0000] {dagbag.py:545} INFO - Filling up the DagBag from /opt/airflow/dags/main.py
[2026-05-21T17:30:55.730+0000] {processor.py:840} INFO - DAG(s) 'produce_json' retrieved from /opt/airflow/dags/main.py
[2026-05-21T17:30:55.798+0000] {logging_mixin.py:188} INFO - [2026-05-21T17:30:55.797+0000] {dag.py:3096} INFO - Sync 1 DAGs
[2026-05-21T17:30:55.861+0000] {logging_mixin.py:188} INFO - [2026-05-21T17:30:55.860+0000] {dag.py:3954} INFO - Setting next_dagrun for produce_json to 2026-05-21 11:00:00+00:00, run_after=2026-05-22 11:00:00+00:00
[2026-05-21T17:30:55.906+0000] {processor.py:183} INFO - Processing /opt/airflow/dags/main.py took 0.339 seconds
