[2026-05-26T09:48:05.099+0000] {processor.py:161} INFO - Started process (PID=52) to work on /opt/airflow/dags/main.py
[2026-05-26T09:48:05.101+0000] {processor.py:830} INFO - Processing file /opt/airflow/dags/main.py for tasks to queue
[2026-05-26T09:48:05.103+0000] {logging_mixin.py:188} INFO - [2026-05-26T09:48:05.103+0000] {dagbag.py:545} INFO - Filling up the DagBag from /opt/airflow/dags/main.py
[2026-05-26T09:48:05.316+0000] {logging_mixin.py:188} INFO - [2026-05-26T09:48:05.306+0000] {dagbag.py:355} ERROR - Failed to import: /opt/airflow/dags/main.py
Traceback (most recent call last):
  File "/home/airflow/.local/lib/python3.10/site-packages/airflow/models/dagbag.py", line 351, in parse
    loader.exec_module(new_module)
  File "<frozen importlib._bootstrap_external>", line 883, in exec_module
  File "<frozen importlib._bootstrap>", line 241, in _call_with_frames_removed
  File "/opt/airflow/dags/main.py", line 6, in <module>
    from datawarehouse.dwh import staging_table, core_table
  File "/opt/airflow/dags/datawarehouse/dwh.py", line 1, in <module>
    from datawarehouse.data_utils import get_conn_cursor, close_conn_cursor, create_schema, create_table, get_video_ids
  File "/opt/airflow/dags/datawarehouse/data_utils.py", line 2, in <module>
    from pyscopg2.extras import RealDictCursor
ModuleNotFoundError: No module named 'pyscopg2'
[2026-05-26T09:48:05.320+0000] {processor.py:842} WARNING - No viable dags retrieved from /opt/airflow/dags/main.py
[2026-05-26T09:48:05.342+0000] {processor.py:183} INFO - Processing /opt/airflow/dags/main.py took 0.251 seconds
[2026-05-26T09:48:35.612+0000] {processor.py:161} INFO - Started process (PID=59) to work on /opt/airflow/dags/main.py
[2026-05-26T09:48:35.614+0000] {processor.py:830} INFO - Processing file /opt/airflow/dags/main.py for tasks to queue
[2026-05-26T09:48:35.617+0000] {logging_mixin.py:188} INFO - [2026-05-26T09:48:35.617+0000] {dagbag.py:545} INFO - Filling up the DagBag from /opt/airflow/dags/main.py
[2026-05-26T09:48:35.705+0000] {logging_mixin.py:188} INFO - [2026-05-26T09:48:35.691+0000] {dagbag.py:355} ERROR - Failed to import: /opt/airflow/dags/main.py
Traceback (most recent call last):
  File "/home/airflow/.local/lib/python3.10/site-packages/airflow/models/dagbag.py", line 351, in parse
    loader.exec_module(new_module)
  File "<frozen importlib._bootstrap_external>", line 883, in exec_module
  File "<frozen importlib._bootstrap>", line 241, in _call_with_frames_removed
  File "/opt/airflow/dags/main.py", line 6, in <module>
    from datawarehouse.dwh import staging_table, core_table
  File "/opt/airflow/dags/datawarehouse/dwh.py", line 1, in <module>
    from datawarehouse.data_utils import get_conn_cursor, close_conn_cursor, create_schema, create_table, get_video_ids
  File "/opt/airflow/dags/datawarehouse/data_utils.py", line 2, in <module>
    from pyscopg2.extras import RealDictCursor
ModuleNotFoundError: No module named 'pyscopg2'
[2026-05-26T09:48:35.707+0000] {processor.py:842} WARNING - No viable dags retrieved from /opt/airflow/dags/main.py
[2026-05-26T09:48:35.739+0000] {processor.py:183} INFO - Processing /opt/airflow/dags/main.py took 0.133 seconds
[2026-05-26T09:49:05.938+0000] {processor.py:161} INFO - Started process (PID=66) to work on /opt/airflow/dags/main.py
[2026-05-26T09:49:05.939+0000] {processor.py:830} INFO - Processing file /opt/airflow/dags/main.py for tasks to queue
[2026-05-26T09:49:05.940+0000] {logging_mixin.py:188} INFO - [2026-05-26T09:49:05.940+0000] {dagbag.py:545} INFO - Filling up the DagBag from /opt/airflow/dags/main.py
[2026-05-26T09:49:06.026+0000] {logging_mixin.py:188} INFO - [2026-05-26T09:49:06.014+0000] {dagbag.py:355} ERROR - Failed to import: /opt/airflow/dags/main.py
Traceback (most recent call last):
  File "/home/airflow/.local/lib/python3.10/site-packages/airflow/models/dagbag.py", line 351, in parse
    loader.exec_module(new_module)
  File "<frozen importlib._bootstrap_external>", line 883, in exec_module
  File "<frozen importlib._bootstrap>", line 241, in _call_with_frames_removed
  File "/opt/airflow/dags/main.py", line 6, in <module>
    from datawarehouse.dwh import staging_table, core_table
  File "/opt/airflow/dags/datawarehouse/dwh.py", line 1, in <module>
    from datawarehouse.data_utils import get_conn_cursor, close_conn_cursor, create_schema, create_table, get_video_ids
  File "/opt/airflow/dags/datawarehouse/data_utils.py", line 2, in <module>
    from pyscopg2.extras import RealDictCursor
ModuleNotFoundError: No module named 'pyscopg2'
[2026-05-26T09:49:06.029+0000] {processor.py:842} WARNING - No viable dags retrieved from /opt/airflow/dags/main.py
[2026-05-26T09:49:06.049+0000] {processor.py:183} INFO - Processing /opt/airflow/dags/main.py took 0.118 seconds
[2026-05-26T09:49:36.222+0000] {processor.py:161} INFO - Started process (PID=73) to work on /opt/airflow/dags/main.py
[2026-05-26T09:49:36.224+0000] {processor.py:830} INFO - Processing file /opt/airflow/dags/main.py for tasks to queue
[2026-05-26T09:49:36.225+0000] {logging_mixin.py:188} INFO - [2026-05-26T09:49:36.224+0000] {dagbag.py:545} INFO - Filling up the DagBag from /opt/airflow/dags/main.py
[2026-05-26T09:49:36.305+0000] {logging_mixin.py:188} INFO - [2026-05-26T09:49:36.295+0000] {dagbag.py:355} ERROR - Failed to import: /opt/airflow/dags/main.py
Traceback (most recent call last):
  File "/home/airflow/.local/lib/python3.10/site-packages/airflow/models/dagbag.py", line 351, in parse
    loader.exec_module(new_module)
  File "<frozen importlib._bootstrap_external>", line 883, in exec_module
  File "<frozen importlib._bootstrap>", line 241, in _call_with_frames_removed
  File "/opt/airflow/dags/main.py", line 6, in <module>
    from datawarehouse.dwh import staging_table, core_table
  File "/opt/airflow/dags/datawarehouse/dwh.py", line 1, in <module>
    from datawarehouse.data_utils import get_conn_cursor, close_conn_cursor, create_schema, create_table, get_video_ids
  File "/opt/airflow/dags/datawarehouse/data_utils.py", line 2, in <module>
    from pyscopg2.extras import RealDictCursor
ModuleNotFoundError: No module named 'pyscopg2'
[2026-05-26T09:49:36.308+0000] {processor.py:842} WARNING - No viable dags retrieved from /opt/airflow/dags/main.py
[2026-05-26T09:49:36.325+0000] {processor.py:183} INFO - Processing /opt/airflow/dags/main.py took 0.109 seconds
[2026-05-26T09:50:06.672+0000] {processor.py:161} INFO - Started process (PID=80) to work on /opt/airflow/dags/main.py
[2026-05-26T09:50:06.673+0000] {processor.py:830} INFO - Processing file /opt/airflow/dags/main.py for tasks to queue
[2026-05-26T09:50:06.674+0000] {logging_mixin.py:188} INFO - [2026-05-26T09:50:06.674+0000] {dagbag.py:545} INFO - Filling up the DagBag from /opt/airflow/dags/main.py
[2026-05-26T09:50:06.760+0000] {logging_mixin.py:188} INFO - [2026-05-26T09:50:06.747+0000] {dagbag.py:355} ERROR - Failed to import: /opt/airflow/dags/main.py
Traceback (most recent call last):
  File "/home/airflow/.local/lib/python3.10/site-packages/airflow/models/dagbag.py", line 351, in parse
    loader.exec_module(new_module)
  File "<frozen importlib._bootstrap_external>", line 883, in exec_module
  File "<frozen importlib._bootstrap>", line 241, in _call_with_frames_removed
  File "/opt/airflow/dags/main.py", line 6, in <module>
    from datawarehouse.dwh import staging_table, core_table
  File "/opt/airflow/dags/datawarehouse/dwh.py", line 1, in <module>
    from datawarehouse.data_utils import get_conn_cursor, close_conn_cursor, create_schema, create_table, get_video_ids
  File "/opt/airflow/dags/datawarehouse/data_utils.py", line 2, in <module>
    from pyscopg2.extras import RealDictCursor
ModuleNotFoundError: No module named 'pyscopg2'
[2026-05-26T09:50:06.762+0000] {processor.py:842} WARNING - No viable dags retrieved from /opt/airflow/dags/main.py
[2026-05-26T09:50:06.789+0000] {processor.py:183} INFO - Processing /opt/airflow/dags/main.py took 0.122 seconds
[2026-05-26T09:50:37.038+0000] {processor.py:161} INFO - Started process (PID=87) to work on /opt/airflow/dags/main.py
[2026-05-26T09:50:37.040+0000] {processor.py:830} INFO - Processing file /opt/airflow/dags/main.py for tasks to queue
[2026-05-26T09:50:37.041+0000] {logging_mixin.py:188} INFO - [2026-05-26T09:50:37.041+0000] {dagbag.py:545} INFO - Filling up the DagBag from /opt/airflow/dags/main.py
[2026-05-26T09:50:37.125+0000] {logging_mixin.py:188} INFO - [2026-05-26T09:50:37.113+0000] {dagbag.py:355} ERROR - Failed to import: /opt/airflow/dags/main.py
Traceback (most recent call last):
  File "/home/airflow/.local/lib/python3.10/site-packages/airflow/models/dagbag.py", line 351, in parse
    loader.exec_module(new_module)
  File "<frozen importlib._bootstrap_external>", line 883, in exec_module
  File "<frozen importlib._bootstrap>", line 241, in _call_with_frames_removed
  File "/opt/airflow/dags/main.py", line 6, in <module>
    from datawarehouse.dwh import staging_table, core_table
  File "/opt/airflow/dags/datawarehouse/dwh.py", line 1, in <module>
    from datawarehouse.data_utils import get_conn_cursor, close_conn_cursor, create_schema, create_table, get_video_ids
  File "/opt/airflow/dags/datawarehouse/data_utils.py", line 2, in <module>
    from pyscopg2.extras import RealDictCursor
ModuleNotFoundError: No module named 'pyscopg2'
[2026-05-26T09:50:37.128+0000] {processor.py:842} WARNING - No viable dags retrieved from /opt/airflow/dags/main.py
[2026-05-26T09:50:37.155+0000] {processor.py:183} INFO - Processing /opt/airflow/dags/main.py took 0.123 seconds
[2026-05-26T09:51:07.394+0000] {processor.py:161} INFO - Started process (PID=94) to work on /opt/airflow/dags/main.py
[2026-05-26T09:51:07.395+0000] {processor.py:830} INFO - Processing file /opt/airflow/dags/main.py for tasks to queue
[2026-05-26T09:51:07.396+0000] {logging_mixin.py:188} INFO - [2026-05-26T09:51:07.396+0000] {dagbag.py:545} INFO - Filling up the DagBag from /opt/airflow/dags/main.py
[2026-05-26T09:51:07.558+0000] {processor.py:840} INFO - DAG(s) 'update_db', 'produce_json' retrieved from /opt/airflow/dags/main.py
[2026-05-26T09:51:07.701+0000] {logging_mixin.py:188} INFO - [2026-05-26T09:51:07.701+0000] {override.py:1829} INFO - Created Permission View: can edit on DAG:update_db
[2026-05-26T09:51:07.710+0000] {logging_mixin.py:188} INFO - [2026-05-26T09:51:07.710+0000] {override.py:1829} INFO - Created Permission View: can read on DAG:update_db
[2026-05-26T09:51:07.717+0000] {logging_mixin.py:188} INFO - [2026-05-26T09:51:07.717+0000] {override.py:1829} INFO - Created Permission View: can delete on DAG:update_db
[2026-05-26T09:51:07.730+0000] {logging_mixin.py:188} INFO - [2026-05-26T09:51:07.729+0000] {dag.py:3096} INFO - Sync 2 DAGs
[2026-05-26T09:51:07.741+0000] {logging_mixin.py:188} INFO - [2026-05-26T09:51:07.740+0000] {dag.py:3118} INFO - Creating ORM DAG for update_db
[2026-05-26T09:51:07.752+0000] {logging_mixin.py:188} INFO - [2026-05-26T09:51:07.751+0000] {dag.py:3954} INFO - Setting next_dagrun for produce_json to 2026-05-24 11:00:00+00:00, run_after=2026-05-25 11:00:00+00:00
[2026-05-26T09:51:07.756+0000] {logging_mixin.py:188} INFO - [2026-05-26T09:51:07.756+0000] {dag.py:3954} INFO - Setting next_dagrun for update_db to 2026-05-24 12:00:00+00:00, run_after=2026-05-25 12:00:00+00:00
[2026-05-26T09:51:07.779+0000] {processor.py:183} INFO - Processing /opt/airflow/dags/main.py took 0.390 seconds
[2026-05-26T09:51:38.065+0000] {processor.py:161} INFO - Started process (PID=101) to work on /opt/airflow/dags/main.py
[2026-05-26T09:51:38.066+0000] {processor.py:830} INFO - Processing file /opt/airflow/dags/main.py for tasks to queue
[2026-05-26T09:51:38.067+0000] {logging_mixin.py:188} INFO - [2026-05-26T09:51:38.067+0000] {dagbag.py:545} INFO - Filling up the DagBag from /opt/airflow/dags/main.py
[2026-05-26T09:51:38.182+0000] {processor.py:840} INFO - DAG(s) 'update_db', 'produce_json' retrieved from /opt/airflow/dags/main.py
[2026-05-26T09:51:38.215+0000] {logging_mixin.py:188} INFO - [2026-05-26T09:51:38.215+0000] {dag.py:3096} INFO - Sync 2 DAGs
[2026-05-26T09:51:38.239+0000] {logging_mixin.py:188} INFO - [2026-05-26T09:51:38.238+0000] {dag.py:3954} INFO - Setting next_dagrun for produce_json to 2026-05-25 11:00:00+00:00, run_after=2026-05-26 11:00:00+00:00
[2026-05-26T09:51:38.244+0000] {logging_mixin.py:188} INFO - [2026-05-26T09:51:38.244+0000] {dag.py:3954} INFO - Setting next_dagrun for update_db to 2026-05-24 12:00:00+00:00, run_after=2026-05-25 12:00:00+00:00
[2026-05-26T09:51:38.264+0000] {processor.py:183} INFO - Processing /opt/airflow/dags/main.py took 0.206 seconds
[2026-05-26T09:52:08.559+0000] {processor.py:161} INFO - Started process (PID=108) to work on /opt/airflow/dags/main.py
[2026-05-26T09:52:08.560+0000] {processor.py:830} INFO - Processing file /opt/airflow/dags/main.py for tasks to queue
[2026-05-26T09:52:08.562+0000] {logging_mixin.py:188} INFO - [2026-05-26T09:52:08.561+0000] {dagbag.py:545} INFO - Filling up the DagBag from /opt/airflow/dags/main.py
[2026-05-26T09:52:08.681+0000] {processor.py:840} INFO - DAG(s) 'update_db', 'produce_json' retrieved from /opt/airflow/dags/main.py
[2026-05-26T09:52:08.718+0000] {logging_mixin.py:188} INFO - [2026-05-26T09:52:08.718+0000] {dag.py:3096} INFO - Sync 2 DAGs
[2026-05-26T09:52:08.739+0000] {logging_mixin.py:188} INFO - [2026-05-26T09:52:08.738+0000] {dag.py:3954} INFO - Setting next_dagrun for produce_json to 2026-05-25 11:00:00+00:00, run_after=2026-05-26 11:00:00+00:00
[2026-05-26T09:52:08.745+0000] {logging_mixin.py:188} INFO - [2026-05-26T09:52:08.744+0000] {dag.py:3954} INFO - Setting next_dagrun for update_db to 2026-05-24 12:00:00+00:00, run_after=2026-05-25 12:00:00+00:00
[2026-05-26T09:52:08.763+0000] {processor.py:183} INFO - Processing /opt/airflow/dags/main.py took 0.214 seconds
[2026-05-26T09:52:39.011+0000] {processor.py:161} INFO - Started process (PID=115) to work on /opt/airflow/dags/main.py
[2026-05-26T09:52:39.012+0000] {processor.py:830} INFO - Processing file /opt/airflow/dags/main.py for tasks to queue
[2026-05-26T09:52:39.013+0000] {logging_mixin.py:188} INFO - [2026-05-26T09:52:39.013+0000] {dagbag.py:545} INFO - Filling up the DagBag from /opt/airflow/dags/main.py
[2026-05-26T09:52:39.108+0000] {processor.py:840} INFO - DAG(s) 'update_db', 'produce_json' retrieved from /opt/airflow/dags/main.py
[2026-05-26T09:52:39.137+0000] {logging_mixin.py:188} INFO - [2026-05-26T09:52:39.137+0000] {dag.py:3096} INFO - Sync 2 DAGs
[2026-05-26T09:52:39.157+0000] {logging_mixin.py:188} INFO - [2026-05-26T09:52:39.157+0000] {dag.py:3954} INFO - Setting next_dagrun for produce_json to 2026-05-25 11:00:00+00:00, run_after=2026-05-26 11:00:00+00:00
[2026-05-26T09:52:39.162+0000] {logging_mixin.py:188} INFO - [2026-05-26T09:52:39.162+0000] {dag.py:3954} INFO - Setting next_dagrun for update_db to 2026-05-24 12:00:00+00:00, run_after=2026-05-25 12:00:00+00:00
[2026-05-26T09:52:39.190+0000] {processor.py:183} INFO - Processing /opt/airflow/dags/main.py took 0.185 seconds
[2026-05-26T09:53:09.544+0000] {processor.py:161} INFO - Started process (PID=122) to work on /opt/airflow/dags/main.py
[2026-05-26T09:53:09.545+0000] {processor.py:830} INFO - Processing file /opt/airflow/dags/main.py for tasks to queue
[2026-05-26T09:53:09.546+0000] {logging_mixin.py:188} INFO - [2026-05-26T09:53:09.546+0000] {dagbag.py:545} INFO - Filling up the DagBag from /opt/airflow/dags/main.py
[2026-05-26T09:53:09.643+0000] {processor.py:840} INFO - DAG(s) 'update_db', 'produce_json' retrieved from /opt/airflow/dags/main.py
[2026-05-26T09:53:09.686+0000] {logging_mixin.py:188} INFO - [2026-05-26T09:53:09.685+0000] {dag.py:3096} INFO - Sync 2 DAGs
[2026-05-26T09:53:09.709+0000] {logging_mixin.py:188} INFO - [2026-05-26T09:53:09.709+0000] {dag.py:3954} INFO - Setting next_dagrun for produce_json to 2026-05-25 11:00:00+00:00, run_after=2026-05-26 11:00:00+00:00
[2026-05-26T09:53:09.714+0000] {logging_mixin.py:188} INFO - [2026-05-26T09:53:09.714+0000] {dag.py:3954} INFO - Setting next_dagrun for update_db to 2026-05-24 12:00:00+00:00, run_after=2026-05-25 12:00:00+00:00
[2026-05-26T09:53:09.734+0000] {processor.py:183} INFO - Processing /opt/airflow/dags/main.py took 0.196 seconds
[2026-05-26T09:53:39.832+0000] {processor.py:161} INFO - Started process (PID=129) to work on /opt/airflow/dags/main.py
[2026-05-26T09:53:39.834+0000] {processor.py:830} INFO - Processing file /opt/airflow/dags/main.py for tasks to queue
[2026-05-26T09:53:39.835+0000] {logging_mixin.py:188} INFO - [2026-05-26T09:53:39.835+0000] {dagbag.py:545} INFO - Filling up the DagBag from /opt/airflow/dags/main.py
[2026-05-26T09:53:39.941+0000] {processor.py:840} INFO - DAG(s) 'produce_json', 'update_db' retrieved from /opt/airflow/dags/main.py
[2026-05-26T09:53:39.980+0000] {logging_mixin.py:188} INFO - [2026-05-26T09:53:39.980+0000] {dag.py:3096} INFO - Sync 2 DAGs
[2026-05-26T09:53:40.005+0000] {logging_mixin.py:188} INFO - [2026-05-26T09:53:40.004+0000] {dag.py:3954} INFO - Setting next_dagrun for produce_json to 2026-05-25 11:00:00+00:00, run_after=2026-05-26 11:00:00+00:00
[2026-05-26T09:53:40.011+0000] {logging_mixin.py:188} INFO - [2026-05-26T09:53:40.011+0000] {dag.py:3954} INFO - Setting next_dagrun for update_db to 2026-05-25 12:00:00+00:00, run_after=2026-05-26 12:00:00+00:00
[2026-05-26T09:53:40.039+0000] {processor.py:183} INFO - Processing /opt/airflow/dags/main.py took 0.213 seconds
[2026-05-26T09:54:10.300+0000] {processor.py:161} INFO - Started process (PID=136) to work on /opt/airflow/dags/main.py
[2026-05-26T09:54:10.301+0000] {processor.py:830} INFO - Processing file /opt/airflow/dags/main.py for tasks to queue
[2026-05-26T09:54:10.302+0000] {logging_mixin.py:188} INFO - [2026-05-26T09:54:10.302+0000] {dagbag.py:545} INFO - Filling up the DagBag from /opt/airflow/dags/main.py
[2026-05-26T09:54:10.404+0000] {processor.py:840} INFO - DAG(s) 'update_db', 'produce_json' retrieved from /opt/airflow/dags/main.py
[2026-05-26T09:54:10.433+0000] {logging_mixin.py:188} INFO - [2026-05-26T09:54:10.433+0000] {dag.py:3096} INFO - Sync 2 DAGs
[2026-05-26T09:54:10.455+0000] {logging_mixin.py:188} INFO - [2026-05-26T09:54:10.455+0000] {dag.py:3954} INFO - Setting next_dagrun for produce_json to 2026-05-25 11:00:00+00:00, run_after=2026-05-26 11:00:00+00:00
[2026-05-26T09:54:10.462+0000] {logging_mixin.py:188} INFO - [2026-05-26T09:54:10.462+0000] {dag.py:3954} INFO - Setting next_dagrun for update_db to 2026-05-25 12:00:00+00:00, run_after=2026-05-26 12:00:00+00:00
[2026-05-26T09:54:10.500+0000] {processor.py:183} INFO - Processing /opt/airflow/dags/main.py took 0.207 seconds
[2026-05-26T09:54:40.637+0000] {processor.py:161} INFO - Started process (PID=143) to work on /opt/airflow/dags/main.py
[2026-05-26T09:54:40.639+0000] {processor.py:830} INFO - Processing file /opt/airflow/dags/main.py for tasks to queue
[2026-05-26T09:54:40.640+0000] {logging_mixin.py:188} INFO - [2026-05-26T09:54:40.639+0000] {dagbag.py:545} INFO - Filling up the DagBag from /opt/airflow/dags/main.py
[2026-05-26T09:54:40.757+0000] {processor.py:840} INFO - DAG(s) 'produce_json', 'update_db' retrieved from /opt/airflow/dags/main.py
[2026-05-26T09:54:40.787+0000] {logging_mixin.py:188} INFO - [2026-05-26T09:54:40.787+0000] {dag.py:3096} INFO - Sync 2 DAGs
[2026-05-26T09:54:40.808+0000] {logging_mixin.py:188} INFO - [2026-05-26T09:54:40.808+0000] {dag.py:3954} INFO - Setting next_dagrun for produce_json to 2026-05-25 11:00:00+00:00, run_after=2026-05-26 11:00:00+00:00
[2026-05-26T09:54:40.813+0000] {logging_mixin.py:188} INFO - [2026-05-26T09:54:40.813+0000] {dag.py:3954} INFO - Setting next_dagrun for update_db to 2026-05-25 12:00:00+00:00, run_after=2026-05-26 12:00:00+00:00
[2026-05-26T09:54:40.841+0000] {processor.py:183} INFO - Processing /opt/airflow/dags/main.py took 0.210 seconds
[2026-05-26T09:55:11.040+0000] {processor.py:161} INFO - Started process (PID=156) to work on /opt/airflow/dags/main.py
[2026-05-26T09:55:11.041+0000] {processor.py:830} INFO - Processing file /opt/airflow/dags/main.py for tasks to queue
[2026-05-26T09:55:11.043+0000] {logging_mixin.py:188} INFO - [2026-05-26T09:55:11.042+0000] {dagbag.py:545} INFO - Filling up the DagBag from /opt/airflow/dags/main.py
[2026-05-26T09:55:11.164+0000] {processor.py:840} INFO - DAG(s) 'update_db', 'produce_json' retrieved from /opt/airflow/dags/main.py
[2026-05-26T09:55:11.197+0000] {logging_mixin.py:188} INFO - [2026-05-26T09:55:11.196+0000] {dag.py:3096} INFO - Sync 2 DAGs
[2026-05-26T09:55:11.219+0000] {logging_mixin.py:188} INFO - [2026-05-26T09:55:11.219+0000] {dag.py:3954} INFO - Setting next_dagrun for produce_json to 2026-05-25 11:00:00+00:00, run_after=2026-05-26 11:00:00+00:00
[2026-05-26T09:55:11.224+0000] {logging_mixin.py:188} INFO - [2026-05-26T09:55:11.224+0000] {dag.py:3954} INFO - Setting next_dagrun for update_db to 2026-05-25 12:00:00+00:00, run_after=2026-05-26 12:00:00+00:00
[2026-05-26T09:55:11.241+0000] {processor.py:183} INFO - Processing /opt/airflow/dags/main.py took 0.207 seconds
[2026-05-26T09:55:41.328+0000] {processor.py:161} INFO - Started process (PID=163) to work on /opt/airflow/dags/main.py
[2026-05-26T09:55:41.330+0000] {processor.py:830} INFO - Processing file /opt/airflow/dags/main.py for tasks to queue
[2026-05-26T09:55:41.331+0000] {logging_mixin.py:188} INFO - [2026-05-26T09:55:41.331+0000] {dagbag.py:545} INFO - Filling up the DagBag from /opt/airflow/dags/main.py
[2026-05-26T09:55:41.435+0000] {processor.py:840} INFO - DAG(s) 'update_db', 'produce_json' retrieved from /opt/airflow/dags/main.py
[2026-05-26T09:55:41.468+0000] {logging_mixin.py:188} INFO - [2026-05-26T09:55:41.468+0000] {dag.py:3096} INFO - Sync 2 DAGs
[2026-05-26T09:55:41.490+0000] {logging_mixin.py:188} INFO - [2026-05-26T09:55:41.490+0000] {dag.py:3954} INFO - Setting next_dagrun for produce_json to 2026-05-25 11:00:00+00:00, run_after=2026-05-26 11:00:00+00:00
[2026-05-26T09:55:41.497+0000] {logging_mixin.py:188} INFO - [2026-05-26T09:55:41.497+0000] {dag.py:3954} INFO - Setting next_dagrun for update_db to 2026-05-25 12:00:00+00:00, run_after=2026-05-26 12:00:00+00:00
[2026-05-26T09:55:41.515+0000] {processor.py:183} INFO - Processing /opt/airflow/dags/main.py took 0.194 seconds
[2026-05-26T09:56:11.770+0000] {processor.py:161} INFO - Started process (PID=170) to work on /opt/airflow/dags/main.py
[2026-05-26T09:56:11.772+0000] {processor.py:830} INFO - Processing file /opt/airflow/dags/main.py for tasks to queue
[2026-05-26T09:56:11.773+0000] {logging_mixin.py:188} INFO - [2026-05-26T09:56:11.772+0000] {dagbag.py:545} INFO - Filling up the DagBag from /opt/airflow/dags/main.py
[2026-05-26T09:56:11.878+0000] {processor.py:840} INFO - DAG(s) 'produce_json', 'update_db' retrieved from /opt/airflow/dags/main.py
[2026-05-26T09:56:11.909+0000] {logging_mixin.py:188} INFO - [2026-05-26T09:56:11.909+0000] {dag.py:3096} INFO - Sync 2 DAGs
[2026-05-26T09:56:11.931+0000] {logging_mixin.py:188} INFO - [2026-05-26T09:56:11.931+0000] {dag.py:3954} INFO - Setting next_dagrun for produce_json to 2026-05-25 11:00:00+00:00, run_after=2026-05-26 11:00:00+00:00
[2026-05-26T09:56:11.937+0000] {logging_mixin.py:188} INFO - [2026-05-26T09:56:11.936+0000] {dag.py:3954} INFO - Setting next_dagrun for update_db to 2026-05-25 12:00:00+00:00, run_after=2026-05-26 12:00:00+00:00
[2026-05-26T09:56:11.963+0000] {processor.py:183} INFO - Processing /opt/airflow/dags/main.py took 0.200 seconds
[2026-05-26T09:56:42.010+0000] {processor.py:161} INFO - Started process (PID=177) to work on /opt/airflow/dags/main.py
[2026-05-26T09:56:42.012+0000] {processor.py:830} INFO - Processing file /opt/airflow/dags/main.py for tasks to queue
[2026-05-26T09:56:42.013+0000] {logging_mixin.py:188} INFO - [2026-05-26T09:56:42.013+0000] {dagbag.py:545} INFO - Filling up the DagBag from /opt/airflow/dags/main.py
[2026-05-26T09:56:42.113+0000] {processor.py:840} INFO - DAG(s) 'update_db', 'produce_json' retrieved from /opt/airflow/dags/main.py
[2026-05-26T09:56:42.145+0000] {logging_mixin.py:188} INFO - [2026-05-26T09:56:42.145+0000] {dag.py:3096} INFO - Sync 2 DAGs
[2026-05-26T09:56:42.168+0000] {logging_mixin.py:188} INFO - [2026-05-26T09:56:42.167+0000] {dag.py:3954} INFO - Setting next_dagrun for produce_json to 2026-05-25 11:00:00+00:00, run_after=2026-05-26 11:00:00+00:00
[2026-05-26T09:56:42.173+0000] {logging_mixin.py:188} INFO - [2026-05-26T09:56:42.173+0000] {dag.py:3954} INFO - Setting next_dagrun for update_db to 2026-05-25 12:00:00+00:00, run_after=2026-05-26 12:00:00+00:00
[2026-05-26T09:56:42.190+0000] {processor.py:183} INFO - Processing /opt/airflow/dags/main.py took 0.186 seconds
[2026-05-26T09:57:12.473+0000] {processor.py:161} INFO - Started process (PID=184) to work on /opt/airflow/dags/main.py
[2026-05-26T09:57:12.474+0000] {processor.py:830} INFO - Processing file /opt/airflow/dags/main.py for tasks to queue
[2026-05-26T09:57:12.475+0000] {logging_mixin.py:188} INFO - [2026-05-26T09:57:12.475+0000] {dagbag.py:545} INFO - Filling up the DagBag from /opt/airflow/dags/main.py
[2026-05-26T09:57:12.567+0000] {processor.py:840} INFO - DAG(s) 'produce_json', 'update_db' retrieved from /opt/airflow/dags/main.py
[2026-05-26T09:57:12.599+0000] {logging_mixin.py:188} INFO - [2026-05-26T09:57:12.599+0000] {dag.py:3096} INFO - Sync 2 DAGs
[2026-05-26T09:57:12.624+0000] {logging_mixin.py:188} INFO - [2026-05-26T09:57:12.623+0000] {dag.py:3954} INFO - Setting next_dagrun for produce_json to 2026-05-25 11:00:00+00:00, run_after=2026-05-26 11:00:00+00:00
[2026-05-26T09:57:12.629+0000] {logging_mixin.py:188} INFO - [2026-05-26T09:57:12.629+0000] {dag.py:3954} INFO - Setting next_dagrun for update_db to 2026-05-25 12:00:00+00:00, run_after=2026-05-26 12:00:00+00:00
[2026-05-26T09:57:12.658+0000] {processor.py:183} INFO - Processing /opt/airflow/dags/main.py took 0.191 seconds
[2026-05-26T09:57:42.757+0000] {processor.py:161} INFO - Started process (PID=191) to work on /opt/airflow/dags/main.py
[2026-05-26T09:57:42.758+0000] {processor.py:830} INFO - Processing file /opt/airflow/dags/main.py for tasks to queue
[2026-05-26T09:57:42.759+0000] {logging_mixin.py:188} INFO - [2026-05-26T09:57:42.759+0000] {dagbag.py:545} INFO - Filling up the DagBag from /opt/airflow/dags/main.py
[2026-05-26T09:57:42.870+0000] {processor.py:840} INFO - DAG(s) 'update_db', 'produce_json' retrieved from /opt/airflow/dags/main.py
[2026-05-26T09:57:42.900+0000] {logging_mixin.py:188} INFO - [2026-05-26T09:57:42.899+0000] {dag.py:3096} INFO - Sync 2 DAGs
[2026-05-26T09:57:42.921+0000] {logging_mixin.py:188} INFO - [2026-05-26T09:57:42.921+0000] {dag.py:3954} INFO - Setting next_dagrun for produce_json to 2026-05-25 11:00:00+00:00, run_after=2026-05-26 11:00:00+00:00
[2026-05-26T09:57:42.926+0000] {logging_mixin.py:188} INFO - [2026-05-26T09:57:42.926+0000] {dag.py:3954} INFO - Setting next_dagrun for update_db to 2026-05-25 12:00:00+00:00, run_after=2026-05-26 12:00:00+00:00
[2026-05-26T09:57:42.943+0000] {processor.py:183} INFO - Processing /opt/airflow/dags/main.py took 0.194 seconds
[2026-05-26T09:58:13.345+0000] {processor.py:161} INFO - Started process (PID=198) to work on /opt/airflow/dags/main.py
[2026-05-26T09:58:13.346+0000] {processor.py:830} INFO - Processing file /opt/airflow/dags/main.py for tasks to queue
[2026-05-26T09:58:13.347+0000] {logging_mixin.py:188} INFO - [2026-05-26T09:58:13.347+0000] {dagbag.py:545} INFO - Filling up the DagBag from /opt/airflow/dags/main.py
[2026-05-26T09:58:13.448+0000] {processor.py:840} INFO - DAG(s) 'produce_json', 'update_db' retrieved from /opt/airflow/dags/main.py
[2026-05-26T09:58:13.481+0000] {logging_mixin.py:188} INFO - [2026-05-26T09:58:13.481+0000] {dag.py:3096} INFO - Sync 2 DAGs
[2026-05-26T09:58:13.505+0000] {logging_mixin.py:188} INFO - [2026-05-26T09:58:13.505+0000] {dag.py:3954} INFO - Setting next_dagrun for produce_json to 2026-05-25 11:00:00+00:00, run_after=2026-05-26 11:00:00+00:00
[2026-05-26T09:58:13.511+0000] {logging_mixin.py:188} INFO - [2026-05-26T09:58:13.511+0000] {dag.py:3954} INFO - Setting next_dagrun for update_db to 2026-05-25 12:00:00+00:00, run_after=2026-05-26 12:00:00+00:00
[2026-05-26T09:58:13.541+0000] {processor.py:183} INFO - Processing /opt/airflow/dags/main.py took 0.202 seconds
[2026-05-26T09:58:43.592+0000] {processor.py:161} INFO - Started process (PID=205) to work on /opt/airflow/dags/main.py
[2026-05-26T09:58:43.593+0000] {processor.py:830} INFO - Processing file /opt/airflow/dags/main.py for tasks to queue
[2026-05-26T09:58:43.594+0000] {logging_mixin.py:188} INFO - [2026-05-26T09:58:43.594+0000] {dagbag.py:545} INFO - Filling up the DagBag from /opt/airflow/dags/main.py
[2026-05-26T09:58:43.699+0000] {processor.py:840} INFO - DAG(s) 'update_db', 'produce_json' retrieved from /opt/airflow/dags/main.py
[2026-05-26T09:58:43.731+0000] {logging_mixin.py:188} INFO - [2026-05-26T09:58:43.730+0000] {dag.py:3096} INFO - Sync 2 DAGs
[2026-05-26T09:58:43.751+0000] {logging_mixin.py:188} INFO - [2026-05-26T09:58:43.751+0000] {dag.py:3954} INFO - Setting next_dagrun for produce_json to 2026-05-25 11:00:00+00:00, run_after=2026-05-26 11:00:00+00:00
[2026-05-26T09:58:43.757+0000] {logging_mixin.py:188} INFO - [2026-05-26T09:58:43.756+0000] {dag.py:3954} INFO - Setting next_dagrun for update_db to 2026-05-25 12:00:00+00:00, run_after=2026-05-26 12:00:00+00:00
[2026-05-26T09:58:43.785+0000] {processor.py:183} INFO - Processing /opt/airflow/dags/main.py took 0.199 seconds
[2026-05-26T09:59:14.146+0000] {processor.py:161} INFO - Started process (PID=212) to work on /opt/airflow/dags/main.py
[2026-05-26T09:59:14.147+0000] {processor.py:830} INFO - Processing file /opt/airflow/dags/main.py for tasks to queue
[2026-05-26T09:59:14.148+0000] {logging_mixin.py:188} INFO - [2026-05-26T09:59:14.148+0000] {dagbag.py:545} INFO - Filling up the DagBag from /opt/airflow/dags/main.py
[2026-05-26T09:59:14.247+0000] {processor.py:840} INFO - DAG(s) 'update_db', 'produce_json' retrieved from /opt/airflow/dags/main.py
[2026-05-26T09:59:14.278+0000] {logging_mixin.py:188} INFO - [2026-05-26T09:59:14.277+0000] {dag.py:3096} INFO - Sync 2 DAGs
[2026-05-26T09:59:14.299+0000] {logging_mixin.py:188} INFO - [2026-05-26T09:59:14.299+0000] {dag.py:3954} INFO - Setting next_dagrun for produce_json to 2026-05-25 11:00:00+00:00, run_after=2026-05-26 11:00:00+00:00
[2026-05-26T09:59:14.304+0000] {logging_mixin.py:188} INFO - [2026-05-26T09:59:14.304+0000] {dag.py:3954} INFO - Setting next_dagrun for update_db to 2026-05-25 12:00:00+00:00, run_after=2026-05-26 12:00:00+00:00
[2026-05-26T09:59:14.321+0000] {processor.py:183} INFO - Processing /opt/airflow/dags/main.py took 0.181 seconds
[2026-05-26T09:59:44.417+0000] {processor.py:161} INFO - Started process (PID=219) to work on /opt/airflow/dags/main.py
[2026-05-26T09:59:44.418+0000] {processor.py:830} INFO - Processing file /opt/airflow/dags/main.py for tasks to queue
[2026-05-26T09:59:44.419+0000] {logging_mixin.py:188} INFO - [2026-05-26T09:59:44.419+0000] {dagbag.py:545} INFO - Filling up the DagBag from /opt/airflow/dags/main.py
[2026-05-26T09:59:44.526+0000] {processor.py:840} INFO - DAG(s) 'update_db', 'produce_json' retrieved from /opt/airflow/dags/main.py
[2026-05-26T09:59:44.555+0000] {logging_mixin.py:188} INFO - [2026-05-26T09:59:44.555+0000] {dag.py:3096} INFO - Sync 2 DAGs
[2026-05-26T09:59:44.575+0000] {logging_mixin.py:188} INFO - [2026-05-26T09:59:44.575+0000] {dag.py:3954} INFO - Setting next_dagrun for produce_json to 2026-05-25 11:00:00+00:00, run_after=2026-05-26 11:00:00+00:00
[2026-05-26T09:59:44.581+0000] {logging_mixin.py:188} INFO - [2026-05-26T09:59:44.581+0000] {dag.py:3954} INFO - Setting next_dagrun for update_db to 2026-05-25 12:00:00+00:00, run_after=2026-05-26 12:00:00+00:00
[2026-05-26T09:59:44.598+0000] {processor.py:183} INFO - Processing /opt/airflow/dags/main.py took 0.187 seconds
[2026-05-26T10:00:14.824+0000] {processor.py:161} INFO - Started process (PID=226) to work on /opt/airflow/dags/main.py
[2026-05-26T10:00:14.825+0000] {processor.py:830} INFO - Processing file /opt/airflow/dags/main.py for tasks to queue
[2026-05-26T10:00:14.827+0000] {logging_mixin.py:188} INFO - [2026-05-26T10:00:14.826+0000] {dagbag.py:545} INFO - Filling up the DagBag from /opt/airflow/dags/main.py
[2026-05-26T10:00:14.936+0000] {processor.py:840} INFO - DAG(s) 'produce_json', 'update_db' retrieved from /opt/airflow/dags/main.py
[2026-05-26T10:00:14.965+0000] {logging_mixin.py:188} INFO - [2026-05-26T10:00:14.965+0000] {dag.py:3096} INFO - Sync 2 DAGs
[2026-05-26T10:00:14.987+0000] {logging_mixin.py:188} INFO - [2026-05-26T10:00:14.987+0000] {dag.py:3954} INFO - Setting next_dagrun for produce_json to 2026-05-25 11:00:00+00:00, run_after=2026-05-26 11:00:00+00:00
[2026-05-26T10:00:14.992+0000] {logging_mixin.py:188} INFO - [2026-05-26T10:00:14.992+0000] {dag.py:3954} INFO - Setting next_dagrun for update_db to 2026-05-25 12:00:00+00:00, run_after=2026-05-26 12:00:00+00:00
[2026-05-26T10:00:15.008+0000] {processor.py:183} INFO - Processing /opt/airflow/dags/main.py took 0.189 seconds
[2026-05-26T11:03:25.289+0000] {processor.py:161} INFO - Started process (PID=227) to work on /opt/airflow/dags/main.py
[2026-05-26T11:03:25.296+0000] {processor.py:830} INFO - Processing file /opt/airflow/dags/main.py for tasks to queue
[2026-05-26T11:03:25.309+0000] {logging_mixin.py:188} INFO - [2026-05-26T11:03:25.308+0000] {dagbag.py:545} INFO - Filling up the DagBag from /opt/airflow/dags/main.py
[2026-05-26T11:03:25.809+0000] {processor.py:840} INFO - DAG(s) 'update_db', 'produce_json' retrieved from /opt/airflow/dags/main.py
[2026-05-26T11:03:25.980+0000] {logging_mixin.py:188} INFO - [2026-05-26T11:03:25.980+0000] {dag.py:3096} INFO - Sync 2 DAGs
[2026-05-26T11:03:26.130+0000] {logging_mixin.py:188} INFO - [2026-05-26T11:03:26.130+0000] {dag.py:3954} INFO - Setting next_dagrun for produce_json to 2026-05-26 11:00:00+00:00, run_after=2026-05-27 11:00:00+00:00
[2026-05-26T11:03:26.161+0000] {logging_mixin.py:188} INFO - [2026-05-26T11:03:26.159+0000] {dag.py:3954} INFO - Setting next_dagrun for update_db to 2026-05-25 12:00:00+00:00, run_after=2026-05-26 12:00:00+00:00
[2026-05-26T11:03:26.272+0000] {processor.py:183} INFO - Processing /opt/airflow/dags/main.py took 1.018 seconds
[2026-05-26T11:03:56.498+0000] {processor.py:161} INFO - Started process (PID=234) to work on /opt/airflow/dags/main.py
[2026-05-26T11:03:56.500+0000] {processor.py:830} INFO - Processing file /opt/airflow/dags/main.py for tasks to queue
[2026-05-26T11:03:56.503+0000] {logging_mixin.py:188} INFO - [2026-05-26T11:03:56.502+0000] {dagbag.py:545} INFO - Filling up the DagBag from /opt/airflow/dags/main.py
[2026-05-26T11:03:56.686+0000] {processor.py:840} INFO - DAG(s) 'update_db', 'produce_json' retrieved from /opt/airflow/dags/main.py
[2026-05-26T11:03:56.723+0000] {logging_mixin.py:188} INFO - [2026-05-26T11:03:56.723+0000] {dag.py:3096} INFO - Sync 2 DAGs
[2026-05-26T11:03:56.747+0000] {logging_mixin.py:188} INFO - [2026-05-26T11:03:56.747+0000] {dag.py:3954} INFO - Setting next_dagrun for produce_json to 2026-05-26 11:00:00+00:00, run_after=2026-05-27 11:00:00+00:00
[2026-05-26T11:03:56.754+0000] {logging_mixin.py:188} INFO - [2026-05-26T11:03:56.754+0000] {dag.py:3954} INFO - Setting next_dagrun for update_db to 2026-05-25 12:00:00+00:00, run_after=2026-05-26 12:00:00+00:00
[2026-05-26T11:03:56.811+0000] {processor.py:183} INFO - Processing /opt/airflow/dags/main.py took 0.321 seconds
[2026-05-26T11:04:27.065+0000] {processor.py:161} INFO - Started process (PID=241) to work on /opt/airflow/dags/main.py
[2026-05-26T11:04:27.067+0000] {processor.py:830} INFO - Processing file /opt/airflow/dags/main.py for tasks to queue
[2026-05-26T11:04:27.068+0000] {logging_mixin.py:188} INFO - [2026-05-26T11:04:27.067+0000] {dagbag.py:545} INFO - Filling up the DagBag from /opt/airflow/dags/main.py
[2026-05-26T11:04:27.222+0000] {processor.py:840} INFO - DAG(s) 'update_db', 'produce_json' retrieved from /opt/airflow/dags/main.py
[2026-05-26T11:04:27.255+0000] {logging_mixin.py:188} INFO - [2026-05-26T11:04:27.255+0000] {dag.py:3096} INFO - Sync 2 DAGs
[2026-05-26T11:04:27.276+0000] {logging_mixin.py:188} INFO - [2026-05-26T11:04:27.276+0000] {dag.py:3954} INFO - Setting next_dagrun for produce_json to 2026-05-26 11:00:00+00:00, run_after=2026-05-27 11:00:00+00:00
[2026-05-26T11:04:27.282+0000] {logging_mixin.py:188} INFO - [2026-05-26T11:04:27.282+0000] {dag.py:3954} INFO - Setting next_dagrun for update_db to 2026-05-25 12:00:00+00:00, run_after=2026-05-26 12:00:00+00:00
[2026-05-26T11:04:27.339+0000] {processor.py:183} INFO - Processing /opt/airflow/dags/main.py took 0.281 seconds
[2026-05-26T11:04:57.688+0000] {processor.py:161} INFO - Started process (PID=248) to work on /opt/airflow/dags/main.py
[2026-05-26T11:04:57.691+0000] {processor.py:830} INFO - Processing file /opt/airflow/dags/main.py for tasks to queue
[2026-05-26T11:04:57.694+0000] {logging_mixin.py:188} INFO - [2026-05-26T11:04:57.693+0000] {dagbag.py:545} INFO - Filling up the DagBag from /opt/airflow/dags/main.py
[2026-05-26T11:04:57.965+0000] {processor.py:840} INFO - DAG(s) 'update_db', 'produce_json' retrieved from /opt/airflow/dags/main.py
[2026-05-26T11:04:58.028+0000] {logging_mixin.py:188} INFO - [2026-05-26T11:04:58.028+0000] {dag.py:3096} INFO - Sync 2 DAGs
[2026-05-26T11:04:58.058+0000] {logging_mixin.py:188} INFO - [2026-05-26T11:04:58.058+0000] {dag.py:3954} INFO - Setting next_dagrun for produce_json to 2026-05-26 11:00:00+00:00, run_after=2026-05-27 11:00:00+00:00
[2026-05-26T11:04:58.066+0000] {logging_mixin.py:188} INFO - [2026-05-26T11:04:58.066+0000] {dag.py:3954} INFO - Setting next_dagrun for update_db to 2026-05-25 12:00:00+00:00, run_after=2026-05-26 12:00:00+00:00
[2026-05-26T11:04:58.087+0000] {processor.py:183} INFO - Processing /opt/airflow/dags/main.py took 0.426 seconds
[2026-05-26T11:05:28.633+0000] {processor.py:161} INFO - Started process (PID=255) to work on /opt/airflow/dags/main.py
[2026-05-26T11:05:28.637+0000] {processor.py:830} INFO - Processing file /opt/airflow/dags/main.py for tasks to queue
[2026-05-26T11:05:28.640+0000] {logging_mixin.py:188} INFO - [2026-05-26T11:05:28.639+0000] {dagbag.py:545} INFO - Filling up the DagBag from /opt/airflow/dags/main.py
[2026-05-26T11:05:28.858+0000] {processor.py:840} INFO - DAG(s) 'produce_json', 'update_db' retrieved from /opt/airflow/dags/main.py
[2026-05-26T11:05:28.931+0000] {logging_mixin.py:188} INFO - [2026-05-26T11:05:28.930+0000] {dag.py:3096} INFO - Sync 2 DAGs
[2026-05-26T11:05:28.961+0000] {logging_mixin.py:188} INFO - [2026-05-26T11:05:28.960+0000] {dag.py:3954} INFO - Setting next_dagrun for produce_json to 2026-05-26 11:00:00+00:00, run_after=2026-05-27 11:00:00+00:00
[2026-05-26T11:05:28.968+0000] {logging_mixin.py:188} INFO - [2026-05-26T11:05:28.968+0000] {dag.py:3954} INFO - Setting next_dagrun for update_db to 2026-05-25 12:00:00+00:00, run_after=2026-05-26 12:00:00+00:00
[2026-05-26T11:05:29.047+0000] {processor.py:183} INFO - Processing /opt/airflow/dags/main.py took 0.449 seconds
[2026-05-26T11:05:59.473+0000] {processor.py:161} INFO - Started process (PID=262) to work on /opt/airflow/dags/main.py
[2026-05-26T11:05:59.475+0000] {processor.py:830} INFO - Processing file /opt/airflow/dags/main.py for tasks to queue
[2026-05-26T11:05:59.478+0000] {logging_mixin.py:188} INFO - [2026-05-26T11:05:59.477+0000] {dagbag.py:545} INFO - Filling up the DagBag from /opt/airflow/dags/main.py
[2026-05-26T11:05:59.796+0000] {processor.py:840} INFO - DAG(s) 'update_db', 'produce_json' retrieved from /opt/airflow/dags/main.py
[2026-05-26T11:05:59.870+0000] {logging_mixin.py:188} INFO - [2026-05-26T11:05:59.870+0000] {dag.py:3096} INFO - Sync 2 DAGs
[2026-05-26T11:05:59.908+0000] {logging_mixin.py:188} INFO - [2026-05-26T11:05:59.908+0000] {dag.py:3954} INFO - Setting next_dagrun for produce_json to 2026-05-26 11:00:00+00:00, run_after=2026-05-27 11:00:00+00:00
[2026-05-26T11:05:59.917+0000] {logging_mixin.py:188} INFO - [2026-05-26T11:05:59.917+0000] {dag.py:3954} INFO - Setting next_dagrun for update_db to 2026-05-25 12:00:00+00:00, run_after=2026-05-26 12:00:00+00:00
[2026-05-26T11:06:00.002+0000] {processor.py:183} INFO - Processing /opt/airflow/dags/main.py took 0.544 seconds
[2026-05-26T11:06:30.448+0000] {processor.py:161} INFO - Started process (PID=269) to work on /opt/airflow/dags/main.py
[2026-05-26T11:06:30.450+0000] {processor.py:830} INFO - Processing file /opt/airflow/dags/main.py for tasks to queue
[2026-05-26T11:06:30.453+0000] {logging_mixin.py:188} INFO - [2026-05-26T11:06:30.452+0000] {dagbag.py:545} INFO - Filling up the DagBag from /opt/airflow/dags/main.py
[2026-05-26T11:06:30.665+0000] {processor.py:840} INFO - DAG(s) 'update_db', 'produce_json' retrieved from /opt/airflow/dags/main.py
[2026-05-26T11:06:30.714+0000] {logging_mixin.py:188} INFO - [2026-05-26T11:06:30.714+0000] {dag.py:3096} INFO - Sync 2 DAGs
[2026-05-26T11:06:30.749+0000] {logging_mixin.py:188} INFO - [2026-05-26T11:06:30.748+0000] {dag.py:3954} INFO - Setting next_dagrun for produce_json to 2026-05-26 11:00:00+00:00, run_after=2026-05-27 11:00:00+00:00
[2026-05-26T11:06:30.757+0000] {logging_mixin.py:188} INFO - [2026-05-26T11:06:30.757+0000] {dag.py:3954} INFO - Setting next_dagrun for update_db to 2026-05-25 12:00:00+00:00, run_after=2026-05-26 12:00:00+00:00
[2026-05-26T11:06:30.783+0000] {processor.py:183} INFO - Processing /opt/airflow/dags/main.py took 0.348 seconds
[2026-05-26T11:07:01.212+0000] {processor.py:161} INFO - Started process (PID=276) to work on /opt/airflow/dags/main.py
[2026-05-26T11:07:01.213+0000] {processor.py:830} INFO - Processing file /opt/airflow/dags/main.py for tasks to queue
[2026-05-26T11:07:01.215+0000] {logging_mixin.py:188} INFO - [2026-05-26T11:07:01.214+0000] {dagbag.py:545} INFO - Filling up the DagBag from /opt/airflow/dags/main.py
[2026-05-26T11:07:01.444+0000] {processor.py:840} INFO - DAG(s) 'produce_json', 'update_db' retrieved from /opt/airflow/dags/main.py
[2026-05-26T11:07:01.486+0000] {logging_mixin.py:188} INFO - [2026-05-26T11:07:01.486+0000] {dag.py:3096} INFO - Sync 2 DAGs
[2026-05-26T11:07:01.513+0000] {logging_mixin.py:188} INFO - [2026-05-26T11:07:01.513+0000] {dag.py:3954} INFO - Setting next_dagrun for produce_json to 2026-05-26 11:00:00+00:00, run_after=2026-05-27 11:00:00+00:00
[2026-05-26T11:07:01.519+0000] {logging_mixin.py:188} INFO - [2026-05-26T11:07:01.519+0000] {dag.py:3954} INFO - Setting next_dagrun for update_db to 2026-05-25 12:00:00+00:00, run_after=2026-05-26 12:00:00+00:00
[2026-05-26T11:07:01.544+0000] {processor.py:183} INFO - Processing /opt/airflow/dags/main.py took 0.342 seconds
[2026-05-26T11:07:32.017+0000] {processor.py:161} INFO - Started process (PID=283) to work on /opt/airflow/dags/main.py
[2026-05-26T11:07:32.020+0000] {processor.py:830} INFO - Processing file /opt/airflow/dags/main.py for tasks to queue
[2026-05-26T11:07:32.022+0000] {logging_mixin.py:188} INFO - [2026-05-26T11:07:32.022+0000] {dagbag.py:545} INFO - Filling up the DagBag from /opt/airflow/dags/main.py
[2026-05-26T11:07:32.355+0000] {processor.py:840} INFO - DAG(s) 'produce_json', 'update_db' retrieved from /opt/airflow/dags/main.py
[2026-05-26T11:07:32.399+0000] {logging_mixin.py:188} INFO - [2026-05-26T11:07:32.399+0000] {dag.py:3096} INFO - Sync 2 DAGs
[2026-05-26T11:07:32.429+0000] {logging_mixin.py:188} INFO - [2026-05-26T11:07:32.429+0000] {dag.py:3954} INFO - Setting next_dagrun for produce_json to 2026-05-26 11:00:00+00:00, run_after=2026-05-27 11:00:00+00:00
[2026-05-26T11:07:32.436+0000] {logging_mixin.py:188} INFO - [2026-05-26T11:07:32.436+0000] {dag.py:3954} INFO - Setting next_dagrun for update_db to 2026-05-25 12:00:00+00:00, run_after=2026-05-26 12:00:00+00:00
[2026-05-26T11:07:32.525+0000] {processor.py:183} INFO - Processing /opt/airflow/dags/main.py took 0.527 seconds
[2026-05-26T11:08:02.956+0000] {processor.py:161} INFO - Started process (PID=290) to work on /opt/airflow/dags/main.py
[2026-05-26T11:08:02.958+0000] {processor.py:830} INFO - Processing file /opt/airflow/dags/main.py for tasks to queue
[2026-05-26T11:08:02.960+0000] {logging_mixin.py:188} INFO - [2026-05-26T11:08:02.960+0000] {dagbag.py:545} INFO - Filling up the DagBag from /opt/airflow/dags/main.py
[2026-05-26T11:08:03.221+0000] {processor.py:840} INFO - DAG(s) 'update_db', 'produce_json' retrieved from /opt/airflow/dags/main.py
[2026-05-26T11:08:03.282+0000] {logging_mixin.py:188} INFO - [2026-05-26T11:08:03.281+0000] {dag.py:3096} INFO - Sync 2 DAGs
[2026-05-26T11:08:03.314+0000] {logging_mixin.py:188} INFO - [2026-05-26T11:08:03.313+0000] {dag.py:3954} INFO - Setting next_dagrun for produce_json to 2026-05-26 11:00:00+00:00, run_after=2026-05-27 11:00:00+00:00
[2026-05-26T11:08:03.322+0000] {logging_mixin.py:188} INFO - [2026-05-26T11:08:03.322+0000] {dag.py:3954} INFO - Setting next_dagrun for update_db to 2026-05-25 12:00:00+00:00, run_after=2026-05-26 12:00:00+00:00
[2026-05-26T11:08:03.397+0000] {processor.py:183} INFO - Processing /opt/airflow/dags/main.py took 0.451 seconds
[2026-05-26T11:08:34.251+0000] {processor.py:161} INFO - Started process (PID=297) to work on /opt/airflow/dags/main.py
[2026-05-26T11:08:34.254+0000] {processor.py:830} INFO - Processing file /opt/airflow/dags/main.py for tasks to queue
[2026-05-26T11:08:34.258+0000] {logging_mixin.py:188} INFO - [2026-05-26T11:08:34.256+0000] {dagbag.py:545} INFO - Filling up the DagBag from /opt/airflow/dags/main.py
[2026-05-26T11:08:34.454+0000] {processor.py:840} INFO - DAG(s) 'update_db', 'produce_json' retrieved from /opt/airflow/dags/main.py
[2026-05-26T11:08:34.493+0000] {logging_mixin.py:188} INFO - [2026-05-26T11:08:34.493+0000] {dag.py:3096} INFO - Sync 2 DAGs
[2026-05-26T11:08:34.525+0000] {logging_mixin.py:188} INFO - [2026-05-26T11:08:34.525+0000] {dag.py:3954} INFO - Setting next_dagrun for produce_json to 2026-05-26 11:00:00+00:00, run_after=2026-05-27 11:00:00+00:00
[2026-05-26T11:08:34.534+0000] {logging_mixin.py:188} INFO - [2026-05-26T11:08:34.534+0000] {dag.py:3954} INFO - Setting next_dagrun for update_db to 2026-05-25 12:00:00+00:00, run_after=2026-05-26 12:00:00+00:00
[2026-05-26T11:08:34.595+0000] {processor.py:183} INFO - Processing /opt/airflow/dags/main.py took 0.355 seconds
[2026-05-26T11:09:05.049+0000] {processor.py:161} INFO - Started process (PID=304) to work on /opt/airflow/dags/main.py
[2026-05-26T11:09:05.051+0000] {processor.py:830} INFO - Processing file /opt/airflow/dags/main.py for tasks to queue
[2026-05-26T11:09:05.054+0000] {logging_mixin.py:188} INFO - [2026-05-26T11:09:05.053+0000] {dagbag.py:545} INFO - Filling up the DagBag from /opt/airflow/dags/main.py
[2026-05-26T11:09:05.290+0000] {processor.py:840} INFO - DAG(s) 'produce_json', 'update_db' retrieved from /opt/airflow/dags/main.py
[2026-05-26T11:09:05.330+0000] {logging_mixin.py:188} INFO - [2026-05-26T11:09:05.330+0000] {dag.py:3096} INFO - Sync 2 DAGs
[2026-05-26T11:09:05.359+0000] {logging_mixin.py:188} INFO - [2026-05-26T11:09:05.359+0000] {dag.py:3954} INFO - Setting next_dagrun for produce_json to 2026-05-26 11:00:00+00:00, run_after=2026-05-27 11:00:00+00:00
[2026-05-26T11:09:05.367+0000] {logging_mixin.py:188} INFO - [2026-05-26T11:09:05.367+0000] {dag.py:3954} INFO - Setting next_dagrun for update_db to 2026-05-25 12:00:00+00:00, run_after=2026-05-26 12:00:00+00:00
[2026-05-26T11:09:05.432+0000] {processor.py:183} INFO - Processing /opt/airflow/dags/main.py took 0.400 seconds
[2026-05-26T11:09:35.901+0000] {processor.py:161} INFO - Started process (PID=311) to work on /opt/airflow/dags/main.py
[2026-05-26T11:09:35.904+0000] {processor.py:830} INFO - Processing file /opt/airflow/dags/main.py for tasks to queue
[2026-05-26T11:09:35.906+0000] {logging_mixin.py:188} INFO - [2026-05-26T11:09:35.906+0000] {dagbag.py:545} INFO - Filling up the DagBag from /opt/airflow/dags/main.py
[2026-05-26T11:09:36.192+0000] {processor.py:840} INFO - DAG(s) 'update_db', 'produce_json' retrieved from /opt/airflow/dags/main.py
[2026-05-26T11:09:36.257+0000] {logging_mixin.py:188} INFO - [2026-05-26T11:09:36.257+0000] {dag.py:3096} INFO - Sync 2 DAGs
[2026-05-26T11:09:36.303+0000] {logging_mixin.py:188} INFO - [2026-05-26T11:09:36.302+0000] {dag.py:3954} INFO - Setting next_dagrun for produce_json to 2026-05-26 11:00:00+00:00, run_after=2026-05-27 11:00:00+00:00
[2026-05-26T11:09:36.317+0000] {logging_mixin.py:188} INFO - [2026-05-26T11:09:36.317+0000] {dag.py:3954} INFO - Setting next_dagrun for update_db to 2026-05-25 12:00:00+00:00, run_after=2026-05-26 12:00:00+00:00
[2026-05-26T11:09:36.359+0000] {processor.py:183} INFO - Processing /opt/airflow/dags/main.py took 0.477 seconds
[2026-05-26T11:10:06.785+0000] {processor.py:161} INFO - Started process (PID=318) to work on /opt/airflow/dags/main.py
[2026-05-26T11:10:06.788+0000] {processor.py:830} INFO - Processing file /opt/airflow/dags/main.py for tasks to queue
[2026-05-26T11:10:06.790+0000] {logging_mixin.py:188} INFO - [2026-05-26T11:10:06.789+0000] {dagbag.py:545} INFO - Filling up the DagBag from /opt/airflow/dags/main.py
[2026-05-26T11:10:07.012+0000] {processor.py:840} INFO - DAG(s) 'produce_json', 'update_db' retrieved from /opt/airflow/dags/main.py
[2026-05-26T11:10:07.096+0000] {logging_mixin.py:188} INFO - [2026-05-26T11:10:07.096+0000] {dag.py:3096} INFO - Sync 2 DAGs
[2026-05-26T11:10:07.137+0000] {logging_mixin.py:188} INFO - [2026-05-26T11:10:07.137+0000] {dag.py:3954} INFO - Setting next_dagrun for produce_json to 2026-05-26 11:00:00+00:00, run_after=2026-05-27 11:00:00+00:00
[2026-05-26T11:10:07.144+0000] {logging_mixin.py:188} INFO - [2026-05-26T11:10:07.144+0000] {dag.py:3954} INFO - Setting next_dagrun for update_db to 2026-05-25 12:00:00+00:00, run_after=2026-05-26 12:00:00+00:00
[2026-05-26T11:10:07.168+0000] {processor.py:183} INFO - Processing /opt/airflow/dags/main.py took 0.399 seconds
[2026-05-26T11:10:37.569+0000] {processor.py:161} INFO - Started process (PID=325) to work on /opt/airflow/dags/main.py
[2026-05-26T11:10:37.571+0000] {processor.py:830} INFO - Processing file /opt/airflow/dags/main.py for tasks to queue
[2026-05-26T11:10:37.572+0000] {logging_mixin.py:188} INFO - [2026-05-26T11:10:37.572+0000] {dagbag.py:545} INFO - Filling up the DagBag from /opt/airflow/dags/main.py
[2026-05-26T11:10:37.756+0000] {processor.py:840} INFO - DAG(s) 'produce_json', 'update_db' retrieved from /opt/airflow/dags/main.py
[2026-05-26T11:10:37.799+0000] {logging_mixin.py:188} INFO - [2026-05-26T11:10:37.799+0000] {dag.py:3096} INFO - Sync 2 DAGs
[2026-05-26T11:10:37.830+0000] {logging_mixin.py:188} INFO - [2026-05-26T11:10:37.830+0000] {dag.py:3954} INFO - Setting next_dagrun for produce_json to 2026-05-26 11:00:00+00:00, run_after=2026-05-27 11:00:00+00:00
[2026-05-26T11:10:37.838+0000] {logging_mixin.py:188} INFO - [2026-05-26T11:10:37.837+0000] {dag.py:3954} INFO - Setting next_dagrun for update_db to 2026-05-25 12:00:00+00:00, run_after=2026-05-26 12:00:00+00:00
[2026-05-26T11:10:37.916+0000] {processor.py:183} INFO - Processing /opt/airflow/dags/main.py took 0.359 seconds
[2026-05-26T11:11:08.323+0000] {processor.py:161} INFO - Started process (PID=332) to work on /opt/airflow/dags/main.py
[2026-05-26T11:11:08.325+0000] {processor.py:830} INFO - Processing file /opt/airflow/dags/main.py for tasks to queue
[2026-05-26T11:11:08.328+0000] {logging_mixin.py:188} INFO - [2026-05-26T11:11:08.327+0000] {dagbag.py:545} INFO - Filling up the DagBag from /opt/airflow/dags/main.py
[2026-05-26T11:11:08.527+0000] {processor.py:840} INFO - DAG(s) 'produce_json', 'update_db' retrieved from /opt/airflow/dags/main.py
[2026-05-26T11:11:08.595+0000] {logging_mixin.py:188} INFO - [2026-05-26T11:11:08.595+0000] {dag.py:3096} INFO - Sync 2 DAGs
[2026-05-26T11:11:08.637+0000] {logging_mixin.py:188} INFO - [2026-05-26T11:11:08.637+0000] {dag.py:3954} INFO - Setting next_dagrun for produce_json to 2026-05-26 11:00:00+00:00, run_after=2026-05-27 11:00:00+00:00
[2026-05-26T11:11:08.646+0000] {logging_mixin.py:188} INFO - [2026-05-26T11:11:08.646+0000] {dag.py:3954} INFO - Setting next_dagrun for update_db to 2026-05-25 12:00:00+00:00, run_after=2026-05-26 12:00:00+00:00
[2026-05-26T11:11:08.709+0000] {processor.py:183} INFO - Processing /opt/airflow/dags/main.py took 0.401 seconds
[2026-05-26T11:11:39.166+0000] {processor.py:161} INFO - Started process (PID=339) to work on /opt/airflow/dags/main.py
[2026-05-26T11:11:39.168+0000] {processor.py:830} INFO - Processing file /opt/airflow/dags/main.py for tasks to queue
[2026-05-26T11:11:39.171+0000] {logging_mixin.py:188} INFO - [2026-05-26T11:11:39.170+0000] {dagbag.py:545} INFO - Filling up the DagBag from /opt/airflow/dags/main.py
[2026-05-26T11:11:39.441+0000] {processor.py:840} INFO - DAG(s) 'update_db', 'produce_json' retrieved from /opt/airflow/dags/main.py
[2026-05-26T11:11:39.499+0000] {logging_mixin.py:188} INFO - [2026-05-26T11:11:39.498+0000] {dag.py:3096} INFO - Sync 2 DAGs
[2026-05-26T11:11:39.542+0000] {logging_mixin.py:188} INFO - [2026-05-26T11:11:39.542+0000] {dag.py:3954} INFO - Setting next_dagrun for produce_json to 2026-05-26 11:00:00+00:00, run_after=2026-05-27 11:00:00+00:00
[2026-05-26T11:11:39.553+0000] {logging_mixin.py:188} INFO - [2026-05-26T11:11:39.552+0000] {dag.py:3954} INFO - Setting next_dagrun for update_db to 2026-05-25 12:00:00+00:00, run_after=2026-05-26 12:00:00+00:00
[2026-05-26T11:11:39.627+0000] {processor.py:183} INFO - Processing /opt/airflow/dags/main.py took 0.477 seconds
[2026-05-26T11:12:10.042+0000] {processor.py:161} INFO - Started process (PID=346) to work on /opt/airflow/dags/main.py
[2026-05-26T11:12:10.045+0000] {processor.py:830} INFO - Processing file /opt/airflow/dags/main.py for tasks to queue
[2026-05-26T11:12:10.047+0000] {logging_mixin.py:188} INFO - [2026-05-26T11:12:10.047+0000] {dagbag.py:545} INFO - Filling up the DagBag from /opt/airflow/dags/main.py
[2026-05-26T11:12:10.360+0000] {processor.py:840} INFO - DAG(s) 'update_db', 'produce_json' retrieved from /opt/airflow/dags/main.py
[2026-05-26T11:12:10.428+0000] {logging_mixin.py:188} INFO - [2026-05-26T11:12:10.428+0000] {dag.py:3096} INFO - Sync 2 DAGs
[2026-05-26T11:12:10.463+0000] {logging_mixin.py:188} INFO - [2026-05-26T11:12:10.463+0000] {dag.py:3954} INFO - Setting next_dagrun for produce_json to 2026-05-26 11:00:00+00:00, run_after=2026-05-27 11:00:00+00:00
[2026-05-26T11:12:10.472+0000] {logging_mixin.py:188} INFO - [2026-05-26T11:12:10.472+0000] {dag.py:3954} INFO - Setting next_dagrun for update_db to 2026-05-25 12:00:00+00:00, run_after=2026-05-26 12:00:00+00:00
[2026-05-26T11:12:10.554+0000] {processor.py:183} INFO - Processing /opt/airflow/dags/main.py took 0.531 seconds
[2026-05-26T11:12:40.916+0000] {processor.py:161} INFO - Started process (PID=353) to work on /opt/airflow/dags/main.py
[2026-05-26T11:12:40.919+0000] {processor.py:830} INFO - Processing file /opt/airflow/dags/main.py for tasks to queue
[2026-05-26T11:12:40.921+0000] {logging_mixin.py:188} INFO - [2026-05-26T11:12:40.921+0000] {dagbag.py:545} INFO - Filling up the DagBag from /opt/airflow/dags/main.py
[2026-05-26T11:12:41.183+0000] {processor.py:840} INFO - DAG(s) 'update_db', 'produce_json' retrieved from /opt/airflow/dags/main.py
[2026-05-26T11:12:41.220+0000] {logging_mixin.py:188} INFO - [2026-05-26T11:12:41.219+0000] {dag.py:3096} INFO - Sync 2 DAGs
[2026-05-26T11:12:41.249+0000] {logging_mixin.py:188} INFO - [2026-05-26T11:12:41.248+0000] {dag.py:3954} INFO - Setting next_dagrun for produce_json to 2026-05-26 11:00:00+00:00, run_after=2026-05-27 11:00:00+00:00
[2026-05-26T11:12:41.259+0000] {logging_mixin.py:188} INFO - [2026-05-26T11:12:41.258+0000] {dag.py:3954} INFO - Setting next_dagrun for update_db to 2026-05-25 12:00:00+00:00, run_after=2026-05-26 12:00:00+00:00
[2026-05-26T11:12:41.349+0000] {processor.py:183} INFO - Processing /opt/airflow/dags/main.py took 0.456 seconds
[2026-05-26T11:13:11.752+0000] {processor.py:161} INFO - Started process (PID=360) to work on /opt/airflow/dags/main.py
[2026-05-26T11:13:11.754+0000] {processor.py:830} INFO - Processing file /opt/airflow/dags/main.py for tasks to queue
[2026-05-26T11:13:11.756+0000] {logging_mixin.py:188} INFO - [2026-05-26T11:13:11.755+0000] {dagbag.py:545} INFO - Filling up the DagBag from /opt/airflow/dags/main.py
[2026-05-26T11:13:11.922+0000] {processor.py:840} INFO - DAG(s) 'produce_json', 'update_db' retrieved from /opt/airflow/dags/main.py
[2026-05-26T11:13:11.967+0000] {logging_mixin.py:188} INFO - [2026-05-26T11:13:11.967+0000] {dag.py:3096} INFO - Sync 2 DAGs
[2026-05-26T11:13:12.017+0000] {logging_mixin.py:188} INFO - [2026-05-26T11:13:12.017+0000] {dag.py:3954} INFO - Setting next_dagrun for produce_json to 2026-05-26 11:00:00+00:00, run_after=2026-05-27 11:00:00+00:00
[2026-05-26T11:13:12.031+0000] {logging_mixin.py:188} INFO - [2026-05-26T11:13:12.030+0000] {dag.py:3954} INFO - Setting next_dagrun for update_db to 2026-05-25 12:00:00+00:00, run_after=2026-05-26 12:00:00+00:00
[2026-05-26T11:13:12.059+0000] {processor.py:183} INFO - Processing /opt/airflow/dags/main.py took 0.316 seconds
[2026-05-26T11:13:42.484+0000] {processor.py:161} INFO - Started process (PID=373) to work on /opt/airflow/dags/main.py
[2026-05-26T11:13:42.486+0000] {processor.py:830} INFO - Processing file /opt/airflow/dags/main.py for tasks to queue
[2026-05-26T11:13:42.488+0000] {logging_mixin.py:188} INFO - [2026-05-26T11:13:42.487+0000] {dagbag.py:545} INFO - Filling up the DagBag from /opt/airflow/dags/main.py
[2026-05-26T11:13:42.707+0000] {processor.py:840} INFO - DAG(s) 'produce_json', 'update_db' retrieved from /opt/airflow/dags/main.py
[2026-05-26T11:13:42.754+0000] {logging_mixin.py:188} INFO - [2026-05-26T11:13:42.753+0000] {dag.py:3096} INFO - Sync 2 DAGs
[2026-05-26T11:13:42.794+0000] {logging_mixin.py:188} INFO - [2026-05-26T11:13:42.793+0000] {dag.py:3954} INFO - Setting next_dagrun for produce_json to 2026-05-26 11:00:00+00:00, run_after=2026-05-27 11:00:00+00:00
[2026-05-26T11:13:42.806+0000] {logging_mixin.py:188} INFO - [2026-05-26T11:13:42.806+0000] {dag.py:3954} INFO - Setting next_dagrun for update_db to 2026-05-25 12:00:00+00:00, run_after=2026-05-26 12:00:00+00:00
[2026-05-26T11:13:42.900+0000] {processor.py:183} INFO - Processing /opt/airflow/dags/main.py took 0.431 seconds
[2026-05-26T11:14:13.386+0000] {processor.py:161} INFO - Started process (PID=380) to work on /opt/airflow/dags/main.py
[2026-05-26T11:14:13.389+0000] {processor.py:830} INFO - Processing file /opt/airflow/dags/main.py for tasks to queue
[2026-05-26T11:14:13.391+0000] {logging_mixin.py:188} INFO - [2026-05-26T11:14:13.390+0000] {dagbag.py:545} INFO - Filling up the DagBag from /opt/airflow/dags/main.py
[2026-05-26T11:14:13.708+0000] {processor.py:840} INFO - DAG(s) 'update_db', 'produce_json' retrieved from /opt/airflow/dags/main.py
[2026-05-26T11:14:13.777+0000] {logging_mixin.py:188} INFO - [2026-05-26T11:14:13.776+0000] {dag.py:3096} INFO - Sync 2 DAGs
[2026-05-26T11:14:13.822+0000] {logging_mixin.py:188} INFO - [2026-05-26T11:14:13.822+0000] {dag.py:3954} INFO - Setting next_dagrun for produce_json to 2026-05-26 11:00:00+00:00, run_after=2026-05-27 11:00:00+00:00
[2026-05-26T11:14:13.833+0000] {logging_mixin.py:188} INFO - [2026-05-26T11:14:13.833+0000] {dag.py:3954} INFO - Setting next_dagrun for update_db to 2026-05-25 12:00:00+00:00, run_after=2026-05-26 12:00:00+00:00
[2026-05-26T11:14:13.858+0000] {processor.py:183} INFO - Processing /opt/airflow/dags/main.py took 0.498 seconds
[2026-05-26T11:14:44.291+0000] {processor.py:161} INFO - Started process (PID=387) to work on /opt/airflow/dags/main.py
[2026-05-26T11:14:44.294+0000] {processor.py:830} INFO - Processing file /opt/airflow/dags/main.py for tasks to queue
[2026-05-26T11:14:44.296+0000] {logging_mixin.py:188} INFO - [2026-05-26T11:14:44.296+0000] {dagbag.py:545} INFO - Filling up the DagBag from /opt/airflow/dags/main.py
[2026-05-26T11:14:44.548+0000] {processor.py:840} INFO - DAG(s) 'produce_json', 'update_db' retrieved from /opt/airflow/dags/main.py
[2026-05-26T11:14:44.596+0000] {logging_mixin.py:188} INFO - [2026-05-26T11:14:44.595+0000] {dag.py:3096} INFO - Sync 2 DAGs
[2026-05-26T11:14:44.633+0000] {logging_mixin.py:188} INFO - [2026-05-26T11:14:44.633+0000] {dag.py:3954} INFO - Setting next_dagrun for produce_json to 2026-05-26 11:00:00+00:00, run_after=2026-05-27 11:00:00+00:00
[2026-05-26T11:14:44.641+0000] {logging_mixin.py:188} INFO - [2026-05-26T11:14:44.641+0000] {dag.py:3954} INFO - Setting next_dagrun for update_db to 2026-05-25 12:00:00+00:00, run_after=2026-05-26 12:00:00+00:00
[2026-05-26T11:14:44.708+0000] {processor.py:183} INFO - Processing /opt/airflow/dags/main.py took 0.432 seconds
[2026-05-26T11:15:15.138+0000] {processor.py:161} INFO - Started process (PID=394) to work on /opt/airflow/dags/main.py
[2026-05-26T11:15:15.140+0000] {processor.py:830} INFO - Processing file /opt/airflow/dags/main.py for tasks to queue
[2026-05-26T11:15:15.141+0000] {logging_mixin.py:188} INFO - [2026-05-26T11:15:15.141+0000] {dagbag.py:545} INFO - Filling up the DagBag from /opt/airflow/dags/main.py
[2026-05-26T11:15:15.314+0000] {processor.py:840} INFO - DAG(s) 'update_db', 'produce_json' retrieved from /opt/airflow/dags/main.py
[2026-05-26T11:15:15.355+0000] {logging_mixin.py:188} INFO - [2026-05-26T11:15:15.354+0000] {dag.py:3096} INFO - Sync 2 DAGs
[2026-05-26T11:15:15.390+0000] {logging_mixin.py:188} INFO - [2026-05-26T11:15:15.389+0000] {dag.py:3954} INFO - Setting next_dagrun for produce_json to 2026-05-26 11:00:00+00:00, run_after=2026-05-27 11:00:00+00:00
[2026-05-26T11:15:15.397+0000] {logging_mixin.py:188} INFO - [2026-05-26T11:15:15.397+0000] {dag.py:3954} INFO - Setting next_dagrun for update_db to 2026-05-25 12:00:00+00:00, run_after=2026-05-26 12:00:00+00:00
[2026-05-26T11:15:15.432+0000] {processor.py:183} INFO - Processing /opt/airflow/dags/main.py took 0.302 seconds
[2026-05-26T11:15:45.865+0000] {processor.py:161} INFO - Started process (PID=401) to work on /opt/airflow/dags/main.py
[2026-05-26T11:15:45.868+0000] {processor.py:830} INFO - Processing file /opt/airflow/dags/main.py for tasks to queue
[2026-05-26T11:15:45.875+0000] {logging_mixin.py:188} INFO - [2026-05-26T11:15:45.873+0000] {dagbag.py:545} INFO - Filling up the DagBag from /opt/airflow/dags/main.py
[2026-05-26T11:15:46.111+0000] {processor.py:840} INFO - DAG(s) 'produce_json', 'update_db' retrieved from /opt/airflow/dags/main.py
[2026-05-26T11:15:46.161+0000] {logging_mixin.py:188} INFO - [2026-05-26T11:15:46.161+0000] {dag.py:3096} INFO - Sync 2 DAGs
[2026-05-26T11:15:46.194+0000] {logging_mixin.py:188} INFO - [2026-05-26T11:15:46.194+0000] {dag.py:3954} INFO - Setting next_dagrun for produce_json to 2026-05-26 11:00:00+00:00, run_after=2026-05-27 11:00:00+00:00
[2026-05-26T11:15:46.202+0000] {logging_mixin.py:188} INFO - [2026-05-26T11:15:46.201+0000] {dag.py:3954} INFO - Setting next_dagrun for update_db to 2026-05-25 12:00:00+00:00, run_after=2026-05-26 12:00:00+00:00
[2026-05-26T11:15:46.287+0000] {processor.py:183} INFO - Processing /opt/airflow/dags/main.py took 0.439 seconds
[2026-05-26T11:16:16.691+0000] {processor.py:161} INFO - Started process (PID=408) to work on /opt/airflow/dags/main.py
[2026-05-26T11:16:16.693+0000] {processor.py:830} INFO - Processing file /opt/airflow/dags/main.py for tasks to queue
[2026-05-26T11:16:16.695+0000] {logging_mixin.py:188} INFO - [2026-05-26T11:16:16.695+0000] {dagbag.py:545} INFO - Filling up the DagBag from /opt/airflow/dags/main.py
[2026-05-26T11:16:16.973+0000] {processor.py:840} INFO - DAG(s) 'produce_json', 'update_db' retrieved from /opt/airflow/dags/main.py
[2026-05-26T11:16:17.031+0000] {logging_mixin.py:188} INFO - [2026-05-26T11:16:17.030+0000] {dag.py:3096} INFO - Sync 2 DAGs
[2026-05-26T11:16:17.066+0000] {logging_mixin.py:188} INFO - [2026-05-26T11:16:17.065+0000] {dag.py:3954} INFO - Setting next_dagrun for produce_json to 2026-05-26 11:00:00+00:00, run_after=2026-05-27 11:00:00+00:00
[2026-05-26T11:16:17.074+0000] {logging_mixin.py:188} INFO - [2026-05-26T11:16:17.073+0000] {dag.py:3954} INFO - Setting next_dagrun for update_db to 2026-05-25 12:00:00+00:00, run_after=2026-05-26 12:00:00+00:00
[2026-05-26T11:16:17.140+0000] {processor.py:183} INFO - Processing /opt/airflow/dags/main.py took 0.462 seconds
[2026-05-26T11:16:47.553+0000] {processor.py:161} INFO - Started process (PID=415) to work on /opt/airflow/dags/main.py
[2026-05-26T11:16:47.556+0000] {processor.py:830} INFO - Processing file /opt/airflow/dags/main.py for tasks to queue
[2026-05-26T11:16:47.559+0000] {logging_mixin.py:188} INFO - [2026-05-26T11:16:47.558+0000] {dagbag.py:545} INFO - Filling up the DagBag from /opt/airflow/dags/main.py
[2026-05-26T11:16:47.809+0000] {processor.py:840} INFO - DAG(s) 'produce_json', 'update_db' retrieved from /opt/airflow/dags/main.py
[2026-05-26T11:16:47.883+0000] {logging_mixin.py:188} INFO - [2026-05-26T11:16:47.883+0000] {dag.py:3096} INFO - Sync 2 DAGs
[2026-05-26T11:16:47.932+0000] {logging_mixin.py:188} INFO - [2026-05-26T11:16:47.932+0000] {dag.py:3954} INFO - Setting next_dagrun for produce_json to 2026-05-26 11:00:00+00:00, run_after=2026-05-27 11:00:00+00:00
[2026-05-26T11:16:47.941+0000] {logging_mixin.py:188} INFO - [2026-05-26T11:16:47.941+0000] {dag.py:3954} INFO - Setting next_dagrun for update_db to 2026-05-25 12:00:00+00:00, run_after=2026-05-26 12:00:00+00:00
[2026-05-26T11:16:47.991+0000] {processor.py:183} INFO - Processing /opt/airflow/dags/main.py took 0.459 seconds
[2026-05-26T11:17:18.467+0000] {processor.py:161} INFO - Started process (PID=423) to work on /opt/airflow/dags/main.py
[2026-05-26T11:17:18.470+0000] {processor.py:830} INFO - Processing file /opt/airflow/dags/main.py for tasks to queue
[2026-05-26T11:17:18.472+0000] {logging_mixin.py:188} INFO - [2026-05-26T11:17:18.471+0000] {dagbag.py:545} INFO - Filling up the DagBag from /opt/airflow/dags/main.py
[2026-05-26T11:17:18.750+0000] {processor.py:840} INFO - DAG(s) 'update_db', 'produce_json' retrieved from /opt/airflow/dags/main.py
[2026-05-26T11:17:18.807+0000] {logging_mixin.py:188} INFO - [2026-05-26T11:17:18.807+0000] {dag.py:3096} INFO - Sync 2 DAGs
[2026-05-26T11:17:18.848+0000] {logging_mixin.py:188} INFO - [2026-05-26T11:17:18.848+0000] {dag.py:3954} INFO - Setting next_dagrun for produce_json to 2026-05-26 11:00:00+00:00, run_after=2026-05-27 11:00:00+00:00
[2026-05-26T11:17:18.859+0000] {logging_mixin.py:188} INFO - [2026-05-26T11:17:18.859+0000] {dag.py:3954} INFO - Setting next_dagrun for update_db to 2026-05-25 12:00:00+00:00, run_after=2026-05-26 12:00:00+00:00
[2026-05-26T11:17:18.894+0000] {processor.py:183} INFO - Processing /opt/airflow/dags/main.py took 0.448 seconds
[2026-05-26T11:17:49.247+0000] {processor.py:161} INFO - Started process (PID=430) to work on /opt/airflow/dags/main.py
[2026-05-26T11:17:49.249+0000] {processor.py:830} INFO - Processing file /opt/airflow/dags/main.py for tasks to queue
[2026-05-26T11:17:49.251+0000] {logging_mixin.py:188} INFO - [2026-05-26T11:17:49.250+0000] {dagbag.py:545} INFO - Filling up the DagBag from /opt/airflow/dags/main.py
[2026-05-26T11:17:49.511+0000] {processor.py:840} INFO - DAG(s) 'update_db', 'produce_json' retrieved from /opt/airflow/dags/main.py
[2026-05-26T11:17:49.557+0000] {logging_mixin.py:188} INFO - [2026-05-26T11:17:49.557+0000] {dag.py:3096} INFO - Sync 2 DAGs
[2026-05-26T11:17:49.587+0000] {logging_mixin.py:188} INFO - [2026-05-26T11:17:49.587+0000] {dag.py:3954} INFO - Setting next_dagrun for produce_json to 2026-05-26 11:00:00+00:00, run_after=2026-05-27 11:00:00+00:00
[2026-05-26T11:17:49.593+0000] {logging_mixin.py:188} INFO - [2026-05-26T11:17:49.593+0000] {dag.py:3954} INFO - Setting next_dagrun for update_db to 2026-05-25 12:00:00+00:00, run_after=2026-05-26 12:00:00+00:00
[2026-05-26T11:17:49.664+0000] {processor.py:183} INFO - Processing /opt/airflow/dags/main.py took 0.428 seconds
[2026-05-26T11:18:20.130+0000] {processor.py:161} INFO - Started process (PID=437) to work on /opt/airflow/dags/main.py
[2026-05-26T11:18:20.132+0000] {processor.py:830} INFO - Processing file /opt/airflow/dags/main.py for tasks to queue
[2026-05-26T11:18:20.135+0000] {logging_mixin.py:188} INFO - [2026-05-26T11:18:20.134+0000] {dagbag.py:545} INFO - Filling up the DagBag from /opt/airflow/dags/main.py
[2026-05-26T11:18:20.353+0000] {processor.py:840} INFO - DAG(s) 'produce_json', 'update_db' retrieved from /opt/airflow/dags/main.py
[2026-05-26T11:18:20.399+0000] {logging_mixin.py:188} INFO - [2026-05-26T11:18:20.399+0000] {dag.py:3096} INFO - Sync 2 DAGs
[2026-05-26T11:18:20.432+0000] {logging_mixin.py:188} INFO - [2026-05-26T11:18:20.432+0000] {dag.py:3954} INFO - Setting next_dagrun for produce_json to 2026-05-26 11:00:00+00:00, run_after=2026-05-27 11:00:00+00:00
[2026-05-26T11:18:20.440+0000] {logging_mixin.py:188} INFO - [2026-05-26T11:18:20.440+0000] {dag.py:3954} INFO - Setting next_dagrun for update_db to 2026-05-25 12:00:00+00:00, run_after=2026-05-26 12:00:00+00:00
[2026-05-26T11:18:20.465+0000] {processor.py:183} INFO - Processing /opt/airflow/dags/main.py took 0.352 seconds
[2026-05-26T11:18:50.880+0000] {processor.py:161} INFO - Started process (PID=444) to work on /opt/airflow/dags/main.py
[2026-05-26T11:18:50.881+0000] {processor.py:830} INFO - Processing file /opt/airflow/dags/main.py for tasks to queue
[2026-05-26T11:18:50.883+0000] {logging_mixin.py:188} INFO - [2026-05-26T11:18:50.882+0000] {dagbag.py:545} INFO - Filling up the DagBag from /opt/airflow/dags/main.py
[2026-05-26T11:18:51.061+0000] {processor.py:840} INFO - DAG(s) 'produce_json', 'update_db' retrieved from /opt/airflow/dags/main.py
[2026-05-26T11:18:51.109+0000] {logging_mixin.py:188} INFO - [2026-05-26T11:18:51.108+0000] {dag.py:3096} INFO - Sync 2 DAGs
[2026-05-26T11:18:51.143+0000] {logging_mixin.py:188} INFO - [2026-05-26T11:18:51.142+0000] {dag.py:3954} INFO - Setting next_dagrun for produce_json to 2026-05-26 11:00:00+00:00, run_after=2026-05-27 11:00:00+00:00
[2026-05-26T11:18:51.151+0000] {logging_mixin.py:188} INFO - [2026-05-26T11:18:51.151+0000] {dag.py:3954} INFO - Setting next_dagrun for update_db to 2026-05-25 12:00:00+00:00, run_after=2026-05-26 12:00:00+00:00
[2026-05-26T11:18:51.217+0000] {processor.py:183} INFO - Processing /opt/airflow/dags/main.py took 0.346 seconds
[2026-05-26T11:19:21.624+0000] {processor.py:161} INFO - Started process (PID=451) to work on /opt/airflow/dags/main.py
[2026-05-26T11:19:21.626+0000] {processor.py:830} INFO - Processing file /opt/airflow/dags/main.py for tasks to queue
[2026-05-26T11:19:21.627+0000] {logging_mixin.py:188} INFO - [2026-05-26T11:19:21.626+0000] {dagbag.py:545} INFO - Filling up the DagBag from /opt/airflow/dags/main.py
[2026-05-26T11:19:21.793+0000] {processor.py:840} INFO - DAG(s) 'produce_json', 'update_db' retrieved from /opt/airflow/dags/main.py
[2026-05-26T11:19:21.836+0000] {logging_mixin.py:188} INFO - [2026-05-26T11:19:21.836+0000] {dag.py:3096} INFO - Sync 2 DAGs
[2026-05-26T11:19:21.869+0000] {logging_mixin.py:188} INFO - [2026-05-26T11:19:21.869+0000] {dag.py:3954} INFO - Setting next_dagrun for produce_json to 2026-05-26 11:00:00+00:00, run_after=2026-05-27 11:00:00+00:00
[2026-05-26T11:19:21.878+0000] {logging_mixin.py:188} INFO - [2026-05-26T11:19:21.878+0000] {dag.py:3954} INFO - Setting next_dagrun for update_db to 2026-05-25 12:00:00+00:00, run_after=2026-05-26 12:00:00+00:00
[2026-05-26T11:19:21.936+0000] {processor.py:183} INFO - Processing /opt/airflow/dags/main.py took 0.320 seconds
[2026-05-26T11:19:52.092+0000] {processor.py:161} INFO - Started process (PID=458) to work on /opt/airflow/dags/main.py
[2026-05-26T11:19:52.094+0000] {processor.py:830} INFO - Processing file /opt/airflow/dags/main.py for tasks to queue
[2026-05-26T11:19:52.096+0000] {logging_mixin.py:188} INFO - [2026-05-26T11:19:52.096+0000] {dagbag.py:545} INFO - Filling up the DagBag from /opt/airflow/dags/main.py
[2026-05-26T11:19:52.303+0000] {processor.py:840} INFO - DAG(s) 'produce_json', 'update_db' retrieved from /opt/airflow/dags/main.py
[2026-05-26T11:19:52.372+0000] {logging_mixin.py:188} INFO - [2026-05-26T11:19:52.371+0000] {dag.py:3096} INFO - Sync 2 DAGs
[2026-05-26T11:19:52.414+0000] {logging_mixin.py:188} INFO - [2026-05-26T11:19:52.413+0000] {dag.py:3954} INFO - Setting next_dagrun for produce_json to 2026-05-26 11:00:00+00:00, run_after=2026-05-27 11:00:00+00:00
[2026-05-26T11:19:52.424+0000] {logging_mixin.py:188} INFO - [2026-05-26T11:19:52.424+0000] {dag.py:3954} INFO - Setting next_dagrun for update_db to 2026-05-25 12:00:00+00:00, run_after=2026-05-26 12:00:00+00:00
[2026-05-26T11:19:52.449+0000] {processor.py:183} INFO - Processing /opt/airflow/dags/main.py took 0.375 seconds
[2026-05-26T11:20:22.744+0000] {processor.py:161} INFO - Started process (PID=465) to work on /opt/airflow/dags/main.py
[2026-05-26T11:20:22.746+0000] {processor.py:830} INFO - Processing file /opt/airflow/dags/main.py for tasks to queue
[2026-05-26T11:20:22.748+0000] {logging_mixin.py:188} INFO - [2026-05-26T11:20:22.748+0000] {dagbag.py:545} INFO - Filling up the DagBag from /opt/airflow/dags/main.py
[2026-05-26T11:20:23.001+0000] {processor.py:840} INFO - DAG(s) 'update_db', 'produce_json' retrieved from /opt/airflow/dags/main.py
[2026-05-26T11:20:23.066+0000] {logging_mixin.py:188} INFO - [2026-05-26T11:20:23.066+0000] {dag.py:3096} INFO - Sync 2 DAGs
[2026-05-26T11:20:23.099+0000] {logging_mixin.py:188} INFO - [2026-05-26T11:20:23.098+0000] {dag.py:3954} INFO - Setting next_dagrun for produce_json to 2026-05-26 11:00:00+00:00, run_after=2026-05-27 11:00:00+00:00
[2026-05-26T11:20:23.108+0000] {logging_mixin.py:188} INFO - [2026-05-26T11:20:23.107+0000] {dag.py:3954} INFO - Setting next_dagrun for update_db to 2026-05-25 12:00:00+00:00, run_after=2026-05-26 12:00:00+00:00
[2026-05-26T11:20:23.189+0000] {processor.py:183} INFO - Processing /opt/airflow/dags/main.py took 0.461 seconds
[2026-05-26T11:20:53.671+0000] {processor.py:161} INFO - Started process (PID=472) to work on /opt/airflow/dags/main.py
[2026-05-26T11:20:53.674+0000] {processor.py:830} INFO - Processing file /opt/airflow/dags/main.py for tasks to queue
[2026-05-26T11:20:53.676+0000] {logging_mixin.py:188} INFO - [2026-05-26T11:20:53.675+0000] {dagbag.py:545} INFO - Filling up the DagBag from /opt/airflow/dags/main.py
[2026-05-26T11:20:53.890+0000] {processor.py:840} INFO - DAG(s) 'produce_json', 'update_db' retrieved from /opt/airflow/dags/main.py
[2026-05-26T11:20:53.948+0000] {logging_mixin.py:188} INFO - [2026-05-26T11:20:53.948+0000] {dag.py:3096} INFO - Sync 2 DAGs
[2026-05-26T11:20:53.973+0000] {logging_mixin.py:188} INFO - [2026-05-26T11:20:53.973+0000] {dag.py:3954} INFO - Setting next_dagrun for produce_json to 2026-05-26 11:00:00+00:00, run_after=2026-05-27 11:00:00+00:00
[2026-05-26T11:20:53.979+0000] {logging_mixin.py:188} INFO - [2026-05-26T11:20:53.979+0000] {dag.py:3954} INFO - Setting next_dagrun for update_db to 2026-05-25 12:00:00+00:00, run_after=2026-05-26 12:00:00+00:00
[2026-05-26T11:20:54.048+0000] {processor.py:183} INFO - Processing /opt/airflow/dags/main.py took 0.397 seconds
[2026-05-26T11:21:24.573+0000] {processor.py:161} INFO - Started process (PID=479) to work on /opt/airflow/dags/main.py
[2026-05-26T11:21:24.576+0000] {processor.py:830} INFO - Processing file /opt/airflow/dags/main.py for tasks to queue
[2026-05-26T11:21:24.579+0000] {logging_mixin.py:188} INFO - [2026-05-26T11:21:24.578+0000] {dagbag.py:545} INFO - Filling up the DagBag from /opt/airflow/dags/main.py
[2026-05-26T11:21:24.898+0000] {processor.py:840} INFO - DAG(s) 'produce_json', 'update_db' retrieved from /opt/airflow/dags/main.py
[2026-05-26T11:21:24.951+0000] {logging_mixin.py:188} INFO - [2026-05-26T11:21:24.950+0000] {dag.py:3096} INFO - Sync 2 DAGs
[2026-05-26T11:21:24.987+0000] {logging_mixin.py:188} INFO - [2026-05-26T11:21:24.987+0000] {dag.py:3954} INFO - Setting next_dagrun for produce_json to 2026-05-26 11:00:00+00:00, run_after=2026-05-27 11:00:00+00:00
[2026-05-26T11:21:24.997+0000] {logging_mixin.py:188} INFO - [2026-05-26T11:21:24.997+0000] {dag.py:3954} INFO - Setting next_dagrun for update_db to 2026-05-25 12:00:00+00:00, run_after=2026-05-26 12:00:00+00:00
[2026-05-26T11:21:25.088+0000] {processor.py:183} INFO - Processing /opt/airflow/dags/main.py took 0.543 seconds
[2026-05-26T11:21:55.426+0000] {processor.py:161} INFO - Started process (PID=486) to work on /opt/airflow/dags/main.py
[2026-05-26T11:21:55.428+0000] {processor.py:830} INFO - Processing file /opt/airflow/dags/main.py for tasks to queue
[2026-05-26T11:21:55.430+0000] {logging_mixin.py:188} INFO - [2026-05-26T11:21:55.430+0000] {dagbag.py:545} INFO - Filling up the DagBag from /opt/airflow/dags/main.py
[2026-05-26T11:21:55.731+0000] {processor.py:840} INFO - DAG(s) 'update_db', 'produce_json' retrieved from /opt/airflow/dags/main.py
[2026-05-26T11:21:55.777+0000] {logging_mixin.py:188} INFO - [2026-05-26T11:21:55.777+0000] {dag.py:3096} INFO - Sync 2 DAGs
[2026-05-26T11:21:55.813+0000] {logging_mixin.py:188} INFO - [2026-05-26T11:21:55.812+0000] {dag.py:3954} INFO - Setting next_dagrun for produce_json to 2026-05-26 11:00:00+00:00, run_after=2026-05-27 11:00:00+00:00
[2026-05-26T11:21:55.824+0000] {logging_mixin.py:188} INFO - [2026-05-26T11:21:55.824+0000] {dag.py:3954} INFO - Setting next_dagrun for update_db to 2026-05-25 12:00:00+00:00, run_after=2026-05-26 12:00:00+00:00
[2026-05-26T11:21:55.899+0000] {processor.py:183} INFO - Processing /opt/airflow/dags/main.py took 0.494 seconds
[2026-05-26T11:22:26.395+0000] {processor.py:161} INFO - Started process (PID=493) to work on /opt/airflow/dags/main.py
[2026-05-26T11:22:26.398+0000] {processor.py:830} INFO - Processing file /opt/airflow/dags/main.py for tasks to queue
[2026-05-26T11:22:26.401+0000] {logging_mixin.py:188} INFO - [2026-05-26T11:22:26.400+0000] {dagbag.py:545} INFO - Filling up the DagBag from /opt/airflow/dags/main.py
[2026-05-26T11:22:26.686+0000] {processor.py:840} INFO - DAG(s) 'update_db', 'produce_json' retrieved from /opt/airflow/dags/main.py
[2026-05-26T11:22:26.750+0000] {logging_mixin.py:188} INFO - [2026-05-26T11:22:26.750+0000] {dag.py:3096} INFO - Sync 2 DAGs
[2026-05-26T11:22:26.796+0000] {logging_mixin.py:188} INFO - [2026-05-26T11:22:26.795+0000] {dag.py:3954} INFO - Setting next_dagrun for produce_json to 2026-05-26 11:00:00+00:00, run_after=2026-05-27 11:00:00+00:00
[2026-05-26T11:22:26.809+0000] {logging_mixin.py:188} INFO - [2026-05-26T11:22:26.808+0000] {dag.py:3954} INFO - Setting next_dagrun for update_db to 2026-05-25 12:00:00+00:00, run_after=2026-05-26 12:00:00+00:00
[2026-05-26T11:22:26.912+0000] {processor.py:183} INFO - Processing /opt/airflow/dags/main.py took 0.541 seconds
[2026-05-26T11:22:57.273+0000] {processor.py:161} INFO - Started process (PID=500) to work on /opt/airflow/dags/main.py
[2026-05-26T11:22:57.276+0000] {processor.py:830} INFO - Processing file /opt/airflow/dags/main.py for tasks to queue
[2026-05-26T11:22:57.279+0000] {logging_mixin.py:188} INFO - [2026-05-26T11:22:57.278+0000] {dagbag.py:545} INFO - Filling up the DagBag from /opt/airflow/dags/main.py
[2026-05-26T11:22:57.593+0000] {processor.py:840} INFO - DAG(s) 'produce_json', 'update_db' retrieved from /opt/airflow/dags/main.py
[2026-05-26T11:22:57.651+0000] {logging_mixin.py:188} INFO - [2026-05-26T11:22:57.651+0000] {dag.py:3096} INFO - Sync 2 DAGs
[2026-05-26T11:22:57.677+0000] {logging_mixin.py:188} INFO - [2026-05-26T11:22:57.677+0000] {dag.py:3954} INFO - Setting next_dagrun for produce_json to 2026-05-26 11:00:00+00:00, run_after=2026-05-27 11:00:00+00:00
[2026-05-26T11:22:57.685+0000] {logging_mixin.py:188} INFO - [2026-05-26T11:22:57.685+0000] {dag.py:3954} INFO - Setting next_dagrun for update_db to 2026-05-25 12:00:00+00:00, run_after=2026-05-26 12:00:00+00:00
[2026-05-26T11:22:57.706+0000] {processor.py:183} INFO - Processing /opt/airflow/dags/main.py took 0.452 seconds
[2026-05-26T11:23:28.262+0000] {processor.py:161} INFO - Started process (PID=507) to work on /opt/airflow/dags/main.py
[2026-05-26T11:23:28.264+0000] {processor.py:830} INFO - Processing file /opt/airflow/dags/main.py for tasks to queue
[2026-05-26T11:23:28.267+0000] {logging_mixin.py:188} INFO - [2026-05-26T11:23:28.266+0000] {dagbag.py:545} INFO - Filling up the DagBag from /opt/airflow/dags/main.py
[2026-05-26T11:23:28.530+0000] {processor.py:840} INFO - DAG(s) 'produce_json', 'update_db' retrieved from /opt/airflow/dags/main.py
[2026-05-26T11:23:28.604+0000] {logging_mixin.py:188} INFO - [2026-05-26T11:23:28.603+0000] {dag.py:3096} INFO - Sync 2 DAGs
[2026-05-26T11:23:28.657+0000] {logging_mixin.py:188} INFO - [2026-05-26T11:23:28.657+0000] {dag.py:3954} INFO - Setting next_dagrun for produce_json to 2026-05-26 11:00:00+00:00, run_after=2026-05-27 11:00:00+00:00
[2026-05-26T11:23:28.668+0000] {logging_mixin.py:188} INFO - [2026-05-26T11:23:28.668+0000] {dag.py:3954} INFO - Setting next_dagrun for update_db to 2026-05-25 12:00:00+00:00, run_after=2026-05-26 12:00:00+00:00
[2026-05-26T11:23:28.757+0000] {processor.py:183} INFO - Processing /opt/airflow/dags/main.py took 0.510 seconds
[2026-05-26T11:23:59.259+0000] {processor.py:161} INFO - Started process (PID=514) to work on /opt/airflow/dags/main.py
[2026-05-26T11:23:59.262+0000] {processor.py:830} INFO - Processing file /opt/airflow/dags/main.py for tasks to queue
[2026-05-26T11:23:59.264+0000] {logging_mixin.py:188} INFO - [2026-05-26T11:23:59.263+0000] {dagbag.py:545} INFO - Filling up the DagBag from /opt/airflow/dags/main.py
[2026-05-26T11:23:59.536+0000] {processor.py:840} INFO - DAG(s) 'produce_json', 'update_db' retrieved from /opt/airflow/dags/main.py
[2026-05-26T11:23:59.610+0000] {logging_mixin.py:188} INFO - [2026-05-26T11:23:59.609+0000] {dag.py:3096} INFO - Sync 2 DAGs
[2026-05-26T11:23:59.663+0000] {logging_mixin.py:188} INFO - [2026-05-26T11:23:59.662+0000] {dag.py:3954} INFO - Setting next_dagrun for produce_json to 2026-05-26 11:00:00+00:00, run_after=2026-05-27 11:00:00+00:00
[2026-05-26T11:23:59.675+0000] {logging_mixin.py:188} INFO - [2026-05-26T11:23:59.675+0000] {dag.py:3954} INFO - Setting next_dagrun for update_db to 2026-05-25 12:00:00+00:00, run_after=2026-05-26 12:00:00+00:00
[2026-05-26T11:23:59.762+0000] {processor.py:183} INFO - Processing /opt/airflow/dags/main.py took 0.523 seconds
[2026-05-26T11:24:30.062+0000] {processor.py:161} INFO - Started process (PID=521) to work on /opt/airflow/dags/main.py
[2026-05-26T11:24:30.063+0000] {processor.py:830} INFO - Processing file /opt/airflow/dags/main.py for tasks to queue
[2026-05-26T11:24:30.066+0000] {logging_mixin.py:188} INFO - [2026-05-26T11:24:30.065+0000] {dagbag.py:545} INFO - Filling up the DagBag from /opt/airflow/dags/main.py
[2026-05-26T11:24:30.349+0000] {processor.py:840} INFO - DAG(s) 'update_db', 'produce_json' retrieved from /opt/airflow/dags/main.py
[2026-05-26T11:24:30.418+0000] {logging_mixin.py:188} INFO - [2026-05-26T11:24:30.418+0000] {dag.py:3096} INFO - Sync 2 DAGs
[2026-05-26T11:24:30.472+0000] {logging_mixin.py:188} INFO - [2026-05-26T11:24:30.471+0000] {dag.py:3954} INFO - Setting next_dagrun for produce_json to 2026-05-26 11:00:00+00:00, run_after=2026-05-27 11:00:00+00:00
[2026-05-26T11:24:30.481+0000] {logging_mixin.py:188} INFO - [2026-05-26T11:24:30.481+0000] {dag.py:3954} INFO - Setting next_dagrun for update_db to 2026-05-25 12:00:00+00:00, run_after=2026-05-26 12:00:00+00:00
[2026-05-26T11:24:30.507+0000] {processor.py:183} INFO - Processing /opt/airflow/dags/main.py took 0.460 seconds
[2026-05-26T11:25:00.950+0000] {processor.py:161} INFO - Started process (PID=528) to work on /opt/airflow/dags/main.py
[2026-05-26T11:25:00.953+0000] {processor.py:830} INFO - Processing file /opt/airflow/dags/main.py for tasks to queue
[2026-05-26T11:25:00.955+0000] {logging_mixin.py:188} INFO - [2026-05-26T11:25:00.954+0000] {dagbag.py:545} INFO - Filling up the DagBag from /opt/airflow/dags/main.py
[2026-05-26T11:25:01.255+0000] {processor.py:840} INFO - DAG(s) 'produce_json', 'update_db' retrieved from /opt/airflow/dags/main.py
[2026-05-26T11:25:01.319+0000] {logging_mixin.py:188} INFO - [2026-05-26T11:25:01.319+0000] {dag.py:3096} INFO - Sync 2 DAGs
[2026-05-26T11:25:01.349+0000] {logging_mixin.py:188} INFO - [2026-05-26T11:25:01.348+0000] {dag.py:3954} INFO - Setting next_dagrun for produce_json to 2026-05-26 11:00:00+00:00, run_after=2026-05-27 11:00:00+00:00
[2026-05-26T11:25:01.357+0000] {logging_mixin.py:188} INFO - [2026-05-26T11:25:01.357+0000] {dag.py:3954} INFO - Setting next_dagrun for update_db to 2026-05-25 12:00:00+00:00, run_after=2026-05-26 12:00:00+00:00
[2026-05-26T11:25:01.402+0000] {processor.py:183} INFO - Processing /opt/airflow/dags/main.py took 0.467 seconds
[2026-05-26T11:25:31.814+0000] {processor.py:161} INFO - Started process (PID=535) to work on /opt/airflow/dags/main.py
[2026-05-26T11:25:31.817+0000] {processor.py:830} INFO - Processing file /opt/airflow/dags/main.py for tasks to queue
[2026-05-26T11:25:31.820+0000] {logging_mixin.py:188} INFO - [2026-05-26T11:25:31.819+0000] {dagbag.py:545} INFO - Filling up the DagBag from /opt/airflow/dags/main.py
[2026-05-26T11:25:32.076+0000] {processor.py:840} INFO - DAG(s) 'update_db', 'produce_json' retrieved from /opt/airflow/dags/main.py
[2026-05-26T11:25:32.146+0000] {logging_mixin.py:188} INFO - [2026-05-26T11:25:32.145+0000] {dag.py:3096} INFO - Sync 2 DAGs
[2026-05-26T11:25:32.201+0000] {logging_mixin.py:188} INFO - [2026-05-26T11:25:32.201+0000] {dag.py:3954} INFO - Setting next_dagrun for produce_json to 2026-05-26 11:00:00+00:00, run_after=2026-05-27 11:00:00+00:00
[2026-05-26T11:25:32.216+0000] {logging_mixin.py:188} INFO - [2026-05-26T11:25:32.216+0000] {dag.py:3954} INFO - Setting next_dagrun for update_db to 2026-05-25 12:00:00+00:00, run_after=2026-05-26 12:00:00+00:00
[2026-05-26T11:25:32.317+0000] {processor.py:183} INFO - Processing /opt/airflow/dags/main.py took 0.519 seconds
[2026-05-26T11:26:02.629+0000] {processor.py:161} INFO - Started process (PID=542) to work on /opt/airflow/dags/main.py
[2026-05-26T11:26:02.631+0000] {processor.py:830} INFO - Processing file /opt/airflow/dags/main.py for tasks to queue
[2026-05-26T11:26:02.632+0000] {logging_mixin.py:188} INFO - [2026-05-26T11:26:02.632+0000] {dagbag.py:545} INFO - Filling up the DagBag from /opt/airflow/dags/main.py
[2026-05-26T11:26:02.791+0000] {processor.py:840} INFO - DAG(s) 'produce_json', 'update_db' retrieved from /opt/airflow/dags/main.py
[2026-05-26T11:26:02.831+0000] {logging_mixin.py:188} INFO - [2026-05-26T11:26:02.831+0000] {dag.py:3096} INFO - Sync 2 DAGs
[2026-05-26T11:26:02.862+0000] {logging_mixin.py:188} INFO - [2026-05-26T11:26:02.862+0000] {dag.py:3954} INFO - Setting next_dagrun for produce_json to 2026-05-26 11:00:00+00:00, run_after=2026-05-27 11:00:00+00:00
[2026-05-26T11:26:02.869+0000] {logging_mixin.py:188} INFO - [2026-05-26T11:26:02.869+0000] {dag.py:3954} INFO - Setting next_dagrun for update_db to 2026-05-25 12:00:00+00:00, run_after=2026-05-26 12:00:00+00:00
[2026-05-26T11:26:02.890+0000] {processor.py:183} INFO - Processing /opt/airflow/dags/main.py took 0.274 seconds
[2026-05-26T11:26:33.059+0000] {processor.py:161} INFO - Started process (PID=549) to work on /opt/airflow/dags/main.py
[2026-05-26T11:26:33.061+0000] {processor.py:830} INFO - Processing file /opt/airflow/dags/main.py for tasks to queue
[2026-05-26T11:26:33.062+0000] {logging_mixin.py:188} INFO - [2026-05-26T11:26:33.062+0000] {dagbag.py:545} INFO - Filling up the DagBag from /opt/airflow/dags/main.py
[2026-05-26T11:26:33.234+0000] {processor.py:840} INFO - DAG(s) 'produce_json', 'update_db' retrieved from /opt/airflow/dags/main.py
[2026-05-26T11:26:33.273+0000] {logging_mixin.py:188} INFO - [2026-05-26T11:26:33.273+0000] {dag.py:3096} INFO - Sync 2 DAGs
[2026-05-26T11:26:33.303+0000] {logging_mixin.py:188} INFO - [2026-05-26T11:26:33.302+0000] {dag.py:3954} INFO - Setting next_dagrun for produce_json to 2026-05-26 11:00:00+00:00, run_after=2026-05-27 11:00:00+00:00
[2026-05-26T11:26:33.310+0000] {logging_mixin.py:188} INFO - [2026-05-26T11:26:33.310+0000] {dag.py:3954} INFO - Setting next_dagrun for update_db to 2026-05-25 12:00:00+00:00, run_after=2026-05-26 12:00:00+00:00
[2026-05-26T11:26:33.370+0000] {processor.py:183} INFO - Processing /opt/airflow/dags/main.py took 0.319 seconds
[2026-05-26T11:27:03.610+0000] {processor.py:161} INFO - Started process (PID=556) to work on /opt/airflow/dags/main.py
[2026-05-26T11:27:03.612+0000] {processor.py:830} INFO - Processing file /opt/airflow/dags/main.py for tasks to queue
[2026-05-26T11:27:03.614+0000] {logging_mixin.py:188} INFO - [2026-05-26T11:27:03.613+0000] {dagbag.py:545} INFO - Filling up the DagBag from /opt/airflow/dags/main.py
[2026-05-26T11:27:03.796+0000] {processor.py:840} INFO - DAG(s) 'update_db', 'produce_json' retrieved from /opt/airflow/dags/main.py
[2026-05-26T11:27:03.845+0000] {logging_mixin.py:188} INFO - [2026-05-26T11:27:03.844+0000] {dag.py:3096} INFO - Sync 2 DAGs
[2026-05-26T11:27:03.877+0000] {logging_mixin.py:188} INFO - [2026-05-26T11:27:03.876+0000] {dag.py:3954} INFO - Setting next_dagrun for produce_json to 2026-05-26 11:00:00+00:00, run_after=2026-05-27 11:00:00+00:00
[2026-05-26T11:27:03.885+0000] {logging_mixin.py:188} INFO - [2026-05-26T11:27:03.885+0000] {dag.py:3954} INFO - Setting next_dagrun for update_db to 2026-05-25 12:00:00+00:00, run_after=2026-05-26 12:00:00+00:00
[2026-05-26T11:27:03.966+0000] {processor.py:183} INFO - Processing /opt/airflow/dags/main.py took 0.370 seconds
[2026-05-26T11:27:34.083+0000] {processor.py:161} INFO - Started process (PID=563) to work on /opt/airflow/dags/main.py
[2026-05-26T11:27:34.085+0000] {processor.py:830} INFO - Processing file /opt/airflow/dags/main.py for tasks to queue
[2026-05-26T11:27:34.088+0000] {logging_mixin.py:188} INFO - [2026-05-26T11:27:34.087+0000] {dagbag.py:545} INFO - Filling up the DagBag from /opt/airflow/dags/main.py
[2026-05-26T11:27:34.328+0000] {processor.py:840} INFO - DAG(s) 'produce_json', 'update_db' retrieved from /opt/airflow/dags/main.py
[2026-05-26T11:27:34.377+0000] {logging_mixin.py:188} INFO - [2026-05-26T11:27:34.376+0000] {dag.py:3096} INFO - Sync 2 DAGs
[2026-05-26T11:27:34.409+0000] {logging_mixin.py:188} INFO - [2026-05-26T11:27:34.408+0000] {dag.py:3954} INFO - Setting next_dagrun for produce_json to 2026-05-26 11:00:00+00:00, run_after=2026-05-27 11:00:00+00:00
[2026-05-26T11:27:34.416+0000] {logging_mixin.py:188} INFO - [2026-05-26T11:27:34.416+0000] {dag.py:3954} INFO - Setting next_dagrun for update_db to 2026-05-25 12:00:00+00:00, run_after=2026-05-26 12:00:00+00:00
[2026-05-26T11:27:34.475+0000] {processor.py:183} INFO - Processing /opt/airflow/dags/main.py took 0.405 seconds
[2026-05-26T11:28:04.730+0000] {processor.py:161} INFO - Started process (PID=570) to work on /opt/airflow/dags/main.py
[2026-05-26T11:28:04.732+0000] {processor.py:830} INFO - Processing file /opt/airflow/dags/main.py for tasks to queue
[2026-05-26T11:28:04.734+0000] {logging_mixin.py:188} INFO - [2026-05-26T11:28:04.733+0000] {dagbag.py:545} INFO - Filling up the DagBag from /opt/airflow/dags/main.py
[2026-05-26T11:28:04.947+0000] {processor.py:840} INFO - DAG(s) 'produce_json', 'update_db' retrieved from /opt/airflow/dags/main.py
[2026-05-26T11:28:04.988+0000] {logging_mixin.py:188} INFO - [2026-05-26T11:28:04.988+0000] {dag.py:3096} INFO - Sync 2 DAGs
[2026-05-26T11:28:05.018+0000] {logging_mixin.py:188} INFO - [2026-05-26T11:28:05.018+0000] {dag.py:3954} INFO - Setting next_dagrun for produce_json to 2026-05-26 11:00:00+00:00, run_after=2026-05-27 11:00:00+00:00
[2026-05-26T11:28:05.025+0000] {logging_mixin.py:188} INFO - [2026-05-26T11:28:05.025+0000] {dag.py:3954} INFO - Setting next_dagrun for update_db to 2026-05-25 12:00:00+00:00, run_after=2026-05-26 12:00:00+00:00
[2026-05-26T11:28:05.050+0000] {processor.py:183} INFO - Processing /opt/airflow/dags/main.py took 0.331 seconds
[2026-05-26T11:28:35.823+0000] {processor.py:161} INFO - Started process (PID=577) to work on /opt/airflow/dags/main.py
[2026-05-26T11:28:35.825+0000] {processor.py:830} INFO - Processing file /opt/airflow/dags/main.py for tasks to queue
[2026-05-26T11:28:35.827+0000] {logging_mixin.py:188} INFO - [2026-05-26T11:28:35.827+0000] {dagbag.py:545} INFO - Filling up the DagBag from /opt/airflow/dags/main.py
[2026-05-26T11:28:36.135+0000] {processor.py:840} INFO - DAG(s) 'update_db', 'produce_json' retrieved from /opt/airflow/dags/main.py
[2026-05-26T11:28:36.179+0000] {logging_mixin.py:188} INFO - [2026-05-26T11:28:36.179+0000] {dag.py:3096} INFO - Sync 2 DAGs
[2026-05-26T11:28:36.210+0000] {logging_mixin.py:188} INFO - [2026-05-26T11:28:36.209+0000] {dag.py:3954} INFO - Setting next_dagrun for produce_json to 2026-05-26 11:00:00+00:00, run_after=2026-05-27 11:00:00+00:00
[2026-05-26T11:28:36.216+0000] {logging_mixin.py:188} INFO - [2026-05-26T11:28:36.216+0000] {dag.py:3954} INFO - Setting next_dagrun for update_db to 2026-05-25 12:00:00+00:00, run_after=2026-05-26 12:00:00+00:00
[2026-05-26T11:28:36.243+0000] {processor.py:183} INFO - Processing /opt/airflow/dags/main.py took 0.437 seconds
[2026-05-26T11:29:06.634+0000] {processor.py:161} INFO - Started process (PID=584) to work on /opt/airflow/dags/main.py
[2026-05-26T11:29:06.636+0000] {processor.py:830} INFO - Processing file /opt/airflow/dags/main.py for tasks to queue
[2026-05-26T11:29:06.638+0000] {logging_mixin.py:188} INFO - [2026-05-26T11:29:06.637+0000] {dagbag.py:545} INFO - Filling up the DagBag from /opt/airflow/dags/main.py
[2026-05-26T11:29:06.825+0000] {processor.py:840} INFO - DAG(s) 'produce_json', 'update_db' retrieved from /opt/airflow/dags/main.py
[2026-05-26T11:29:06.864+0000] {logging_mixin.py:188} INFO - [2026-05-26T11:29:06.863+0000] {dag.py:3096} INFO - Sync 2 DAGs
[2026-05-26T11:29:06.892+0000] {logging_mixin.py:188} INFO - [2026-05-26T11:29:06.891+0000] {dag.py:3954} INFO - Setting next_dagrun for produce_json to 2026-05-26 11:00:00+00:00, run_after=2026-05-27 11:00:00+00:00
[2026-05-26T11:29:06.899+0000] {logging_mixin.py:188} INFO - [2026-05-26T11:29:06.898+0000] {dag.py:3954} INFO - Setting next_dagrun for update_db to 2026-05-25 12:00:00+00:00, run_after=2026-05-26 12:00:00+00:00
[2026-05-26T11:29:06.922+0000] {processor.py:183} INFO - Processing /opt/airflow/dags/main.py took 0.303 seconds
[2026-05-26T11:29:37.320+0000] {processor.py:161} INFO - Started process (PID=591) to work on /opt/airflow/dags/main.py
[2026-05-26T11:29:37.337+0000] {processor.py:830} INFO - Processing file /opt/airflow/dags/main.py for tasks to queue
[2026-05-26T11:29:37.339+0000] {logging_mixin.py:188} INFO - [2026-05-26T11:29:37.339+0000] {dagbag.py:545} INFO - Filling up the DagBag from /opt/airflow/dags/main.py
[2026-05-26T11:29:37.591+0000] {processor.py:840} INFO - DAG(s) 'update_db', 'produce_json' retrieved from /opt/airflow/dags/main.py
[2026-05-26T11:29:37.653+0000] {logging_mixin.py:188} INFO - [2026-05-26T11:29:37.652+0000] {dag.py:3096} INFO - Sync 2 DAGs
[2026-05-26T11:29:37.691+0000] {logging_mixin.py:188} INFO - [2026-05-26T11:29:37.691+0000] {dag.py:3954} INFO - Setting next_dagrun for produce_json to 2026-05-26 11:00:00+00:00, run_after=2026-05-27 11:00:00+00:00
[2026-05-26T11:29:37.699+0000] {logging_mixin.py:188} INFO - [2026-05-26T11:29:37.698+0000] {dag.py:3954} INFO - Setting next_dagrun for update_db to 2026-05-25 12:00:00+00:00, run_after=2026-05-26 12:00:00+00:00
[2026-05-26T11:29:37.786+0000] {processor.py:183} INFO - Processing /opt/airflow/dags/main.py took 0.478 seconds
[2026-05-26T11:30:08.164+0000] {processor.py:161} INFO - Started process (PID=598) to work on /opt/airflow/dags/main.py
[2026-05-26T11:30:08.166+0000] {processor.py:830} INFO - Processing file /opt/airflow/dags/main.py for tasks to queue
[2026-05-26T11:30:08.168+0000] {logging_mixin.py:188} INFO - [2026-05-26T11:30:08.167+0000] {dagbag.py:545} INFO - Filling up the DagBag from /opt/airflow/dags/main.py
[2026-05-26T11:30:08.380+0000] {processor.py:840} INFO - DAG(s) 'update_db', 'produce_json' retrieved from /opt/airflow/dags/main.py
[2026-05-26T11:30:08.430+0000] {logging_mixin.py:188} INFO - [2026-05-26T11:30:08.430+0000] {dag.py:3096} INFO - Sync 2 DAGs
[2026-05-26T11:30:08.459+0000] {logging_mixin.py:188} INFO - [2026-05-26T11:30:08.459+0000] {dag.py:3954} INFO - Setting next_dagrun for produce_json to 2026-05-26 11:00:00+00:00, run_after=2026-05-27 11:00:00+00:00
[2026-05-26T11:30:08.467+0000] {logging_mixin.py:188} INFO - [2026-05-26T11:30:08.466+0000] {dag.py:3954} INFO - Setting next_dagrun for update_db to 2026-05-25 12:00:00+00:00, run_after=2026-05-26 12:00:00+00:00
[2026-05-26T11:30:08.531+0000] {processor.py:183} INFO - Processing /opt/airflow/dags/main.py took 0.379 seconds
[2026-05-26T11:30:38.888+0000] {processor.py:161} INFO - Started process (PID=605) to work on /opt/airflow/dags/main.py
[2026-05-26T11:30:38.890+0000] {processor.py:830} INFO - Processing file /opt/airflow/dags/main.py for tasks to queue
[2026-05-26T11:30:38.892+0000] {logging_mixin.py:188} INFO - [2026-05-26T11:30:38.892+0000] {dagbag.py:545} INFO - Filling up the DagBag from /opt/airflow/dags/main.py
[2026-05-26T11:30:39.075+0000] {processor.py:840} INFO - DAG(s) 'update_db', 'produce_json' retrieved from /opt/airflow/dags/main.py
[2026-05-26T11:30:39.119+0000] {logging_mixin.py:188} INFO - [2026-05-26T11:30:39.119+0000] {dag.py:3096} INFO - Sync 2 DAGs
[2026-05-26T11:30:39.150+0000] {logging_mixin.py:188} INFO - [2026-05-26T11:30:39.149+0000] {dag.py:3954} INFO - Setting next_dagrun for produce_json to 2026-05-26 11:00:00+00:00, run_after=2026-05-27 11:00:00+00:00
[2026-05-26T11:30:39.157+0000] {logging_mixin.py:188} INFO - [2026-05-26T11:30:39.157+0000] {dag.py:3954} INFO - Setting next_dagrun for update_db to 2026-05-25 12:00:00+00:00, run_after=2026-05-26 12:00:00+00:00
[2026-05-26T11:30:39.219+0000] {processor.py:183} INFO - Processing /opt/airflow/dags/main.py took 0.345 seconds
[2026-05-26T11:31:09.645+0000] {processor.py:161} INFO - Started process (PID=612) to work on /opt/airflow/dags/main.py
[2026-05-26T11:31:09.647+0000] {processor.py:830} INFO - Processing file /opt/airflow/dags/main.py for tasks to queue
[2026-05-26T11:31:09.649+0000] {logging_mixin.py:188} INFO - [2026-05-26T11:31:09.649+0000] {dagbag.py:545} INFO - Filling up the DagBag from /opt/airflow/dags/main.py
[2026-05-26T11:31:09.954+0000] {processor.py:840} INFO - DAG(s) 'produce_json', 'update_db' retrieved from /opt/airflow/dags/main.py
[2026-05-26T11:31:10.009+0000] {logging_mixin.py:188} INFO - [2026-05-26T11:31:10.008+0000] {dag.py:3096} INFO - Sync 2 DAGs
[2026-05-26T11:31:10.040+0000] {logging_mixin.py:188} INFO - [2026-05-26T11:31:10.039+0000] {dag.py:3954} INFO - Setting next_dagrun for produce_json to 2026-05-26 11:00:00+00:00, run_after=2026-05-27 11:00:00+00:00
[2026-05-26T11:31:10.047+0000] {logging_mixin.py:188} INFO - [2026-05-26T11:31:10.046+0000] {dag.py:3954} INFO - Setting next_dagrun for update_db to 2026-05-25 12:00:00+00:00, run_after=2026-05-26 12:00:00+00:00
[2026-05-26T11:31:10.120+0000] {processor.py:183} INFO - Processing /opt/airflow/dags/main.py took 0.499 seconds
[2026-05-26T11:31:40.525+0000] {processor.py:161} INFO - Started process (PID=619) to work on /opt/airflow/dags/main.py
[2026-05-26T11:31:40.527+0000] {processor.py:830} INFO - Processing file /opt/airflow/dags/main.py for tasks to queue
[2026-05-26T11:31:40.529+0000] {logging_mixin.py:188} INFO - [2026-05-26T11:31:40.529+0000] {dagbag.py:545} INFO - Filling up the DagBag from /opt/airflow/dags/main.py
[2026-05-26T11:31:40.753+0000] {processor.py:840} INFO - DAG(s) 'update_db', 'produce_json' retrieved from /opt/airflow/dags/main.py
[2026-05-26T11:31:40.795+0000] {logging_mixin.py:188} INFO - [2026-05-26T11:31:40.795+0000] {dag.py:3096} INFO - Sync 2 DAGs
[2026-05-26T11:31:40.825+0000] {logging_mixin.py:188} INFO - [2026-05-26T11:31:40.825+0000] {dag.py:3954} INFO - Setting next_dagrun for produce_json to 2026-05-26 11:00:00+00:00, run_after=2026-05-27 11:00:00+00:00
[2026-05-26T11:31:40.835+0000] {logging_mixin.py:188} INFO - [2026-05-26T11:31:40.835+0000] {dag.py:3954} INFO - Setting next_dagrun for update_db to 2026-05-25 12:00:00+00:00, run_after=2026-05-26 12:00:00+00:00
[2026-05-26T11:31:40.859+0000] {processor.py:183} INFO - Processing /opt/airflow/dags/main.py took 0.346 seconds
[2026-05-26T11:32:11.261+0000] {processor.py:161} INFO - Started process (PID=626) to work on /opt/airflow/dags/main.py
[2026-05-26T11:32:11.263+0000] {processor.py:830} INFO - Processing file /opt/airflow/dags/main.py for tasks to queue
[2026-05-26T11:32:11.265+0000] {logging_mixin.py:188} INFO - [2026-05-26T11:32:11.264+0000] {dagbag.py:545} INFO - Filling up the DagBag from /opt/airflow/dags/main.py
[2026-05-26T11:32:11.474+0000] {processor.py:840} INFO - DAG(s) 'produce_json', 'update_db' retrieved from /opt/airflow/dags/main.py
[2026-05-26T11:32:11.516+0000] {logging_mixin.py:188} INFO - [2026-05-26T11:32:11.516+0000] {dag.py:3096} INFO - Sync 2 DAGs
[2026-05-26T11:32:11.544+0000] {logging_mixin.py:188} INFO - [2026-05-26T11:32:11.544+0000] {dag.py:3954} INFO - Setting next_dagrun for produce_json to 2026-05-26 11:00:00+00:00, run_after=2026-05-27 11:00:00+00:00
[2026-05-26T11:32:11.551+0000] {logging_mixin.py:188} INFO - [2026-05-26T11:32:11.551+0000] {dag.py:3954} INFO - Setting next_dagrun for update_db to 2026-05-25 12:00:00+00:00, run_after=2026-05-26 12:00:00+00:00
[2026-05-26T11:32:11.630+0000] {processor.py:183} INFO - Processing /opt/airflow/dags/main.py took 0.388 seconds
[2026-05-26T11:32:42.103+0000] {processor.py:161} INFO - Started process (PID=633) to work on /opt/airflow/dags/main.py
[2026-05-26T11:32:42.106+0000] {processor.py:830} INFO - Processing file /opt/airflow/dags/main.py for tasks to queue
[2026-05-26T11:32:42.108+0000] {logging_mixin.py:188} INFO - [2026-05-26T11:32:42.108+0000] {dagbag.py:545} INFO - Filling up the DagBag from /opt/airflow/dags/main.py
[2026-05-26T11:32:42.350+0000] {processor.py:840} INFO - DAG(s) 'produce_json', 'update_db' retrieved from /opt/airflow/dags/main.py
[2026-05-26T11:32:42.407+0000] {logging_mixin.py:188} INFO - [2026-05-26T11:32:42.407+0000] {dag.py:3096} INFO - Sync 2 DAGs
[2026-05-26T11:32:42.445+0000] {logging_mixin.py:188} INFO - [2026-05-26T11:32:42.444+0000] {dag.py:3954} INFO - Setting next_dagrun for produce_json to 2026-05-26 11:00:00+00:00, run_after=2026-05-27 11:00:00+00:00
[2026-05-26T11:32:42.455+0000] {logging_mixin.py:188} INFO - [2026-05-26T11:32:42.454+0000] {dag.py:3954} INFO - Setting next_dagrun for update_db to 2026-05-25 12:00:00+00:00, run_after=2026-05-26 12:00:00+00:00
[2026-05-26T11:32:42.482+0000] {processor.py:183} INFO - Processing /opt/airflow/dags/main.py took 0.398 seconds
[2026-05-26T11:33:12.984+0000] {processor.py:161} INFO - Started process (PID=640) to work on /opt/airflow/dags/main.py
[2026-05-26T11:33:12.987+0000] {processor.py:830} INFO - Processing file /opt/airflow/dags/main.py for tasks to queue
[2026-05-26T11:33:12.989+0000] {logging_mixin.py:188} INFO - [2026-05-26T11:33:12.989+0000] {dagbag.py:545} INFO - Filling up the DagBag from /opt/airflow/dags/main.py
[2026-05-26T11:33:13.322+0000] {processor.py:840} INFO - DAG(s) 'produce_json', 'update_db' retrieved from /opt/airflow/dags/main.py
[2026-05-26T11:33:13.401+0000] {logging_mixin.py:188} INFO - [2026-05-26T11:33:13.401+0000] {dag.py:3096} INFO - Sync 2 DAGs
[2026-05-26T11:33:13.435+0000] {logging_mixin.py:188} INFO - [2026-05-26T11:33:13.435+0000] {dag.py:3954} INFO - Setting next_dagrun for produce_json to 2026-05-26 11:00:00+00:00, run_after=2026-05-27 11:00:00+00:00
[2026-05-26T11:33:13.449+0000] {logging_mixin.py:188} INFO - [2026-05-26T11:33:13.449+0000] {dag.py:3954} INFO - Setting next_dagrun for update_db to 2026-05-25 12:00:00+00:00, run_after=2026-05-26 12:00:00+00:00
[2026-05-26T11:33:13.547+0000] {processor.py:183} INFO - Processing /opt/airflow/dags/main.py took 0.579 seconds
[2026-05-26T11:33:44.338+0000] {processor.py:161} INFO - Started process (PID=647) to work on /opt/airflow/dags/main.py
[2026-05-26T11:33:44.340+0000] {processor.py:830} INFO - Processing file /opt/airflow/dags/main.py for tasks to queue
[2026-05-26T11:33:44.342+0000] {logging_mixin.py:188} INFO - [2026-05-26T11:33:44.341+0000] {dagbag.py:545} INFO - Filling up the DagBag from /opt/airflow/dags/main.py
[2026-05-26T11:33:44.649+0000] {processor.py:840} INFO - DAG(s) 'produce_json', 'update_db' retrieved from /opt/airflow/dags/main.py
[2026-05-26T11:33:44.740+0000] {logging_mixin.py:188} INFO - [2026-05-26T11:33:44.740+0000] {dag.py:3096} INFO - Sync 2 DAGs
[2026-05-26T11:33:44.775+0000] {logging_mixin.py:188} INFO - [2026-05-26T11:33:44.775+0000] {dag.py:3954} INFO - Setting next_dagrun for produce_json to 2026-05-26 11:00:00+00:00, run_after=2026-05-27 11:00:00+00:00
[2026-05-26T11:33:44.787+0000] {logging_mixin.py:188} INFO - [2026-05-26T11:33:44.787+0000] {dag.py:3954} INFO - Setting next_dagrun for update_db to 2026-05-25 12:00:00+00:00, run_after=2026-05-26 12:00:00+00:00
[2026-05-26T11:33:44.885+0000] {processor.py:183} INFO - Processing /opt/airflow/dags/main.py took 0.558 seconds
[2026-05-26T11:34:15.369+0000] {processor.py:161} INFO - Started process (PID=654) to work on /opt/airflow/dags/main.py
[2026-05-26T11:34:15.371+0000] {processor.py:830} INFO - Processing file /opt/airflow/dags/main.py for tasks to queue
[2026-05-26T11:34:15.373+0000] {logging_mixin.py:188} INFO - [2026-05-26T11:34:15.372+0000] {dagbag.py:545} INFO - Filling up the DagBag from /opt/airflow/dags/main.py
[2026-05-26T11:34:15.595+0000] {processor.py:840} INFO - DAG(s) 'update_db', 'produce_json' retrieved from /opt/airflow/dags/main.py
[2026-05-26T11:34:15.661+0000] {logging_mixin.py:188} INFO - [2026-05-26T11:34:15.661+0000] {dag.py:3096} INFO - Sync 2 DAGs
[2026-05-26T11:34:15.688+0000] {logging_mixin.py:188} INFO - [2026-05-26T11:34:15.687+0000] {dag.py:3954} INFO - Setting next_dagrun for produce_json to 2026-05-26 11:00:00+00:00, run_after=2026-05-27 11:00:00+00:00
[2026-05-26T11:34:15.694+0000] {logging_mixin.py:188} INFO - [2026-05-26T11:34:15.694+0000] {dag.py:3954} INFO - Setting next_dagrun for update_db to 2026-05-25 12:00:00+00:00, run_after=2026-05-26 12:00:00+00:00
[2026-05-26T11:34:15.782+0000] {processor.py:183} INFO - Processing /opt/airflow/dags/main.py took 0.425 seconds
[2026-05-26T11:34:46.189+0000] {processor.py:161} INFO - Started process (PID=661) to work on /opt/airflow/dags/main.py
[2026-05-26T11:34:46.192+0000] {processor.py:830} INFO - Processing file /opt/airflow/dags/main.py for tasks to queue
[2026-05-26T11:34:46.194+0000] {logging_mixin.py:188} INFO - [2026-05-26T11:34:46.194+0000] {dagbag.py:545} INFO - Filling up the DagBag from /opt/airflow/dags/main.py
[2026-05-26T11:34:46.426+0000] {processor.py:840} INFO - DAG(s) 'produce_json', 'update_db' retrieved from /opt/airflow/dags/main.py
[2026-05-26T11:34:46.463+0000] {logging_mixin.py:188} INFO - [2026-05-26T11:34:46.463+0000] {dag.py:3096} INFO - Sync 2 DAGs
[2026-05-26T11:34:46.490+0000] {logging_mixin.py:188} INFO - [2026-05-26T11:34:46.489+0000] {dag.py:3954} INFO - Setting next_dagrun for produce_json to 2026-05-26 11:00:00+00:00, run_after=2026-05-27 11:00:00+00:00
[2026-05-26T11:34:46.496+0000] {logging_mixin.py:188} INFO - [2026-05-26T11:34:46.496+0000] {dag.py:3954} INFO - Setting next_dagrun for update_db to 2026-05-25 12:00:00+00:00, run_after=2026-05-26 12:00:00+00:00
[2026-05-26T11:34:46.580+0000] {processor.py:183} INFO - Processing /opt/airflow/dags/main.py took 0.409 seconds
[2026-05-26T11:35:17.045+0000] {processor.py:161} INFO - Started process (PID=668) to work on /opt/airflow/dags/main.py
[2026-05-26T11:35:17.047+0000] {processor.py:830} INFO - Processing file /opt/airflow/dags/main.py for tasks to queue
[2026-05-26T11:35:17.048+0000] {logging_mixin.py:188} INFO - [2026-05-26T11:35:17.048+0000] {dagbag.py:545} INFO - Filling up the DagBag from /opt/airflow/dags/main.py
[2026-05-26T11:35:17.232+0000] {processor.py:840} INFO - DAG(s) 'update_db', 'produce_json' retrieved from /opt/airflow/dags/main.py
[2026-05-26T11:35:17.277+0000] {logging_mixin.py:188} INFO - [2026-05-26T11:35:17.277+0000] {dag.py:3096} INFO - Sync 2 DAGs
[2026-05-26T11:35:17.309+0000] {logging_mixin.py:188} INFO - [2026-05-26T11:35:17.309+0000] {dag.py:3954} INFO - Setting next_dagrun for produce_json to 2026-05-26 11:00:00+00:00, run_after=2026-05-27 11:00:00+00:00
[2026-05-26T11:35:17.316+0000] {logging_mixin.py:188} INFO - [2026-05-26T11:35:17.316+0000] {dag.py:3954} INFO - Setting next_dagrun for update_db to 2026-05-25 12:00:00+00:00, run_after=2026-05-26 12:00:00+00:00
[2026-05-26T11:35:17.381+0000] {processor.py:183} INFO - Processing /opt/airflow/dags/main.py took 0.348 seconds
[2026-05-26T11:35:47.804+0000] {processor.py:161} INFO - Started process (PID=675) to work on /opt/airflow/dags/main.py
[2026-05-26T11:35:47.807+0000] {processor.py:830} INFO - Processing file /opt/airflow/dags/main.py for tasks to queue
[2026-05-26T11:35:47.808+0000] {logging_mixin.py:188} INFO - [2026-05-26T11:35:47.808+0000] {dagbag.py:545} INFO - Filling up the DagBag from /opt/airflow/dags/main.py
[2026-05-26T11:35:48.049+0000] {processor.py:840} INFO - DAG(s) 'produce_json', 'update_db' retrieved from /opt/airflow/dags/main.py
[2026-05-26T11:35:48.094+0000] {logging_mixin.py:188} INFO - [2026-05-26T11:35:48.093+0000] {dag.py:3096} INFO - Sync 2 DAGs
[2026-05-26T11:35:48.130+0000] {logging_mixin.py:188} INFO - [2026-05-26T11:35:48.129+0000] {dag.py:3954} INFO - Setting next_dagrun for produce_json to 2026-05-26 11:00:00+00:00, run_after=2026-05-27 11:00:00+00:00
[2026-05-26T11:35:48.150+0000] {logging_mixin.py:188} INFO - [2026-05-26T11:35:48.149+0000] {dag.py:3954} INFO - Setting next_dagrun for update_db to 2026-05-25 12:00:00+00:00, run_after=2026-05-26 12:00:00+00:00
[2026-05-26T11:35:48.219+0000] {processor.py:183} INFO - Processing /opt/airflow/dags/main.py took 0.432 seconds
[2026-05-26T11:36:18.642+0000] {processor.py:161} INFO - Started process (PID=688) to work on /opt/airflow/dags/main.py
[2026-05-26T11:36:18.645+0000] {processor.py:830} INFO - Processing file /opt/airflow/dags/main.py for tasks to queue
[2026-05-26T11:36:18.648+0000] {logging_mixin.py:188} INFO - [2026-05-26T11:36:18.647+0000] {dagbag.py:545} INFO - Filling up the DagBag from /opt/airflow/dags/main.py
[2026-05-26T11:36:18.926+0000] {processor.py:840} INFO - DAG(s) 'produce_json', 'update_db' retrieved from /opt/airflow/dags/main.py
[2026-05-26T11:36:18.972+0000] {logging_mixin.py:188} INFO - [2026-05-26T11:36:18.972+0000] {dag.py:3096} INFO - Sync 2 DAGs
[2026-05-26T11:36:19.001+0000] {logging_mixin.py:188} INFO - [2026-05-26T11:36:19.001+0000] {dag.py:3954} INFO - Setting next_dagrun for produce_json to 2026-05-26 11:00:00+00:00, run_after=2026-05-27 11:00:00+00:00
[2026-05-26T11:36:19.010+0000] {logging_mixin.py:188} INFO - [2026-05-26T11:36:19.010+0000] {dag.py:3954} INFO - Setting next_dagrun for update_db to 2026-05-25 12:00:00+00:00, run_after=2026-05-26 12:00:00+00:00
[2026-05-26T11:36:19.060+0000] {processor.py:183} INFO - Processing /opt/airflow/dags/main.py took 0.435 seconds
[2026-05-26T11:36:49.437+0000] {processor.py:161} INFO - Started process (PID=695) to work on /opt/airflow/dags/main.py
[2026-05-26T11:36:49.438+0000] {processor.py:830} INFO - Processing file /opt/airflow/dags/main.py for tasks to queue
[2026-05-26T11:36:49.440+0000] {logging_mixin.py:188} INFO - [2026-05-26T11:36:49.440+0000] {dagbag.py:545} INFO - Filling up the DagBag from /opt/airflow/dags/main.py
[2026-05-26T11:36:49.636+0000] {processor.py:840} INFO - DAG(s) 'produce_json', 'update_db' retrieved from /opt/airflow/dags/main.py
[2026-05-26T11:36:49.678+0000] {logging_mixin.py:188} INFO - [2026-05-26T11:36:49.678+0000] {dag.py:3096} INFO - Sync 2 DAGs
[2026-05-26T11:36:49.708+0000] {logging_mixin.py:188} INFO - [2026-05-26T11:36:49.708+0000] {dag.py:3954} INFO - Setting next_dagrun for produce_json to 2026-05-26 11:00:00+00:00, run_after=2026-05-27 11:00:00+00:00
[2026-05-26T11:36:49.716+0000] {logging_mixin.py:188} INFO - [2026-05-26T11:36:49.715+0000] {dag.py:3954} INFO - Setting next_dagrun for update_db to 2026-05-25 12:00:00+00:00, run_after=2026-05-26 12:00:00+00:00
[2026-05-26T11:36:49.741+0000] {processor.py:183} INFO - Processing /opt/airflow/dags/main.py took 0.316 seconds
[2026-05-26T11:37:19.847+0000] {processor.py:161} INFO - Started process (PID=702) to work on /opt/airflow/dags/main.py
[2026-05-26T11:37:19.849+0000] {processor.py:830} INFO - Processing file /opt/airflow/dags/main.py for tasks to queue
[2026-05-26T11:37:19.851+0000] {logging_mixin.py:188} INFO - [2026-05-26T11:37:19.850+0000] {dagbag.py:545} INFO - Filling up the DagBag from /opt/airflow/dags/main.py
[2026-05-26T11:37:20.060+0000] {processor.py:840} INFO - DAG(s) 'update_db', 'produce_json' retrieved from /opt/airflow/dags/main.py
[2026-05-26T11:37:20.105+0000] {logging_mixin.py:188} INFO - [2026-05-26T11:37:20.104+0000] {dag.py:3096} INFO - Sync 2 DAGs
[2026-05-26T11:37:20.136+0000] {logging_mixin.py:188} INFO - [2026-05-26T11:37:20.135+0000] {dag.py:3954} INFO - Setting next_dagrun for produce_json to 2026-05-26 11:00:00+00:00, run_after=2026-05-27 11:00:00+00:00
[2026-05-26T11:37:20.144+0000] {logging_mixin.py:188} INFO - [2026-05-26T11:37:20.144+0000] {dag.py:3954} INFO - Setting next_dagrun for update_db to 2026-05-25 12:00:00+00:00, run_after=2026-05-26 12:00:00+00:00
[2026-05-26T11:37:20.170+0000] {processor.py:183} INFO - Processing /opt/airflow/dags/main.py took 0.334 seconds
[2026-05-26T11:37:50.585+0000] {processor.py:161} INFO - Started process (PID=709) to work on /opt/airflow/dags/main.py
[2026-05-26T11:37:50.587+0000] {processor.py:830} INFO - Processing file /opt/airflow/dags/main.py for tasks to queue
[2026-05-26T11:37:50.589+0000] {logging_mixin.py:188} INFO - [2026-05-26T11:37:50.589+0000] {dagbag.py:545} INFO - Filling up the DagBag from /opt/airflow/dags/main.py
[2026-05-26T11:37:50.792+0000] {processor.py:840} INFO - DAG(s) 'produce_json', 'update_db' retrieved from /opt/airflow/dags/main.py
[2026-05-26T11:37:50.835+0000] {logging_mixin.py:188} INFO - [2026-05-26T11:37:50.835+0000] {dag.py:3096} INFO - Sync 2 DAGs
[2026-05-26T11:37:50.869+0000] {logging_mixin.py:188} INFO - [2026-05-26T11:37:50.869+0000] {dag.py:3954} INFO - Setting next_dagrun for produce_json to 2026-05-26 11:00:00+00:00, run_after=2026-05-27 11:00:00+00:00
[2026-05-26T11:37:50.879+0000] {logging_mixin.py:188} INFO - [2026-05-26T11:37:50.879+0000] {dag.py:3954} INFO - Setting next_dagrun for update_db to 2026-05-25 12:00:00+00:00, run_after=2026-05-26 12:00:00+00:00
[2026-05-26T11:37:50.969+0000] {processor.py:183} INFO - Processing /opt/airflow/dags/main.py took 0.401 seconds
[2026-05-26T11:38:21.493+0000] {processor.py:161} INFO - Started process (PID=716) to work on /opt/airflow/dags/main.py
[2026-05-26T11:38:21.497+0000] {processor.py:830} INFO - Processing file /opt/airflow/dags/main.py for tasks to queue
[2026-05-26T11:38:21.499+0000] {logging_mixin.py:188} INFO - [2026-05-26T11:38:21.498+0000] {dagbag.py:545} INFO - Filling up the DagBag from /opt/airflow/dags/main.py
[2026-05-26T11:38:21.811+0000] {processor.py:840} INFO - DAG(s) 'produce_json', 'update_db' retrieved from /opt/airflow/dags/main.py
[2026-05-26T11:38:21.881+0000] {logging_mixin.py:188} INFO - [2026-05-26T11:38:21.881+0000] {dag.py:3096} INFO - Sync 2 DAGs
[2026-05-26T11:38:21.930+0000] {logging_mixin.py:188} INFO - [2026-05-26T11:38:21.929+0000] {dag.py:3954} INFO - Setting next_dagrun for produce_json to 2026-05-26 11:00:00+00:00, run_after=2026-05-27 11:00:00+00:00
[2026-05-26T11:38:21.944+0000] {logging_mixin.py:188} INFO - [2026-05-26T11:38:21.944+0000] {dag.py:3954} INFO - Setting next_dagrun for update_db to 2026-05-25 12:00:00+00:00, run_after=2026-05-26 12:00:00+00:00
[2026-05-26T11:38:21.995+0000] {processor.py:183} INFO - Processing /opt/airflow/dags/main.py took 0.529 seconds
[2026-05-26T11:38:52.970+0000] {processor.py:161} INFO - Started process (PID=723) to work on /opt/airflow/dags/main.py
[2026-05-26T11:38:52.972+0000] {processor.py:830} INFO - Processing file /opt/airflow/dags/main.py for tasks to queue
[2026-05-26T11:38:52.974+0000] {logging_mixin.py:188} INFO - [2026-05-26T11:38:52.974+0000] {dagbag.py:545} INFO - Filling up the DagBag from /opt/airflow/dags/main.py
[2026-05-26T11:38:53.222+0000] {processor.py:840} INFO - DAG(s) 'update_db', 'produce_json' retrieved from /opt/airflow/dags/main.py
[2026-05-26T11:38:53.262+0000] {logging_mixin.py:188} INFO - [2026-05-26T11:38:53.261+0000] {dag.py:3096} INFO - Sync 2 DAGs
[2026-05-26T11:38:53.301+0000] {logging_mixin.py:188} INFO - [2026-05-26T11:38:53.301+0000] {dag.py:3954} INFO - Setting next_dagrun for produce_json to 2026-05-26 11:00:00+00:00, run_after=2026-05-27 11:00:00+00:00
[2026-05-26T11:38:53.307+0000] {logging_mixin.py:188} INFO - [2026-05-26T11:38:53.307+0000] {dag.py:3954} INFO - Setting next_dagrun for update_db to 2026-05-25 12:00:00+00:00, run_after=2026-05-26 12:00:00+00:00
[2026-05-26T11:38:53.329+0000] {processor.py:183} INFO - Processing /opt/airflow/dags/main.py took 0.371 seconds
[2026-05-26T11:39:23.810+0000] {processor.py:161} INFO - Started process (PID=730) to work on /opt/airflow/dags/main.py
[2026-05-26T11:39:23.813+0000] {processor.py:830} INFO - Processing file /opt/airflow/dags/main.py for tasks to queue
[2026-05-26T11:39:23.815+0000] {logging_mixin.py:188} INFO - [2026-05-26T11:39:23.815+0000] {dagbag.py:545} INFO - Filling up the DagBag from /opt/airflow/dags/main.py
[2026-05-26T11:39:24.038+0000] {processor.py:840} INFO - DAG(s) 'produce_json', 'update_db' retrieved from /opt/airflow/dags/main.py
[2026-05-26T11:39:24.086+0000] {logging_mixin.py:188} INFO - [2026-05-26T11:39:24.086+0000] {dag.py:3096} INFO - Sync 2 DAGs
[2026-05-26T11:39:24.118+0000] {logging_mixin.py:188} INFO - [2026-05-26T11:39:24.117+0000] {dag.py:3954} INFO - Setting next_dagrun for produce_json to 2026-05-26 11:00:00+00:00, run_after=2026-05-27 11:00:00+00:00
[2026-05-26T11:39:24.125+0000] {logging_mixin.py:188} INFO - [2026-05-26T11:39:24.125+0000] {dag.py:3954} INFO - Setting next_dagrun for update_db to 2026-05-25 12:00:00+00:00, run_after=2026-05-26 12:00:00+00:00
[2026-05-26T11:39:24.157+0000] {processor.py:183} INFO - Processing /opt/airflow/dags/main.py took 0.371 seconds
[2026-05-26T11:39:54.623+0000] {processor.py:161} INFO - Started process (PID=737) to work on /opt/airflow/dags/main.py
[2026-05-26T11:39:54.625+0000] {processor.py:830} INFO - Processing file /opt/airflow/dags/main.py for tasks to queue
[2026-05-26T11:39:54.628+0000] {logging_mixin.py:188} INFO - [2026-05-26T11:39:54.627+0000] {dagbag.py:545} INFO - Filling up the DagBag from /opt/airflow/dags/main.py
[2026-05-26T11:39:54.886+0000] {processor.py:840} INFO - DAG(s) 'update_db', 'produce_json' retrieved from /opt/airflow/dags/main.py
[2026-05-26T11:39:54.948+0000] {logging_mixin.py:188} INFO - [2026-05-26T11:39:54.948+0000] {dag.py:3096} INFO - Sync 2 DAGs
[2026-05-26T11:39:54.979+0000] {logging_mixin.py:188} INFO - [2026-05-26T11:39:54.979+0000] {dag.py:3954} INFO - Setting next_dagrun for produce_json to 2026-05-26 11:00:00+00:00, run_after=2026-05-27 11:00:00+00:00
[2026-05-26T11:39:54.986+0000] {logging_mixin.py:188} INFO - [2026-05-26T11:39:54.986+0000] {dag.py:3954} INFO - Setting next_dagrun for update_db to 2026-05-25 12:00:00+00:00, run_after=2026-05-26 12:00:00+00:00
[2026-05-26T11:39:55.069+0000] {processor.py:183} INFO - Processing /opt/airflow/dags/main.py took 0.463 seconds
[2026-05-26T11:40:25.587+0000] {processor.py:161} INFO - Started process (PID=744) to work on /opt/airflow/dags/main.py
[2026-05-26T11:40:25.591+0000] {processor.py:830} INFO - Processing file /opt/airflow/dags/main.py for tasks to queue
[2026-05-26T11:40:25.593+0000] {logging_mixin.py:188} INFO - [2026-05-26T11:40:25.592+0000] {dagbag.py:545} INFO - Filling up the DagBag from /opt/airflow/dags/main.py
[2026-05-26T11:40:25.800+0000] {processor.py:840} INFO - DAG(s) 'produce_json', 'update_db' retrieved from /opt/airflow/dags/main.py
[2026-05-26T11:40:25.835+0000] {logging_mixin.py:188} INFO - [2026-05-26T11:40:25.835+0000] {dag.py:3096} INFO - Sync 2 DAGs
[2026-05-26T11:40:25.863+0000] {logging_mixin.py:188} INFO - [2026-05-26T11:40:25.863+0000] {dag.py:3954} INFO - Setting next_dagrun for produce_json to 2026-05-26 11:00:00+00:00, run_after=2026-05-27 11:00:00+00:00
[2026-05-26T11:40:25.872+0000] {logging_mixin.py:188} INFO - [2026-05-26T11:40:25.872+0000] {dag.py:3954} INFO - Setting next_dagrun for update_db to 2026-05-25 12:00:00+00:00, run_after=2026-05-26 12:00:00+00:00
[2026-05-26T11:40:25.936+0000] {processor.py:183} INFO - Processing /opt/airflow/dags/main.py took 0.368 seconds
[2026-05-26T11:40:56.320+0000] {processor.py:161} INFO - Started process (PID=751) to work on /opt/airflow/dags/main.py
[2026-05-26T11:40:56.322+0000] {processor.py:830} INFO - Processing file /opt/airflow/dags/main.py for tasks to queue
[2026-05-26T11:40:56.323+0000] {logging_mixin.py:188} INFO - [2026-05-26T11:40:56.323+0000] {dagbag.py:545} INFO - Filling up the DagBag from /opt/airflow/dags/main.py
[2026-05-26T11:40:56.492+0000] {processor.py:840} INFO - DAG(s) 'update_db', 'produce_json' retrieved from /opt/airflow/dags/main.py
[2026-05-26T11:40:56.531+0000] {logging_mixin.py:188} INFO - [2026-05-26T11:40:56.530+0000] {dag.py:3096} INFO - Sync 2 DAGs
[2026-05-26T11:40:56.558+0000] {logging_mixin.py:188} INFO - [2026-05-26T11:40:56.558+0000] {dag.py:3954} INFO - Setting next_dagrun for produce_json to 2026-05-26 11:00:00+00:00, run_after=2026-05-27 11:00:00+00:00
[2026-05-26T11:40:56.565+0000] {logging_mixin.py:188} INFO - [2026-05-26T11:40:56.565+0000] {dag.py:3954} INFO - Setting next_dagrun for update_db to 2026-05-25 12:00:00+00:00, run_after=2026-05-26 12:00:00+00:00
[2026-05-26T11:40:56.624+0000] {processor.py:183} INFO - Processing /opt/airflow/dags/main.py took 0.313 seconds
[2026-05-26T11:41:26.885+0000] {processor.py:161} INFO - Started process (PID=758) to work on /opt/airflow/dags/main.py
[2026-05-26T11:41:26.887+0000] {processor.py:830} INFO - Processing file /opt/airflow/dags/main.py for tasks to queue
[2026-05-26T11:41:26.888+0000] {logging_mixin.py:188} INFO - [2026-05-26T11:41:26.888+0000] {dagbag.py:545} INFO - Filling up the DagBag from /opt/airflow/dags/main.py
[2026-05-26T11:41:27.070+0000] {processor.py:840} INFO - DAG(s) 'update_db', 'produce_json' retrieved from /opt/airflow/dags/main.py
[2026-05-26T11:41:27.116+0000] {logging_mixin.py:188} INFO - [2026-05-26T11:41:27.115+0000] {dag.py:3096} INFO - Sync 2 DAGs
[2026-05-26T11:41:27.146+0000] {logging_mixin.py:188} INFO - [2026-05-26T11:41:27.145+0000] {dag.py:3954} INFO - Setting next_dagrun for produce_json to 2026-05-26 11:00:00+00:00, run_after=2026-05-27 11:00:00+00:00
[2026-05-26T11:41:27.152+0000] {logging_mixin.py:188} INFO - [2026-05-26T11:41:27.152+0000] {dag.py:3954} INFO - Setting next_dagrun for update_db to 2026-05-25 12:00:00+00:00, run_after=2026-05-26 12:00:00+00:00
[2026-05-26T11:41:27.225+0000] {processor.py:183} INFO - Processing /opt/airflow/dags/main.py took 0.350 seconds
[2026-05-26T11:41:57.594+0000] {processor.py:161} INFO - Started process (PID=765) to work on /opt/airflow/dags/main.py
[2026-05-26T11:41:57.597+0000] {processor.py:830} INFO - Processing file /opt/airflow/dags/main.py for tasks to queue
[2026-05-26T11:41:57.600+0000] {logging_mixin.py:188} INFO - [2026-05-26T11:41:57.599+0000] {dagbag.py:545} INFO - Filling up the DagBag from /opt/airflow/dags/main.py
[2026-05-26T11:41:58.018+0000] {processor.py:840} INFO - DAG(s) 'update_db', 'produce_json' retrieved from /opt/airflow/dags/main.py
[2026-05-26T11:41:58.075+0000] {logging_mixin.py:188} INFO - [2026-05-26T11:41:58.074+0000] {dag.py:3096} INFO - Sync 2 DAGs
[2026-05-26T11:41:58.104+0000] {logging_mixin.py:188} INFO - [2026-05-26T11:41:58.103+0000] {dag.py:3954} INFO - Setting next_dagrun for produce_json to 2026-05-26 11:00:00+00:00, run_after=2026-05-27 11:00:00+00:00
[2026-05-26T11:41:58.118+0000] {logging_mixin.py:188} INFO - [2026-05-26T11:41:58.117+0000] {dag.py:3954} INFO - Setting next_dagrun for update_db to 2026-05-25 12:00:00+00:00, run_after=2026-05-26 12:00:00+00:00
[2026-05-26T11:41:58.212+0000] {processor.py:183} INFO - Processing /opt/airflow/dags/main.py took 0.636 seconds
[2026-05-26T11:42:28.554+0000] {processor.py:161} INFO - Started process (PID=772) to work on /opt/airflow/dags/main.py
[2026-05-26T11:42:28.557+0000] {processor.py:830} INFO - Processing file /opt/airflow/dags/main.py for tasks to queue
[2026-05-26T11:42:28.562+0000] {logging_mixin.py:188} INFO - [2026-05-26T11:42:28.560+0000] {dagbag.py:545} INFO - Filling up the DagBag from /opt/airflow/dags/main.py
[2026-05-26T11:42:28.725+0000] {processor.py:840} INFO - DAG(s) 'update_db', 'produce_json' retrieved from /opt/airflow/dags/main.py
[2026-05-26T11:42:28.773+0000] {logging_mixin.py:188} INFO - [2026-05-26T11:42:28.772+0000] {dag.py:3096} INFO - Sync 2 DAGs
[2026-05-26T11:42:28.819+0000] {logging_mixin.py:188} INFO - [2026-05-26T11:42:28.819+0000] {dag.py:3954} INFO - Setting next_dagrun for produce_json to 2026-05-26 11:00:00+00:00, run_after=2026-05-27 11:00:00+00:00
[2026-05-26T11:42:28.832+0000] {logging_mixin.py:188} INFO - [2026-05-26T11:42:28.832+0000] {dag.py:3954} INFO - Setting next_dagrun for update_db to 2026-05-25 12:00:00+00:00, run_after=2026-05-26 12:00:00+00:00
[2026-05-26T11:42:28.869+0000] {processor.py:183} INFO - Processing /opt/airflow/dags/main.py took 0.338 seconds
[2026-05-26T11:42:58.999+0000] {processor.py:161} INFO - Started process (PID=779) to work on /opt/airflow/dags/main.py
[2026-05-26T11:42:59.001+0000] {processor.py:830} INFO - Processing file /opt/airflow/dags/main.py for tasks to queue
[2026-05-26T11:42:59.002+0000] {logging_mixin.py:188} INFO - [2026-05-26T11:42:59.002+0000] {dagbag.py:545} INFO - Filling up the DagBag from /opt/airflow/dags/main.py
[2026-05-26T11:42:59.215+0000] {processor.py:840} INFO - DAG(s) 'produce_json', 'update_db' retrieved from /opt/airflow/dags/main.py
[2026-05-26T11:42:59.277+0000] {logging_mixin.py:188} INFO - [2026-05-26T11:42:59.277+0000] {dag.py:3096} INFO - Sync 2 DAGs
[2026-05-26T11:42:59.315+0000] {logging_mixin.py:188} INFO - [2026-05-26T11:42:59.314+0000] {dag.py:3954} INFO - Setting next_dagrun for produce_json to 2026-05-26 11:00:00+00:00, run_after=2026-05-27 11:00:00+00:00
[2026-05-26T11:42:59.326+0000] {logging_mixin.py:188} INFO - [2026-05-26T11:42:59.326+0000] {dag.py:3954} INFO - Setting next_dagrun for update_db to 2026-05-25 12:00:00+00:00, run_after=2026-05-26 12:00:00+00:00
[2026-05-26T11:42:59.417+0000] {processor.py:183} INFO - Processing /opt/airflow/dags/main.py took 0.436 seconds
[2026-05-26T11:43:30.299+0000] {processor.py:161} INFO - Started process (PID=786) to work on /opt/airflow/dags/main.py
[2026-05-26T11:43:30.302+0000] {processor.py:830} INFO - Processing file /opt/airflow/dags/main.py for tasks to queue
[2026-05-26T11:43:30.304+0000] {logging_mixin.py:188} INFO - [2026-05-26T11:43:30.303+0000] {dagbag.py:545} INFO - Filling up the DagBag from /opt/airflow/dags/main.py
[2026-05-26T11:43:30.481+0000] {processor.py:840} INFO - DAG(s) 'update_db', 'produce_json' retrieved from /opt/airflow/dags/main.py
[2026-05-26T11:43:30.520+0000] {logging_mixin.py:188} INFO - [2026-05-26T11:43:30.520+0000] {dag.py:3096} INFO - Sync 2 DAGs
[2026-05-26T11:43:30.554+0000] {logging_mixin.py:188} INFO - [2026-05-26T11:43:30.553+0000] {dag.py:3954} INFO - Setting next_dagrun for produce_json to 2026-05-26 11:00:00+00:00, run_after=2026-05-27 11:00:00+00:00
[2026-05-26T11:43:30.560+0000] {logging_mixin.py:188} INFO - [2026-05-26T11:43:30.560+0000] {dag.py:3954} INFO - Setting next_dagrun for update_db to 2026-05-25 12:00:00+00:00, run_after=2026-05-26 12:00:00+00:00
[2026-05-26T11:43:30.622+0000] {processor.py:183} INFO - Processing /opt/airflow/dags/main.py took 0.332 seconds
[2026-05-26T11:44:01.067+0000] {processor.py:161} INFO - Started process (PID=794) to work on /opt/airflow/dags/main.py
[2026-05-26T11:44:01.068+0000] {processor.py:830} INFO - Processing file /opt/airflow/dags/main.py for tasks to queue
[2026-05-26T11:44:01.070+0000] {logging_mixin.py:188} INFO - [2026-05-26T11:44:01.070+0000] {dagbag.py:545} INFO - Filling up the DagBag from /opt/airflow/dags/main.py
[2026-05-26T11:44:01.295+0000] {processor.py:840} INFO - DAG(s) 'produce_json', 'update_db' retrieved from /opt/airflow/dags/main.py
[2026-05-26T11:44:01.337+0000] {logging_mixin.py:188} INFO - [2026-05-26T11:44:01.337+0000] {dag.py:3096} INFO - Sync 2 DAGs
[2026-05-26T11:44:01.368+0000] {logging_mixin.py:188} INFO - [2026-05-26T11:44:01.368+0000] {dag.py:3954} INFO - Setting next_dagrun for produce_json to 2026-05-26 11:00:00+00:00, run_after=2026-05-27 11:00:00+00:00
[2026-05-26T11:44:01.378+0000] {logging_mixin.py:188} INFO - [2026-05-26T11:44:01.378+0000] {dag.py:3954} INFO - Setting next_dagrun for update_db to 2026-05-25 12:00:00+00:00, run_after=2026-05-26 12:00:00+00:00
[2026-05-26T11:44:01.426+0000] {processor.py:183} INFO - Processing /opt/airflow/dags/main.py took 0.368 seconds
[2026-05-26T11:44:31.907+0000] {processor.py:161} INFO - Started process (PID=801) to work on /opt/airflow/dags/main.py
[2026-05-26T11:44:31.910+0000] {processor.py:830} INFO - Processing file /opt/airflow/dags/main.py for tasks to queue
[2026-05-26T11:44:31.912+0000] {logging_mixin.py:188} INFO - [2026-05-26T11:44:31.911+0000] {dagbag.py:545} INFO - Filling up the DagBag from /opt/airflow/dags/main.py
[2026-05-26T11:44:32.144+0000] {processor.py:840} INFO - DAG(s) 'update_db', 'produce_json' retrieved from /opt/airflow/dags/main.py
[2026-05-26T11:44:32.192+0000] {logging_mixin.py:188} INFO - [2026-05-26T11:44:32.191+0000] {dag.py:3096} INFO - Sync 2 DAGs
[2026-05-26T11:44:32.224+0000] {logging_mixin.py:188} INFO - [2026-05-26T11:44:32.224+0000] {dag.py:3954} INFO - Setting next_dagrun for produce_json to 2026-05-26 11:00:00+00:00, run_after=2026-05-27 11:00:00+00:00
[2026-05-26T11:44:32.231+0000] {logging_mixin.py:188} INFO - [2026-05-26T11:44:32.231+0000] {dag.py:3954} INFO - Setting next_dagrun for update_db to 2026-05-25 12:00:00+00:00, run_after=2026-05-26 12:00:00+00:00
[2026-05-26T11:44:32.303+0000] {processor.py:183} INFO - Processing /opt/airflow/dags/main.py took 0.414 seconds
[2026-05-26T11:45:02.694+0000] {processor.py:161} INFO - Started process (PID=808) to work on /opt/airflow/dags/main.py
[2026-05-26T11:45:02.696+0000] {processor.py:830} INFO - Processing file /opt/airflow/dags/main.py for tasks to queue
[2026-05-26T11:45:02.697+0000] {logging_mixin.py:188} INFO - [2026-05-26T11:45:02.697+0000] {dagbag.py:545} INFO - Filling up the DagBag from /opt/airflow/dags/main.py
[2026-05-26T11:45:02.956+0000] {processor.py:840} INFO - DAG(s) 'update_db', 'produce_json' retrieved from /opt/airflow/dags/main.py
[2026-05-26T11:45:03.019+0000] {logging_mixin.py:188} INFO - [2026-05-26T11:45:03.019+0000] {dag.py:3096} INFO - Sync 2 DAGs
[2026-05-26T11:45:03.053+0000] {logging_mixin.py:188} INFO - [2026-05-26T11:45:03.053+0000] {dag.py:3954} INFO - Setting next_dagrun for produce_json to 2026-05-26 11:00:00+00:00, run_after=2026-05-27 11:00:00+00:00
[2026-05-26T11:45:03.062+0000] {logging_mixin.py:188} INFO - [2026-05-26T11:45:03.061+0000] {dag.py:3954} INFO - Setting next_dagrun for update_db to 2026-05-25 12:00:00+00:00, run_after=2026-05-26 12:00:00+00:00
[2026-05-26T11:45:03.152+0000] {processor.py:183} INFO - Processing /opt/airflow/dags/main.py took 0.468 seconds
[2026-05-26T11:45:33.561+0000] {processor.py:161} INFO - Started process (PID=815) to work on /opt/airflow/dags/main.py
[2026-05-26T11:45:33.563+0000] {processor.py:830} INFO - Processing file /opt/airflow/dags/main.py for tasks to queue
[2026-05-26T11:45:33.564+0000] {logging_mixin.py:188} INFO - [2026-05-26T11:45:33.564+0000] {dagbag.py:545} INFO - Filling up the DagBag from /opt/airflow/dags/main.py
[2026-05-26T11:45:33.748+0000] {processor.py:840} INFO - DAG(s) 'update_db', 'produce_json' retrieved from /opt/airflow/dags/main.py
[2026-05-26T11:45:33.821+0000] {logging_mixin.py:188} INFO - [2026-05-26T11:45:33.820+0000] {dag.py:3096} INFO - Sync 2 DAGs
[2026-05-26T11:45:33.864+0000] {logging_mixin.py:188} INFO - [2026-05-26T11:45:33.864+0000] {dag.py:3954} INFO - Setting next_dagrun for produce_json to 2026-05-26 11:00:00+00:00, run_after=2026-05-27 11:00:00+00:00
[2026-05-26T11:45:33.874+0000] {logging_mixin.py:188} INFO - [2026-05-26T11:45:33.874+0000] {dag.py:3954} INFO - Setting next_dagrun for update_db to 2026-05-25 12:00:00+00:00, run_after=2026-05-26 12:00:00+00:00
[2026-05-26T11:45:33.952+0000] {processor.py:183} INFO - Processing /opt/airflow/dags/main.py took 0.401 seconds
[2026-05-26T11:46:04.387+0000] {processor.py:161} INFO - Started process (PID=822) to work on /opt/airflow/dags/main.py
[2026-05-26T11:46:04.389+0000] {processor.py:830} INFO - Processing file /opt/airflow/dags/main.py for tasks to queue
[2026-05-26T11:46:04.391+0000] {logging_mixin.py:188} INFO - [2026-05-26T11:46:04.391+0000] {dagbag.py:545} INFO - Filling up the DagBag from /opt/airflow/dags/main.py
[2026-05-26T11:46:04.673+0000] {processor.py:840} INFO - DAG(s) 'produce_json', 'update_db' retrieved from /opt/airflow/dags/main.py
[2026-05-26T11:46:04.722+0000] {logging_mixin.py:188} INFO - [2026-05-26T11:46:04.722+0000] {dag.py:3096} INFO - Sync 2 DAGs
[2026-05-26T11:46:04.751+0000] {logging_mixin.py:188} INFO - [2026-05-26T11:46:04.751+0000] {dag.py:3954} INFO - Setting next_dagrun for produce_json to 2026-05-26 11:00:00+00:00, run_after=2026-05-27 11:00:00+00:00
[2026-05-26T11:46:04.762+0000] {logging_mixin.py:188} INFO - [2026-05-26T11:46:04.762+0000] {dag.py:3954} INFO - Setting next_dagrun for update_db to 2026-05-25 12:00:00+00:00, run_after=2026-05-26 12:00:00+00:00
[2026-05-26T11:46:04.843+0000] {processor.py:183} INFO - Processing /opt/airflow/dags/main.py took 0.470 seconds
[2026-05-26T11:46:35.267+0000] {processor.py:161} INFO - Started process (PID=829) to work on /opt/airflow/dags/main.py
[2026-05-26T11:46:35.269+0000] {processor.py:830} INFO - Processing file /opt/airflow/dags/main.py for tasks to queue
[2026-05-26T11:46:35.271+0000] {logging_mixin.py:188} INFO - [2026-05-26T11:46:35.270+0000] {dagbag.py:545} INFO - Filling up the DagBag from /opt/airflow/dags/main.py
[2026-05-26T11:46:35.492+0000] {processor.py:840} INFO - DAG(s) 'update_db', 'produce_json' retrieved from /opt/airflow/dags/main.py
[2026-05-26T11:46:35.534+0000] {logging_mixin.py:188} INFO - [2026-05-26T11:46:35.534+0000] {dag.py:3096} INFO - Sync 2 DAGs
[2026-05-26T11:46:35.566+0000] {logging_mixin.py:188} INFO - [2026-05-26T11:46:35.566+0000] {dag.py:3954} INFO - Setting next_dagrun for produce_json to 2026-05-26 11:00:00+00:00, run_after=2026-05-27 11:00:00+00:00
[2026-05-26T11:46:35.575+0000] {logging_mixin.py:188} INFO - [2026-05-26T11:46:35.574+0000] {dag.py:3954} INFO - Setting next_dagrun for update_db to 2026-05-25 12:00:00+00:00, run_after=2026-05-26 12:00:00+00:00
[2026-05-26T11:46:35.671+0000] {processor.py:183} INFO - Processing /opt/airflow/dags/main.py took 0.413 seconds
[2026-05-26T11:47:06.143+0000] {processor.py:161} INFO - Started process (PID=836) to work on /opt/airflow/dags/main.py
[2026-05-26T11:47:06.147+0000] {processor.py:830} INFO - Processing file /opt/airflow/dags/main.py for tasks to queue
[2026-05-26T11:47:06.149+0000] {logging_mixin.py:188} INFO - [2026-05-26T11:47:06.149+0000] {dagbag.py:545} INFO - Filling up the DagBag from /opt/airflow/dags/main.py
[2026-05-26T11:47:06.316+0000] {processor.py:840} INFO - DAG(s) 'update_db', 'produce_json' retrieved from /opt/airflow/dags/main.py
[2026-05-26T11:47:06.352+0000] {logging_mixin.py:188} INFO - [2026-05-26T11:47:06.352+0000] {dag.py:3096} INFO - Sync 2 DAGs
[2026-05-26T11:47:06.384+0000] {logging_mixin.py:188} INFO - [2026-05-26T11:47:06.384+0000] {dag.py:3954} INFO - Setting next_dagrun for produce_json to 2026-05-26 11:00:00+00:00, run_after=2026-05-27 11:00:00+00:00
[2026-05-26T11:47:06.391+0000] {logging_mixin.py:188} INFO - [2026-05-26T11:47:06.391+0000] {dag.py:3954} INFO - Setting next_dagrun for update_db to 2026-05-25 12:00:00+00:00, run_after=2026-05-26 12:00:00+00:00
[2026-05-26T11:47:06.416+0000] {processor.py:183} INFO - Processing /opt/airflow/dags/main.py took 0.286 seconds
[2026-05-26T11:47:36.565+0000] {processor.py:161} INFO - Started process (PID=843) to work on /opt/airflow/dags/main.py
[2026-05-26T11:47:36.568+0000] {processor.py:830} INFO - Processing file /opt/airflow/dags/main.py for tasks to queue
[2026-05-26T11:47:36.570+0000] {logging_mixin.py:188} INFO - [2026-05-26T11:47:36.570+0000] {dagbag.py:545} INFO - Filling up the DagBag from /opt/airflow/dags/main.py
[2026-05-26T11:47:36.819+0000] {processor.py:840} INFO - DAG(s) 'update_db', 'produce_json' retrieved from /opt/airflow/dags/main.py
[2026-05-26T11:47:36.884+0000] {logging_mixin.py:188} INFO - [2026-05-26T11:47:36.884+0000] {dag.py:3096} INFO - Sync 2 DAGs
[2026-05-26T11:47:36.922+0000] {logging_mixin.py:188} INFO - [2026-05-26T11:47:36.921+0000] {dag.py:3954} INFO - Setting next_dagrun for produce_json to 2026-05-26 11:00:00+00:00, run_after=2026-05-27 11:00:00+00:00
[2026-05-26T11:47:36.933+0000] {logging_mixin.py:188} INFO - [2026-05-26T11:47:36.933+0000] {dag.py:3954} INFO - Setting next_dagrun for update_db to 2026-05-25 12:00:00+00:00, run_after=2026-05-26 12:00:00+00:00
[2026-05-26T11:47:37.024+0000] {processor.py:183} INFO - Processing /opt/airflow/dags/main.py took 0.476 seconds
[2026-05-26T11:48:07.197+0000] {processor.py:161} INFO - Started process (PID=850) to work on /opt/airflow/dags/main.py
[2026-05-26T11:48:07.199+0000] {processor.py:830} INFO - Processing file /opt/airflow/dags/main.py for tasks to queue
[2026-05-26T11:48:07.201+0000] {logging_mixin.py:188} INFO - [2026-05-26T11:48:07.200+0000] {dagbag.py:545} INFO - Filling up the DagBag from /opt/airflow/dags/main.py
[2026-05-26T11:48:07.410+0000] {processor.py:840} INFO - DAG(s) 'update_db', 'produce_json' retrieved from /opt/airflow/dags/main.py
[2026-05-26T11:48:07.457+0000] {logging_mixin.py:188} INFO - [2026-05-26T11:48:07.457+0000] {dag.py:3096} INFO - Sync 2 DAGs
[2026-05-26T11:48:07.489+0000] {logging_mixin.py:188} INFO - [2026-05-26T11:48:07.489+0000] {dag.py:3954} INFO - Setting next_dagrun for produce_json to 2026-05-26 11:00:00+00:00, run_after=2026-05-27 11:00:00+00:00
[2026-05-26T11:48:07.497+0000] {logging_mixin.py:188} INFO - [2026-05-26T11:48:07.497+0000] {dag.py:3954} INFO - Setting next_dagrun for update_db to 2026-05-25 12:00:00+00:00, run_after=2026-05-26 12:00:00+00:00
[2026-05-26T11:48:07.571+0000] {processor.py:183} INFO - Processing /opt/airflow/dags/main.py took 0.390 seconds
[2026-05-26T11:48:38.093+0000] {processor.py:161} INFO - Started process (PID=857) to work on /opt/airflow/dags/main.py
[2026-05-26T11:48:38.095+0000] {processor.py:830} INFO - Processing file /opt/airflow/dags/main.py for tasks to queue
[2026-05-26T11:48:38.097+0000] {logging_mixin.py:188} INFO - [2026-05-26T11:48:38.097+0000] {dagbag.py:545} INFO - Filling up the DagBag from /opt/airflow/dags/main.py
[2026-05-26T11:48:38.327+0000] {processor.py:840} INFO - DAG(s) 'update_db', 'produce_json' retrieved from /opt/airflow/dags/main.py
[2026-05-26T11:48:38.371+0000] {logging_mixin.py:188} INFO - [2026-05-26T11:48:38.370+0000] {dag.py:3096} INFO - Sync 2 DAGs
[2026-05-26T11:48:38.396+0000] {logging_mixin.py:188} INFO - [2026-05-26T11:48:38.395+0000] {dag.py:3954} INFO - Setting next_dagrun for produce_json to 2026-05-26 11:00:00+00:00, run_after=2026-05-27 11:00:00+00:00
[2026-05-26T11:48:38.407+0000] {logging_mixin.py:188} INFO - [2026-05-26T11:48:38.407+0000] {dag.py:3954} INFO - Setting next_dagrun for update_db to 2026-05-25 12:00:00+00:00, run_after=2026-05-26 12:00:00+00:00
[2026-05-26T11:48:38.491+0000] {processor.py:183} INFO - Processing /opt/airflow/dags/main.py took 0.407 seconds
[2026-05-26T11:49:08.864+0000] {processor.py:161} INFO - Started process (PID=864) to work on /opt/airflow/dags/main.py
[2026-05-26T11:49:08.866+0000] {processor.py:830} INFO - Processing file /opt/airflow/dags/main.py for tasks to queue
[2026-05-26T11:49:08.868+0000] {logging_mixin.py:188} INFO - [2026-05-26T11:49:08.867+0000] {dagbag.py:545} INFO - Filling up the DagBag from /opt/airflow/dags/main.py
[2026-05-26T11:49:09.083+0000] {processor.py:840} INFO - DAG(s) 'produce_json', 'update_db' retrieved from /opt/airflow/dags/main.py
[2026-05-26T11:49:09.131+0000] {logging_mixin.py:188} INFO - [2026-05-26T11:49:09.131+0000] {dag.py:3096} INFO - Sync 2 DAGs
[2026-05-26T11:49:09.167+0000] {logging_mixin.py:188} INFO - [2026-05-26T11:49:09.167+0000] {dag.py:3954} INFO - Setting next_dagrun for produce_json to 2026-05-26 11:00:00+00:00, run_after=2026-05-27 11:00:00+00:00
[2026-05-26T11:49:09.176+0000] {logging_mixin.py:188} INFO - [2026-05-26T11:49:09.176+0000] {dag.py:3954} INFO - Setting next_dagrun for update_db to 2026-05-25 12:00:00+00:00, run_after=2026-05-26 12:00:00+00:00
[2026-05-26T11:49:09.210+0000] {processor.py:183} INFO - Processing /opt/airflow/dags/main.py took 0.357 seconds
[2026-05-26T11:49:39.632+0000] {processor.py:161} INFO - Started process (PID=871) to work on /opt/airflow/dags/main.py
[2026-05-26T11:49:39.635+0000] {processor.py:830} INFO - Processing file /opt/airflow/dags/main.py for tasks to queue
[2026-05-26T11:49:39.637+0000] {logging_mixin.py:188} INFO - [2026-05-26T11:49:39.636+0000] {dagbag.py:545} INFO - Filling up the DagBag from /opt/airflow/dags/main.py
[2026-05-26T11:49:39.847+0000] {processor.py:840} INFO - DAG(s) 'update_db', 'produce_json' retrieved from /opt/airflow/dags/main.py
[2026-05-26T11:49:39.892+0000] {logging_mixin.py:188} INFO - [2026-05-26T11:49:39.892+0000] {dag.py:3096} INFO - Sync 2 DAGs
[2026-05-26T11:49:39.926+0000] {logging_mixin.py:188} INFO - [2026-05-26T11:49:39.926+0000] {dag.py:3954} INFO - Setting next_dagrun for produce_json to 2026-05-26 11:00:00+00:00, run_after=2026-05-27 11:00:00+00:00
[2026-05-26T11:49:39.934+0000] {logging_mixin.py:188} INFO - [2026-05-26T11:49:39.934+0000] {dag.py:3954} INFO - Setting next_dagrun for update_db to 2026-05-25 12:00:00+00:00, run_after=2026-05-26 12:00:00+00:00
[2026-05-26T11:49:40.015+0000] {processor.py:183} INFO - Processing /opt/airflow/dags/main.py took 0.396 seconds
[2026-05-26T11:50:10.465+0000] {processor.py:161} INFO - Started process (PID=878) to work on /opt/airflow/dags/main.py
[2026-05-26T11:50:10.467+0000] {processor.py:830} INFO - Processing file /opt/airflow/dags/main.py for tasks to queue
[2026-05-26T11:50:10.469+0000] {logging_mixin.py:188} INFO - [2026-05-26T11:50:10.468+0000] {dagbag.py:545} INFO - Filling up the DagBag from /opt/airflow/dags/main.py
[2026-05-26T11:50:10.738+0000] {processor.py:840} INFO - DAG(s) 'produce_json', 'update_db' retrieved from /opt/airflow/dags/main.py
[2026-05-26T11:50:10.785+0000] {logging_mixin.py:188} INFO - [2026-05-26T11:50:10.784+0000] {dag.py:3096} INFO - Sync 2 DAGs
[2026-05-26T11:50:10.861+0000] {logging_mixin.py:188} INFO - [2026-05-26T11:50:10.860+0000] {dag.py:3954} INFO - Setting next_dagrun for produce_json to 2026-05-26 11:00:00+00:00, run_after=2026-05-27 11:00:00+00:00
[2026-05-26T11:50:10.874+0000] {logging_mixin.py:188} INFO - [2026-05-26T11:50:10.874+0000] {dag.py:3954} INFO - Setting next_dagrun for update_db to 2026-05-25 12:00:00+00:00, run_after=2026-05-26 12:00:00+00:00
[2026-05-26T11:50:10.915+0000] {processor.py:183} INFO - Processing /opt/airflow/dags/main.py took 0.466 seconds
[2026-05-26T11:50:41.394+0000] {processor.py:161} INFO - Started process (PID=885) to work on /opt/airflow/dags/main.py
[2026-05-26T11:50:41.396+0000] {processor.py:830} INFO - Processing file /opt/airflow/dags/main.py for tasks to queue
[2026-05-26T11:50:41.397+0000] {logging_mixin.py:188} INFO - [2026-05-26T11:50:41.397+0000] {dagbag.py:545} INFO - Filling up the DagBag from /opt/airflow/dags/main.py
[2026-05-26T11:50:41.601+0000] {processor.py:840} INFO - DAG(s) 'update_db', 'produce_json' retrieved from /opt/airflow/dags/main.py
[2026-05-26T11:50:41.656+0000] {logging_mixin.py:188} INFO - [2026-05-26T11:50:41.655+0000] {dag.py:3096} INFO - Sync 2 DAGs
[2026-05-26T11:50:41.685+0000] {logging_mixin.py:188} INFO - [2026-05-26T11:50:41.685+0000] {dag.py:3954} INFO - Setting next_dagrun for produce_json to 2026-05-26 11:00:00+00:00, run_after=2026-05-27 11:00:00+00:00
[2026-05-26T11:50:41.692+0000] {logging_mixin.py:188} INFO - [2026-05-26T11:50:41.692+0000] {dag.py:3954} INFO - Setting next_dagrun for update_db to 2026-05-25 12:00:00+00:00, run_after=2026-05-26 12:00:00+00:00
[2026-05-26T11:50:41.755+0000] {processor.py:183} INFO - Processing /opt/airflow/dags/main.py took 0.375 seconds
[2026-05-26T11:51:12.171+0000] {processor.py:161} INFO - Started process (PID=892) to work on /opt/airflow/dags/main.py
[2026-05-26T11:51:12.185+0000] {processor.py:830} INFO - Processing file /opt/airflow/dags/main.py for tasks to queue
[2026-05-26T11:51:12.186+0000] {logging_mixin.py:188} INFO - [2026-05-26T11:51:12.186+0000] {dagbag.py:545} INFO - Filling up the DagBag from /opt/airflow/dags/main.py
[2026-05-26T11:51:12.364+0000] {processor.py:840} INFO - DAG(s) 'produce_json', 'update_db' retrieved from /opt/airflow/dags/main.py
[2026-05-26T11:51:12.408+0000] {logging_mixin.py:188} INFO - [2026-05-26T11:51:12.408+0000] {dag.py:3096} INFO - Sync 2 DAGs
[2026-05-26T11:51:12.440+0000] {logging_mixin.py:188} INFO - [2026-05-26T11:51:12.439+0000] {dag.py:3954} INFO - Setting next_dagrun for produce_json to 2026-05-26 11:00:00+00:00, run_after=2026-05-27 11:00:00+00:00
[2026-05-26T11:51:12.447+0000] {logging_mixin.py:188} INFO - [2026-05-26T11:51:12.447+0000] {dag.py:3954} INFO - Setting next_dagrun for update_db to 2026-05-25 12:00:00+00:00, run_after=2026-05-26 12:00:00+00:00
[2026-05-26T11:51:12.507+0000] {processor.py:183} INFO - Processing /opt/airflow/dags/main.py took 0.345 seconds
[2026-05-26T11:51:42.994+0000] {processor.py:161} INFO - Started process (PID=899) to work on /opt/airflow/dags/main.py
[2026-05-26T11:51:43.025+0000] {processor.py:830} INFO - Processing file /opt/airflow/dags/main.py for tasks to queue
[2026-05-26T11:51:43.028+0000] {logging_mixin.py:188} INFO - [2026-05-26T11:51:43.027+0000] {dagbag.py:545} INFO - Filling up the DagBag from /opt/airflow/dags/main.py
[2026-05-26T11:51:43.286+0000] {processor.py:840} INFO - DAG(s) 'produce_json', 'update_db' retrieved from /opt/airflow/dags/main.py
[2026-05-26T11:51:43.343+0000] {logging_mixin.py:188} INFO - [2026-05-26T11:51:43.343+0000] {dag.py:3096} INFO - Sync 2 DAGs
[2026-05-26T11:51:43.378+0000] {logging_mixin.py:188} INFO - [2026-05-26T11:51:43.378+0000] {dag.py:3954} INFO - Setting next_dagrun for produce_json to 2026-05-26 11:00:00+00:00, run_after=2026-05-27 11:00:00+00:00
[2026-05-26T11:51:43.385+0000] {logging_mixin.py:188} INFO - [2026-05-26T11:51:43.385+0000] {dag.py:3954} INFO - Setting next_dagrun for update_db to 2026-05-25 12:00:00+00:00, run_after=2026-05-26 12:00:00+00:00
[2026-05-26T11:51:43.448+0000] {processor.py:183} INFO - Processing /opt/airflow/dags/main.py took 0.480 seconds
[2026-05-26T11:52:13.854+0000] {processor.py:161} INFO - Started process (PID=906) to work on /opt/airflow/dags/main.py
[2026-05-26T11:52:13.857+0000] {processor.py:830} INFO - Processing file /opt/airflow/dags/main.py for tasks to queue
[2026-05-26T11:52:13.859+0000] {logging_mixin.py:188} INFO - [2026-05-26T11:52:13.859+0000] {dagbag.py:545} INFO - Filling up the DagBag from /opt/airflow/dags/main.py
[2026-05-26T11:52:14.142+0000] {processor.py:840} INFO - DAG(s) 'produce_json', 'update_db' retrieved from /opt/airflow/dags/main.py
[2026-05-26T11:52:14.191+0000] {logging_mixin.py:188} INFO - [2026-05-26T11:52:14.190+0000] {dag.py:3096} INFO - Sync 2 DAGs
[2026-05-26T11:52:14.226+0000] {logging_mixin.py:188} INFO - [2026-05-26T11:52:14.225+0000] {dag.py:3954} INFO - Setting next_dagrun for produce_json to 2026-05-26 11:00:00+00:00, run_after=2026-05-27 11:00:00+00:00
[2026-05-26T11:52:14.234+0000] {logging_mixin.py:188} INFO - [2026-05-26T11:52:14.233+0000] {dag.py:3954} INFO - Setting next_dagrun for update_db to 2026-05-25 12:00:00+00:00, run_after=2026-05-26 12:00:00+00:00
[2026-05-26T11:52:14.257+0000] {processor.py:183} INFO - Processing /opt/airflow/dags/main.py took 0.421 seconds
[2026-05-26T11:52:44.705+0000] {processor.py:161} INFO - Started process (PID=913) to work on /opt/airflow/dags/main.py
[2026-05-26T11:52:44.708+0000] {processor.py:830} INFO - Processing file /opt/airflow/dags/main.py for tasks to queue
[2026-05-26T11:52:44.712+0000] {logging_mixin.py:188} INFO - [2026-05-26T11:52:44.712+0000] {dagbag.py:545} INFO - Filling up the DagBag from /opt/airflow/dags/main.py
[2026-05-26T11:52:45.031+0000] {processor.py:840} INFO - DAG(s) 'update_db', 'produce_json' retrieved from /opt/airflow/dags/main.py
[2026-05-26T11:52:45.086+0000] {logging_mixin.py:188} INFO - [2026-05-26T11:52:45.085+0000] {dag.py:3096} INFO - Sync 2 DAGs
[2026-05-26T11:52:45.120+0000] {logging_mixin.py:188} INFO - [2026-05-26T11:52:45.120+0000] {dag.py:3954} INFO - Setting next_dagrun for produce_json to 2026-05-26 11:00:00+00:00, run_after=2026-05-27 11:00:00+00:00
[2026-05-26T11:52:45.128+0000] {logging_mixin.py:188} INFO - [2026-05-26T11:52:45.128+0000] {dag.py:3954} INFO - Setting next_dagrun for update_db to 2026-05-25 12:00:00+00:00, run_after=2026-05-26 12:00:00+00:00
[2026-05-26T11:52:45.155+0000] {processor.py:183} INFO - Processing /opt/airflow/dags/main.py took 0.465 seconds
[2026-05-26T11:53:15.559+0000] {processor.py:161} INFO - Started process (PID=920) to work on /opt/airflow/dags/main.py
[2026-05-26T11:53:15.562+0000] {processor.py:830} INFO - Processing file /opt/airflow/dags/main.py for tasks to queue
[2026-05-26T11:53:15.564+0000] {logging_mixin.py:188} INFO - [2026-05-26T11:53:15.564+0000] {dagbag.py:545} INFO - Filling up the DagBag from /opt/airflow/dags/main.py
[2026-05-26T11:53:15.797+0000] {processor.py:840} INFO - DAG(s) 'produce_json', 'update_db' retrieved from /opt/airflow/dags/main.py
[2026-05-26T11:53:15.841+0000] {logging_mixin.py:188} INFO - [2026-05-26T11:53:15.841+0000] {dag.py:3096} INFO - Sync 2 DAGs
[2026-05-26T11:53:15.871+0000] {logging_mixin.py:188} INFO - [2026-05-26T11:53:15.871+0000] {dag.py:3954} INFO - Setting next_dagrun for produce_json to 2026-05-26 11:00:00+00:00, run_after=2026-05-27 11:00:00+00:00
[2026-05-26T11:53:15.878+0000] {logging_mixin.py:188} INFO - [2026-05-26T11:53:15.878+0000] {dag.py:3954} INFO - Setting next_dagrun for update_db to 2026-05-25 12:00:00+00:00, run_after=2026-05-26 12:00:00+00:00
[2026-05-26T11:53:15.948+0000] {processor.py:183} INFO - Processing /opt/airflow/dags/main.py took 0.409 seconds
[2026-05-26T11:53:46.525+0000] {processor.py:161} INFO - Started process (PID=927) to work on /opt/airflow/dags/main.py
[2026-05-26T11:53:46.528+0000] {processor.py:830} INFO - Processing file /opt/airflow/dags/main.py for tasks to queue
[2026-05-26T11:53:46.530+0000] {logging_mixin.py:188} INFO - [2026-05-26T11:53:46.530+0000] {dagbag.py:545} INFO - Filling up the DagBag from /opt/airflow/dags/main.py
[2026-05-26T11:53:46.844+0000] {processor.py:840} INFO - DAG(s) 'produce_json', 'update_db' retrieved from /opt/airflow/dags/main.py
[2026-05-26T11:53:46.915+0000] {logging_mixin.py:188} INFO - [2026-05-26T11:53:46.914+0000] {dag.py:3096} INFO - Sync 2 DAGs
[2026-05-26T11:53:46.946+0000] {logging_mixin.py:188} INFO - [2026-05-26T11:53:46.946+0000] {dag.py:3954} INFO - Setting next_dagrun for produce_json to 2026-05-26 11:00:00+00:00, run_after=2026-05-27 11:00:00+00:00
[2026-05-26T11:53:46.960+0000] {logging_mixin.py:188} INFO - [2026-05-26T11:53:46.960+0000] {dag.py:3954} INFO - Setting next_dagrun for update_db to 2026-05-25 12:00:00+00:00, run_after=2026-05-26 12:00:00+00:00
[2026-05-26T11:53:47.039+0000] {processor.py:183} INFO - Processing /opt/airflow/dags/main.py took 0.526 seconds
[2026-05-26T11:54:17.468+0000] {processor.py:161} INFO - Started process (PID=934) to work on /opt/airflow/dags/main.py
[2026-05-26T11:54:17.470+0000] {processor.py:830} INFO - Processing file /opt/airflow/dags/main.py for tasks to queue
[2026-05-26T11:54:17.472+0000] {logging_mixin.py:188} INFO - [2026-05-26T11:54:17.472+0000] {dagbag.py:545} INFO - Filling up the DagBag from /opt/airflow/dags/main.py
[2026-05-26T11:54:17.685+0000] {processor.py:840} INFO - DAG(s) 'produce_json', 'update_db' retrieved from /opt/airflow/dags/main.py
[2026-05-26T11:54:17.740+0000] {logging_mixin.py:188} INFO - [2026-05-26T11:54:17.740+0000] {dag.py:3096} INFO - Sync 2 DAGs
[2026-05-26T11:54:17.771+0000] {logging_mixin.py:188} INFO - [2026-05-26T11:54:17.770+0000] {dag.py:3954} INFO - Setting next_dagrun for produce_json to 2026-05-26 11:00:00+00:00, run_after=2026-05-27 11:00:00+00:00
[2026-05-26T11:54:17.777+0000] {logging_mixin.py:188} INFO - [2026-05-26T11:54:17.777+0000] {dag.py:3954} INFO - Setting next_dagrun for update_db to 2026-05-25 12:00:00+00:00, run_after=2026-05-26 12:00:00+00:00
[2026-05-26T11:54:17.865+0000] {processor.py:183} INFO - Processing /opt/airflow/dags/main.py took 0.414 seconds
[2026-05-26T11:54:48.236+0000] {processor.py:161} INFO - Started process (PID=941) to work on /opt/airflow/dags/main.py
[2026-05-26T11:54:48.238+0000] {processor.py:830} INFO - Processing file /opt/airflow/dags/main.py for tasks to queue
[2026-05-26T11:54:48.239+0000] {logging_mixin.py:188} INFO - [2026-05-26T11:54:48.239+0000] {dagbag.py:545} INFO - Filling up the DagBag from /opt/airflow/dags/main.py
[2026-05-26T11:54:48.472+0000] {processor.py:840} INFO - DAG(s) 'produce_json', 'update_db' retrieved from /opt/airflow/dags/main.py
[2026-05-26T11:54:48.532+0000] {logging_mixin.py:188} INFO - [2026-05-26T11:54:48.532+0000] {dag.py:3096} INFO - Sync 2 DAGs
[2026-05-26T11:54:48.561+0000] {logging_mixin.py:188} INFO - [2026-05-26T11:54:48.561+0000] {dag.py:3954} INFO - Setting next_dagrun for produce_json to 2026-05-26 11:00:00+00:00, run_after=2026-05-27 11:00:00+00:00
[2026-05-26T11:54:48.569+0000] {logging_mixin.py:188} INFO - [2026-05-26T11:54:48.569+0000] {dag.py:3954} INFO - Setting next_dagrun for update_db to 2026-05-25 12:00:00+00:00, run_after=2026-05-26 12:00:00+00:00
[2026-05-26T11:54:48.640+0000] {processor.py:183} INFO - Processing /opt/airflow/dags/main.py took 0.411 seconds
[2026-05-26T11:55:19.150+0000] {processor.py:161} INFO - Started process (PID=948) to work on /opt/airflow/dags/main.py
[2026-05-26T11:55:19.153+0000] {processor.py:830} INFO - Processing file /opt/airflow/dags/main.py for tasks to queue
[2026-05-26T11:55:19.155+0000] {logging_mixin.py:188} INFO - [2026-05-26T11:55:19.154+0000] {dagbag.py:545} INFO - Filling up the DagBag from /opt/airflow/dags/main.py
[2026-05-26T11:55:19.429+0000] {processor.py:840} INFO - DAG(s) 'update_db', 'produce_json' retrieved from /opt/airflow/dags/main.py
[2026-05-26T11:55:19.481+0000] {logging_mixin.py:188} INFO - [2026-05-26T11:55:19.481+0000] {dag.py:3096} INFO - Sync 2 DAGs
[2026-05-26T11:55:19.530+0000] {logging_mixin.py:188} INFO - [2026-05-26T11:55:19.530+0000] {dag.py:3954} INFO - Setting next_dagrun for produce_json to 2026-05-26 11:00:00+00:00, run_after=2026-05-27 11:00:00+00:00
[2026-05-26T11:55:19.543+0000] {logging_mixin.py:188} INFO - [2026-05-26T11:55:19.542+0000] {dag.py:3954} INFO - Setting next_dagrun for update_db to 2026-05-25 12:00:00+00:00, run_after=2026-05-26 12:00:00+00:00
[2026-05-26T11:55:19.575+0000] {processor.py:183} INFO - Processing /opt/airflow/dags/main.py took 0.448 seconds
[2026-05-26T11:55:49.918+0000] {processor.py:161} INFO - Started process (PID=955) to work on /opt/airflow/dags/main.py
[2026-05-26T11:55:49.921+0000] {processor.py:830} INFO - Processing file /opt/airflow/dags/main.py for tasks to queue
[2026-05-26T11:55:49.922+0000] {logging_mixin.py:188} INFO - [2026-05-26T11:55:49.922+0000] {dagbag.py:545} INFO - Filling up the DagBag from /opt/airflow/dags/main.py
[2026-05-26T11:55:50.195+0000] {processor.py:840} INFO - DAG(s) 'update_db', 'produce_json' retrieved from /opt/airflow/dags/main.py
[2026-05-26T11:55:50.242+0000] {logging_mixin.py:188} INFO - [2026-05-26T11:55:50.242+0000] {dag.py:3096} INFO - Sync 2 DAGs
[2026-05-26T11:55:50.280+0000] {logging_mixin.py:188} INFO - [2026-05-26T11:55:50.279+0000] {dag.py:3954} INFO - Setting next_dagrun for produce_json to 2026-05-26 11:00:00+00:00, run_after=2026-05-27 11:00:00+00:00
[2026-05-26T11:55:50.290+0000] {logging_mixin.py:188} INFO - [2026-05-26T11:55:50.290+0000] {dag.py:3954} INFO - Setting next_dagrun for update_db to 2026-05-25 12:00:00+00:00, run_after=2026-05-26 12:00:00+00:00
[2026-05-26T11:55:50.317+0000] {processor.py:183} INFO - Processing /opt/airflow/dags/main.py took 0.410 seconds
[2026-05-26T11:56:20.674+0000] {processor.py:161} INFO - Started process (PID=962) to work on /opt/airflow/dags/main.py
[2026-05-26T11:56:20.675+0000] {processor.py:830} INFO - Processing file /opt/airflow/dags/main.py for tasks to queue
[2026-05-26T11:56:20.677+0000] {logging_mixin.py:188} INFO - [2026-05-26T11:56:20.676+0000] {dagbag.py:545} INFO - Filling up the DagBag from /opt/airflow/dags/main.py
[2026-05-26T11:56:20.868+0000] {processor.py:840} INFO - DAG(s) 'update_db', 'produce_json' retrieved from /opt/airflow/dags/main.py
[2026-05-26T11:56:20.913+0000] {logging_mixin.py:188} INFO - [2026-05-26T11:56:20.912+0000] {dag.py:3096} INFO - Sync 2 DAGs
[2026-05-26T11:56:20.941+0000] {logging_mixin.py:188} INFO - [2026-05-26T11:56:20.940+0000] {dag.py:3954} INFO - Setting next_dagrun for produce_json to 2026-05-26 11:00:00+00:00, run_after=2026-05-27 11:00:00+00:00
[2026-05-26T11:56:20.949+0000] {logging_mixin.py:188} INFO - [2026-05-26T11:56:20.949+0000] {dag.py:3954} INFO - Setting next_dagrun for update_db to 2026-05-25 12:00:00+00:00, run_after=2026-05-26 12:00:00+00:00
[2026-05-26T11:56:21.044+0000] {processor.py:183} INFO - Processing /opt/airflow/dags/main.py took 0.380 seconds
[2026-05-26T11:56:51.452+0000] {processor.py:161} INFO - Started process (PID=969) to work on /opt/airflow/dags/main.py
[2026-05-26T11:56:51.454+0000] {processor.py:830} INFO - Processing file /opt/airflow/dags/main.py for tasks to queue
[2026-05-26T11:56:51.456+0000] {logging_mixin.py:188} INFO - [2026-05-26T11:56:51.456+0000] {dagbag.py:545} INFO - Filling up the DagBag from /opt/airflow/dags/main.py
[2026-05-26T11:56:51.667+0000] {processor.py:840} INFO - DAG(s) 'produce_json', 'update_db' retrieved from /opt/airflow/dags/main.py
[2026-05-26T11:56:51.723+0000] {logging_mixin.py:188} INFO - [2026-05-26T11:56:51.723+0000] {dag.py:3096} INFO - Sync 2 DAGs
[2026-05-26T11:56:51.757+0000] {logging_mixin.py:188} INFO - [2026-05-26T11:56:51.757+0000] {dag.py:3954} INFO - Setting next_dagrun for produce_json to 2026-05-26 11:00:00+00:00, run_after=2026-05-27 11:00:00+00:00
[2026-05-26T11:56:51.765+0000] {logging_mixin.py:188} INFO - [2026-05-26T11:56:51.764+0000] {dag.py:3954} INFO - Setting next_dagrun for update_db to 2026-05-25 12:00:00+00:00, run_after=2026-05-26 12:00:00+00:00
[2026-05-26T11:56:51.835+0000] {processor.py:183} INFO - Processing /opt/airflow/dags/main.py took 0.402 seconds
[2026-05-26T11:57:22.238+0000] {processor.py:161} INFO - Started process (PID=976) to work on /opt/airflow/dags/main.py
[2026-05-26T11:57:22.240+0000] {processor.py:830} INFO - Processing file /opt/airflow/dags/main.py for tasks to queue
[2026-05-26T11:57:22.241+0000] {logging_mixin.py:188} INFO - [2026-05-26T11:57:22.241+0000] {dagbag.py:545} INFO - Filling up the DagBag from /opt/airflow/dags/main.py
[2026-05-26T11:57:22.444+0000] {processor.py:840} INFO - DAG(s) 'update_db', 'produce_json' retrieved from /opt/airflow/dags/main.py
[2026-05-26T11:57:22.492+0000] {logging_mixin.py:188} INFO - [2026-05-26T11:57:22.492+0000] {dag.py:3096} INFO - Sync 2 DAGs
[2026-05-26T11:57:22.522+0000] {logging_mixin.py:188} INFO - [2026-05-26T11:57:22.522+0000] {dag.py:3954} INFO - Setting next_dagrun for produce_json to 2026-05-26 11:00:00+00:00, run_after=2026-05-27 11:00:00+00:00
[2026-05-26T11:57:22.530+0000] {logging_mixin.py:188} INFO - [2026-05-26T11:57:22.529+0000] {dag.py:3954} INFO - Setting next_dagrun for update_db to 2026-05-25 12:00:00+00:00, run_after=2026-05-26 12:00:00+00:00
[2026-05-26T11:57:22.611+0000] {processor.py:183} INFO - Processing /opt/airflow/dags/main.py took 0.387 seconds
[2026-05-26T11:57:53.126+0000] {processor.py:161} INFO - Started process (PID=983) to work on /opt/airflow/dags/main.py
[2026-05-26T11:57:53.129+0000] {processor.py:830} INFO - Processing file /opt/airflow/dags/main.py for tasks to queue
[2026-05-26T11:57:53.131+0000] {logging_mixin.py:188} INFO - [2026-05-26T11:57:53.131+0000] {dagbag.py:545} INFO - Filling up the DagBag from /opt/airflow/dags/main.py
[2026-05-26T11:57:53.363+0000] {processor.py:840} INFO - DAG(s) 'update_db', 'produce_json' retrieved from /opt/airflow/dags/main.py
[2026-05-26T11:57:53.424+0000] {logging_mixin.py:188} INFO - [2026-05-26T11:57:53.423+0000] {dag.py:3096} INFO - Sync 2 DAGs
[2026-05-26T11:57:53.454+0000] {logging_mixin.py:188} INFO - [2026-05-26T11:57:53.454+0000] {dag.py:3954} INFO - Setting next_dagrun for produce_json to 2026-05-26 11:00:00+00:00, run_after=2026-05-27 11:00:00+00:00
[2026-05-26T11:57:53.464+0000] {logging_mixin.py:188} INFO - [2026-05-26T11:57:53.463+0000] {dag.py:3954} INFO - Setting next_dagrun for update_db to 2026-05-25 12:00:00+00:00, run_after=2026-05-26 12:00:00+00:00
[2026-05-26T11:57:53.535+0000] {processor.py:183} INFO - Processing /opt/airflow/dags/main.py took 0.434 seconds
[2026-05-26T11:58:24.037+0000] {processor.py:161} INFO - Started process (PID=990) to work on /opt/airflow/dags/main.py
[2026-05-26T11:58:24.039+0000] {processor.py:830} INFO - Processing file /opt/airflow/dags/main.py for tasks to queue
[2026-05-26T11:58:24.040+0000] {logging_mixin.py:188} INFO - [2026-05-26T11:58:24.040+0000] {dagbag.py:545} INFO - Filling up the DagBag from /opt/airflow/dags/main.py
[2026-05-26T11:58:24.291+0000] {processor.py:840} INFO - DAG(s) 'produce_json', 'update_db' retrieved from /opt/airflow/dags/main.py
[2026-05-26T11:58:24.404+0000] {logging_mixin.py:188} INFO - [2026-05-26T11:58:24.404+0000] {dag.py:3096} INFO - Sync 2 DAGs
[2026-05-26T11:58:24.439+0000] {logging_mixin.py:188} INFO - [2026-05-26T11:58:24.438+0000] {dag.py:3954} INFO - Setting next_dagrun for produce_json to 2026-05-26 11:00:00+00:00, run_after=2026-05-27 11:00:00+00:00
[2026-05-26T11:58:24.446+0000] {logging_mixin.py:188} INFO - [2026-05-26T11:58:24.446+0000] {dag.py:3954} INFO - Setting next_dagrun for update_db to 2026-05-25 12:00:00+00:00, run_after=2026-05-26 12:00:00+00:00
[2026-05-26T11:58:24.469+0000] {processor.py:183} INFO - Processing /opt/airflow/dags/main.py took 0.445 seconds
[2026-05-26T11:58:54.756+0000] {processor.py:161} INFO - Started process (PID=1003) to work on /opt/airflow/dags/main.py
[2026-05-26T11:58:54.759+0000] {processor.py:830} INFO - Processing file /opt/airflow/dags/main.py for tasks to queue
[2026-05-26T11:58:54.761+0000] {logging_mixin.py:188} INFO - [2026-05-26T11:58:54.761+0000] {dagbag.py:545} INFO - Filling up the DagBag from /opt/airflow/dags/main.py
[2026-05-26T11:58:54.999+0000] {processor.py:840} INFO - DAG(s) 'produce_json', 'update_db' retrieved from /opt/airflow/dags/main.py
[2026-05-26T11:58:55.054+0000] {logging_mixin.py:188} INFO - [2026-05-26T11:58:55.054+0000] {dag.py:3096} INFO - Sync 2 DAGs
[2026-05-26T11:58:55.085+0000] {logging_mixin.py:188} INFO - [2026-05-26T11:58:55.084+0000] {dag.py:3954} INFO - Setting next_dagrun for produce_json to 2026-05-26 11:00:00+00:00, run_after=2026-05-27 11:00:00+00:00
[2026-05-26T11:58:55.095+0000] {logging_mixin.py:188} INFO - [2026-05-26T11:58:55.095+0000] {dag.py:3954} INFO - Setting next_dagrun for update_db to 2026-05-25 12:00:00+00:00, run_after=2026-05-26 12:00:00+00:00
[2026-05-26T11:58:55.171+0000] {processor.py:183} INFO - Processing /opt/airflow/dags/main.py took 0.433 seconds
[2026-05-26T11:59:25.565+0000] {processor.py:161} INFO - Started process (PID=1010) to work on /opt/airflow/dags/main.py
[2026-05-26T11:59:25.569+0000] {processor.py:830} INFO - Processing file /opt/airflow/dags/main.py for tasks to queue
[2026-05-26T11:59:25.570+0000] {logging_mixin.py:188} INFO - [2026-05-26T11:59:25.570+0000] {dagbag.py:545} INFO - Filling up the DagBag from /opt/airflow/dags/main.py
[2026-05-26T11:59:25.746+0000] {processor.py:840} INFO - DAG(s) 'produce_json', 'update_db' retrieved from /opt/airflow/dags/main.py
[2026-05-26T11:59:25.790+0000] {logging_mixin.py:188} INFO - [2026-05-26T11:59:25.790+0000] {dag.py:3096} INFO - Sync 2 DAGs
[2026-05-26T11:59:25.819+0000] {logging_mixin.py:188} INFO - [2026-05-26T11:59:25.819+0000] {dag.py:3954} INFO - Setting next_dagrun for produce_json to 2026-05-26 11:00:00+00:00, run_after=2026-05-27 11:00:00+00:00
[2026-05-26T11:59:25.825+0000] {logging_mixin.py:188} INFO - [2026-05-26T11:59:25.825+0000] {dag.py:3954} INFO - Setting next_dagrun for update_db to 2026-05-25 12:00:00+00:00, run_after=2026-05-26 12:00:00+00:00
[2026-05-26T11:59:25.883+0000] {processor.py:183} INFO - Processing /opt/airflow/dags/main.py took 0.329 seconds
[2026-05-26T11:59:56.399+0000] {processor.py:161} INFO - Started process (PID=1018) to work on /opt/airflow/dags/main.py
[2026-05-26T11:59:56.402+0000] {processor.py:830} INFO - Processing file /opt/airflow/dags/main.py for tasks to queue
[2026-05-26T11:59:56.404+0000] {logging_mixin.py:188} INFO - [2026-05-26T11:59:56.404+0000] {dagbag.py:545} INFO - Filling up the DagBag from /opt/airflow/dags/main.py
[2026-05-26T11:59:56.587+0000] {processor.py:840} INFO - DAG(s) 'update_db', 'produce_json' retrieved from /opt/airflow/dags/main.py
[2026-05-26T11:59:56.628+0000] {logging_mixin.py:188} INFO - [2026-05-26T11:59:56.627+0000] {dag.py:3096} INFO - Sync 2 DAGs
[2026-05-26T11:59:56.656+0000] {logging_mixin.py:188} INFO - [2026-05-26T11:59:56.655+0000] {dag.py:3954} INFO - Setting next_dagrun for produce_json to 2026-05-26 11:00:00+00:00, run_after=2026-05-27 11:00:00+00:00
[2026-05-26T11:59:56.663+0000] {logging_mixin.py:188} INFO - [2026-05-26T11:59:56.663+0000] {dag.py:3954} INFO - Setting next_dagrun for update_db to 2026-05-25 12:00:00+00:00, run_after=2026-05-26 12:00:00+00:00
[2026-05-26T11:59:56.725+0000] {processor.py:183} INFO - Processing /opt/airflow/dags/main.py took 0.355 seconds
[2026-05-26T12:00:27.206+0000] {processor.py:161} INFO - Started process (PID=1025) to work on /opt/airflow/dags/main.py
[2026-05-26T12:00:27.208+0000] {processor.py:830} INFO - Processing file /opt/airflow/dags/main.py for tasks to queue
[2026-05-26T12:00:27.210+0000] {logging_mixin.py:188} INFO - [2026-05-26T12:00:27.210+0000] {dagbag.py:545} INFO - Filling up the DagBag from /opt/airflow/dags/main.py
[2026-05-26T12:00:27.419+0000] {processor.py:840} INFO - DAG(s) 'update_db', 'produce_json' retrieved from /opt/airflow/dags/main.py
[2026-05-26T12:00:27.471+0000] {logging_mixin.py:188} INFO - [2026-05-26T12:00:27.471+0000] {dag.py:3096} INFO - Sync 2 DAGs
[2026-05-26T12:00:27.508+0000] {logging_mixin.py:188} INFO - [2026-05-26T12:00:27.507+0000] {dag.py:3954} INFO - Setting next_dagrun for produce_json to 2026-05-26 11:00:00+00:00, run_after=2026-05-27 11:00:00+00:00
[2026-05-26T12:00:27.516+0000] {logging_mixin.py:188} INFO - [2026-05-26T12:00:27.515+0000] {dag.py:3954} INFO - Setting next_dagrun for update_db to 2026-05-26 12:00:00+00:00, run_after=2026-05-27 12:00:00+00:00
[2026-05-26T12:00:27.580+0000] {processor.py:183} INFO - Processing /opt/airflow/dags/main.py took 0.390 seconds
[2026-05-26T12:00:57.969+0000] {processor.py:161} INFO - Started process (PID=1032) to work on /opt/airflow/dags/main.py
[2026-05-26T12:00:57.970+0000] {processor.py:830} INFO - Processing file /opt/airflow/dags/main.py for tasks to queue
[2026-05-26T12:00:57.972+0000] {logging_mixin.py:188} INFO - [2026-05-26T12:00:57.971+0000] {dagbag.py:545} INFO - Filling up the DagBag from /opt/airflow/dags/main.py
[2026-05-26T12:00:58.170+0000] {processor.py:840} INFO - DAG(s) 'update_db', 'produce_json' retrieved from /opt/airflow/dags/main.py
[2026-05-26T12:00:58.224+0000] {logging_mixin.py:188} INFO - [2026-05-26T12:00:58.223+0000] {dag.py:3096} INFO - Sync 2 DAGs
[2026-05-26T12:00:58.258+0000] {logging_mixin.py:188} INFO - [2026-05-26T12:00:58.257+0000] {dag.py:3954} INFO - Setting next_dagrun for produce_json to 2026-05-26 11:00:00+00:00, run_after=2026-05-27 11:00:00+00:00
[2026-05-26T12:00:58.267+0000] {logging_mixin.py:188} INFO - [2026-05-26T12:00:58.267+0000] {dag.py:3954} INFO - Setting next_dagrun for update_db to 2026-05-26 12:00:00+00:00, run_after=2026-05-27 12:00:00+00:00
[2026-05-26T12:00:58.341+0000] {processor.py:183} INFO - Processing /opt/airflow/dags/main.py took 0.384 seconds
[2026-05-26T12:01:28.867+0000] {processor.py:161} INFO - Started process (PID=1039) to work on /opt/airflow/dags/main.py
[2026-05-26T12:01:28.869+0000] {processor.py:830} INFO - Processing file /opt/airflow/dags/main.py for tasks to queue
[2026-05-26T12:01:28.871+0000] {logging_mixin.py:188} INFO - [2026-05-26T12:01:28.871+0000] {dagbag.py:545} INFO - Filling up the DagBag from /opt/airflow/dags/main.py
[2026-05-26T12:01:29.129+0000] {processor.py:840} INFO - DAG(s) 'produce_json', 'update_db' retrieved from /opt/airflow/dags/main.py
[2026-05-26T12:01:29.175+0000] {logging_mixin.py:188} INFO - [2026-05-26T12:01:29.175+0000] {dag.py:3096} INFO - Sync 2 DAGs
[2026-05-26T12:01:29.208+0000] {logging_mixin.py:188} INFO - [2026-05-26T12:01:29.208+0000] {dag.py:3954} INFO - Setting next_dagrun for produce_json to 2026-05-26 11:00:00+00:00, run_after=2026-05-27 11:00:00+00:00
[2026-05-26T12:01:29.216+0000] {logging_mixin.py:188} INFO - [2026-05-26T12:01:29.216+0000] {dag.py:3954} INFO - Setting next_dagrun for update_db to 2026-05-26 12:00:00+00:00, run_after=2026-05-27 12:00:00+00:00
[2026-05-26T12:01:29.239+0000] {processor.py:183} INFO - Processing /opt/airflow/dags/main.py took 0.395 seconds
[2026-05-26T12:01:59.628+0000] {processor.py:161} INFO - Started process (PID=1047) to work on /opt/airflow/dags/main.py
[2026-05-26T12:01:59.631+0000] {processor.py:830} INFO - Processing file /opt/airflow/dags/main.py for tasks to queue
[2026-05-26T12:01:59.633+0000] {logging_mixin.py:188} INFO - [2026-05-26T12:01:59.632+0000] {dagbag.py:545} INFO - Filling up the DagBag from /opt/airflow/dags/main.py
[2026-05-26T12:01:59.836+0000] {processor.py:840} INFO - DAG(s) 'update_db', 'produce_json' retrieved from /opt/airflow/dags/main.py
[2026-05-26T12:01:59.881+0000] {logging_mixin.py:188} INFO - [2026-05-26T12:01:59.880+0000] {dag.py:3096} INFO - Sync 2 DAGs
[2026-05-26T12:01:59.913+0000] {logging_mixin.py:188} INFO - [2026-05-26T12:01:59.913+0000] {dag.py:3954} INFO - Setting next_dagrun for produce_json to 2026-05-26 11:00:00+00:00, run_after=2026-05-27 11:00:00+00:00
[2026-05-26T12:01:59.922+0000] {logging_mixin.py:188} INFO - [2026-05-26T12:01:59.922+0000] {dag.py:3954} INFO - Setting next_dagrun for update_db to 2026-05-26 12:00:00+00:00, run_after=2026-05-27 12:00:00+00:00
[2026-05-26T12:01:59.950+0000] {processor.py:183} INFO - Processing /opt/airflow/dags/main.py took 0.330 seconds
[2026-05-26T12:02:30.289+0000] {processor.py:161} INFO - Started process (PID=1054) to work on /opt/airflow/dags/main.py
[2026-05-26T12:02:30.291+0000] {processor.py:830} INFO - Processing file /opt/airflow/dags/main.py for tasks to queue
[2026-05-26T12:02:30.292+0000] {logging_mixin.py:188} INFO - [2026-05-26T12:02:30.292+0000] {dagbag.py:545} INFO - Filling up the DagBag from /opt/airflow/dags/main.py
[2026-05-26T12:02:30.482+0000] {processor.py:840} INFO - DAG(s) 'update_db', 'produce_json' retrieved from /opt/airflow/dags/main.py
[2026-05-26T12:02:30.527+0000] {logging_mixin.py:188} INFO - [2026-05-26T12:02:30.527+0000] {dag.py:3096} INFO - Sync 2 DAGs
[2026-05-26T12:02:30.563+0000] {logging_mixin.py:188} INFO - [2026-05-26T12:02:30.563+0000] {dag.py:3954} INFO - Setting next_dagrun for produce_json to 2026-05-26 11:00:00+00:00, run_after=2026-05-27 11:00:00+00:00
[2026-05-26T12:02:30.571+0000] {logging_mixin.py:188} INFO - [2026-05-26T12:02:30.571+0000] {dag.py:3954} INFO - Setting next_dagrun for update_db to 2026-05-26 12:00:00+00:00, run_after=2026-05-27 12:00:00+00:00
[2026-05-26T12:02:30.640+0000] {processor.py:183} INFO - Processing /opt/airflow/dags/main.py took 0.360 seconds
[2026-05-26T12:03:01.094+0000] {processor.py:161} INFO - Started process (PID=1061) to work on /opt/airflow/dags/main.py
[2026-05-26T12:03:01.096+0000] {processor.py:830} INFO - Processing file /opt/airflow/dags/main.py for tasks to queue
[2026-05-26T12:03:01.098+0000] {logging_mixin.py:188} INFO - [2026-05-26T12:03:01.097+0000] {dagbag.py:545} INFO - Filling up the DagBag from /opt/airflow/dags/main.py
[2026-05-26T12:03:01.383+0000] {processor.py:840} INFO - DAG(s) 'produce_json', 'update_db' retrieved from /opt/airflow/dags/main.py
[2026-05-26T12:03:01.448+0000] {logging_mixin.py:188} INFO - [2026-05-26T12:03:01.448+0000] {dag.py:3096} INFO - Sync 2 DAGs
[2026-05-26T12:03:01.502+0000] {logging_mixin.py:188} INFO - [2026-05-26T12:03:01.501+0000] {dag.py:3954} INFO - Setting next_dagrun for produce_json to 2026-05-26 11:00:00+00:00, run_after=2026-05-27 11:00:00+00:00
[2026-05-26T12:03:01.512+0000] {logging_mixin.py:188} INFO - [2026-05-26T12:03:01.511+0000] {dag.py:3954} INFO - Setting next_dagrun for update_db to 2026-05-26 12:00:00+00:00, run_after=2026-05-27 12:00:00+00:00
[2026-05-26T12:03:01.609+0000] {processor.py:183} INFO - Processing /opt/airflow/dags/main.py took 0.532 seconds
[2026-05-26T12:03:31.734+0000] {processor.py:161} INFO - Started process (PID=1068) to work on /opt/airflow/dags/main.py
[2026-05-26T12:03:31.737+0000] {processor.py:830} INFO - Processing file /opt/airflow/dags/main.py for tasks to queue
[2026-05-26T12:03:31.739+0000] {logging_mixin.py:188} INFO - [2026-05-26T12:03:31.738+0000] {dagbag.py:545} INFO - Filling up the DagBag from /opt/airflow/dags/main.py
[2026-05-26T12:03:31.949+0000] {processor.py:840} INFO - DAG(s) 'update_db', 'produce_json' retrieved from /opt/airflow/dags/main.py
[2026-05-26T12:03:32.005+0000] {logging_mixin.py:188} INFO - [2026-05-26T12:03:32.004+0000] {dag.py:3096} INFO - Sync 2 DAGs
[2026-05-26T12:03:32.041+0000] {logging_mixin.py:188} INFO - [2026-05-26T12:03:32.041+0000] {dag.py:3954} INFO - Setting next_dagrun for produce_json to 2026-05-26 11:00:00+00:00, run_after=2026-05-27 11:00:00+00:00
[2026-05-26T12:03:32.050+0000] {logging_mixin.py:188} INFO - [2026-05-26T12:03:32.050+0000] {dag.py:3954} INFO - Setting next_dagrun for update_db to 2026-05-26 12:00:00+00:00, run_after=2026-05-27 12:00:00+00:00
[2026-05-26T12:03:32.096+0000] {processor.py:183} INFO - Processing /opt/airflow/dags/main.py took 0.370 seconds
[2026-05-26T12:04:02.456+0000] {processor.py:161} INFO - Started process (PID=1075) to work on /opt/airflow/dags/main.py
[2026-05-26T12:04:02.458+0000] {processor.py:830} INFO - Processing file /opt/airflow/dags/main.py for tasks to queue
[2026-05-26T12:04:02.460+0000] {logging_mixin.py:188} INFO - [2026-05-26T12:04:02.460+0000] {dagbag.py:545} INFO - Filling up the DagBag from /opt/airflow/dags/main.py
[2026-05-26T12:04:02.737+0000] {processor.py:840} INFO - DAG(s) 'produce_json', 'update_db' retrieved from /opt/airflow/dags/main.py
[2026-05-26T12:04:02.775+0000] {logging_mixin.py:188} INFO - [2026-05-26T12:04:02.775+0000] {dag.py:3096} INFO - Sync 2 DAGs
[2026-05-26T12:04:02.806+0000] {logging_mixin.py:188} INFO - [2026-05-26T12:04:02.806+0000] {dag.py:3954} INFO - Setting next_dagrun for produce_json to 2026-05-26 11:00:00+00:00, run_after=2026-05-27 11:00:00+00:00
[2026-05-26T12:04:02.818+0000] {logging_mixin.py:188} INFO - [2026-05-26T12:04:02.818+0000] {dag.py:3954} INFO - Setting next_dagrun for update_db to 2026-05-26 12:00:00+00:00, run_after=2026-05-27 12:00:00+00:00
[2026-05-26T12:04:02.902+0000] {processor.py:183} INFO - Processing /opt/airflow/dags/main.py took 0.471 seconds
[2026-05-26T12:04:33.420+0000] {processor.py:161} INFO - Started process (PID=1082) to work on /opt/airflow/dags/main.py
[2026-05-26T12:04:33.422+0000] {processor.py:830} INFO - Processing file /opt/airflow/dags/main.py for tasks to queue
[2026-05-26T12:04:33.424+0000] {logging_mixin.py:188} INFO - [2026-05-26T12:04:33.424+0000] {dagbag.py:545} INFO - Filling up the DagBag from /opt/airflow/dags/main.py
[2026-05-26T12:04:33.695+0000] {processor.py:840} INFO - DAG(s) 'update_db', 'produce_json' retrieved from /opt/airflow/dags/main.py
[2026-05-26T12:04:33.733+0000] {logging_mixin.py:188} INFO - [2026-05-26T12:04:33.733+0000] {dag.py:3096} INFO - Sync 2 DAGs
[2026-05-26T12:04:33.765+0000] {logging_mixin.py:188} INFO - [2026-05-26T12:04:33.765+0000] {dag.py:3954} INFO - Setting next_dagrun for produce_json to 2026-05-26 11:00:00+00:00, run_after=2026-05-27 11:00:00+00:00
[2026-05-26T12:04:33.774+0000] {logging_mixin.py:188} INFO - [2026-05-26T12:04:33.774+0000] {dag.py:3954} INFO - Setting next_dagrun for update_db to 2026-05-26 12:00:00+00:00, run_after=2026-05-27 12:00:00+00:00
[2026-05-26T12:04:33.848+0000] {processor.py:183} INFO - Processing /opt/airflow/dags/main.py took 0.447 seconds
[2026-05-26T12:05:04.198+0000] {processor.py:161} INFO - Started process (PID=1089) to work on /opt/airflow/dags/main.py
[2026-05-26T12:05:04.201+0000] {processor.py:830} INFO - Processing file /opt/airflow/dags/main.py for tasks to queue
[2026-05-26T12:05:04.204+0000] {logging_mixin.py:188} INFO - [2026-05-26T12:05:04.204+0000] {dagbag.py:545} INFO - Filling up the DagBag from /opt/airflow/dags/main.py
[2026-05-26T12:05:04.376+0000] {processor.py:840} INFO - DAG(s) 'update_db', 'produce_json' retrieved from /opt/airflow/dags/main.py
[2026-05-26T12:05:04.423+0000] {logging_mixin.py:188} INFO - [2026-05-26T12:05:04.423+0000] {dag.py:3096} INFO - Sync 2 DAGs
[2026-05-26T12:05:04.459+0000] {logging_mixin.py:188} INFO - [2026-05-26T12:05:04.459+0000] {dag.py:3954} INFO - Setting next_dagrun for produce_json to 2026-05-26 11:00:00+00:00, run_after=2026-05-27 11:00:00+00:00
[2026-05-26T12:05:04.467+0000] {logging_mixin.py:188} INFO - [2026-05-26T12:05:04.467+0000] {dag.py:3954} INFO - Setting next_dagrun for update_db to 2026-05-26 12:00:00+00:00, run_after=2026-05-27 12:00:00+00:00
[2026-05-26T12:05:04.496+0000] {processor.py:183} INFO - Processing /opt/airflow/dags/main.py took 0.317 seconds
[2026-05-26T12:05:34.918+0000] {processor.py:161} INFO - Started process (PID=1096) to work on /opt/airflow/dags/main.py
[2026-05-26T12:05:34.922+0000] {processor.py:830} INFO - Processing file /opt/airflow/dags/main.py for tasks to queue
[2026-05-26T12:05:34.925+0000] {logging_mixin.py:188} INFO - [2026-05-26T12:05:34.924+0000] {dagbag.py:545} INFO - Filling up the DagBag from /opt/airflow/dags/main.py
[2026-05-26T12:05:35.244+0000] {processor.py:840} INFO - DAG(s) 'produce_json', 'update_db' retrieved from /opt/airflow/dags/main.py
[2026-05-26T12:05:35.316+0000] {logging_mixin.py:188} INFO - [2026-05-26T12:05:35.316+0000] {dag.py:3096} INFO - Sync 2 DAGs
[2026-05-26T12:05:35.377+0000] {logging_mixin.py:188} INFO - [2026-05-26T12:05:35.377+0000] {dag.py:3954} INFO - Setting next_dagrun for produce_json to 2026-05-26 11:00:00+00:00, run_after=2026-05-27 11:00:00+00:00
[2026-05-26T12:05:35.387+0000] {logging_mixin.py:188} INFO - [2026-05-26T12:05:35.387+0000] {dag.py:3954} INFO - Setting next_dagrun for update_db to 2026-05-26 12:00:00+00:00, run_after=2026-05-27 12:00:00+00:00
[2026-05-26T12:05:35.462+0000] {processor.py:183} INFO - Processing /opt/airflow/dags/main.py took 0.564 seconds
[2026-05-26T12:06:05.785+0000] {processor.py:161} INFO - Started process (PID=1103) to work on /opt/airflow/dags/main.py
[2026-05-26T12:06:05.787+0000] {processor.py:830} INFO - Processing file /opt/airflow/dags/main.py for tasks to queue
[2026-05-26T12:06:05.789+0000] {logging_mixin.py:188} INFO - [2026-05-26T12:06:05.788+0000] {dagbag.py:545} INFO - Filling up the DagBag from /opt/airflow/dags/main.py
[2026-05-26T12:06:05.976+0000] {processor.py:840} INFO - DAG(s) 'produce_json', 'update_db' retrieved from /opt/airflow/dags/main.py
[2026-05-26T12:06:06.017+0000] {logging_mixin.py:188} INFO - [2026-05-26T12:06:06.016+0000] {dag.py:3096} INFO - Sync 2 DAGs
[2026-05-26T12:06:06.049+0000] {logging_mixin.py:188} INFO - [2026-05-26T12:06:06.048+0000] {dag.py:3954} INFO - Setting next_dagrun for produce_json to 2026-05-26 11:00:00+00:00, run_after=2026-05-27 11:00:00+00:00
[2026-05-26T12:06:06.057+0000] {logging_mixin.py:188} INFO - [2026-05-26T12:06:06.057+0000] {dag.py:3954} INFO - Setting next_dagrun for update_db to 2026-05-26 12:00:00+00:00, run_after=2026-05-27 12:00:00+00:00
[2026-05-26T12:06:06.152+0000] {processor.py:183} INFO - Processing /opt/airflow/dags/main.py took 0.381 seconds
[2026-05-26T12:06:36.657+0000] {processor.py:161} INFO - Started process (PID=1110) to work on /opt/airflow/dags/main.py
[2026-05-26T12:06:36.660+0000] {processor.py:830} INFO - Processing file /opt/airflow/dags/main.py for tasks to queue
[2026-05-26T12:06:36.663+0000] {logging_mixin.py:188} INFO - [2026-05-26T12:06:36.662+0000] {dagbag.py:545} INFO - Filling up the DagBag from /opt/airflow/dags/main.py
[2026-05-26T12:06:36.946+0000] {processor.py:840} INFO - DAG(s) 'update_db', 'produce_json' retrieved from /opt/airflow/dags/main.py
[2026-05-26T12:06:36.995+0000] {logging_mixin.py:188} INFO - [2026-05-26T12:06:36.995+0000] {dag.py:3096} INFO - Sync 2 DAGs
[2026-05-26T12:06:37.024+0000] {logging_mixin.py:188} INFO - [2026-05-26T12:06:37.024+0000] {dag.py:3954} INFO - Setting next_dagrun for produce_json to 2026-05-26 11:00:00+00:00, run_after=2026-05-27 11:00:00+00:00
[2026-05-26T12:06:37.031+0000] {logging_mixin.py:188} INFO - [2026-05-26T12:06:37.031+0000] {dag.py:3954} INFO - Setting next_dagrun for update_db to 2026-05-26 12:00:00+00:00, run_after=2026-05-27 12:00:00+00:00
[2026-05-26T12:06:37.052+0000] {processor.py:183} INFO - Processing /opt/airflow/dags/main.py took 0.421 seconds
[2026-05-26T12:07:07.487+0000] {processor.py:161} INFO - Started process (PID=1117) to work on /opt/airflow/dags/main.py
[2026-05-26T12:07:07.490+0000] {processor.py:830} INFO - Processing file /opt/airflow/dags/main.py for tasks to queue
[2026-05-26T12:07:07.493+0000] {logging_mixin.py:188} INFO - [2026-05-26T12:07:07.492+0000] {dagbag.py:545} INFO - Filling up the DagBag from /opt/airflow/dags/main.py
[2026-05-26T12:07:07.790+0000] {processor.py:840} INFO - DAG(s) 'update_db', 'produce_json' retrieved from /opt/airflow/dags/main.py
[2026-05-26T12:07:07.854+0000] {logging_mixin.py:188} INFO - [2026-05-26T12:07:07.853+0000] {dag.py:3096} INFO - Sync 2 DAGs
[2026-05-26T12:07:07.879+0000] {logging_mixin.py:188} INFO - [2026-05-26T12:07:07.879+0000] {dag.py:3954} INFO - Setting next_dagrun for produce_json to 2026-05-26 11:00:00+00:00, run_after=2026-05-27 11:00:00+00:00
[2026-05-26T12:07:07.890+0000] {logging_mixin.py:188} INFO - [2026-05-26T12:07:07.889+0000] {dag.py:3954} INFO - Setting next_dagrun for update_db to 2026-05-26 12:00:00+00:00, run_after=2026-05-27 12:00:00+00:00
[2026-05-26T12:07:07.974+0000] {processor.py:183} INFO - Processing /opt/airflow/dags/main.py took 0.508 seconds
[2026-05-26T12:07:38.431+0000] {processor.py:161} INFO - Started process (PID=1124) to work on /opt/airflow/dags/main.py
[2026-05-26T12:07:38.433+0000] {processor.py:830} INFO - Processing file /opt/airflow/dags/main.py for tasks to queue
[2026-05-26T12:07:38.435+0000] {logging_mixin.py:188} INFO - [2026-05-26T12:07:38.435+0000] {dagbag.py:545} INFO - Filling up the DagBag from /opt/airflow/dags/main.py
[2026-05-26T12:07:38.615+0000] {processor.py:840} INFO - DAG(s) 'update_db', 'produce_json' retrieved from /opt/airflow/dags/main.py
[2026-05-26T12:07:38.657+0000] {logging_mixin.py:188} INFO - [2026-05-26T12:07:38.657+0000] {dag.py:3096} INFO - Sync 2 DAGs
[2026-05-26T12:07:38.685+0000] {logging_mixin.py:188} INFO - [2026-05-26T12:07:38.685+0000] {dag.py:3954} INFO - Setting next_dagrun for produce_json to 2026-05-26 11:00:00+00:00, run_after=2026-05-27 11:00:00+00:00
[2026-05-26T12:07:38.692+0000] {logging_mixin.py:188} INFO - [2026-05-26T12:07:38.691+0000] {dag.py:3954} INFO - Setting next_dagrun for update_db to 2026-05-26 12:00:00+00:00, run_after=2026-05-27 12:00:00+00:00
[2026-05-26T12:07:38.750+0000] {processor.py:183} INFO - Processing /opt/airflow/dags/main.py took 0.328 seconds
[2026-05-26T12:08:08.867+0000] {processor.py:161} INFO - Started process (PID=1131) to work on /opt/airflow/dags/main.py
[2026-05-26T12:08:08.870+0000] {processor.py:830} INFO - Processing file /opt/airflow/dags/main.py for tasks to queue
[2026-05-26T12:08:08.872+0000] {logging_mixin.py:188} INFO - [2026-05-26T12:08:08.871+0000] {dagbag.py:545} INFO - Filling up the DagBag from /opt/airflow/dags/main.py
[2026-05-26T12:08:09.167+0000] {processor.py:840} INFO - DAG(s) 'produce_json', 'update_db' retrieved from /opt/airflow/dags/main.py
[2026-05-26T12:08:09.237+0000] {logging_mixin.py:188} INFO - [2026-05-26T12:08:09.237+0000] {dag.py:3096} INFO - Sync 2 DAGs
[2026-05-26T12:08:09.292+0000] {logging_mixin.py:188} INFO - [2026-05-26T12:08:09.292+0000] {dag.py:3954} INFO - Setting next_dagrun for produce_json to 2026-05-26 11:00:00+00:00, run_after=2026-05-27 11:00:00+00:00
[2026-05-26T12:08:09.306+0000] {logging_mixin.py:188} INFO - [2026-05-26T12:08:09.305+0000] {dag.py:3954} INFO - Setting next_dagrun for update_db to 2026-05-26 12:00:00+00:00, run_after=2026-05-27 12:00:00+00:00
[2026-05-26T12:08:09.402+0000] {processor.py:183} INFO - Processing /opt/airflow/dags/main.py took 0.551 seconds
[2026-05-26T12:08:40.219+0000] {processor.py:161} INFO - Started process (PID=1138) to work on /opt/airflow/dags/main.py
[2026-05-26T12:08:40.221+0000] {processor.py:830} INFO - Processing file /opt/airflow/dags/main.py for tasks to queue
[2026-05-26T12:08:40.222+0000] {logging_mixin.py:188} INFO - [2026-05-26T12:08:40.222+0000] {dagbag.py:545} INFO - Filling up the DagBag from /opt/airflow/dags/main.py
[2026-05-26T12:08:40.464+0000] {processor.py:840} INFO - DAG(s) 'produce_json', 'update_db' retrieved from /opt/airflow/dags/main.py
[2026-05-26T12:08:40.506+0000] {logging_mixin.py:188} INFO - [2026-05-26T12:08:40.506+0000] {dag.py:3096} INFO - Sync 2 DAGs
[2026-05-26T12:08:40.544+0000] {logging_mixin.py:188} INFO - [2026-05-26T12:08:40.544+0000] {dag.py:3954} INFO - Setting next_dagrun for produce_json to 2026-05-26 11:00:00+00:00, run_after=2026-05-27 11:00:00+00:00
[2026-05-26T12:08:40.553+0000] {logging_mixin.py:188} INFO - [2026-05-26T12:08:40.552+0000] {dag.py:3954} INFO - Setting next_dagrun for update_db to 2026-05-26 12:00:00+00:00, run_after=2026-05-27 12:00:00+00:00
[2026-05-26T12:08:40.642+0000] {processor.py:183} INFO - Processing /opt/airflow/dags/main.py took 0.434 seconds
[2026-05-26T12:09:11.084+0000] {processor.py:161} INFO - Started process (PID=1145) to work on /opt/airflow/dags/main.py
[2026-05-26T12:09:11.087+0000] {processor.py:830} INFO - Processing file /opt/airflow/dags/main.py for tasks to queue
[2026-05-26T12:09:11.089+0000] {logging_mixin.py:188} INFO - [2026-05-26T12:09:11.088+0000] {dagbag.py:545} INFO - Filling up the DagBag from /opt/airflow/dags/main.py
[2026-05-26T12:09:11.318+0000] {processor.py:840} INFO - DAG(s) 'produce_json', 'update_db' retrieved from /opt/airflow/dags/main.py
[2026-05-26T12:09:11.373+0000] {logging_mixin.py:188} INFO - [2026-05-26T12:09:11.372+0000] {dag.py:3096} INFO - Sync 2 DAGs
[2026-05-26T12:09:11.416+0000] {logging_mixin.py:188} INFO - [2026-05-26T12:09:11.415+0000] {dag.py:3954} INFO - Setting next_dagrun for produce_json to 2026-05-26 11:00:00+00:00, run_after=2026-05-27 11:00:00+00:00
[2026-05-26T12:09:11.431+0000] {logging_mixin.py:188} INFO - [2026-05-26T12:09:11.430+0000] {dag.py:3954} INFO - Setting next_dagrun for update_db to 2026-05-26 12:00:00+00:00, run_after=2026-05-27 12:00:00+00:00
[2026-05-26T12:09:11.474+0000] {processor.py:183} INFO - Processing /opt/airflow/dags/main.py took 0.402 seconds
[2026-05-26T12:09:42.002+0000] {processor.py:161} INFO - Started process (PID=1152) to work on /opt/airflow/dags/main.py
[2026-05-26T12:09:42.004+0000] {processor.py:830} INFO - Processing file /opt/airflow/dags/main.py for tasks to queue
[2026-05-26T12:09:42.006+0000] {logging_mixin.py:188} INFO - [2026-05-26T12:09:42.006+0000] {dagbag.py:545} INFO - Filling up the DagBag from /opt/airflow/dags/main.py
[2026-05-26T12:09:42.218+0000] {processor.py:840} INFO - DAG(s) 'update_db', 'produce_json' retrieved from /opt/airflow/dags/main.py
[2026-05-26T12:09:42.264+0000] {logging_mixin.py:188} INFO - [2026-05-26T12:09:42.264+0000] {dag.py:3096} INFO - Sync 2 DAGs
[2026-05-26T12:09:42.329+0000] {logging_mixin.py:188} INFO - [2026-05-26T12:09:42.329+0000] {dag.py:3954} INFO - Setting next_dagrun for produce_json to 2026-05-26 11:00:00+00:00, run_after=2026-05-27 11:00:00+00:00
[2026-05-26T12:09:42.342+0000] {logging_mixin.py:188} INFO - [2026-05-26T12:09:42.342+0000] {dag.py:3954} INFO - Setting next_dagrun for update_db to 2026-05-26 12:00:00+00:00, run_after=2026-05-27 12:00:00+00:00
[2026-05-26T12:09:42.416+0000] {processor.py:183} INFO - Processing /opt/airflow/dags/main.py took 0.437 seconds
[2026-05-26T12:10:12.757+0000] {processor.py:161} INFO - Started process (PID=1159) to work on /opt/airflow/dags/main.py
[2026-05-26T12:10:12.759+0000] {processor.py:830} INFO - Processing file /opt/airflow/dags/main.py for tasks to queue
[2026-05-26T12:10:12.761+0000] {logging_mixin.py:188} INFO - [2026-05-26T12:10:12.760+0000] {dagbag.py:545} INFO - Filling up the DagBag from /opt/airflow/dags/main.py
[2026-05-26T12:10:12.965+0000] {processor.py:840} INFO - DAG(s) 'update_db', 'produce_json' retrieved from /opt/airflow/dags/main.py
[2026-05-26T12:10:13.020+0000] {logging_mixin.py:188} INFO - [2026-05-26T12:10:13.020+0000] {dag.py:3096} INFO - Sync 2 DAGs
[2026-05-26T12:10:13.052+0000] {logging_mixin.py:188} INFO - [2026-05-26T12:10:13.052+0000] {dag.py:3954} INFO - Setting next_dagrun for produce_json to 2026-05-26 11:00:00+00:00, run_after=2026-05-27 11:00:00+00:00
[2026-05-26T12:10:13.066+0000] {logging_mixin.py:188} INFO - [2026-05-26T12:10:13.065+0000] {dag.py:3954} INFO - Setting next_dagrun for update_db to 2026-05-26 12:00:00+00:00, run_after=2026-05-27 12:00:00+00:00
[2026-05-26T12:10:13.149+0000] {processor.py:183} INFO - Processing /opt/airflow/dags/main.py took 0.405 seconds
[2026-05-26T12:10:43.589+0000] {processor.py:161} INFO - Started process (PID=1166) to work on /opt/airflow/dags/main.py
[2026-05-26T12:10:43.592+0000] {processor.py:830} INFO - Processing file /opt/airflow/dags/main.py for tasks to queue
[2026-05-26T12:10:43.593+0000] {logging_mixin.py:188} INFO - [2026-05-26T12:10:43.593+0000] {dagbag.py:545} INFO - Filling up the DagBag from /opt/airflow/dags/main.py
[2026-05-26T12:10:43.786+0000] {processor.py:840} INFO - DAG(s) 'produce_json', 'update_db' retrieved from /opt/airflow/dags/main.py
[2026-05-26T12:10:43.835+0000] {logging_mixin.py:188} INFO - [2026-05-26T12:10:43.835+0000] {dag.py:3096} INFO - Sync 2 DAGs
[2026-05-26T12:10:43.864+0000] {logging_mixin.py:188} INFO - [2026-05-26T12:10:43.864+0000] {dag.py:3954} INFO - Setting next_dagrun for produce_json to 2026-05-26 11:00:00+00:00, run_after=2026-05-27 11:00:00+00:00
[2026-05-26T12:10:43.871+0000] {logging_mixin.py:188} INFO - [2026-05-26T12:10:43.871+0000] {dag.py:3954} INFO - Setting next_dagrun for update_db to 2026-05-26 12:00:00+00:00, run_after=2026-05-27 12:00:00+00:00
[2026-05-26T12:10:43.955+0000] {processor.py:183} INFO - Processing /opt/airflow/dags/main.py took 0.381 seconds
[2026-05-26T12:11:14.475+0000] {processor.py:161} INFO - Started process (PID=1173) to work on /opt/airflow/dags/main.py
[2026-05-26T12:11:14.478+0000] {processor.py:830} INFO - Processing file /opt/airflow/dags/main.py for tasks to queue
[2026-05-26T12:11:14.481+0000] {logging_mixin.py:188} INFO - [2026-05-26T12:11:14.480+0000] {dagbag.py:545} INFO - Filling up the DagBag from /opt/airflow/dags/main.py
[2026-05-26T12:11:14.791+0000] {processor.py:840} INFO - DAG(s) 'update_db', 'produce_json' retrieved from /opt/airflow/dags/main.py
[2026-05-26T12:11:14.838+0000] {logging_mixin.py:188} INFO - [2026-05-26T12:11:14.838+0000] {dag.py:3096} INFO - Sync 2 DAGs
[2026-05-26T12:11:14.864+0000] {logging_mixin.py:188} INFO - [2026-05-26T12:11:14.864+0000] {dag.py:3954} INFO - Setting next_dagrun for produce_json to 2026-05-26 11:00:00+00:00, run_after=2026-05-27 11:00:00+00:00
[2026-05-26T12:11:14.871+0000] {logging_mixin.py:188} INFO - [2026-05-26T12:11:14.871+0000] {dag.py:3954} INFO - Setting next_dagrun for update_db to 2026-05-26 12:00:00+00:00, run_after=2026-05-27 12:00:00+00:00
[2026-05-26T12:11:14.945+0000] {processor.py:183} INFO - Processing /opt/airflow/dags/main.py took 0.491 seconds
[2026-05-26T12:11:45.381+0000] {processor.py:161} INFO - Started process (PID=1180) to work on /opt/airflow/dags/main.py
[2026-05-26T12:11:45.383+0000] {processor.py:830} INFO - Processing file /opt/airflow/dags/main.py for tasks to queue
[2026-05-26T12:11:45.384+0000] {logging_mixin.py:188} INFO - [2026-05-26T12:11:45.384+0000] {dagbag.py:545} INFO - Filling up the DagBag from /opt/airflow/dags/main.py
[2026-05-26T12:11:45.530+0000] {processor.py:840} INFO - DAG(s) 'produce_json', 'update_db' retrieved from /opt/airflow/dags/main.py
[2026-05-26T12:11:45.569+0000] {logging_mixin.py:188} INFO - [2026-05-26T12:11:45.569+0000] {dag.py:3096} INFO - Sync 2 DAGs
[2026-05-26T12:11:45.610+0000] {logging_mixin.py:188} INFO - [2026-05-26T12:11:45.609+0000] {dag.py:3954} INFO - Setting next_dagrun for produce_json to 2026-05-26 11:00:00+00:00, run_after=2026-05-27 11:00:00+00:00
[2026-05-26T12:11:45.618+0000] {logging_mixin.py:188} INFO - [2026-05-26T12:11:45.618+0000] {dag.py:3954} INFO - Setting next_dagrun for update_db to 2026-05-26 12:00:00+00:00, run_after=2026-05-27 12:00:00+00:00
[2026-05-26T12:11:45.709+0000] {processor.py:183} INFO - Processing /opt/airflow/dags/main.py took 0.335 seconds
[2026-05-26T12:12:15.847+0000] {processor.py:161} INFO - Started process (PID=1187) to work on /opt/airflow/dags/main.py
[2026-05-26T12:12:15.849+0000] {processor.py:830} INFO - Processing file /opt/airflow/dags/main.py for tasks to queue
[2026-05-26T12:12:15.851+0000] {logging_mixin.py:188} INFO - [2026-05-26T12:12:15.850+0000] {dagbag.py:545} INFO - Filling up the DagBag from /opt/airflow/dags/main.py
[2026-05-26T12:12:16.056+0000] {processor.py:840} INFO - DAG(s) 'update_db', 'produce_json' retrieved from /opt/airflow/dags/main.py
[2026-05-26T12:12:16.120+0000] {logging_mixin.py:188} INFO - [2026-05-26T12:12:16.120+0000] {dag.py:3096} INFO - Sync 2 DAGs
[2026-05-26T12:12:16.175+0000] {logging_mixin.py:188} INFO - [2026-05-26T12:12:16.175+0000] {dag.py:3954} INFO - Setting next_dagrun for produce_json to 2026-05-26 11:00:00+00:00, run_after=2026-05-27 11:00:00+00:00
[2026-05-26T12:12:16.187+0000] {logging_mixin.py:188} INFO - [2026-05-26T12:12:16.186+0000] {dag.py:3954} INFO - Setting next_dagrun for update_db to 2026-05-26 12:00:00+00:00, run_after=2026-05-27 12:00:00+00:00
[2026-05-26T12:12:16.273+0000] {processor.py:183} INFO - Processing /opt/airflow/dags/main.py took 0.439 seconds
[2026-05-26T12:12:46.512+0000] {processor.py:161} INFO - Started process (PID=1194) to work on /opt/airflow/dags/main.py
[2026-05-26T12:12:46.514+0000] {processor.py:830} INFO - Processing file /opt/airflow/dags/main.py for tasks to queue
[2026-05-26T12:12:46.517+0000] {logging_mixin.py:188} INFO - [2026-05-26T12:12:46.516+0000] {dagbag.py:545} INFO - Filling up the DagBag from /opt/airflow/dags/main.py
[2026-05-26T12:12:46.714+0000] {processor.py:840} INFO - DAG(s) 'produce_json', 'update_db' retrieved from /opt/airflow/dags/main.py
[2026-05-26T12:12:46.761+0000] {logging_mixin.py:188} INFO - [2026-05-26T12:12:46.761+0000] {dag.py:3096} INFO - Sync 2 DAGs
[2026-05-26T12:12:46.797+0000] {logging_mixin.py:188} INFO - [2026-05-26T12:12:46.796+0000] {dag.py:3954} INFO - Setting next_dagrun for produce_json to 2026-05-26 11:00:00+00:00, run_after=2026-05-27 11:00:00+00:00
[2026-05-26T12:12:46.807+0000] {logging_mixin.py:188} INFO - [2026-05-26T12:12:46.807+0000] {dag.py:3954} INFO - Setting next_dagrun for update_db to 2026-05-26 12:00:00+00:00, run_after=2026-05-27 12:00:00+00:00
[2026-05-26T12:12:46.882+0000] {processor.py:183} INFO - Processing /opt/airflow/dags/main.py took 0.384 seconds
[2026-05-26T12:13:16.980+0000] {processor.py:161} INFO - Started process (PID=1201) to work on /opt/airflow/dags/main.py
[2026-05-26T12:13:16.982+0000] {processor.py:830} INFO - Processing file /opt/airflow/dags/main.py for tasks to queue
[2026-05-26T12:13:16.984+0000] {logging_mixin.py:188} INFO - [2026-05-26T12:13:16.983+0000] {dagbag.py:545} INFO - Filling up the DagBag from /opt/airflow/dags/main.py
[2026-05-26T12:13:17.166+0000] {processor.py:840} INFO - DAG(s) 'update_db', 'produce_json' retrieved from /opt/airflow/dags/main.py
[2026-05-26T12:13:17.212+0000] {logging_mixin.py:188} INFO - [2026-05-26T12:13:17.212+0000] {dag.py:3096} INFO - Sync 2 DAGs
[2026-05-26T12:13:17.244+0000] {logging_mixin.py:188} INFO - [2026-05-26T12:13:17.244+0000] {dag.py:3954} INFO - Setting next_dagrun for produce_json to 2026-05-26 11:00:00+00:00, run_after=2026-05-27 11:00:00+00:00
[2026-05-26T12:13:17.252+0000] {logging_mixin.py:188} INFO - [2026-05-26T12:13:17.252+0000] {dag.py:3954} INFO - Setting next_dagrun for update_db to 2026-05-26 12:00:00+00:00, run_after=2026-05-27 12:00:00+00:00
[2026-05-26T12:13:17.276+0000] {processor.py:183} INFO - Processing /opt/airflow/dags/main.py took 0.306 seconds
[2026-05-26T12:13:47.630+0000] {processor.py:161} INFO - Started process (PID=1208) to work on /opt/airflow/dags/main.py
[2026-05-26T12:13:47.633+0000] {processor.py:830} INFO - Processing file /opt/airflow/dags/main.py for tasks to queue
[2026-05-26T12:13:47.636+0000] {logging_mixin.py:188} INFO - [2026-05-26T12:13:47.635+0000] {dagbag.py:545} INFO - Filling up the DagBag from /opt/airflow/dags/main.py
[2026-05-26T12:13:47.916+0000] {processor.py:840} INFO - DAG(s) 'produce_json', 'update_db' retrieved from /opt/airflow/dags/main.py
[2026-05-26T12:13:47.962+0000] {logging_mixin.py:188} INFO - [2026-05-26T12:13:47.962+0000] {dag.py:3096} INFO - Sync 2 DAGs
[2026-05-26T12:13:47.993+0000] {logging_mixin.py:188} INFO - [2026-05-26T12:13:47.993+0000] {dag.py:3954} INFO - Setting next_dagrun for produce_json to 2026-05-26 11:00:00+00:00, run_after=2026-05-27 11:00:00+00:00
[2026-05-26T12:13:48.001+0000] {logging_mixin.py:188} INFO - [2026-05-26T12:13:48.001+0000] {dag.py:3954} INFO - Setting next_dagrun for update_db to 2026-05-26 12:00:00+00:00, run_after=2026-05-27 12:00:00+00:00
[2026-05-26T12:13:48.026+0000] {processor.py:183} INFO - Processing /opt/airflow/dags/main.py took 0.412 seconds
[2026-05-26T12:14:18.389+0000] {processor.py:161} INFO - Started process (PID=1215) to work on /opt/airflow/dags/main.py
[2026-05-26T12:14:18.391+0000] {processor.py:830} INFO - Processing file /opt/airflow/dags/main.py for tasks to queue
[2026-05-26T12:14:18.393+0000] {logging_mixin.py:188} INFO - [2026-05-26T12:14:18.393+0000] {dagbag.py:545} INFO - Filling up the DagBag from /opt/airflow/dags/main.py
[2026-05-26T12:14:18.613+0000] {processor.py:840} INFO - DAG(s) 'update_db', 'produce_json' retrieved from /opt/airflow/dags/main.py
[2026-05-26T12:14:18.678+0000] {logging_mixin.py:188} INFO - [2026-05-26T12:14:18.678+0000] {dag.py:3096} INFO - Sync 2 DAGs
[2026-05-26T12:14:18.709+0000] {logging_mixin.py:188} INFO - [2026-05-26T12:14:18.709+0000] {dag.py:3954} INFO - Setting next_dagrun for produce_json to 2026-05-26 11:00:00+00:00, run_after=2026-05-27 11:00:00+00:00
[2026-05-26T12:14:18.717+0000] {logging_mixin.py:188} INFO - [2026-05-26T12:14:18.717+0000] {dag.py:3954} INFO - Setting next_dagrun for update_db to 2026-05-26 12:00:00+00:00, run_after=2026-05-27 12:00:00+00:00
[2026-05-26T12:14:18.792+0000] {processor.py:183} INFO - Processing /opt/airflow/dags/main.py took 0.411 seconds
[2026-05-26T12:14:49.200+0000] {processor.py:161} INFO - Started process (PID=1222) to work on /opt/airflow/dags/main.py
[2026-05-26T12:14:49.203+0000] {processor.py:830} INFO - Processing file /opt/airflow/dags/main.py for tasks to queue
[2026-05-26T12:14:49.206+0000] {logging_mixin.py:188} INFO - [2026-05-26T12:14:49.206+0000] {dagbag.py:545} INFO - Filling up the DagBag from /opt/airflow/dags/main.py
[2026-05-26T12:14:49.479+0000] {processor.py:840} INFO - DAG(s) 'update_db', 'produce_json' retrieved from /opt/airflow/dags/main.py
[2026-05-26T12:14:49.546+0000] {logging_mixin.py:188} INFO - [2026-05-26T12:14:49.545+0000] {dag.py:3096} INFO - Sync 2 DAGs
[2026-05-26T12:14:49.571+0000] {logging_mixin.py:188} INFO - [2026-05-26T12:14:49.571+0000] {dag.py:3954} INFO - Setting next_dagrun for produce_json to 2026-05-26 11:00:00+00:00, run_after=2026-05-27 11:00:00+00:00
[2026-05-26T12:14:49.578+0000] {logging_mixin.py:188} INFO - [2026-05-26T12:14:49.577+0000] {dag.py:3954} INFO - Setting next_dagrun for update_db to 2026-05-26 12:00:00+00:00, run_after=2026-05-27 12:00:00+00:00
[2026-05-26T12:14:49.642+0000] {processor.py:183} INFO - Processing /opt/airflow/dags/main.py took 0.459 seconds
[2026-05-26T12:15:20.093+0000] {processor.py:161} INFO - Started process (PID=1229) to work on /opt/airflow/dags/main.py
[2026-05-26T12:15:20.096+0000] {processor.py:830} INFO - Processing file /opt/airflow/dags/main.py for tasks to queue
[2026-05-26T12:15:20.098+0000] {logging_mixin.py:188} INFO - [2026-05-26T12:15:20.097+0000] {dagbag.py:545} INFO - Filling up the DagBag from /opt/airflow/dags/main.py
[2026-05-26T12:15:20.315+0000] {processor.py:840} INFO - DAG(s) 'update_db', 'produce_json' retrieved from /opt/airflow/dags/main.py
[2026-05-26T12:15:20.361+0000] {logging_mixin.py:188} INFO - [2026-05-26T12:15:20.361+0000] {dag.py:3096} INFO - Sync 2 DAGs
[2026-05-26T12:15:20.391+0000] {logging_mixin.py:188} INFO - [2026-05-26T12:15:20.391+0000] {dag.py:3954} INFO - Setting next_dagrun for produce_json to 2026-05-26 11:00:00+00:00, run_after=2026-05-27 11:00:00+00:00
[2026-05-26T12:15:20.399+0000] {logging_mixin.py:188} INFO - [2026-05-26T12:15:20.398+0000] {dag.py:3954} INFO - Setting next_dagrun for update_db to 2026-05-26 12:00:00+00:00, run_after=2026-05-27 12:00:00+00:00
[2026-05-26T12:15:20.474+0000] {processor.py:183} INFO - Processing /opt/airflow/dags/main.py took 0.397 seconds
[2026-05-26T12:15:50.885+0000] {processor.py:161} INFO - Started process (PID=1236) to work on /opt/airflow/dags/main.py
[2026-05-26T12:15:50.887+0000] {processor.py:830} INFO - Processing file /opt/airflow/dags/main.py for tasks to queue
[2026-05-26T12:15:50.889+0000] {logging_mixin.py:188} INFO - [2026-05-26T12:15:50.888+0000] {dagbag.py:545} INFO - Filling up the DagBag from /opt/airflow/dags/main.py
[2026-05-26T12:15:51.076+0000] {processor.py:840} INFO - DAG(s) 'update_db', 'produce_json' retrieved from /opt/airflow/dags/main.py
[2026-05-26T12:15:51.120+0000] {logging_mixin.py:188} INFO - [2026-05-26T12:15:51.120+0000] {dag.py:3096} INFO - Sync 2 DAGs
[2026-05-26T12:15:51.150+0000] {logging_mixin.py:188} INFO - [2026-05-26T12:15:51.150+0000] {dag.py:3954} INFO - Setting next_dagrun for produce_json to 2026-05-26 11:00:00+00:00, run_after=2026-05-27 11:00:00+00:00
[2026-05-26T12:15:51.157+0000] {logging_mixin.py:188} INFO - [2026-05-26T12:15:51.157+0000] {dag.py:3954} INFO - Setting next_dagrun for update_db to 2026-05-26 12:00:00+00:00, run_after=2026-05-27 12:00:00+00:00
[2026-05-26T12:15:51.218+0000] {processor.py:183} INFO - Processing /opt/airflow/dags/main.py took 0.343 seconds
[2026-05-26T12:16:21.289+0000] {processor.py:161} INFO - Started process (PID=1243) to work on /opt/airflow/dags/main.py
[2026-05-26T12:16:21.291+0000] {processor.py:830} INFO - Processing file /opt/airflow/dags/main.py for tasks to queue
[2026-05-26T12:16:21.293+0000] {logging_mixin.py:188} INFO - [2026-05-26T12:16:21.292+0000] {dagbag.py:545} INFO - Filling up the DagBag from /opt/airflow/dags/main.py
[2026-05-26T12:16:21.551+0000] {processor.py:840} INFO - DAG(s) 'update_db', 'produce_json' retrieved from /opt/airflow/dags/main.py
[2026-05-26T12:16:21.617+0000] {logging_mixin.py:188} INFO - [2026-05-26T12:16:21.616+0000] {dag.py:3096} INFO - Sync 2 DAGs
[2026-05-26T12:16:21.654+0000] {logging_mixin.py:188} INFO - [2026-05-26T12:16:21.653+0000] {dag.py:3954} INFO - Setting next_dagrun for produce_json to 2026-05-26 11:00:00+00:00, run_after=2026-05-27 11:00:00+00:00
[2026-05-26T12:16:21.662+0000] {logging_mixin.py:188} INFO - [2026-05-26T12:16:21.662+0000] {dag.py:3954} INFO - Setting next_dagrun for update_db to 2026-05-26 12:00:00+00:00, run_after=2026-05-27 12:00:00+00:00
[2026-05-26T12:16:21.686+0000] {processor.py:183} INFO - Processing /opt/airflow/dags/main.py took 0.408 seconds
[2026-05-26T12:16:51.928+0000] {processor.py:161} INFO - Started process (PID=1250) to work on /opt/airflow/dags/main.py
[2026-05-26T12:16:51.930+0000] {processor.py:830} INFO - Processing file /opt/airflow/dags/main.py for tasks to queue
[2026-05-26T12:16:51.932+0000] {logging_mixin.py:188} INFO - [2026-05-26T12:16:51.932+0000] {dagbag.py:545} INFO - Filling up the DagBag from /opt/airflow/dags/main.py
[2026-05-26T12:16:52.196+0000] {processor.py:840} INFO - DAG(s) 'update_db', 'produce_json' retrieved from /opt/airflow/dags/main.py
[2026-05-26T12:16:52.240+0000] {logging_mixin.py:188} INFO - [2026-05-26T12:16:52.240+0000] {dag.py:3096} INFO - Sync 2 DAGs
[2026-05-26T12:16:52.268+0000] {logging_mixin.py:188} INFO - [2026-05-26T12:16:52.268+0000] {dag.py:3954} INFO - Setting next_dagrun for produce_json to 2026-05-26 11:00:00+00:00, run_after=2026-05-27 11:00:00+00:00
[2026-05-26T12:16:52.275+0000] {logging_mixin.py:188} INFO - [2026-05-26T12:16:52.275+0000] {dag.py:3954} INFO - Setting next_dagrun for update_db to 2026-05-26 12:00:00+00:00, run_after=2026-05-27 12:00:00+00:00
[2026-05-26T12:16:52.334+0000] {processor.py:183} INFO - Processing /opt/airflow/dags/main.py took 0.421 seconds
[2026-05-26T12:17:22.690+0000] {processor.py:161} INFO - Started process (PID=1257) to work on /opt/airflow/dags/main.py
[2026-05-26T12:17:22.693+0000] {processor.py:830} INFO - Processing file /opt/airflow/dags/main.py for tasks to queue
[2026-05-26T12:17:22.696+0000] {logging_mixin.py:188} INFO - [2026-05-26T12:17:22.695+0000] {dagbag.py:545} INFO - Filling up the DagBag from /opt/airflow/dags/main.py
[2026-05-26T12:17:22.938+0000] {processor.py:840} INFO - DAG(s) 'produce_json', 'update_db' retrieved from /opt/airflow/dags/main.py
[2026-05-26T12:17:22.981+0000] {logging_mixin.py:188} INFO - [2026-05-26T12:17:22.980+0000] {dag.py:3096} INFO - Sync 2 DAGs
[2026-05-26T12:17:23.014+0000] {logging_mixin.py:188} INFO - [2026-05-26T12:17:23.013+0000] {dag.py:3954} INFO - Setting next_dagrun for produce_json to 2026-05-26 11:00:00+00:00, run_after=2026-05-27 11:00:00+00:00
[2026-05-26T12:17:23.022+0000] {logging_mixin.py:188} INFO - [2026-05-26T12:17:23.022+0000] {dag.py:3954} INFO - Setting next_dagrun for update_db to 2026-05-26 12:00:00+00:00, run_after=2026-05-27 12:00:00+00:00
[2026-05-26T12:17:23.043+0000] {processor.py:183} INFO - Processing /opt/airflow/dags/main.py took 0.372 seconds
[2026-05-26T12:17:53.479+0000] {processor.py:161} INFO - Started process (PID=1264) to work on /opt/airflow/dags/main.py
[2026-05-26T12:17:53.482+0000] {processor.py:830} INFO - Processing file /opt/airflow/dags/main.py for tasks to queue
[2026-05-26T12:17:53.483+0000] {logging_mixin.py:188} INFO - [2026-05-26T12:17:53.483+0000] {dagbag.py:545} INFO - Filling up the DagBag from /opt/airflow/dags/main.py
[2026-05-26T12:17:53.736+0000] {processor.py:840} INFO - DAG(s) 'produce_json', 'update_db' retrieved from /opt/airflow/dags/main.py
[2026-05-26T12:17:53.781+0000] {logging_mixin.py:188} INFO - [2026-05-26T12:17:53.781+0000] {dag.py:3096} INFO - Sync 2 DAGs
[2026-05-26T12:17:53.814+0000] {logging_mixin.py:188} INFO - [2026-05-26T12:17:53.814+0000] {dag.py:3954} INFO - Setting next_dagrun for produce_json to 2026-05-26 11:00:00+00:00, run_after=2026-05-27 11:00:00+00:00
[2026-05-26T12:17:53.824+0000] {logging_mixin.py:188} INFO - [2026-05-26T12:17:53.824+0000] {dag.py:3954} INFO - Setting next_dagrun for update_db to 2026-05-26 12:00:00+00:00, run_after=2026-05-27 12:00:00+00:00
[2026-05-26T12:17:53.849+0000] {processor.py:183} INFO - Processing /opt/airflow/dags/main.py took 0.383 seconds
[2026-05-26T12:18:24.320+0000] {processor.py:161} INFO - Started process (PID=1271) to work on /opt/airflow/dags/main.py
[2026-05-26T12:18:24.324+0000] {processor.py:830} INFO - Processing file /opt/airflow/dags/main.py for tasks to queue
[2026-05-26T12:18:24.326+0000] {logging_mixin.py:188} INFO - [2026-05-26T12:18:24.325+0000] {dagbag.py:545} INFO - Filling up the DagBag from /opt/airflow/dags/main.py
[2026-05-26T12:18:24.654+0000] {processor.py:840} INFO - DAG(s) 'produce_json', 'update_db' retrieved from /opt/airflow/dags/main.py
[2026-05-26T12:18:24.724+0000] {logging_mixin.py:188} INFO - [2026-05-26T12:18:24.724+0000] {dag.py:3096} INFO - Sync 2 DAGs
[2026-05-26T12:18:24.753+0000] {logging_mixin.py:188} INFO - [2026-05-26T12:18:24.753+0000] {dag.py:3954} INFO - Setting next_dagrun for produce_json to 2026-05-26 11:00:00+00:00, run_after=2026-05-27 11:00:00+00:00
[2026-05-26T12:18:24.761+0000] {logging_mixin.py:188} INFO - [2026-05-26T12:18:24.761+0000] {dag.py:3954} INFO - Setting next_dagrun for update_db to 2026-05-26 12:00:00+00:00, run_after=2026-05-27 12:00:00+00:00
[2026-05-26T12:18:24.798+0000] {processor.py:183} INFO - Processing /opt/airflow/dags/main.py took 0.501 seconds
[2026-05-26T12:18:55.690+0000] {processor.py:161} INFO - Started process (PID=1278) to work on /opt/airflow/dags/main.py
[2026-05-26T12:18:55.692+0000] {processor.py:830} INFO - Processing file /opt/airflow/dags/main.py for tasks to queue
[2026-05-26T12:18:55.693+0000] {logging_mixin.py:188} INFO - [2026-05-26T12:18:55.693+0000] {dagbag.py:545} INFO - Filling up the DagBag from /opt/airflow/dags/main.py
[2026-05-26T12:18:55.921+0000] {processor.py:840} INFO - DAG(s) 'produce_json', 'update_db' retrieved from /opt/airflow/dags/main.py
[2026-05-26T12:18:55.987+0000] {logging_mixin.py:188} INFO - [2026-05-26T12:18:55.986+0000] {dag.py:3096} INFO - Sync 2 DAGs
[2026-05-26T12:18:56.027+0000] {logging_mixin.py:188} INFO - [2026-05-26T12:18:56.027+0000] {dag.py:3954} INFO - Setting next_dagrun for produce_json to 2026-05-26 11:00:00+00:00, run_after=2026-05-27 11:00:00+00:00
[2026-05-26T12:18:56.037+0000] {logging_mixin.py:188} INFO - [2026-05-26T12:18:56.037+0000] {dag.py:3954} INFO - Setting next_dagrun for update_db to 2026-05-26 12:00:00+00:00, run_after=2026-05-27 12:00:00+00:00
[2026-05-26T12:18:56.066+0000] {processor.py:183} INFO - Processing /opt/airflow/dags/main.py took 0.383 seconds
[2026-05-26T12:19:26.578+0000] {processor.py:161} INFO - Started process (PID=1285) to work on /opt/airflow/dags/main.py
[2026-05-26T12:19:26.582+0000] {processor.py:830} INFO - Processing file /opt/airflow/dags/main.py for tasks to queue
[2026-05-26T12:19:26.586+0000] {logging_mixin.py:188} INFO - [2026-05-26T12:19:26.585+0000] {dagbag.py:545} INFO - Filling up the DagBag from /opt/airflow/dags/main.py
[2026-05-26T12:19:26.797+0000] {processor.py:840} INFO - DAG(s) 'update_db', 'produce_json' retrieved from /opt/airflow/dags/main.py
[2026-05-26T12:19:26.861+0000] {logging_mixin.py:188} INFO - [2026-05-26T12:19:26.861+0000] {dag.py:3096} INFO - Sync 2 DAGs
[2026-05-26T12:19:26.909+0000] {logging_mixin.py:188} INFO - [2026-05-26T12:19:26.909+0000] {dag.py:3954} INFO - Setting next_dagrun for produce_json to 2026-05-26 11:00:00+00:00, run_after=2026-05-27 11:00:00+00:00
[2026-05-26T12:19:26.922+0000] {logging_mixin.py:188} INFO - [2026-05-26T12:19:26.922+0000] {dag.py:3954} INFO - Setting next_dagrun for update_db to 2026-05-26 12:00:00+00:00, run_after=2026-05-27 12:00:00+00:00
[2026-05-26T12:19:27.004+0000] {processor.py:183} INFO - Processing /opt/airflow/dags/main.py took 0.458 seconds
[2026-05-26T12:19:57.508+0000] {processor.py:161} INFO - Started process (PID=1292) to work on /opt/airflow/dags/main.py
[2026-05-26T12:19:57.511+0000] {processor.py:830} INFO - Processing file /opt/airflow/dags/main.py for tasks to queue
[2026-05-26T12:19:57.513+0000] {logging_mixin.py:188} INFO - [2026-05-26T12:19:57.512+0000] {dagbag.py:545} INFO - Filling up the DagBag from /opt/airflow/dags/main.py
[2026-05-26T12:19:57.770+0000] {processor.py:840} INFO - DAG(s) 'update_db', 'produce_json' retrieved from /opt/airflow/dags/main.py
[2026-05-26T12:19:57.830+0000] {logging_mixin.py:188} INFO - [2026-05-26T12:19:57.830+0000] {dag.py:3096} INFO - Sync 2 DAGs
[2026-05-26T12:19:57.878+0000] {logging_mixin.py:188} INFO - [2026-05-26T12:19:57.877+0000] {dag.py:3954} INFO - Setting next_dagrun for produce_json to 2026-05-26 11:00:00+00:00, run_after=2026-05-27 11:00:00+00:00
[2026-05-26T12:19:57.892+0000] {logging_mixin.py:188} INFO - [2026-05-26T12:19:57.891+0000] {dag.py:3954} INFO - Setting next_dagrun for update_db to 2026-05-26 12:00:00+00:00, run_after=2026-05-27 12:00:00+00:00
[2026-05-26T12:19:57.986+0000] {processor.py:183} INFO - Processing /opt/airflow/dags/main.py took 0.496 seconds
[2026-05-26T12:20:28.331+0000] {processor.py:161} INFO - Started process (PID=1299) to work on /opt/airflow/dags/main.py
[2026-05-26T12:20:28.334+0000] {processor.py:830} INFO - Processing file /opt/airflow/dags/main.py for tasks to queue
[2026-05-26T12:20:28.336+0000] {logging_mixin.py:188} INFO - [2026-05-26T12:20:28.336+0000] {dagbag.py:545} INFO - Filling up the DagBag from /opt/airflow/dags/main.py
[2026-05-26T12:20:28.595+0000] {processor.py:840} INFO - DAG(s) 'update_db', 'produce_json' retrieved from /opt/airflow/dags/main.py
[2026-05-26T12:20:28.657+0000] {logging_mixin.py:188} INFO - [2026-05-26T12:20:28.657+0000] {dag.py:3096} INFO - Sync 2 DAGs
[2026-05-26T12:20:28.680+0000] {logging_mixin.py:188} INFO - [2026-05-26T12:20:28.680+0000] {dag.py:3954} INFO - Setting next_dagrun for produce_json to 2026-05-26 11:00:00+00:00, run_after=2026-05-27 11:00:00+00:00
[2026-05-26T12:20:28.687+0000] {logging_mixin.py:188} INFO - [2026-05-26T12:20:28.687+0000] {dag.py:3954} INFO - Setting next_dagrun for update_db to 2026-05-26 12:00:00+00:00, run_after=2026-05-27 12:00:00+00:00
[2026-05-26T12:20:28.770+0000] {processor.py:183} INFO - Processing /opt/airflow/dags/main.py took 0.468 seconds
[2026-05-26T12:20:59.283+0000] {processor.py:161} INFO - Started process (PID=1306) to work on /opt/airflow/dags/main.py
[2026-05-26T12:20:59.285+0000] {processor.py:830} INFO - Processing file /opt/airflow/dags/main.py for tasks to queue
[2026-05-26T12:20:59.287+0000] {logging_mixin.py:188} INFO - [2026-05-26T12:20:59.287+0000] {dagbag.py:545} INFO - Filling up the DagBag from /opt/airflow/dags/main.py
[2026-05-26T12:20:59.479+0000] {processor.py:840} INFO - DAG(s) 'produce_json', 'update_db' retrieved from /opt/airflow/dags/main.py
[2026-05-26T12:20:59.524+0000] {logging_mixin.py:188} INFO - [2026-05-26T12:20:59.523+0000] {dag.py:3096} INFO - Sync 2 DAGs
[2026-05-26T12:20:59.577+0000] {logging_mixin.py:188} INFO - [2026-05-26T12:20:59.577+0000] {dag.py:3954} INFO - Setting next_dagrun for produce_json to 2026-05-26 11:00:00+00:00, run_after=2026-05-27 11:00:00+00:00
[2026-05-26T12:20:59.591+0000] {logging_mixin.py:188} INFO - [2026-05-26T12:20:59.590+0000] {dag.py:3954} INFO - Setting next_dagrun for update_db to 2026-05-26 12:00:00+00:00, run_after=2026-05-27 12:00:00+00:00
[2026-05-26T12:20:59.686+0000] {processor.py:183} INFO - Processing /opt/airflow/dags/main.py took 0.424 seconds
[2026-05-26T12:21:30.105+0000] {processor.py:161} INFO - Started process (PID=1313) to work on /opt/airflow/dags/main.py
[2026-05-26T12:21:30.107+0000] {processor.py:830} INFO - Processing file /opt/airflow/dags/main.py for tasks to queue
[2026-05-26T12:21:30.108+0000] {logging_mixin.py:188} INFO - [2026-05-26T12:21:30.108+0000] {dagbag.py:545} INFO - Filling up the DagBag from /opt/airflow/dags/main.py
[2026-05-26T12:21:30.337+0000] {processor.py:840} INFO - DAG(s) 'produce_json', 'update_db' retrieved from /opt/airflow/dags/main.py
[2026-05-26T12:21:30.378+0000] {logging_mixin.py:188} INFO - [2026-05-26T12:21:30.378+0000] {dag.py:3096} INFO - Sync 2 DAGs
[2026-05-26T12:21:30.413+0000] {logging_mixin.py:188} INFO - [2026-05-26T12:21:30.413+0000] {dag.py:3954} INFO - Setting next_dagrun for produce_json to 2026-05-26 11:00:00+00:00, run_after=2026-05-27 11:00:00+00:00
[2026-05-26T12:21:30.427+0000] {logging_mixin.py:188} INFO - [2026-05-26T12:21:30.426+0000] {dag.py:3954} INFO - Setting next_dagrun for update_db to 2026-05-26 12:00:00+00:00, run_after=2026-05-27 12:00:00+00:00
[2026-05-26T12:21:30.472+0000] {processor.py:183} INFO - Processing /opt/airflow/dags/main.py took 0.377 seconds
[2026-05-26T12:22:00.972+0000] {processor.py:161} INFO - Started process (PID=1326) to work on /opt/airflow/dags/main.py
[2026-05-26T12:22:00.976+0000] {processor.py:830} INFO - Processing file /opt/airflow/dags/main.py for tasks to queue
[2026-05-26T12:22:00.978+0000] {logging_mixin.py:188} INFO - [2026-05-26T12:22:00.977+0000] {dagbag.py:545} INFO - Filling up the DagBag from /opt/airflow/dags/main.py
[2026-05-26T12:22:01.330+0000] {processor.py:840} INFO - DAG(s) 'produce_json', 'update_db' retrieved from /opt/airflow/dags/main.py
[2026-05-26T12:22:01.378+0000] {logging_mixin.py:188} INFO - [2026-05-26T12:22:01.378+0000] {dag.py:3096} INFO - Sync 2 DAGs
[2026-05-26T12:22:01.413+0000] {logging_mixin.py:188} INFO - [2026-05-26T12:22:01.413+0000] {dag.py:3954} INFO - Setting next_dagrun for produce_json to 2026-05-26 11:00:00+00:00, run_after=2026-05-27 11:00:00+00:00
[2026-05-26T12:22:01.421+0000] {logging_mixin.py:188} INFO - [2026-05-26T12:22:01.420+0000] {dag.py:3954} INFO - Setting next_dagrun for update_db to 2026-05-26 12:00:00+00:00, run_after=2026-05-27 12:00:00+00:00
[2026-05-26T12:22:01.445+0000] {processor.py:183} INFO - Processing /opt/airflow/dags/main.py took 0.492 seconds
[2026-05-26T12:22:31.944+0000] {processor.py:161} INFO - Started process (PID=1333) to work on /opt/airflow/dags/main.py
[2026-05-26T12:22:31.946+0000] {processor.py:830} INFO - Processing file /opt/airflow/dags/main.py for tasks to queue
[2026-05-26T12:22:31.948+0000] {logging_mixin.py:188} INFO - [2026-05-26T12:22:31.948+0000] {dagbag.py:545} INFO - Filling up the DagBag from /opt/airflow/dags/main.py
[2026-05-26T12:22:32.203+0000] {processor.py:840} INFO - DAG(s) 'update_db', 'produce_json' retrieved from /opt/airflow/dags/main.py
[2026-05-26T12:22:32.275+0000] {logging_mixin.py:188} INFO - [2026-05-26T12:22:32.275+0000] {dag.py:3096} INFO - Sync 2 DAGs
[2026-05-26T12:22:32.332+0000] {logging_mixin.py:188} INFO - [2026-05-26T12:22:32.331+0000] {dag.py:3954} INFO - Setting next_dagrun for produce_json to 2026-05-26 11:00:00+00:00, run_after=2026-05-27 11:00:00+00:00
[2026-05-26T12:22:32.346+0000] {logging_mixin.py:188} INFO - [2026-05-26T12:22:32.346+0000] {dag.py:3954} INFO - Setting next_dagrun for update_db to 2026-05-26 12:00:00+00:00, run_after=2026-05-27 12:00:00+00:00
[2026-05-26T12:22:32.422+0000] {processor.py:183} INFO - Processing /opt/airflow/dags/main.py took 0.495 seconds
[2026-05-26T12:23:02.780+0000] {processor.py:161} INFO - Started process (PID=1340) to work on /opt/airflow/dags/main.py
[2026-05-26T12:23:02.782+0000] {processor.py:830} INFO - Processing file /opt/airflow/dags/main.py for tasks to queue
[2026-05-26T12:23:02.784+0000] {logging_mixin.py:188} INFO - [2026-05-26T12:23:02.784+0000] {dagbag.py:545} INFO - Filling up the DagBag from /opt/airflow/dags/main.py
[2026-05-26T12:23:03.052+0000] {processor.py:840} INFO - DAG(s) 'update_db', 'produce_json' retrieved from /opt/airflow/dags/main.py
[2026-05-26T12:23:03.120+0000] {logging_mixin.py:188} INFO - [2026-05-26T12:23:03.119+0000] {dag.py:3096} INFO - Sync 2 DAGs
[2026-05-26T12:23:03.201+0000] {logging_mixin.py:188} INFO - [2026-05-26T12:23:03.200+0000] {dag.py:3954} INFO - Setting next_dagrun for produce_json to 2026-05-26 11:00:00+00:00, run_after=2026-05-27 11:00:00+00:00
[2026-05-26T12:23:03.210+0000] {logging_mixin.py:188} INFO - [2026-05-26T12:23:03.210+0000] {dag.py:3954} INFO - Setting next_dagrun for update_db to 2026-05-26 12:00:00+00:00, run_after=2026-05-27 12:00:00+00:00
[2026-05-26T12:23:03.247+0000] {processor.py:183} INFO - Processing /opt/airflow/dags/main.py took 0.478 seconds
[2026-05-26T12:23:33.731+0000] {processor.py:161} INFO - Started process (PID=1347) to work on /opt/airflow/dags/main.py
[2026-05-26T12:23:33.734+0000] {processor.py:830} INFO - Processing file /opt/airflow/dags/main.py for tasks to queue
[2026-05-26T12:23:33.735+0000] {logging_mixin.py:188} INFO - [2026-05-26T12:23:33.735+0000] {dagbag.py:545} INFO - Filling up the DagBag from /opt/airflow/dags/main.py
[2026-05-26T12:23:33.934+0000] {processor.py:840} INFO - DAG(s) 'update_db', 'produce_json' retrieved from /opt/airflow/dags/main.py
[2026-05-26T12:23:33.976+0000] {logging_mixin.py:188} INFO - [2026-05-26T12:23:33.976+0000] {dag.py:3096} INFO - Sync 2 DAGs
[2026-05-26T12:23:34.008+0000] {logging_mixin.py:188} INFO - [2026-05-26T12:23:34.007+0000] {dag.py:3954} INFO - Setting next_dagrun for produce_json to 2026-05-26 11:00:00+00:00, run_after=2026-05-27 11:00:00+00:00
[2026-05-26T12:23:34.015+0000] {logging_mixin.py:188} INFO - [2026-05-26T12:23:34.015+0000] {dag.py:3954} INFO - Setting next_dagrun for update_db to 2026-05-26 12:00:00+00:00, run_after=2026-05-27 12:00:00+00:00
[2026-05-26T12:23:34.104+0000] {processor.py:183} INFO - Processing /opt/airflow/dags/main.py took 0.385 seconds
[2026-05-26T12:24:04.551+0000] {processor.py:161} INFO - Started process (PID=1354) to work on /opt/airflow/dags/main.py
[2026-05-26T12:24:04.553+0000] {processor.py:830} INFO - Processing file /opt/airflow/dags/main.py for tasks to queue
[2026-05-26T12:24:04.555+0000] {logging_mixin.py:188} INFO - [2026-05-26T12:24:04.554+0000] {dagbag.py:545} INFO - Filling up the DagBag from /opt/airflow/dags/main.py
[2026-05-26T12:24:04.723+0000] {processor.py:840} INFO - DAG(s) 'update_db', 'produce_json' retrieved from /opt/airflow/dags/main.py
[2026-05-26T12:24:04.760+0000] {logging_mixin.py:188} INFO - [2026-05-26T12:24:04.760+0000] {dag.py:3096} INFO - Sync 2 DAGs
[2026-05-26T12:24:04.788+0000] {logging_mixin.py:188} INFO - [2026-05-26T12:24:04.788+0000] {dag.py:3954} INFO - Setting next_dagrun for produce_json to 2026-05-26 11:00:00+00:00, run_after=2026-05-27 11:00:00+00:00
[2026-05-26T12:24:04.795+0000] {logging_mixin.py:188} INFO - [2026-05-26T12:24:04.795+0000] {dag.py:3954} INFO - Setting next_dagrun for update_db to 2026-05-26 12:00:00+00:00, run_after=2026-05-27 12:00:00+00:00
[2026-05-26T12:24:04.854+0000] {processor.py:183} INFO - Processing /opt/airflow/dags/main.py took 0.314 seconds
[2026-05-26T12:24:34.948+0000] {processor.py:161} INFO - Started process (PID=1361) to work on /opt/airflow/dags/main.py
[2026-05-26T12:24:34.950+0000] {processor.py:830} INFO - Processing file /opt/airflow/dags/main.py for tasks to queue
[2026-05-26T12:24:34.952+0000] {logging_mixin.py:188} INFO - [2026-05-26T12:24:34.952+0000] {dagbag.py:545} INFO - Filling up the DagBag from /opt/airflow/dags/main.py
[2026-05-26T12:24:35.131+0000] {processor.py:840} INFO - DAG(s) 'update_db', 'produce_json' retrieved from /opt/airflow/dags/main.py
[2026-05-26T12:24:35.210+0000] {logging_mixin.py:188} INFO - [2026-05-26T12:24:35.210+0000] {dag.py:3096} INFO - Sync 2 DAGs
[2026-05-26T12:24:35.272+0000] {logging_mixin.py:188} INFO - [2026-05-26T12:24:35.272+0000] {dag.py:3954} INFO - Setting next_dagrun for produce_json to 2026-05-26 11:00:00+00:00, run_after=2026-05-27 11:00:00+00:00
[2026-05-26T12:24:35.286+0000] {logging_mixin.py:188} INFO - [2026-05-26T12:24:35.286+0000] {dag.py:3954} INFO - Setting next_dagrun for update_db to 2026-05-26 12:00:00+00:00, run_after=2026-05-27 12:00:00+00:00
[2026-05-26T12:24:35.352+0000] {processor.py:183} INFO - Processing /opt/airflow/dags/main.py took 0.419 seconds
[2026-05-26T15:07:25.151+0000] {processor.py:161} INFO - Started process (PID=1362) to work on /opt/airflow/dags/main.py
[2026-05-26T15:07:25.156+0000] {processor.py:830} INFO - Processing file /opt/airflow/dags/main.py for tasks to queue
[2026-05-26T15:07:25.158+0000] {logging_mixin.py:188} INFO - [2026-05-26T15:07:25.157+0000] {dagbag.py:545} INFO - Filling up the DagBag from /opt/airflow/dags/main.py
[2026-05-26T15:07:26.151+0000] {processor.py:840} INFO - DAG(s) 'update_db', 'produce_json' retrieved from /opt/airflow/dags/main.py
[2026-05-26T15:07:26.352+0000] {logging_mixin.py:188} INFO - [2026-05-26T15:07:26.351+0000] {dag.py:3096} INFO - Sync 2 DAGs
[2026-05-26T15:07:26.522+0000] {logging_mixin.py:188} INFO - [2026-05-26T15:07:26.517+0000] {dag.py:3954} INFO - Setting next_dagrun for produce_json to 2026-05-26 11:00:00+00:00, run_after=2026-05-27 11:00:00+00:00
[2026-05-26T15:07:26.561+0000] {logging_mixin.py:188} INFO - [2026-05-26T15:07:26.560+0000] {dag.py:3954} INFO - Setting next_dagrun for update_db to 2026-05-26 12:00:00+00:00, run_after=2026-05-27 12:00:00+00:00
[2026-05-26T15:07:26.659+0000] {processor.py:183} INFO - Processing /opt/airflow/dags/main.py took 1.531 seconds
[2026-05-26T15:07:56.935+0000] {processor.py:161} INFO - Started process (PID=1369) to work on /opt/airflow/dags/main.py
[2026-05-26T15:07:56.936+0000] {processor.py:830} INFO - Processing file /opt/airflow/dags/main.py for tasks to queue
[2026-05-26T15:07:56.937+0000] {logging_mixin.py:188} INFO - [2026-05-26T15:07:56.937+0000] {dagbag.py:545} INFO - Filling up the DagBag from /opt/airflow/dags/main.py
[2026-05-26T15:07:57.114+0000] {processor.py:840} INFO - DAG(s) 'update_db', 'produce_json' retrieved from /opt/airflow/dags/main.py
[2026-05-26T15:07:57.156+0000] {logging_mixin.py:188} INFO - [2026-05-26T15:07:57.156+0000] {dag.py:3096} INFO - Sync 2 DAGs
[2026-05-26T15:07:57.189+0000] {logging_mixin.py:188} INFO - [2026-05-26T15:07:57.189+0000] {dag.py:3954} INFO - Setting next_dagrun for produce_json to 2026-05-26 11:00:00+00:00, run_after=2026-05-27 11:00:00+00:00
[2026-05-26T15:07:57.198+0000] {logging_mixin.py:188} INFO - [2026-05-26T15:07:57.197+0000] {dag.py:3954} INFO - Setting next_dagrun for update_db to 2026-05-26 12:00:00+00:00, run_after=2026-05-27 12:00:00+00:00
[2026-05-26T15:07:57.217+0000] {processor.py:183} INFO - Processing /opt/airflow/dags/main.py took 0.290 seconds
[2026-05-26T15:08:27.442+0000] {processor.py:161} INFO - Started process (PID=1376) to work on /opt/airflow/dags/main.py
[2026-05-26T15:08:27.443+0000] {processor.py:830} INFO - Processing file /opt/airflow/dags/main.py for tasks to queue
[2026-05-26T15:08:27.444+0000] {logging_mixin.py:188} INFO - [2026-05-26T15:08:27.444+0000] {dagbag.py:545} INFO - Filling up the DagBag from /opt/airflow/dags/main.py
[2026-05-26T15:08:27.602+0000] {processor.py:840} INFO - DAG(s) 'produce_json', 'update_db' retrieved from /opt/airflow/dags/main.py
[2026-05-26T15:08:27.642+0000] {logging_mixin.py:188} INFO - [2026-05-26T15:08:27.642+0000] {dag.py:3096} INFO - Sync 2 DAGs
[2026-05-26T15:08:27.665+0000] {logging_mixin.py:188} INFO - [2026-05-26T15:08:27.665+0000] {dag.py:3954} INFO - Setting next_dagrun for produce_json to 2026-05-26 11:00:00+00:00, run_after=2026-05-27 11:00:00+00:00
[2026-05-26T15:08:27.670+0000] {logging_mixin.py:188} INFO - [2026-05-26T15:08:27.670+0000] {dag.py:3954} INFO - Setting next_dagrun for update_db to 2026-05-26 12:00:00+00:00, run_after=2026-05-27 12:00:00+00:00
[2026-05-26T15:08:27.726+0000] {processor.py:183} INFO - Processing /opt/airflow/dags/main.py took 0.291 seconds
[2026-05-26T15:08:58.032+0000] {processor.py:161} INFO - Started process (PID=1383) to work on /opt/airflow/dags/main.py
[2026-05-26T15:08:58.034+0000] {processor.py:830} INFO - Processing file /opt/airflow/dags/main.py for tasks to queue
[2026-05-26T15:08:58.036+0000] {logging_mixin.py:188} INFO - [2026-05-26T15:08:58.036+0000] {dagbag.py:545} INFO - Filling up the DagBag from /opt/airflow/dags/main.py
[2026-05-26T15:08:58.235+0000] {processor.py:840} INFO - DAG(s) 'produce_json', 'update_db' retrieved from /opt/airflow/dags/main.py
[2026-05-26T15:08:58.276+0000] {logging_mixin.py:188} INFO - [2026-05-26T15:08:58.276+0000] {dag.py:3096} INFO - Sync 2 DAGs
[2026-05-26T15:08:58.320+0000] {logging_mixin.py:188} INFO - [2026-05-26T15:08:58.319+0000] {dag.py:3954} INFO - Setting next_dagrun for produce_json to 2026-05-26 11:00:00+00:00, run_after=2026-05-27 11:00:00+00:00
[2026-05-26T15:08:58.333+0000] {logging_mixin.py:188} INFO - [2026-05-26T15:08:58.332+0000] {dag.py:3954} INFO - Setting next_dagrun for update_db to 2026-05-26 12:00:00+00:00, run_after=2026-05-27 12:00:00+00:00
[2026-05-26T15:08:58.380+0000] {processor.py:183} INFO - Processing /opt/airflow/dags/main.py took 0.365 seconds
[2026-05-26T15:09:28.812+0000] {processor.py:161} INFO - Started process (PID=1390) to work on /opt/airflow/dags/main.py
[2026-05-26T15:09:28.814+0000] {processor.py:830} INFO - Processing file /opt/airflow/dags/main.py for tasks to queue
[2026-05-26T15:09:28.815+0000] {logging_mixin.py:188} INFO - [2026-05-26T15:09:28.815+0000] {dagbag.py:545} INFO - Filling up the DagBag from /opt/airflow/dags/main.py
[2026-05-26T15:09:28.983+0000] {processor.py:840} INFO - DAG(s) 'update_db', 'produce_json' retrieved from /opt/airflow/dags/main.py
[2026-05-26T15:09:29.023+0000] {logging_mixin.py:188} INFO - [2026-05-26T15:09:29.022+0000] {dag.py:3096} INFO - Sync 2 DAGs
[2026-05-26T15:09:29.049+0000] {logging_mixin.py:188} INFO - [2026-05-26T15:09:29.048+0000] {dag.py:3954} INFO - Setting next_dagrun for produce_json to 2026-05-26 11:00:00+00:00, run_after=2026-05-27 11:00:00+00:00
[2026-05-26T15:09:29.056+0000] {logging_mixin.py:188} INFO - [2026-05-26T15:09:29.056+0000] {dag.py:3954} INFO - Setting next_dagrun for update_db to 2026-05-26 12:00:00+00:00, run_after=2026-05-27 12:00:00+00:00
[2026-05-26T15:09:29.076+0000] {processor.py:183} INFO - Processing /opt/airflow/dags/main.py took 0.272 seconds
[2026-05-26T15:09:59.240+0000] {processor.py:161} INFO - Started process (PID=1397) to work on /opt/airflow/dags/main.py
[2026-05-26T15:09:59.243+0000] {processor.py:830} INFO - Processing file /opt/airflow/dags/main.py for tasks to queue
[2026-05-26T15:09:59.247+0000] {logging_mixin.py:188} INFO - [2026-05-26T15:09:59.246+0000] {dagbag.py:545} INFO - Filling up the DagBag from /opt/airflow/dags/main.py
[2026-05-26T15:09:59.451+0000] {processor.py:840} INFO - DAG(s) 'produce_json', 'update_db' retrieved from /opt/airflow/dags/main.py
[2026-05-26T15:09:59.488+0000] {logging_mixin.py:188} INFO - [2026-05-26T15:09:59.487+0000] {dag.py:3096} INFO - Sync 2 DAGs
[2026-05-26T15:09:59.513+0000] {logging_mixin.py:188} INFO - [2026-05-26T15:09:59.513+0000] {dag.py:3954} INFO - Setting next_dagrun for produce_json to 2026-05-26 11:00:00+00:00, run_after=2026-05-27 11:00:00+00:00
[2026-05-26T15:09:59.521+0000] {logging_mixin.py:188} INFO - [2026-05-26T15:09:59.521+0000] {dag.py:3954} INFO - Setting next_dagrun for update_db to 2026-05-26 12:00:00+00:00, run_after=2026-05-27 12:00:00+00:00
[2026-05-26T15:09:59.609+0000] {processor.py:183} INFO - Processing /opt/airflow/dags/main.py took 0.393 seconds
[2026-05-26T15:10:29.739+0000] {processor.py:161} INFO - Started process (PID=1404) to work on /opt/airflow/dags/main.py
[2026-05-26T15:10:29.742+0000] {processor.py:830} INFO - Processing file /opt/airflow/dags/main.py for tasks to queue
[2026-05-26T15:10:29.745+0000] {logging_mixin.py:188} INFO - [2026-05-26T15:10:29.744+0000] {dagbag.py:545} INFO - Filling up the DagBag from /opt/airflow/dags/main.py
[2026-05-26T15:10:30.078+0000] {processor.py:840} INFO - DAG(s) 'produce_json', 'update_db' retrieved from /opt/airflow/dags/main.py
[2026-05-26T15:10:30.123+0000] {logging_mixin.py:188} INFO - [2026-05-26T15:10:30.122+0000] {dag.py:3096} INFO - Sync 2 DAGs
[2026-05-26T15:10:30.153+0000] {logging_mixin.py:188} INFO - [2026-05-26T15:10:30.153+0000] {dag.py:3954} INFO - Setting next_dagrun for produce_json to 2026-05-26 11:00:00+00:00, run_after=2026-05-27 11:00:00+00:00
[2026-05-26T15:10:30.160+0000] {logging_mixin.py:188} INFO - [2026-05-26T15:10:30.160+0000] {dag.py:3954} INFO - Setting next_dagrun for update_db to 2026-05-26 12:00:00+00:00, run_after=2026-05-27 12:00:00+00:00
[2026-05-26T15:10:30.233+0000] {processor.py:183} INFO - Processing /opt/airflow/dags/main.py took 0.512 seconds
[2026-05-26T15:11:00.429+0000] {processor.py:161} INFO - Started process (PID=1411) to work on /opt/airflow/dags/main.py
[2026-05-26T15:11:00.432+0000] {processor.py:830} INFO - Processing file /opt/airflow/dags/main.py for tasks to queue
[2026-05-26T15:11:00.434+0000] {logging_mixin.py:188} INFO - [2026-05-26T15:11:00.434+0000] {dagbag.py:545} INFO - Filling up the DagBag from /opt/airflow/dags/main.py
[2026-05-26T15:11:00.744+0000] {processor.py:840} INFO - DAG(s) 'update_db', 'produce_json' retrieved from /opt/airflow/dags/main.py
[2026-05-26T15:11:00.821+0000] {logging_mixin.py:188} INFO - [2026-05-26T15:11:00.821+0000] {dag.py:3096} INFO - Sync 2 DAGs
[2026-05-26T15:11:00.857+0000] {logging_mixin.py:188} INFO - [2026-05-26T15:11:00.857+0000] {dag.py:3954} INFO - Setting next_dagrun for produce_json to 2026-05-26 11:00:00+00:00, run_after=2026-05-27 11:00:00+00:00
[2026-05-26T15:11:00.864+0000] {logging_mixin.py:188} INFO - [2026-05-26T15:11:00.863+0000] {dag.py:3954} INFO - Setting next_dagrun for update_db to 2026-05-26 12:00:00+00:00, run_after=2026-05-27 12:00:00+00:00
[2026-05-26T15:11:00.886+0000] {processor.py:183} INFO - Processing /opt/airflow/dags/main.py took 0.475 seconds
[2026-05-26T15:11:31.069+0000] {processor.py:161} INFO - Started process (PID=1418) to work on /opt/airflow/dags/main.py
[2026-05-26T15:11:31.072+0000] {processor.py:830} INFO - Processing file /opt/airflow/dags/main.py for tasks to queue
[2026-05-26T15:11:31.075+0000] {logging_mixin.py:188} INFO - [2026-05-26T15:11:31.074+0000] {dagbag.py:545} INFO - Filling up the DagBag from /opt/airflow/dags/main.py
[2026-05-26T15:11:31.386+0000] {processor.py:840} INFO - DAG(s) 'update_db', 'produce_json' retrieved from /opt/airflow/dags/main.py
[2026-05-26T15:11:31.443+0000] {logging_mixin.py:188} INFO - [2026-05-26T15:11:31.442+0000] {dag.py:3096} INFO - Sync 2 DAGs
[2026-05-26T15:11:31.482+0000] {logging_mixin.py:188} INFO - [2026-05-26T15:11:31.482+0000] {dag.py:3954} INFO - Setting next_dagrun for produce_json to 2026-05-26 11:00:00+00:00, run_after=2026-05-27 11:00:00+00:00
[2026-05-26T15:11:31.492+0000] {logging_mixin.py:188} INFO - [2026-05-26T15:11:31.492+0000] {dag.py:3954} INFO - Setting next_dagrun for update_db to 2026-05-26 12:00:00+00:00, run_after=2026-05-27 12:00:00+00:00
[2026-05-26T15:11:31.585+0000] {processor.py:183} INFO - Processing /opt/airflow/dags/main.py took 0.532 seconds
[2026-05-26T15:12:01.819+0000] {processor.py:161} INFO - Started process (PID=1425) to work on /opt/airflow/dags/main.py
[2026-05-26T15:12:01.822+0000] {processor.py:830} INFO - Processing file /opt/airflow/dags/main.py for tasks to queue
[2026-05-26T15:12:01.824+0000] {logging_mixin.py:188} INFO - [2026-05-26T15:12:01.823+0000] {dagbag.py:545} INFO - Filling up the DagBag from /opt/airflow/dags/main.py
[2026-05-26T15:12:02.119+0000] {processor.py:840} INFO - DAG(s) 'produce_json', 'update_db' retrieved from /opt/airflow/dags/main.py
[2026-05-26T15:12:02.182+0000] {logging_mixin.py:188} INFO - [2026-05-26T15:12:02.182+0000] {dag.py:3096} INFO - Sync 2 DAGs
[2026-05-26T15:12:02.227+0000] {logging_mixin.py:188} INFO - [2026-05-26T15:12:02.226+0000] {dag.py:3954} INFO - Setting next_dagrun for produce_json to 2026-05-26 11:00:00+00:00, run_after=2026-05-27 11:00:00+00:00
[2026-05-26T15:12:02.244+0000] {logging_mixin.py:188} INFO - [2026-05-26T15:12:02.243+0000] {dag.py:3954} INFO - Setting next_dagrun for update_db to 2026-05-26 12:00:00+00:00, run_after=2026-05-27 12:00:00+00:00
[2026-05-26T15:12:02.322+0000] {processor.py:183} INFO - Processing /opt/airflow/dags/main.py took 0.524 seconds
[2026-05-26T15:12:32.773+0000] {processor.py:161} INFO - Started process (PID=1432) to work on /opt/airflow/dags/main.py
[2026-05-26T15:12:32.775+0000] {processor.py:830} INFO - Processing file /opt/airflow/dags/main.py for tasks to queue
[2026-05-26T15:12:32.778+0000] {logging_mixin.py:188} INFO - [2026-05-26T15:12:32.777+0000] {dagbag.py:545} INFO - Filling up the DagBag from /opt/airflow/dags/main.py
[2026-05-26T15:12:33.027+0000] {processor.py:840} INFO - DAG(s) 'produce_json', 'update_db' retrieved from /opt/airflow/dags/main.py
[2026-05-26T15:12:33.089+0000] {logging_mixin.py:188} INFO - [2026-05-26T15:12:33.089+0000] {dag.py:3096} INFO - Sync 2 DAGs
[2026-05-26T15:12:33.117+0000] {logging_mixin.py:188} INFO - [2026-05-26T15:12:33.117+0000] {dag.py:3954} INFO - Setting next_dagrun for produce_json to 2026-05-26 11:00:00+00:00, run_after=2026-05-27 11:00:00+00:00
[2026-05-26T15:12:33.123+0000] {logging_mixin.py:188} INFO - [2026-05-26T15:12:33.123+0000] {dag.py:3954} INFO - Setting next_dagrun for update_db to 2026-05-26 12:00:00+00:00, run_after=2026-05-27 12:00:00+00:00
[2026-05-26T15:12:33.216+0000] {processor.py:183} INFO - Processing /opt/airflow/dags/main.py took 0.454 seconds
[2026-05-26T15:13:03.730+0000] {processor.py:161} INFO - Started process (PID=1439) to work on /opt/airflow/dags/main.py
[2026-05-26T15:13:03.733+0000] {processor.py:830} INFO - Processing file /opt/airflow/dags/main.py for tasks to queue
[2026-05-26T15:13:03.735+0000] {logging_mixin.py:188} INFO - [2026-05-26T15:13:03.734+0000] {dagbag.py:545} INFO - Filling up the DagBag from /opt/airflow/dags/main.py
[2026-05-26T15:13:04.068+0000] {processor.py:840} INFO - DAG(s) 'update_db', 'produce_json' retrieved from /opt/airflow/dags/main.py
[2026-05-26T15:13:04.165+0000] {logging_mixin.py:188} INFO - [2026-05-26T15:13:04.165+0000] {dag.py:3096} INFO - Sync 2 DAGs
[2026-05-26T15:13:04.225+0000] {logging_mixin.py:188} INFO - [2026-05-26T15:13:04.224+0000] {dag.py:3954} INFO - Setting next_dagrun for produce_json to 2026-05-26 11:00:00+00:00, run_after=2026-05-27 11:00:00+00:00
[2026-05-26T15:13:04.238+0000] {logging_mixin.py:188} INFO - [2026-05-26T15:13:04.238+0000] {dag.py:3954} INFO - Setting next_dagrun for update_db to 2026-05-26 12:00:00+00:00, run_after=2026-05-27 12:00:00+00:00
[2026-05-26T15:13:04.332+0000] {processor.py:183} INFO - Processing /opt/airflow/dags/main.py took 0.619 seconds
[2026-05-26T15:13:34.613+0000] {processor.py:161} INFO - Started process (PID=1446) to work on /opt/airflow/dags/main.py
[2026-05-26T15:13:34.616+0000] {processor.py:830} INFO - Processing file /opt/airflow/dags/main.py for tasks to queue
[2026-05-26T15:13:34.619+0000] {logging_mixin.py:188} INFO - [2026-05-26T15:13:34.618+0000] {dagbag.py:545} INFO - Filling up the DagBag from /opt/airflow/dags/main.py
[2026-05-26T15:13:34.863+0000] {processor.py:840} INFO - DAG(s) 'produce_json', 'update_db' retrieved from /opt/airflow/dags/main.py
[2026-05-26T15:13:34.900+0000] {logging_mixin.py:188} INFO - [2026-05-26T15:13:34.899+0000] {dag.py:3096} INFO - Sync 2 DAGs
[2026-05-26T15:13:34.932+0000] {logging_mixin.py:188} INFO - [2026-05-26T15:13:34.931+0000] {dag.py:3954} INFO - Setting next_dagrun for produce_json to 2026-05-26 11:00:00+00:00, run_after=2026-05-27 11:00:00+00:00
[2026-05-26T15:13:34.940+0000] {logging_mixin.py:188} INFO - [2026-05-26T15:13:34.940+0000] {dag.py:3954} INFO - Setting next_dagrun for update_db to 2026-05-26 12:00:00+00:00, run_after=2026-05-27 12:00:00+00:00
[2026-05-26T15:13:35.033+0000] {processor.py:183} INFO - Processing /opt/airflow/dags/main.py took 0.437 seconds
[2026-05-26T15:14:05.156+0000] {processor.py:161} INFO - Started process (PID=1453) to work on /opt/airflow/dags/main.py
[2026-05-26T15:14:05.158+0000] {processor.py:830} INFO - Processing file /opt/airflow/dags/main.py for tasks to queue
[2026-05-26T15:14:05.161+0000] {logging_mixin.py:188} INFO - [2026-05-26T15:14:05.160+0000] {dagbag.py:545} INFO - Filling up the DagBag from /opt/airflow/dags/main.py
[2026-05-26T15:14:05.455+0000] {processor.py:840} INFO - DAG(s) 'produce_json', 'update_db' retrieved from /opt/airflow/dags/main.py
[2026-05-26T15:14:05.521+0000] {logging_mixin.py:188} INFO - [2026-05-26T15:14:05.521+0000] {dag.py:3096} INFO - Sync 2 DAGs
[2026-05-26T15:14:05.547+0000] {logging_mixin.py:188} INFO - [2026-05-26T15:14:05.547+0000] {dag.py:3954} INFO - Setting next_dagrun for produce_json to 2026-05-26 11:00:00+00:00, run_after=2026-05-27 11:00:00+00:00
[2026-05-26T15:14:05.553+0000] {logging_mixin.py:188} INFO - [2026-05-26T15:14:05.553+0000] {dag.py:3954} INFO - Setting next_dagrun for update_db to 2026-05-26 12:00:00+00:00, run_after=2026-05-27 12:00:00+00:00
[2026-05-26T15:14:05.637+0000] {processor.py:183} INFO - Processing /opt/airflow/dags/main.py took 0.494 seconds
[2026-05-26T15:14:35.867+0000] {processor.py:161} INFO - Started process (PID=1460) to work on /opt/airflow/dags/main.py
[2026-05-26T15:14:35.871+0000] {processor.py:830} INFO - Processing file /opt/airflow/dags/main.py for tasks to queue
[2026-05-26T15:14:35.873+0000] {logging_mixin.py:188} INFO - [2026-05-26T15:14:35.872+0000] {dagbag.py:545} INFO - Filling up the DagBag from /opt/airflow/dags/main.py
[2026-05-26T15:14:36.069+0000] {processor.py:840} INFO - DAG(s) 'update_db', 'produce_json' retrieved from /opt/airflow/dags/main.py
[2026-05-26T15:14:36.116+0000] {logging_mixin.py:188} INFO - [2026-05-26T15:14:36.116+0000] {dag.py:3096} INFO - Sync 2 DAGs
[2026-05-26T15:14:36.150+0000] {logging_mixin.py:188} INFO - [2026-05-26T15:14:36.150+0000] {dag.py:3954} INFO - Setting next_dagrun for produce_json to 2026-05-26 11:00:00+00:00, run_after=2026-05-27 11:00:00+00:00
[2026-05-26T15:14:36.158+0000] {logging_mixin.py:188} INFO - [2026-05-26T15:14:36.158+0000] {dag.py:3954} INFO - Setting next_dagrun for update_db to 2026-05-26 12:00:00+00:00, run_after=2026-05-27 12:00:00+00:00
[2026-05-26T15:14:36.223+0000] {processor.py:183} INFO - Processing /opt/airflow/dags/main.py took 0.370 seconds
[2026-05-26T15:15:06.471+0000] {processor.py:161} INFO - Started process (PID=1467) to work on /opt/airflow/dags/main.py
[2026-05-26T15:15:06.474+0000] {processor.py:830} INFO - Processing file /opt/airflow/dags/main.py for tasks to queue
[2026-05-26T15:15:06.475+0000] {logging_mixin.py:188} INFO - [2026-05-26T15:15:06.475+0000] {dagbag.py:545} INFO - Filling up the DagBag from /opt/airflow/dags/main.py
[2026-05-26T15:15:06.669+0000] {processor.py:840} INFO - DAG(s) 'produce_json', 'update_db' retrieved from /opt/airflow/dags/main.py
[2026-05-26T15:15:06.714+0000] {logging_mixin.py:188} INFO - [2026-05-26T15:15:06.714+0000] {dag.py:3096} INFO - Sync 2 DAGs
[2026-05-26T15:15:06.744+0000] {logging_mixin.py:188} INFO - [2026-05-26T15:15:06.744+0000] {dag.py:3954} INFO - Setting next_dagrun for produce_json to 2026-05-26 11:00:00+00:00, run_after=2026-05-27 11:00:00+00:00
[2026-05-26T15:15:06.752+0000] {logging_mixin.py:188} INFO - [2026-05-26T15:15:06.752+0000] {dag.py:3954} INFO - Setting next_dagrun for update_db to 2026-05-26 12:00:00+00:00, run_after=2026-05-27 12:00:00+00:00
[2026-05-26T15:15:06.775+0000] {processor.py:183} INFO - Processing /opt/airflow/dags/main.py took 0.313 seconds
[2026-05-26T15:15:37.097+0000] {processor.py:161} INFO - Started process (PID=1474) to work on /opt/airflow/dags/main.py
[2026-05-26T15:15:37.101+0000] {processor.py:830} INFO - Processing file /opt/airflow/dags/main.py for tasks to queue
[2026-05-26T15:15:37.103+0000] {logging_mixin.py:188} INFO - [2026-05-26T15:15:37.102+0000] {dagbag.py:545} INFO - Filling up the DagBag from /opt/airflow/dags/main.py
[2026-05-26T15:15:37.391+0000] {processor.py:840} INFO - DAG(s) 'update_db', 'produce_json' retrieved from /opt/airflow/dags/main.py
[2026-05-26T15:15:37.435+0000] {logging_mixin.py:188} INFO - [2026-05-26T15:15:37.434+0000] {dag.py:3096} INFO - Sync 2 DAGs
[2026-05-26T15:15:37.471+0000] {logging_mixin.py:188} INFO - [2026-05-26T15:15:37.470+0000] {dag.py:3954} INFO - Setting next_dagrun for produce_json to 2026-05-26 11:00:00+00:00, run_after=2026-05-27 11:00:00+00:00
[2026-05-26T15:15:37.477+0000] {logging_mixin.py:188} INFO - [2026-05-26T15:15:37.477+0000] {dag.py:3954} INFO - Setting next_dagrun for update_db to 2026-05-26 12:00:00+00:00, run_after=2026-05-27 12:00:00+00:00
[2026-05-26T15:15:37.563+0000] {processor.py:183} INFO - Processing /opt/airflow/dags/main.py took 0.482 seconds
[2026-05-26T15:16:08.058+0000] {processor.py:161} INFO - Started process (PID=1481) to work on /opt/airflow/dags/main.py
[2026-05-26T15:16:08.060+0000] {processor.py:830} INFO - Processing file /opt/airflow/dags/main.py for tasks to queue
[2026-05-26T15:16:08.062+0000] {logging_mixin.py:188} INFO - [2026-05-26T15:16:08.062+0000] {dagbag.py:545} INFO - Filling up the DagBag from /opt/airflow/dags/main.py
[2026-05-26T15:16:08.286+0000] {processor.py:840} INFO - DAG(s) 'update_db', 'produce_json' retrieved from /opt/airflow/dags/main.py
[2026-05-26T15:16:08.356+0000] {logging_mixin.py:188} INFO - [2026-05-26T15:16:08.355+0000] {dag.py:3096} INFO - Sync 2 DAGs
[2026-05-26T15:16:08.408+0000] {logging_mixin.py:188} INFO - [2026-05-26T15:16:08.408+0000] {dag.py:3954} INFO - Setting next_dagrun for produce_json to 2026-05-26 11:00:00+00:00, run_after=2026-05-27 11:00:00+00:00
[2026-05-26T15:16:08.417+0000] {logging_mixin.py:188} INFO - [2026-05-26T15:16:08.417+0000] {dag.py:3954} INFO - Setting next_dagrun for update_db to 2026-05-26 12:00:00+00:00, run_after=2026-05-27 12:00:00+00:00
[2026-05-26T15:16:08.482+0000] {processor.py:183} INFO - Processing /opt/airflow/dags/main.py took 0.442 seconds
[2026-05-26T15:16:38.967+0000] {processor.py:161} INFO - Started process (PID=1488) to work on /opt/airflow/dags/main.py
[2026-05-26T15:16:38.969+0000] {processor.py:830} INFO - Processing file /opt/airflow/dags/main.py for tasks to queue
[2026-05-26T15:16:38.972+0000] {logging_mixin.py:188} INFO - [2026-05-26T15:16:38.971+0000] {dagbag.py:545} INFO - Filling up the DagBag from /opt/airflow/dags/main.py
[2026-05-26T15:16:39.250+0000] {processor.py:840} INFO - DAG(s) 'produce_json', 'update_db' retrieved from /opt/airflow/dags/main.py
[2026-05-26T15:16:39.309+0000] {logging_mixin.py:188} INFO - [2026-05-26T15:16:39.309+0000] {dag.py:3096} INFO - Sync 2 DAGs
[2026-05-26T15:16:39.347+0000] {logging_mixin.py:188} INFO - [2026-05-26T15:16:39.347+0000] {dag.py:3954} INFO - Setting next_dagrun for produce_json to 2026-05-26 11:00:00+00:00, run_after=2026-05-27 11:00:00+00:00
[2026-05-26T15:16:39.357+0000] {logging_mixin.py:188} INFO - [2026-05-26T15:16:39.356+0000] {dag.py:3954} INFO - Setting next_dagrun for update_db to 2026-05-26 12:00:00+00:00, run_after=2026-05-27 12:00:00+00:00
[2026-05-26T15:16:39.384+0000] {processor.py:183} INFO - Processing /opt/airflow/dags/main.py took 0.435 seconds
[2026-05-26T15:27:49.352+0000] {processor.py:161} INFO - Started process (PID=59) to work on /opt/airflow/dags/main.py
[2026-05-26T15:27:49.354+0000] {processor.py:830} INFO - Processing file /opt/airflow/dags/main.py for tasks to queue
[2026-05-26T15:27:49.358+0000] {logging_mixin.py:188} INFO - [2026-05-26T15:27:49.358+0000] {dagbag.py:545} INFO - Filling up the DagBag from /opt/airflow/dags/main.py
[2026-05-26T15:27:49.667+0000] {processor.py:840} INFO - DAG(s) 'produce_json', 'update_db' retrieved from /opt/airflow/dags/main.py
[2026-05-26T15:27:50.062+0000] {logging_mixin.py:188} INFO - [2026-05-26T15:27:50.061+0000] {dag.py:3096} INFO - Sync 2 DAGs
[2026-05-26T15:27:50.099+0000] {logging_mixin.py:188} INFO - [2026-05-26T15:27:50.099+0000] {dag.py:3954} INFO - Setting next_dagrun for produce_json to 2026-05-26 11:00:00+00:00, run_after=2026-05-27 11:00:00+00:00
[2026-05-26T15:27:50.107+0000] {logging_mixin.py:188} INFO - [2026-05-26T15:27:50.107+0000] {dag.py:3954} INFO - Setting next_dagrun for update_db to 2026-05-26 12:00:00+00:00, run_after=2026-05-27 12:00:00+00:00
[2026-05-26T15:27:50.141+0000] {processor.py:183} INFO - Processing /opt/airflow/dags/main.py took 0.804 seconds
[2026-05-26T15:28:20.563+0000] {processor.py:161} INFO - Started process (PID=66) to work on /opt/airflow/dags/main.py
[2026-05-26T15:28:20.566+0000] {processor.py:830} INFO - Processing file /opt/airflow/dags/main.py for tasks to queue
[2026-05-26T15:28:20.571+0000] {logging_mixin.py:188} INFO - [2026-05-26T15:28:20.571+0000] {dagbag.py:545} INFO - Filling up the DagBag from /opt/airflow/dags/main.py
[2026-05-26T15:28:20.832+0000] {processor.py:840} INFO - DAG(s) 'produce_json', 'update_db' retrieved from /opt/airflow/dags/main.py
[2026-05-26T15:28:20.897+0000] {logging_mixin.py:188} INFO - [2026-05-26T15:28:20.897+0000] {dag.py:3096} INFO - Sync 2 DAGs
[2026-05-26T15:28:20.933+0000] {logging_mixin.py:188} INFO - [2026-05-26T15:28:20.933+0000] {dag.py:3954} INFO - Setting next_dagrun for produce_json to 2026-05-26 11:00:00+00:00, run_after=2026-05-27 11:00:00+00:00
[2026-05-26T15:28:20.942+0000] {logging_mixin.py:188} INFO - [2026-05-26T15:28:20.941+0000] {dag.py:3954} INFO - Setting next_dagrun for update_db to 2026-05-26 12:00:00+00:00, run_after=2026-05-27 12:00:00+00:00
[2026-05-26T15:28:21.018+0000] {processor.py:183} INFO - Processing /opt/airflow/dags/main.py took 0.473 seconds
[2026-05-26T15:28:51.461+0000] {processor.py:161} INFO - Started process (PID=73) to work on /opt/airflow/dags/main.py
[2026-05-26T15:28:51.463+0000] {processor.py:830} INFO - Processing file /opt/airflow/dags/main.py for tasks to queue
[2026-05-26T15:28:51.465+0000] {logging_mixin.py:188} INFO - [2026-05-26T15:28:51.465+0000] {dagbag.py:545} INFO - Filling up the DagBag from /opt/airflow/dags/main.py
[2026-05-26T15:28:51.673+0000] {processor.py:840} INFO - DAG(s) 'produce_json', 'update_db' retrieved from /opt/airflow/dags/main.py
[2026-05-26T15:28:51.738+0000] {logging_mixin.py:188} INFO - [2026-05-26T15:28:51.738+0000] {dag.py:3096} INFO - Sync 2 DAGs
[2026-05-26T15:28:51.778+0000] {logging_mixin.py:188} INFO - [2026-05-26T15:28:51.778+0000] {dag.py:3954} INFO - Setting next_dagrun for produce_json to 2026-05-26 11:00:00+00:00, run_after=2026-05-27 11:00:00+00:00
[2026-05-26T15:28:51.791+0000] {logging_mixin.py:188} INFO - [2026-05-26T15:28:51.791+0000] {dag.py:3954} INFO - Setting next_dagrun for update_db to 2026-05-26 12:00:00+00:00, run_after=2026-05-27 12:00:00+00:00
[2026-05-26T15:28:51.870+0000] {processor.py:183} INFO - Processing /opt/airflow/dags/main.py took 0.418 seconds
[2026-05-26T15:29:22.334+0000] {processor.py:161} INFO - Started process (PID=81) to work on /opt/airflow/dags/main.py
[2026-05-26T15:29:22.337+0000] {processor.py:830} INFO - Processing file /opt/airflow/dags/main.py for tasks to queue
[2026-05-26T15:29:22.342+0000] {logging_mixin.py:188} INFO - [2026-05-26T15:29:22.341+0000] {dagbag.py:545} INFO - Filling up the DagBag from /opt/airflow/dags/main.py
[2026-05-26T15:29:22.647+0000] {processor.py:840} INFO - DAG(s) 'produce_json', 'update_db' retrieved from /opt/airflow/dags/main.py
[2026-05-26T15:29:22.702+0000] {logging_mixin.py:188} INFO - [2026-05-26T15:29:22.702+0000] {dag.py:3096} INFO - Sync 2 DAGs
[2026-05-26T15:29:22.740+0000] {logging_mixin.py:188} INFO - [2026-05-26T15:29:22.740+0000] {dag.py:3954} INFO - Setting next_dagrun for produce_json to 2026-05-26 11:00:00+00:00, run_after=2026-05-27 11:00:00+00:00
[2026-05-26T15:29:22.747+0000] {logging_mixin.py:188} INFO - [2026-05-26T15:29:22.746+0000] {dag.py:3954} INFO - Setting next_dagrun for update_db to 2026-05-26 12:00:00+00:00, run_after=2026-05-27 12:00:00+00:00
[2026-05-26T15:29:22.820+0000] {processor.py:183} INFO - Processing /opt/airflow/dags/main.py took 0.502 seconds
[2026-05-26T15:29:53.137+0000] {processor.py:161} INFO - Started process (PID=88) to work on /opt/airflow/dags/main.py
[2026-05-26T15:29:53.139+0000] {processor.py:830} INFO - Processing file /opt/airflow/dags/main.py for tasks to queue
[2026-05-26T15:29:53.141+0000] {logging_mixin.py:188} INFO - [2026-05-26T15:29:53.141+0000] {dagbag.py:545} INFO - Filling up the DagBag from /opt/airflow/dags/main.py
[2026-05-26T15:29:53.368+0000] {processor.py:840} INFO - DAG(s) 'update_db', 'produce_json' retrieved from /opt/airflow/dags/main.py
[2026-05-26T15:29:53.410+0000] {logging_mixin.py:188} INFO - [2026-05-26T15:29:53.410+0000] {dag.py:3096} INFO - Sync 2 DAGs
[2026-05-26T15:29:53.441+0000] {logging_mixin.py:188} INFO - [2026-05-26T15:29:53.441+0000] {dag.py:3954} INFO - Setting next_dagrun for produce_json to 2026-05-26 11:00:00+00:00, run_after=2026-05-27 11:00:00+00:00
[2026-05-26T15:29:53.449+0000] {logging_mixin.py:188} INFO - [2026-05-26T15:29:53.449+0000] {dag.py:3954} INFO - Setting next_dagrun for update_db to 2026-05-26 12:00:00+00:00, run_after=2026-05-27 12:00:00+00:00
[2026-05-26T15:29:53.470+0000] {processor.py:183} INFO - Processing /opt/airflow/dags/main.py took 0.342 seconds
[2026-05-26T15:32:02.114+0000] {processor.py:161} INFO - Started process (PID=64) to work on /opt/airflow/dags/main.py
[2026-05-26T15:32:02.116+0000] {processor.py:830} INFO - Processing file /opt/airflow/dags/main.py for tasks to queue
[2026-05-26T15:32:02.118+0000] {logging_mixin.py:188} INFO - [2026-05-26T15:32:02.118+0000] {dagbag.py:545} INFO - Filling up the DagBag from /opt/airflow/dags/main.py
[2026-05-26T15:32:02.359+0000] {processor.py:840} INFO - DAG(s) 'update_db', 'produce_json' retrieved from /opt/airflow/dags/main.py
[2026-05-26T15:32:02.437+0000] {logging_mixin.py:188} INFO - [2026-05-26T15:32:02.437+0000] {dag.py:3096} INFO - Sync 2 DAGs
[2026-05-26T15:32:02.469+0000] {logging_mixin.py:188} INFO - [2026-05-26T15:32:02.469+0000] {dag.py:3954} INFO - Setting next_dagrun for produce_json to 2026-05-26 11:00:00+00:00, run_after=2026-05-27 11:00:00+00:00
[2026-05-26T15:32:02.478+0000] {logging_mixin.py:188} INFO - [2026-05-26T15:32:02.477+0000] {dag.py:3954} INFO - Setting next_dagrun for update_db to 2026-05-26 12:00:00+00:00, run_after=2026-05-27 12:00:00+00:00
[2026-05-26T15:32:02.503+0000] {processor.py:183} INFO - Processing /opt/airflow/dags/main.py took 0.400 seconds
[2026-05-26T15:32:32.865+0000] {processor.py:161} INFO - Started process (PID=71) to work on /opt/airflow/dags/main.py
[2026-05-26T15:32:32.867+0000] {processor.py:830} INFO - Processing file /opt/airflow/dags/main.py for tasks to queue
[2026-05-26T15:32:32.872+0000] {logging_mixin.py:188} INFO - [2026-05-26T15:32:32.872+0000] {dagbag.py:545} INFO - Filling up the DagBag from /opt/airflow/dags/main.py
[2026-05-26T15:32:33.062+0000] {processor.py:840} INFO - DAG(s) 'produce_json', 'update_db' retrieved from /opt/airflow/dags/main.py
[2026-05-26T15:32:33.114+0000] {logging_mixin.py:188} INFO - [2026-05-26T15:32:33.114+0000] {dag.py:3096} INFO - Sync 2 DAGs
[2026-05-26T15:32:33.155+0000] {logging_mixin.py:188} INFO - [2026-05-26T15:32:33.155+0000] {dag.py:3954} INFO - Setting next_dagrun for produce_json to 2026-05-26 11:00:00+00:00, run_after=2026-05-27 11:00:00+00:00
[2026-05-26T15:32:33.166+0000] {logging_mixin.py:188} INFO - [2026-05-26T15:32:33.166+0000] {dag.py:3954} INFO - Setting next_dagrun for update_db to 2026-05-26 12:00:00+00:00, run_after=2026-05-27 12:00:00+00:00
[2026-05-26T15:32:33.203+0000] {processor.py:183} INFO - Processing /opt/airflow/dags/main.py took 0.353 seconds
[2026-05-26T15:33:03.632+0000] {processor.py:161} INFO - Started process (PID=84) to work on /opt/airflow/dags/main.py
[2026-05-26T15:33:03.634+0000] {processor.py:830} INFO - Processing file /opt/airflow/dags/main.py for tasks to queue
[2026-05-26T15:33:03.637+0000] {logging_mixin.py:188} INFO - [2026-05-26T15:33:03.636+0000] {dagbag.py:545} INFO - Filling up the DagBag from /opt/airflow/dags/main.py
[2026-05-26T15:33:03.869+0000] {processor.py:840} INFO - DAG(s) 'update_db', 'produce_json' retrieved from /opt/airflow/dags/main.py
[2026-05-26T15:33:03.943+0000] {logging_mixin.py:188} INFO - [2026-05-26T15:33:03.943+0000] {dag.py:3096} INFO - Sync 2 DAGs
[2026-05-26T15:33:03.990+0000] {logging_mixin.py:188} INFO - [2026-05-26T15:33:03.990+0000] {dag.py:3954} INFO - Setting next_dagrun for produce_json to 2026-05-26 11:00:00+00:00, run_after=2026-05-27 11:00:00+00:00
[2026-05-26T15:33:03.998+0000] {logging_mixin.py:188} INFO - [2026-05-26T15:33:03.998+0000] {dag.py:3954} INFO - Setting next_dagrun for update_db to 2026-05-26 12:00:00+00:00, run_after=2026-05-27 12:00:00+00:00
[2026-05-26T15:33:04.094+0000] {processor.py:183} INFO - Processing /opt/airflow/dags/main.py took 0.473 seconds
[2026-05-26T15:33:34.518+0000] {processor.py:161} INFO - Started process (PID=91) to work on /opt/airflow/dags/main.py
[2026-05-26T15:33:34.521+0000] {processor.py:830} INFO - Processing file /opt/airflow/dags/main.py for tasks to queue
[2026-05-26T15:33:34.529+0000] {logging_mixin.py:188} INFO - [2026-05-26T15:33:34.528+0000] {dagbag.py:545} INFO - Filling up the DagBag from /opt/airflow/dags/main.py
[2026-05-26T15:33:34.704+0000] {processor.py:840} INFO - DAG(s) 'produce_json', 'update_db' retrieved from /opt/airflow/dags/main.py
[2026-05-26T15:33:34.754+0000] {logging_mixin.py:188} INFO - [2026-05-26T15:33:34.754+0000] {dag.py:3096} INFO - Sync 2 DAGs
[2026-05-26T15:33:34.786+0000] {logging_mixin.py:188} INFO - [2026-05-26T15:33:34.786+0000] {dag.py:3954} INFO - Setting next_dagrun for produce_json to 2026-05-26 11:00:00+00:00, run_after=2026-05-27 11:00:00+00:00
[2026-05-26T15:33:34.795+0000] {logging_mixin.py:188} INFO - [2026-05-26T15:33:34.795+0000] {dag.py:3954} INFO - Setting next_dagrun for update_db to 2026-05-26 12:00:00+00:00, run_after=2026-05-27 12:00:00+00:00
[2026-05-26T15:33:34.830+0000] {processor.py:183} INFO - Processing /opt/airflow/dags/main.py took 0.336 seconds
[2026-05-26T15:34:05.203+0000] {processor.py:161} INFO - Started process (PID=98) to work on /opt/airflow/dags/main.py
[2026-05-26T15:34:05.206+0000] {processor.py:830} INFO - Processing file /opt/airflow/dags/main.py for tasks to queue
[2026-05-26T15:34:05.210+0000] {logging_mixin.py:188} INFO - [2026-05-26T15:34:05.210+0000] {dagbag.py:545} INFO - Filling up the DagBag from /opt/airflow/dags/main.py
[2026-05-26T15:34:05.473+0000] {processor.py:840} INFO - DAG(s) 'produce_json', 'update_db' retrieved from /opt/airflow/dags/main.py
[2026-05-26T15:34:05.516+0000] {logging_mixin.py:188} INFO - [2026-05-26T15:34:05.516+0000] {dag.py:3096} INFO - Sync 2 DAGs
[2026-05-26T15:34:05.548+0000] {logging_mixin.py:188} INFO - [2026-05-26T15:34:05.548+0000] {dag.py:3954} INFO - Setting next_dagrun for produce_json to 2026-05-26 11:00:00+00:00, run_after=2026-05-27 11:00:00+00:00
[2026-05-26T15:34:05.556+0000] {logging_mixin.py:188} INFO - [2026-05-26T15:34:05.556+0000] {dag.py:3954} INFO - Setting next_dagrun for update_db to 2026-05-26 12:00:00+00:00, run_after=2026-05-27 12:00:00+00:00
[2026-05-26T15:34:05.631+0000] {processor.py:183} INFO - Processing /opt/airflow/dags/main.py took 0.446 seconds
[2026-05-26T15:34:35.979+0000] {processor.py:161} INFO - Started process (PID=105) to work on /opt/airflow/dags/main.py
[2026-05-26T15:34:35.981+0000] {processor.py:830} INFO - Processing file /opt/airflow/dags/main.py for tasks to queue
[2026-05-26T15:34:35.985+0000] {logging_mixin.py:188} INFO - [2026-05-26T15:34:35.985+0000] {dagbag.py:545} INFO - Filling up the DagBag from /opt/airflow/dags/main.py
[2026-05-26T15:34:36.211+0000] {processor.py:840} INFO - DAG(s) 'produce_json', 'update_db' retrieved from /opt/airflow/dags/main.py
[2026-05-26T15:34:36.265+0000] {logging_mixin.py:188} INFO - [2026-05-26T15:34:36.265+0000] {dag.py:3096} INFO - Sync 2 DAGs
[2026-05-26T15:34:36.306+0000] {logging_mixin.py:188} INFO - [2026-05-26T15:34:36.305+0000] {dag.py:3954} INFO - Setting next_dagrun for produce_json to 2026-05-26 11:00:00+00:00, run_after=2026-05-27 11:00:00+00:00
[2026-05-26T15:34:36.316+0000] {logging_mixin.py:188} INFO - [2026-05-26T15:34:36.316+0000] {dag.py:3954} INFO - Setting next_dagrun for update_db to 2026-05-26 12:00:00+00:00, run_after=2026-05-27 12:00:00+00:00
[2026-05-26T15:34:36.349+0000] {processor.py:183} INFO - Processing /opt/airflow/dags/main.py took 0.390 seconds
[2026-05-26T15:35:06.809+0000] {processor.py:161} INFO - Started process (PID=112) to work on /opt/airflow/dags/main.py
[2026-05-26T15:35:06.813+0000] {processor.py:830} INFO - Processing file /opt/airflow/dags/main.py for tasks to queue
[2026-05-26T15:35:06.817+0000] {logging_mixin.py:188} INFO - [2026-05-26T15:35:06.816+0000] {dagbag.py:545} INFO - Filling up the DagBag from /opt/airflow/dags/main.py
[2026-05-26T15:35:07.040+0000] {processor.py:840} INFO - DAG(s) 'update_db', 'produce_json' retrieved from /opt/airflow/dags/main.py
[2026-05-26T15:35:07.097+0000] {logging_mixin.py:188} INFO - [2026-05-26T15:35:07.097+0000] {dag.py:3096} INFO - Sync 2 DAGs
[2026-05-26T15:35:07.138+0000] {logging_mixin.py:188} INFO - [2026-05-26T15:35:07.137+0000] {dag.py:3954} INFO - Setting next_dagrun for produce_json to 2026-05-26 11:00:00+00:00, run_after=2026-05-27 11:00:00+00:00
[2026-05-26T15:35:07.146+0000] {logging_mixin.py:188} INFO - [2026-05-26T15:35:07.145+0000] {dag.py:3954} INFO - Setting next_dagrun for update_db to 2026-05-26 12:00:00+00:00, run_after=2026-05-27 12:00:00+00:00
[2026-05-26T15:35:07.237+0000] {processor.py:183} INFO - Processing /opt/airflow/dags/main.py took 0.456 seconds
[2026-05-26T15:35:37.724+0000] {processor.py:161} INFO - Started process (PID=120) to work on /opt/airflow/dags/main.py
[2026-05-26T15:35:37.726+0000] {processor.py:830} INFO - Processing file /opt/airflow/dags/main.py for tasks to queue
[2026-05-26T15:35:37.730+0000] {logging_mixin.py:188} INFO - [2026-05-26T15:35:37.730+0000] {dagbag.py:545} INFO - Filling up the DagBag from /opt/airflow/dags/main.py
[2026-05-26T15:35:37.975+0000] {processor.py:840} INFO - DAG(s) 'update_db', 'produce_json' retrieved from /opt/airflow/dags/main.py
[2026-05-26T15:35:38.055+0000] {logging_mixin.py:188} INFO - [2026-05-26T15:35:38.054+0000] {dag.py:3096} INFO - Sync 2 DAGs
[2026-05-26T15:35:38.119+0000] {logging_mixin.py:188} INFO - [2026-05-26T15:35:38.118+0000] {dag.py:3954} INFO - Setting next_dagrun for produce_json to 2026-05-26 11:00:00+00:00, run_after=2026-05-27 11:00:00+00:00
[2026-05-26T15:35:38.128+0000] {logging_mixin.py:188} INFO - [2026-05-26T15:35:38.128+0000] {dag.py:3954} INFO - Setting next_dagrun for update_db to 2026-05-26 12:00:00+00:00, run_after=2026-05-27 12:00:00+00:00
[2026-05-26T15:35:38.213+0000] {processor.py:183} INFO - Processing /opt/airflow/dags/main.py took 0.506 seconds
[2026-05-26T15:36:08.501+0000] {processor.py:161} INFO - Started process (PID=127) to work on /opt/airflow/dags/main.py
[2026-05-26T15:36:08.503+0000] {processor.py:830} INFO - Processing file /opt/airflow/dags/main.py for tasks to queue
[2026-05-26T15:36:08.508+0000] {logging_mixin.py:188} INFO - [2026-05-26T15:36:08.507+0000] {dagbag.py:545} INFO - Filling up the DagBag from /opt/airflow/dags/main.py
[2026-05-26T15:36:08.703+0000] {processor.py:840} INFO - DAG(s) 'produce_json', 'update_db' retrieved from /opt/airflow/dags/main.py
[2026-05-26T15:36:08.750+0000] {logging_mixin.py:188} INFO - [2026-05-26T15:36:08.749+0000] {dag.py:3096} INFO - Sync 2 DAGs
[2026-05-26T15:36:08.784+0000] {logging_mixin.py:188} INFO - [2026-05-26T15:36:08.784+0000] {dag.py:3954} INFO - Setting next_dagrun for produce_json to 2026-05-26 11:00:00+00:00, run_after=2026-05-27 11:00:00+00:00
[2026-05-26T15:36:08.794+0000] {logging_mixin.py:188} INFO - [2026-05-26T15:36:08.793+0000] {dag.py:3954} INFO - Setting next_dagrun for update_db to 2026-05-26 12:00:00+00:00, run_after=2026-05-27 12:00:00+00:00
[2026-05-26T15:36:08.817+0000] {processor.py:183} INFO - Processing /opt/airflow/dags/main.py took 0.330 seconds
[2026-05-26T15:56:07.575+0000] {processor.py:161} INFO - Started process (PID=134) to work on /opt/airflow/dags/main.py
[2026-05-26T15:56:07.587+0000] {processor.py:830} INFO - Processing file /opt/airflow/dags/main.py for tasks to queue
[2026-05-26T15:56:07.598+0000] {logging_mixin.py:188} INFO - [2026-05-26T15:56:07.598+0000] {dagbag.py:545} INFO - Filling up the DagBag from /opt/airflow/dags/main.py
[2026-05-26T15:56:07.939+0000] {processor.py:840} INFO - DAG(s) 'update_db', 'produce_json' retrieved from /opt/airflow/dags/main.py
[2026-05-26T15:56:08.075+0000] {logging_mixin.py:188} INFO - [2026-05-26T15:56:08.074+0000] {dag.py:3096} INFO - Sync 2 DAGs
[2026-05-26T15:56:08.169+0000] {logging_mixin.py:188} INFO - [2026-05-26T15:56:08.168+0000] {dag.py:3954} INFO - Setting next_dagrun for produce_json to 2026-05-26 11:00:00+00:00, run_after=2026-05-27 11:00:00+00:00
[2026-05-26T15:56:08.191+0000] {logging_mixin.py:188} INFO - [2026-05-26T15:56:08.191+0000] {dag.py:3954} INFO - Setting next_dagrun for update_db to 2026-05-26 12:00:00+00:00, run_after=2026-05-27 12:00:00+00:00
[2026-05-26T15:56:08.237+0000] {processor.py:183} INFO - Processing /opt/airflow/dags/main.py took 0.700 seconds
[2026-05-26T15:56:38.435+0000] {processor.py:161} INFO - Started process (PID=141) to work on /opt/airflow/dags/main.py
[2026-05-26T15:56:38.437+0000] {processor.py:830} INFO - Processing file /opt/airflow/dags/main.py for tasks to queue
[2026-05-26T15:56:38.439+0000] {logging_mixin.py:188} INFO - [2026-05-26T15:56:38.438+0000] {dagbag.py:545} INFO - Filling up the DagBag from /opt/airflow/dags/main.py
[2026-05-26T15:56:38.559+0000] {processor.py:840} INFO - DAG(s) 'update_db', 'produce_json' retrieved from /opt/airflow/dags/main.py
[2026-05-26T15:56:38.589+0000] {logging_mixin.py:188} INFO - [2026-05-26T15:56:38.589+0000] {dag.py:3096} INFO - Sync 2 DAGs
[2026-05-26T15:56:38.611+0000] {logging_mixin.py:188} INFO - [2026-05-26T15:56:38.611+0000] {dag.py:3954} INFO - Setting next_dagrun for produce_json to 2026-05-26 11:00:00+00:00, run_after=2026-05-27 11:00:00+00:00
[2026-05-26T15:56:38.617+0000] {logging_mixin.py:188} INFO - [2026-05-26T15:56:38.617+0000] {dag.py:3954} INFO - Setting next_dagrun for update_db to 2026-05-26 12:00:00+00:00, run_after=2026-05-27 12:00:00+00:00
[2026-05-26T15:56:38.646+0000] {processor.py:183} INFO - Processing /opt/airflow/dags/main.py took 0.217 seconds
[2026-05-26T15:57:08.827+0000] {processor.py:161} INFO - Started process (PID=148) to work on /opt/airflow/dags/main.py
[2026-05-26T15:57:08.829+0000] {processor.py:830} INFO - Processing file /opt/airflow/dags/main.py for tasks to queue
[2026-05-26T15:57:08.831+0000] {logging_mixin.py:188} INFO - [2026-05-26T15:57:08.830+0000] {dagbag.py:545} INFO - Filling up the DagBag from /opt/airflow/dags/main.py
[2026-05-26T15:57:08.948+0000] {processor.py:840} INFO - DAG(s) 'produce_json', 'update_db' retrieved from /opt/airflow/dags/main.py
[2026-05-26T15:57:08.985+0000] {logging_mixin.py:188} INFO - [2026-05-26T15:57:08.984+0000] {dag.py:3096} INFO - Sync 2 DAGs
[2026-05-26T15:57:09.010+0000] {logging_mixin.py:188} INFO - [2026-05-26T15:57:09.010+0000] {dag.py:3954} INFO - Setting next_dagrun for produce_json to 2026-05-26 11:00:00+00:00, run_after=2026-05-27 11:00:00+00:00
[2026-05-26T15:57:09.016+0000] {logging_mixin.py:188} INFO - [2026-05-26T15:57:09.015+0000] {dag.py:3954} INFO - Setting next_dagrun for update_db to 2026-05-26 12:00:00+00:00, run_after=2026-05-27 12:00:00+00:00
[2026-05-26T15:57:09.047+0000] {processor.py:183} INFO - Processing /opt/airflow/dags/main.py took 0.227 seconds
[2026-05-26T15:57:39.238+0000] {processor.py:161} INFO - Started process (PID=155) to work on /opt/airflow/dags/main.py
[2026-05-26T15:57:39.239+0000] {processor.py:830} INFO - Processing file /opt/airflow/dags/main.py for tasks to queue
[2026-05-26T15:57:39.241+0000] {logging_mixin.py:188} INFO - [2026-05-26T15:57:39.241+0000] {dagbag.py:545} INFO - Filling up the DagBag from /opt/airflow/dags/main.py
[2026-05-26T15:57:39.344+0000] {processor.py:840} INFO - DAG(s) 'produce_json', 'update_db' retrieved from /opt/airflow/dags/main.py
[2026-05-26T15:57:39.376+0000] {logging_mixin.py:188} INFO - [2026-05-26T15:57:39.376+0000] {dag.py:3096} INFO - Sync 2 DAGs
[2026-05-26T15:57:39.400+0000] {logging_mixin.py:188} INFO - [2026-05-26T15:57:39.400+0000] {dag.py:3954} INFO - Setting next_dagrun for produce_json to 2026-05-26 11:00:00+00:00, run_after=2026-05-27 11:00:00+00:00
[2026-05-26T15:57:39.407+0000] {logging_mixin.py:188} INFO - [2026-05-26T15:57:39.406+0000] {dag.py:3954} INFO - Setting next_dagrun for update_db to 2026-05-26 12:00:00+00:00, run_after=2026-05-27 12:00:00+00:00
[2026-05-26T15:57:39.434+0000] {processor.py:183} INFO - Processing /opt/airflow/dags/main.py took 0.203 seconds
[2026-05-26T15:59:36.463+0000] {processor.py:161} INFO - Started process (PID=46) to work on /opt/airflow/dags/main.py
[2026-05-26T15:59:36.465+0000] {processor.py:830} INFO - Processing file /opt/airflow/dags/main.py for tasks to queue
[2026-05-26T15:59:36.467+0000] {logging_mixin.py:188} INFO - [2026-05-26T15:59:36.467+0000] {dagbag.py:545} INFO - Filling up the DagBag from /opt/airflow/dags/main.py
[2026-05-26T15:59:36.620+0000] {processor.py:840} INFO - DAG(s) 'produce_json', 'update_db' retrieved from /opt/airflow/dags/main.py
[2026-05-26T15:59:36.676+0000] {logging_mixin.py:188} INFO - [2026-05-26T15:59:36.676+0000] {dag.py:3096} INFO - Sync 2 DAGs
[2026-05-26T15:59:36.706+0000] {logging_mixin.py:188} INFO - [2026-05-26T15:59:36.706+0000] {dag.py:3954} INFO - Setting next_dagrun for produce_json to 2026-05-26 11:00:00+00:00, run_after=2026-05-27 11:00:00+00:00
[2026-05-26T15:59:36.712+0000] {logging_mixin.py:188} INFO - [2026-05-26T15:59:36.712+0000] {dag.py:3954} INFO - Setting next_dagrun for update_db to 2026-05-26 12:00:00+00:00, run_after=2026-05-27 12:00:00+00:00
[2026-05-26T15:59:36.736+0000] {processor.py:183} INFO - Processing /opt/airflow/dags/main.py took 0.279 seconds
[2026-05-26T16:00:06.979+0000] {processor.py:161} INFO - Started process (PID=53) to work on /opt/airflow/dags/main.py
[2026-05-26T16:00:06.980+0000] {processor.py:830} INFO - Processing file /opt/airflow/dags/main.py for tasks to queue
[2026-05-26T16:00:06.983+0000] {logging_mixin.py:188} INFO - [2026-05-26T16:00:06.982+0000] {dagbag.py:545} INFO - Filling up the DagBag from /opt/airflow/dags/main.py
[2026-05-26T16:00:07.108+0000] {processor.py:840} INFO - DAG(s) 'produce_json', 'update_db' retrieved from /opt/airflow/dags/main.py
[2026-05-26T16:00:07.138+0000] {logging_mixin.py:188} INFO - [2026-05-26T16:00:07.137+0000] {dag.py:3096} INFO - Sync 2 DAGs
[2026-05-26T16:00:07.158+0000] {logging_mixin.py:188} INFO - [2026-05-26T16:00:07.158+0000] {dag.py:3954} INFO - Setting next_dagrun for produce_json to 2026-05-26 11:00:00+00:00, run_after=2026-05-27 11:00:00+00:00
[2026-05-26T16:00:07.163+0000] {logging_mixin.py:188} INFO - [2026-05-26T16:00:07.163+0000] {dag.py:3954} INFO - Setting next_dagrun for update_db to 2026-05-26 12:00:00+00:00, run_after=2026-05-27 12:00:00+00:00
[2026-05-26T16:00:07.190+0000] {processor.py:183} INFO - Processing /opt/airflow/dags/main.py took 0.218 seconds
[2026-05-26T16:00:37.249+0000] {processor.py:161} INFO - Started process (PID=66) to work on /opt/airflow/dags/main.py
[2026-05-26T16:00:37.250+0000] {processor.py:830} INFO - Processing file /opt/airflow/dags/main.py for tasks to queue
[2026-05-26T16:00:37.252+0000] {logging_mixin.py:188} INFO - [2026-05-26T16:00:37.252+0000] {dagbag.py:545} INFO - Filling up the DagBag from /opt/airflow/dags/main.py
[2026-05-26T16:00:37.362+0000] {processor.py:840} INFO - DAG(s) 'produce_json', 'update_db' retrieved from /opt/airflow/dags/main.py
[2026-05-26T16:00:37.393+0000] {logging_mixin.py:188} INFO - [2026-05-26T16:00:37.392+0000] {dag.py:3096} INFO - Sync 2 DAGs
[2026-05-26T16:00:37.416+0000] {logging_mixin.py:188} INFO - [2026-05-26T16:00:37.416+0000] {dag.py:3954} INFO - Setting next_dagrun for produce_json to 2026-05-26 11:00:00+00:00, run_after=2026-05-27 11:00:00+00:00
[2026-05-26T16:00:37.422+0000] {logging_mixin.py:188} INFO - [2026-05-26T16:00:37.422+0000] {dag.py:3954} INFO - Setting next_dagrun for update_db to 2026-05-26 12:00:00+00:00, run_after=2026-05-27 12:00:00+00:00
[2026-05-26T16:00:37.441+0000] {processor.py:183} INFO - Processing /opt/airflow/dags/main.py took 0.198 seconds
[2026-05-26T16:01:07.698+0000] {processor.py:161} INFO - Started process (PID=73) to work on /opt/airflow/dags/main.py
[2026-05-26T16:01:07.699+0000] {processor.py:830} INFO - Processing file /opt/airflow/dags/main.py for tasks to queue
[2026-05-26T16:01:07.701+0000] {logging_mixin.py:188} INFO - [2026-05-26T16:01:07.701+0000] {dagbag.py:545} INFO - Filling up the DagBag from /opt/airflow/dags/main.py
[2026-05-26T16:01:07.799+0000] {processor.py:840} INFO - DAG(s) 'produce_json', 'update_db' retrieved from /opt/airflow/dags/main.py
[2026-05-26T16:01:07.828+0000] {logging_mixin.py:188} INFO - [2026-05-26T16:01:07.828+0000] {dag.py:3096} INFO - Sync 2 DAGs
[2026-05-26T16:01:07.855+0000] {logging_mixin.py:188} INFO - [2026-05-26T16:01:07.855+0000] {dag.py:3954} INFO - Setting next_dagrun for produce_json to 2026-05-26 11:00:00+00:00, run_after=2026-05-27 11:00:00+00:00
[2026-05-26T16:01:07.863+0000] {logging_mixin.py:188} INFO - [2026-05-26T16:01:07.863+0000] {dag.py:3954} INFO - Setting next_dagrun for update_db to 2026-05-26 12:00:00+00:00, run_after=2026-05-27 12:00:00+00:00
[2026-05-26T16:01:07.891+0000] {processor.py:183} INFO - Processing /opt/airflow/dags/main.py took 0.199 seconds
[2026-05-26T16:01:38.034+0000] {processor.py:161} INFO - Started process (PID=80) to work on /opt/airflow/dags/main.py
[2026-05-26T16:01:38.035+0000] {processor.py:830} INFO - Processing file /opt/airflow/dags/main.py for tasks to queue
[2026-05-26T16:01:38.037+0000] {logging_mixin.py:188} INFO - [2026-05-26T16:01:38.037+0000] {dagbag.py:545} INFO - Filling up the DagBag from /opt/airflow/dags/main.py
[2026-05-26T16:01:38.136+0000] {processor.py:840} INFO - DAG(s) 'update_db', 'produce_json' retrieved from /opt/airflow/dags/main.py
[2026-05-26T16:01:38.175+0000] {logging_mixin.py:188} INFO - [2026-05-26T16:01:38.175+0000] {dag.py:3096} INFO - Sync 2 DAGs
[2026-05-26T16:01:38.198+0000] {logging_mixin.py:188} INFO - [2026-05-26T16:01:38.198+0000] {dag.py:3954} INFO - Setting next_dagrun for produce_json to 2026-05-26 11:00:00+00:00, run_after=2026-05-27 11:00:00+00:00
[2026-05-26T16:01:38.203+0000] {logging_mixin.py:188} INFO - [2026-05-26T16:01:38.203+0000] {dag.py:3954} INFO - Setting next_dagrun for update_db to 2026-05-26 12:00:00+00:00, run_after=2026-05-27 12:00:00+00:00
[2026-05-26T16:01:38.231+0000] {processor.py:183} INFO - Processing /opt/airflow/dags/main.py took 0.204 seconds
[2026-05-26T16:02:08.456+0000] {processor.py:161} INFO - Started process (PID=87) to work on /opt/airflow/dags/main.py
[2026-05-26T16:02:08.458+0000] {processor.py:830} INFO - Processing file /opt/airflow/dags/main.py for tasks to queue
[2026-05-26T16:02:08.460+0000] {logging_mixin.py:188} INFO - [2026-05-26T16:02:08.460+0000] {dagbag.py:545} INFO - Filling up the DagBag from /opt/airflow/dags/main.py
[2026-05-26T16:02:08.603+0000] {processor.py:840} INFO - DAG(s) 'update_db', 'produce_json' retrieved from /opt/airflow/dags/main.py
[2026-05-26T16:02:08.632+0000] {logging_mixin.py:188} INFO - [2026-05-26T16:02:08.632+0000] {dag.py:3096} INFO - Sync 2 DAGs
[2026-05-26T16:02:08.654+0000] {logging_mixin.py:188} INFO - [2026-05-26T16:02:08.654+0000] {dag.py:3954} INFO - Setting next_dagrun for produce_json to 2026-05-26 11:00:00+00:00, run_after=2026-05-27 11:00:00+00:00
[2026-05-26T16:02:08.660+0000] {logging_mixin.py:188} INFO - [2026-05-26T16:02:08.659+0000] {dag.py:3954} INFO - Setting next_dagrun for update_db to 2026-05-26 12:00:00+00:00, run_after=2026-05-27 12:00:00+00:00
[2026-05-26T16:02:08.677+0000] {processor.py:183} INFO - Processing /opt/airflow/dags/main.py took 0.229 seconds
[2026-05-26T16:23:23.487+0000] {processor.py:161} INFO - Started process (PID=52) to work on /opt/airflow/dags/main.py
[2026-05-26T16:23:23.489+0000] {processor.py:830} INFO - Processing file /opt/airflow/dags/main.py for tasks to queue
[2026-05-26T16:23:23.491+0000] {logging_mixin.py:188} INFO - [2026-05-26T16:23:23.491+0000] {dagbag.py:545} INFO - Filling up the DagBag from /opt/airflow/dags/main.py
[2026-05-26T16:23:23.896+0000] {processor.py:840} INFO - DAG(s) 'update_db', 'produce_json' retrieved from /opt/airflow/dags/main.py
[2026-05-26T16:23:24.422+0000] {logging_mixin.py:188} INFO - [2026-05-26T16:23:24.421+0000] {override.py:1829} INFO - Created Permission View: can read on DAG:update_db
[2026-05-26T16:23:24.466+0000] {logging_mixin.py:188} INFO - [2026-05-26T16:23:24.465+0000] {override.py:1829} INFO - Created Permission View: can edit on DAG:update_db
[2026-05-26T16:23:24.490+0000] {logging_mixin.py:188} INFO - [2026-05-26T16:23:24.489+0000] {override.py:1829} INFO - Created Permission View: can delete on DAG:update_db
[2026-05-26T16:23:24.557+0000] {logging_mixin.py:188} INFO - [2026-05-26T16:23:24.556+0000] {override.py:1829} INFO - Created Permission View: can read on DAG:produce_json
[2026-05-26T16:23:24.634+0000] {logging_mixin.py:188} INFO - [2026-05-26T16:23:24.631+0000] {override.py:1829} INFO - Created Permission View: can edit on DAG:produce_json
[2026-05-26T16:23:24.694+0000] {logging_mixin.py:188} INFO - [2026-05-26T16:23:24.693+0000] {override.py:1829} INFO - Created Permission View: can delete on DAG:produce_json
[2026-05-26T16:23:24.698+0000] {logging_mixin.py:188} INFO - [2026-05-26T16:23:24.698+0000] {dag.py:3096} INFO - Sync 2 DAGs
[2026-05-26T16:23:24.767+0000] {logging_mixin.py:188} INFO - [2026-05-26T16:23:24.766+0000] {dag.py:3118} INFO - Creating ORM DAG for update_db
[2026-05-26T16:23:24.771+0000] {logging_mixin.py:188} INFO - [2026-05-26T16:23:24.770+0000] {dag.py:3118} INFO - Creating ORM DAG for produce_json
[2026-05-26T16:23:24.829+0000] {logging_mixin.py:188} INFO - [2026-05-26T16:23:24.829+0000] {dag.py:3954} INFO - Setting next_dagrun for produce_json to 2026-05-25 11:00:00+00:00, run_after=2026-05-26 11:00:00+00:00
[2026-05-26T16:23:24.847+0000] {logging_mixin.py:188} INFO - [2026-05-26T16:23:24.847+0000] {dag.py:3954} INFO - Setting next_dagrun for update_db to 2026-05-25 12:00:00+00:00, run_after=2026-05-26 12:00:00+00:00
[2026-05-26T16:23:24.917+0000] {processor.py:183} INFO - Processing /opt/airflow/dags/main.py took 1.438 seconds
[2026-05-26T16:23:55.143+0000] {processor.py:161} INFO - Started process (PID=65) to work on /opt/airflow/dags/main.py
[2026-05-26T16:23:55.144+0000] {processor.py:830} INFO - Processing file /opt/airflow/dags/main.py for tasks to queue
[2026-05-26T16:23:55.147+0000] {logging_mixin.py:188} INFO - [2026-05-26T16:23:55.147+0000] {dagbag.py:545} INFO - Filling up the DagBag from /opt/airflow/dags/main.py
[2026-05-26T16:23:55.266+0000] {processor.py:840} INFO - DAG(s) 'update_db', 'produce_json' retrieved from /opt/airflow/dags/main.py
[2026-05-26T16:23:55.299+0000] {logging_mixin.py:188} INFO - [2026-05-26T16:23:55.299+0000] {dag.py:3096} INFO - Sync 2 DAGs
[2026-05-26T16:23:55.323+0000] {logging_mixin.py:188} INFO - [2026-05-26T16:23:55.323+0000] {dag.py:3954} INFO - Setting next_dagrun for produce_json to 2026-05-25 11:00:00+00:00, run_after=2026-05-26 11:00:00+00:00
[2026-05-26T16:23:55.329+0000] {logging_mixin.py:188} INFO - [2026-05-26T16:23:55.329+0000] {dag.py:3954} INFO - Setting next_dagrun for update_db to 2026-05-25 12:00:00+00:00, run_after=2026-05-26 12:00:00+00:00
[2026-05-26T16:23:55.348+0000] {processor.py:183} INFO - Processing /opt/airflow/dags/main.py took 0.212 seconds
[2026-05-26T16:24:25.529+0000] {processor.py:161} INFO - Started process (PID=72) to work on /opt/airflow/dags/main.py
[2026-05-26T16:24:25.530+0000] {processor.py:830} INFO - Processing file /opt/airflow/dags/main.py for tasks to queue
[2026-05-26T16:24:25.533+0000] {logging_mixin.py:188} INFO - [2026-05-26T16:24:25.532+0000] {dagbag.py:545} INFO - Filling up the DagBag from /opt/airflow/dags/main.py
[2026-05-26T16:24:25.646+0000] {processor.py:840} INFO - DAG(s) 'produce_json', 'update_db' retrieved from /opt/airflow/dags/main.py
[2026-05-26T16:24:25.683+0000] {logging_mixin.py:188} INFO - [2026-05-26T16:24:25.682+0000] {dag.py:3096} INFO - Sync 2 DAGs
[2026-05-26T16:24:25.705+0000] {logging_mixin.py:188} INFO - [2026-05-26T16:24:25.705+0000] {dag.py:3954} INFO - Setting next_dagrun for produce_json to 2026-05-25 11:00:00+00:00, run_after=2026-05-26 11:00:00+00:00
[2026-05-26T16:24:25.710+0000] {logging_mixin.py:188} INFO - [2026-05-26T16:24:25.710+0000] {dag.py:3954} INFO - Setting next_dagrun for update_db to 2026-05-25 12:00:00+00:00, run_after=2026-05-26 12:00:00+00:00
[2026-05-26T16:24:25.729+0000] {processor.py:183} INFO - Processing /opt/airflow/dags/main.py took 0.208 seconds
[2026-05-26T16:24:55.834+0000] {processor.py:161} INFO - Started process (PID=79) to work on /opt/airflow/dags/main.py
[2026-05-26T16:24:55.836+0000] {processor.py:830} INFO - Processing file /opt/airflow/dags/main.py for tasks to queue
[2026-05-26T16:24:55.838+0000] {logging_mixin.py:188} INFO - [2026-05-26T16:24:55.837+0000] {dagbag.py:545} INFO - Filling up the DagBag from /opt/airflow/dags/main.py
[2026-05-26T16:24:55.940+0000] {processor.py:840} INFO - DAG(s) 'produce_json', 'update_db' retrieved from /opt/airflow/dags/main.py
[2026-05-26T16:24:55.968+0000] {logging_mixin.py:188} INFO - [2026-05-26T16:24:55.968+0000] {dag.py:3096} INFO - Sync 2 DAGs
[2026-05-26T16:24:55.988+0000] {logging_mixin.py:188} INFO - [2026-05-26T16:24:55.988+0000] {dag.py:3954} INFO - Setting next_dagrun for produce_json to 2026-05-25 11:00:00+00:00, run_after=2026-05-26 11:00:00+00:00
[2026-05-26T16:24:55.993+0000] {logging_mixin.py:188} INFO - [2026-05-26T16:24:55.992+0000] {dag.py:3954} INFO - Setting next_dagrun for update_db to 2026-05-25 12:00:00+00:00, run_after=2026-05-26 12:00:00+00:00
[2026-05-26T16:24:56.009+0000] {processor.py:183} INFO - Processing /opt/airflow/dags/main.py took 0.181 seconds
[2026-05-26T16:25:26.355+0000] {processor.py:161} INFO - Started process (PID=86) to work on /opt/airflow/dags/main.py
[2026-05-26T16:25:26.357+0000] {processor.py:830} INFO - Processing file /opt/airflow/dags/main.py for tasks to queue
[2026-05-26T16:25:26.358+0000] {logging_mixin.py:188} INFO - [2026-05-26T16:25:26.358+0000] {dagbag.py:545} INFO - Filling up the DagBag from /opt/airflow/dags/main.py
[2026-05-26T16:25:26.458+0000] {processor.py:840} INFO - DAG(s) 'update_db', 'produce_json' retrieved from /opt/airflow/dags/main.py
[2026-05-26T16:25:26.486+0000] {logging_mixin.py:188} INFO - [2026-05-26T16:25:26.486+0000] {dag.py:3096} INFO - Sync 2 DAGs
[2026-05-26T16:25:26.506+0000] {logging_mixin.py:188} INFO - [2026-05-26T16:25:26.505+0000] {dag.py:3954} INFO - Setting next_dagrun for produce_json to 2026-05-25 11:00:00+00:00, run_after=2026-05-26 11:00:00+00:00
[2026-05-26T16:25:26.510+0000] {logging_mixin.py:188} INFO - [2026-05-26T16:25:26.510+0000] {dag.py:3954} INFO - Setting next_dagrun for update_db to 2026-05-25 12:00:00+00:00, run_after=2026-05-26 12:00:00+00:00
[2026-05-26T16:25:26.525+0000] {processor.py:183} INFO - Processing /opt/airflow/dags/main.py took 0.176 seconds
[2026-05-26T16:25:56.680+0000] {processor.py:161} INFO - Started process (PID=93) to work on /opt/airflow/dags/main.py
[2026-05-26T16:25:56.681+0000] {processor.py:830} INFO - Processing file /opt/airflow/dags/main.py for tasks to queue
[2026-05-26T16:25:56.683+0000] {logging_mixin.py:188} INFO - [2026-05-26T16:25:56.683+0000] {dagbag.py:545} INFO - Filling up the DagBag from /opt/airflow/dags/main.py
[2026-05-26T16:25:56.786+0000] {processor.py:840} INFO - DAG(s) 'update_db', 'produce_json' retrieved from /opt/airflow/dags/main.py
[2026-05-26T16:25:56.816+0000] {logging_mixin.py:188} INFO - [2026-05-26T16:25:56.816+0000] {dag.py:3096} INFO - Sync 2 DAGs
[2026-05-26T16:25:56.835+0000] {logging_mixin.py:188} INFO - [2026-05-26T16:25:56.835+0000] {dag.py:3954} INFO - Setting next_dagrun for produce_json to 2026-05-25 11:00:00+00:00, run_after=2026-05-26 11:00:00+00:00
[2026-05-26T16:25:56.839+0000] {logging_mixin.py:188} INFO - [2026-05-26T16:25:56.839+0000] {dag.py:3954} INFO - Setting next_dagrun for update_db to 2026-05-25 12:00:00+00:00, run_after=2026-05-26 12:00:00+00:00
[2026-05-26T16:25:56.873+0000] {processor.py:183} INFO - Processing /opt/airflow/dags/main.py took 0.200 seconds
[2026-05-26T16:26:27.165+0000] {processor.py:161} INFO - Started process (PID=100) to work on /opt/airflow/dags/main.py
[2026-05-26T16:26:27.167+0000] {processor.py:830} INFO - Processing file /opt/airflow/dags/main.py for tasks to queue
[2026-05-26T16:26:27.169+0000] {logging_mixin.py:188} INFO - [2026-05-26T16:26:27.168+0000] {dagbag.py:545} INFO - Filling up the DagBag from /opt/airflow/dags/main.py
[2026-05-26T16:26:27.259+0000] {processor.py:840} INFO - DAG(s) 'produce_json', 'update_db' retrieved from /opt/airflow/dags/main.py
[2026-05-26T16:26:27.288+0000] {logging_mixin.py:188} INFO - [2026-05-26T16:26:27.288+0000] {dag.py:3096} INFO - Sync 2 DAGs
[2026-05-26T16:26:27.307+0000] {logging_mixin.py:188} INFO - [2026-05-26T16:26:27.307+0000] {dag.py:3954} INFO - Setting next_dagrun for produce_json to 2026-05-25 11:00:00+00:00, run_after=2026-05-26 11:00:00+00:00
[2026-05-26T16:26:27.312+0000] {logging_mixin.py:188} INFO - [2026-05-26T16:26:27.312+0000] {dag.py:3954} INFO - Setting next_dagrun for update_db to 2026-05-25 12:00:00+00:00, run_after=2026-05-26 12:00:00+00:00
[2026-05-26T16:26:27.338+0000] {processor.py:183} INFO - Processing /opt/airflow/dags/main.py took 0.179 seconds
[2026-05-26T16:26:57.643+0000] {processor.py:161} INFO - Started process (PID=108) to work on /opt/airflow/dags/main.py
[2026-05-26T16:26:57.645+0000] {processor.py:830} INFO - Processing file /opt/airflow/dags/main.py for tasks to queue
[2026-05-26T16:26:57.647+0000] {logging_mixin.py:188} INFO - [2026-05-26T16:26:57.647+0000] {dagbag.py:545} INFO - Filling up the DagBag from /opt/airflow/dags/main.py
[2026-05-26T16:26:57.737+0000] {processor.py:840} INFO - DAG(s) 'produce_json', 'update_db' retrieved from /opt/airflow/dags/main.py
[2026-05-26T16:26:57.764+0000] {logging_mixin.py:188} INFO - [2026-05-26T16:26:57.764+0000] {dag.py:3096} INFO - Sync 2 DAGs
[2026-05-26T16:26:57.783+0000] {logging_mixin.py:188} INFO - [2026-05-26T16:26:57.783+0000] {dag.py:3954} INFO - Setting next_dagrun for produce_json to 2026-05-25 11:00:00+00:00, run_after=2026-05-26 11:00:00+00:00
[2026-05-26T16:26:57.787+0000] {logging_mixin.py:188} INFO - [2026-05-26T16:26:57.787+0000] {dag.py:3954} INFO - Setting next_dagrun for update_db to 2026-05-25 12:00:00+00:00, run_after=2026-05-26 12:00:00+00:00
[2026-05-26T16:26:57.818+0000] {processor.py:183} INFO - Processing /opt/airflow/dags/main.py took 0.188 seconds
[2026-05-26T16:27:28.048+0000] {processor.py:161} INFO - Started process (PID=115) to work on /opt/airflow/dags/main.py
[2026-05-26T16:27:28.049+0000] {processor.py:830} INFO - Processing file /opt/airflow/dags/main.py for tasks to queue
[2026-05-26T16:27:28.051+0000] {logging_mixin.py:188} INFO - [2026-05-26T16:27:28.050+0000] {dagbag.py:545} INFO - Filling up the DagBag from /opt/airflow/dags/main.py
[2026-05-26T16:27:28.156+0000] {processor.py:840} INFO - DAG(s) 'produce_json', 'update_db' retrieved from /opt/airflow/dags/main.py
[2026-05-26T16:27:28.184+0000] {logging_mixin.py:188} INFO - [2026-05-26T16:27:28.184+0000] {dag.py:3096} INFO - Sync 2 DAGs
[2026-05-26T16:27:28.203+0000] {logging_mixin.py:188} INFO - [2026-05-26T16:27:28.203+0000] {dag.py:3954} INFO - Setting next_dagrun for produce_json to 2026-05-25 11:00:00+00:00, run_after=2026-05-26 11:00:00+00:00
[2026-05-26T16:27:28.207+0000] {logging_mixin.py:188} INFO - [2026-05-26T16:27:28.207+0000] {dag.py:3954} INFO - Setting next_dagrun for update_db to 2026-05-25 12:00:00+00:00, run_after=2026-05-26 12:00:00+00:00
[2026-05-26T16:27:28.235+0000] {processor.py:183} INFO - Processing /opt/airflow/dags/main.py took 0.194 seconds
[2026-05-26T16:27:58.402+0000] {processor.py:161} INFO - Started process (PID=122) to work on /opt/airflow/dags/main.py
[2026-05-26T16:27:58.403+0000] {processor.py:830} INFO - Processing file /opt/airflow/dags/main.py for tasks to queue
[2026-05-26T16:27:58.406+0000] {logging_mixin.py:188} INFO - [2026-05-26T16:27:58.405+0000] {dagbag.py:545} INFO - Filling up the DagBag from /opt/airflow/dags/main.py
[2026-05-26T16:27:58.510+0000] {processor.py:840} INFO - DAG(s) 'produce_json', 'update_db' retrieved from /opt/airflow/dags/main.py
[2026-05-26T16:27:58.539+0000] {logging_mixin.py:188} INFO - [2026-05-26T16:27:58.539+0000] {dag.py:3096} INFO - Sync 2 DAGs
[2026-05-26T16:27:58.559+0000] {logging_mixin.py:188} INFO - [2026-05-26T16:27:58.559+0000] {dag.py:3954} INFO - Setting next_dagrun for produce_json to 2026-05-25 11:00:00+00:00, run_after=2026-05-26 11:00:00+00:00
[2026-05-26T16:27:58.563+0000] {logging_mixin.py:188} INFO - [2026-05-26T16:27:58.563+0000] {dag.py:3954} INFO - Setting next_dagrun for update_db to 2026-05-25 12:00:00+00:00, run_after=2026-05-26 12:00:00+00:00
[2026-05-26T16:27:58.579+0000] {processor.py:183} INFO - Processing /opt/airflow/dags/main.py took 0.184 seconds
[2026-05-26T16:28:29.117+0000] {processor.py:161} INFO - Started process (PID=129) to work on /opt/airflow/dags/main.py
[2026-05-26T16:28:29.118+0000] {processor.py:830} INFO - Processing file /opt/airflow/dags/main.py for tasks to queue
[2026-05-26T16:28:29.120+0000] {logging_mixin.py:188} INFO - [2026-05-26T16:28:29.120+0000] {dagbag.py:545} INFO - Filling up the DagBag from /opt/airflow/dags/main.py
[2026-05-26T16:28:29.213+0000] {processor.py:840} INFO - DAG(s) 'produce_json', 'update_db' retrieved from /opt/airflow/dags/main.py
[2026-05-26T16:28:29.240+0000] {logging_mixin.py:188} INFO - [2026-05-26T16:28:29.240+0000] {dag.py:3096} INFO - Sync 2 DAGs
[2026-05-26T16:28:29.260+0000] {logging_mixin.py:188} INFO - [2026-05-26T16:28:29.260+0000] {dag.py:3954} INFO - Setting next_dagrun for produce_json to 2026-05-25 11:00:00+00:00, run_after=2026-05-26 11:00:00+00:00
[2026-05-26T16:28:29.264+0000] {logging_mixin.py:188} INFO - [2026-05-26T16:28:29.264+0000] {dag.py:3954} INFO - Setting next_dagrun for update_db to 2026-05-25 12:00:00+00:00, run_after=2026-05-26 12:00:00+00:00
[2026-05-26T16:28:29.299+0000] {processor.py:183} INFO - Processing /opt/airflow/dags/main.py took 0.188 seconds
[2026-05-26T16:28:59.469+0000] {processor.py:161} INFO - Started process (PID=136) to work on /opt/airflow/dags/main.py
[2026-05-26T16:28:59.470+0000] {processor.py:830} INFO - Processing file /opt/airflow/dags/main.py for tasks to queue
[2026-05-26T16:28:59.472+0000] {logging_mixin.py:188} INFO - [2026-05-26T16:28:59.472+0000] {dagbag.py:545} INFO - Filling up the DagBag from /opt/airflow/dags/main.py
[2026-05-26T16:28:59.566+0000] {processor.py:840} INFO - DAG(s) 'produce_json', 'update_db' retrieved from /opt/airflow/dags/main.py
[2026-05-26T16:28:59.595+0000] {logging_mixin.py:188} INFO - [2026-05-26T16:28:59.595+0000] {dag.py:3096} INFO - Sync 2 DAGs
[2026-05-26T16:28:59.614+0000] {logging_mixin.py:188} INFO - [2026-05-26T16:28:59.614+0000] {dag.py:3954} INFO - Setting next_dagrun for produce_json to 2026-05-25 11:00:00+00:00, run_after=2026-05-26 11:00:00+00:00
[2026-05-26T16:28:59.618+0000] {logging_mixin.py:188} INFO - [2026-05-26T16:28:59.618+0000] {dag.py:3954} INFO - Setting next_dagrun for update_db to 2026-05-25 12:00:00+00:00, run_after=2026-05-26 12:00:00+00:00
[2026-05-26T16:28:59.645+0000] {processor.py:183} INFO - Processing /opt/airflow/dags/main.py took 0.182 seconds
[2026-05-26T16:29:29.831+0000] {processor.py:161} INFO - Started process (PID=143) to work on /opt/airflow/dags/main.py
[2026-05-26T16:29:29.832+0000] {processor.py:830} INFO - Processing file /opt/airflow/dags/main.py for tasks to queue
[2026-05-26T16:29:29.834+0000] {logging_mixin.py:188} INFO - [2026-05-26T16:29:29.833+0000] {dagbag.py:545} INFO - Filling up the DagBag from /opt/airflow/dags/main.py
[2026-05-26T16:29:29.950+0000] {processor.py:840} INFO - DAG(s) 'update_db', 'produce_json' retrieved from /opt/airflow/dags/main.py
[2026-05-26T16:29:29.980+0000] {logging_mixin.py:188} INFO - [2026-05-26T16:29:29.980+0000] {dag.py:3096} INFO - Sync 2 DAGs
[2026-05-26T16:29:29.999+0000] {logging_mixin.py:188} INFO - [2026-05-26T16:29:29.999+0000] {dag.py:3954} INFO - Setting next_dagrun for produce_json to 2026-05-25 11:00:00+00:00, run_after=2026-05-26 11:00:00+00:00
[2026-05-26T16:29:30.003+0000] {logging_mixin.py:188} INFO - [2026-05-26T16:29:30.003+0000] {dag.py:3954} INFO - Setting next_dagrun for update_db to 2026-05-25 12:00:00+00:00, run_after=2026-05-26 12:00:00+00:00
[2026-05-26T16:29:30.020+0000] {processor.py:183} INFO - Processing /opt/airflow/dags/main.py took 0.195 seconds
[2026-05-26T16:30:00.289+0000] {processor.py:161} INFO - Started process (PID=150) to work on /opt/airflow/dags/main.py
[2026-05-26T16:30:00.290+0000] {processor.py:830} INFO - Processing file /opt/airflow/dags/main.py for tasks to queue
[2026-05-26T16:30:00.292+0000] {logging_mixin.py:188} INFO - [2026-05-26T16:30:00.292+0000] {dagbag.py:545} INFO - Filling up the DagBag from /opt/airflow/dags/main.py
[2026-05-26T16:30:00.402+0000] {processor.py:840} INFO - DAG(s) 'update_db', 'produce_json' retrieved from /opt/airflow/dags/main.py
[2026-05-26T16:30:00.431+0000] {logging_mixin.py:188} INFO - [2026-05-26T16:30:00.431+0000] {dag.py:3096} INFO - Sync 2 DAGs
[2026-05-26T16:30:00.451+0000] {logging_mixin.py:188} INFO - [2026-05-26T16:30:00.451+0000] {dag.py:3954} INFO - Setting next_dagrun for produce_json to 2026-05-25 11:00:00+00:00, run_after=2026-05-26 11:00:00+00:00
[2026-05-26T16:30:00.456+0000] {logging_mixin.py:188} INFO - [2026-05-26T16:30:00.455+0000] {dag.py:3954} INFO - Setting next_dagrun for update_db to 2026-05-25 12:00:00+00:00, run_after=2026-05-26 12:00:00+00:00
[2026-05-26T16:30:00.472+0000] {processor.py:183} INFO - Processing /opt/airflow/dags/main.py took 0.189 seconds
[2026-05-26T16:30:56.869+0000] {processor.py:161} INFO - Started process (PID=52) to work on /opt/airflow/dags/main.py
[2026-05-26T16:30:56.870+0000] {processor.py:830} INFO - Processing file /opt/airflow/dags/main.py for tasks to queue
[2026-05-26T16:30:56.872+0000] {logging_mixin.py:188} INFO - [2026-05-26T16:30:56.872+0000] {dagbag.py:545} INFO - Filling up the DagBag from /opt/airflow/dags/main.py
[2026-05-26T16:30:57.042+0000] {processor.py:840} INFO - DAG(s) 'produce_json', 'update_db' retrieved from /opt/airflow/dags/main.py
[2026-05-26T16:30:57.269+0000] {logging_mixin.py:188} INFO - [2026-05-26T16:30:57.269+0000] {dag.py:3096} INFO - Sync 2 DAGs
[2026-05-26T16:30:57.289+0000] {logging_mixin.py:188} INFO - [2026-05-26T16:30:57.289+0000] {dag.py:3954} INFO - Setting next_dagrun for produce_json to 2026-05-25 11:00:00+00:00, run_after=2026-05-26 11:00:00+00:00
[2026-05-26T16:30:57.294+0000] {logging_mixin.py:188} INFO - [2026-05-26T16:30:57.294+0000] {dag.py:3954} INFO - Setting next_dagrun for update_db to 2026-05-25 12:00:00+00:00, run_after=2026-05-26 12:00:00+00:00
[2026-05-26T16:30:57.316+0000] {processor.py:183} INFO - Processing /opt/airflow/dags/main.py took 0.452 seconds
[2026-05-26T16:31:27.535+0000] {processor.py:161} INFO - Started process (PID=60) to work on /opt/airflow/dags/main.py
[2026-05-26T16:31:27.536+0000] {processor.py:830} INFO - Processing file /opt/airflow/dags/main.py for tasks to queue
[2026-05-26T16:31:27.538+0000] {logging_mixin.py:188} INFO - [2026-05-26T16:31:27.538+0000] {dagbag.py:545} INFO - Filling up the DagBag from /opt/airflow/dags/main.py
[2026-05-26T16:31:27.638+0000] {processor.py:840} INFO - DAG(s) 'update_db', 'produce_json' retrieved from /opt/airflow/dags/main.py
[2026-05-26T16:31:27.667+0000] {logging_mixin.py:188} INFO - [2026-05-26T16:31:27.667+0000] {dag.py:3096} INFO - Sync 2 DAGs
[2026-05-26T16:31:27.686+0000] {logging_mixin.py:188} INFO - [2026-05-26T16:31:27.686+0000] {dag.py:3954} INFO - Setting next_dagrun for produce_json to 2026-05-25 11:00:00+00:00, run_after=2026-05-26 11:00:00+00:00
[2026-05-26T16:31:27.691+0000] {logging_mixin.py:188} INFO - [2026-05-26T16:31:27.691+0000] {dag.py:3954} INFO - Setting next_dagrun for update_db to 2026-05-25 12:00:00+00:00, run_after=2026-05-26 12:00:00+00:00
[2026-05-26T16:31:27.725+0000] {processor.py:183} INFO - Processing /opt/airflow/dags/main.py took 0.196 seconds
[2026-05-26T16:31:57.906+0000] {processor.py:161} INFO - Started process (PID=67) to work on /opt/airflow/dags/main.py
[2026-05-26T16:31:57.907+0000] {processor.py:830} INFO - Processing file /opt/airflow/dags/main.py for tasks to queue
[2026-05-26T16:31:57.909+0000] {logging_mixin.py:188} INFO - [2026-05-26T16:31:57.909+0000] {dagbag.py:545} INFO - Filling up the DagBag from /opt/airflow/dags/main.py
[2026-05-26T16:31:58.006+0000] {processor.py:840} INFO - DAG(s) 'update_db', 'produce_json' retrieved from /opt/airflow/dags/main.py
[2026-05-26T16:31:58.035+0000] {logging_mixin.py:188} INFO - [2026-05-26T16:31:58.035+0000] {dag.py:3096} INFO - Sync 2 DAGs
[2026-05-26T16:31:58.054+0000] {logging_mixin.py:188} INFO - [2026-05-26T16:31:58.054+0000] {dag.py:3954} INFO - Setting next_dagrun for produce_json to 2026-05-25 11:00:00+00:00, run_after=2026-05-26 11:00:00+00:00
[2026-05-26T16:31:58.059+0000] {logging_mixin.py:188} INFO - [2026-05-26T16:31:58.059+0000] {dag.py:3954} INFO - Setting next_dagrun for update_db to 2026-05-25 12:00:00+00:00, run_after=2026-05-26 12:00:00+00:00
[2026-05-26T16:31:58.084+0000] {processor.py:183} INFO - Processing /opt/airflow/dags/main.py took 0.185 seconds
[2026-05-26T16:32:28.339+0000] {processor.py:161} INFO - Started process (PID=74) to work on /opt/airflow/dags/main.py
[2026-05-26T16:32:28.341+0000] {processor.py:830} INFO - Processing file /opt/airflow/dags/main.py for tasks to queue
[2026-05-26T16:32:28.343+0000] {logging_mixin.py:188} INFO - [2026-05-26T16:32:28.343+0000] {dagbag.py:545} INFO - Filling up the DagBag from /opt/airflow/dags/main.py
[2026-05-26T16:32:28.448+0000] {processor.py:840} INFO - DAG(s) 'update_db', 'produce_json' retrieved from /opt/airflow/dags/main.py
[2026-05-26T16:32:28.482+0000] {logging_mixin.py:188} INFO - [2026-05-26T16:32:28.482+0000] {dag.py:3096} INFO - Sync 2 DAGs
[2026-05-26T16:32:28.506+0000] {logging_mixin.py:188} INFO - [2026-05-26T16:32:28.506+0000] {dag.py:3954} INFO - Setting next_dagrun for produce_json to 2026-05-25 11:00:00+00:00, run_after=2026-05-26 11:00:00+00:00
[2026-05-26T16:32:28.512+0000] {logging_mixin.py:188} INFO - [2026-05-26T16:32:28.512+0000] {dag.py:3954} INFO - Setting next_dagrun for update_db to 2026-05-25 12:00:00+00:00, run_after=2026-05-26 12:00:00+00:00
[2026-05-26T16:32:28.533+0000] {processor.py:183} INFO - Processing /opt/airflow/dags/main.py took 0.203 seconds
[2026-05-26T17:34:11.734+0000] {processor.py:161} INFO - Started process (PID=75) to work on /opt/airflow/dags/main.py
[2026-05-26T17:34:11.736+0000] {processor.py:830} INFO - Processing file /opt/airflow/dags/main.py for tasks to queue
[2026-05-26T17:34:11.742+0000] {logging_mixin.py:188} INFO - [2026-05-26T17:34:11.741+0000] {dagbag.py:545} INFO - Filling up the DagBag from /opt/airflow/dags/main.py
[2026-05-26T17:34:11.956+0000] {processor.py:840} INFO - DAG(s) 'update_db', 'produce_json' retrieved from /opt/airflow/dags/main.py
[2026-05-26T17:34:12.027+0000] {logging_mixin.py:188} INFO - [2026-05-26T17:34:12.026+0000] {dag.py:3096} INFO - Sync 2 DAGs
[2026-05-26T17:34:12.082+0000] {logging_mixin.py:188} INFO - [2026-05-26T17:34:12.081+0000] {dag.py:3954} INFO - Setting next_dagrun for produce_json to 2026-05-25 11:00:00+00:00, run_after=2026-05-26 11:00:00+00:00
[2026-05-26T17:34:12.095+0000] {logging_mixin.py:188} INFO - [2026-05-26T17:34:12.094+0000] {dag.py:3954} INFO - Setting next_dagrun for update_db to 2026-05-25 12:00:00+00:00, run_after=2026-05-26 12:00:00+00:00
[2026-05-26T17:34:12.135+0000] {processor.py:183} INFO - Processing /opt/airflow/dags/main.py took 0.425 seconds
[2026-05-26T17:34:42.400+0000] {processor.py:161} INFO - Started process (PID=82) to work on /opt/airflow/dags/main.py
[2026-05-26T17:34:42.401+0000] {processor.py:830} INFO - Processing file /opt/airflow/dags/main.py for tasks to queue
[2026-05-26T17:34:42.403+0000] {logging_mixin.py:188} INFO - [2026-05-26T17:34:42.403+0000] {dagbag.py:545} INFO - Filling up the DagBag from /opt/airflow/dags/main.py
[2026-05-26T17:34:42.566+0000] {processor.py:840} INFO - DAG(s) 'update_db', 'produce_json' retrieved from /opt/airflow/dags/main.py
[2026-05-26T17:34:42.599+0000] {logging_mixin.py:188} INFO - [2026-05-26T17:34:42.599+0000] {dag.py:3096} INFO - Sync 2 DAGs
[2026-05-26T17:34:42.620+0000] {logging_mixin.py:188} INFO - [2026-05-26T17:34:42.620+0000] {dag.py:3954} INFO - Setting next_dagrun for produce_json to 2026-05-25 11:00:00+00:00, run_after=2026-05-26 11:00:00+00:00
[2026-05-26T17:34:42.624+0000] {logging_mixin.py:188} INFO - [2026-05-26T17:34:42.624+0000] {dag.py:3954} INFO - Setting next_dagrun for update_db to 2026-05-25 12:00:00+00:00, run_after=2026-05-26 12:00:00+00:00
[2026-05-26T17:34:42.678+0000] {processor.py:183} INFO - Processing /opt/airflow/dags/main.py took 0.286 seconds
[2026-05-26T17:35:12.905+0000] {processor.py:161} INFO - Started process (PID=89) to work on /opt/airflow/dags/main.py
[2026-05-26T17:35:12.907+0000] {processor.py:830} INFO - Processing file /opt/airflow/dags/main.py for tasks to queue
[2026-05-26T17:35:12.909+0000] {logging_mixin.py:188} INFO - [2026-05-26T17:35:12.909+0000] {dagbag.py:545} INFO - Filling up the DagBag from /opt/airflow/dags/main.py
[2026-05-26T17:35:13.072+0000] {processor.py:840} INFO - DAG(s) 'update_db', 'produce_json' retrieved from /opt/airflow/dags/main.py
[2026-05-26T17:35:13.106+0000] {logging_mixin.py:188} INFO - [2026-05-26T17:35:13.106+0000] {dag.py:3096} INFO - Sync 2 DAGs
[2026-05-26T17:35:13.127+0000] {logging_mixin.py:188} INFO - [2026-05-26T17:35:13.127+0000] {dag.py:3954} INFO - Setting next_dagrun for produce_json to 2026-05-25 11:00:00+00:00, run_after=2026-05-26 11:00:00+00:00
[2026-05-26T17:35:13.132+0000] {logging_mixin.py:188} INFO - [2026-05-26T17:35:13.132+0000] {dag.py:3954} INFO - Setting next_dagrun for update_db to 2026-05-25 12:00:00+00:00, run_after=2026-05-26 12:00:00+00:00
[2026-05-26T17:35:13.188+0000] {processor.py:183} INFO - Processing /opt/airflow/dags/main.py took 0.291 seconds
[2026-05-26T17:35:43.460+0000] {processor.py:161} INFO - Started process (PID=96) to work on /opt/airflow/dags/main.py
[2026-05-26T17:35:43.463+0000] {processor.py:830} INFO - Processing file /opt/airflow/dags/main.py for tasks to queue
[2026-05-26T17:35:43.469+0000] {logging_mixin.py:188} INFO - [2026-05-26T17:35:43.468+0000] {dagbag.py:545} INFO - Filling up the DagBag from /opt/airflow/dags/main.py
[2026-05-26T17:35:43.653+0000] {processor.py:840} INFO - DAG(s) 'produce_json', 'update_db' retrieved from /opt/airflow/dags/main.py
[2026-05-26T17:35:43.690+0000] {logging_mixin.py:188} INFO - [2026-05-26T17:35:43.690+0000] {dag.py:3096} INFO - Sync 2 DAGs
[2026-05-26T17:35:43.714+0000] {logging_mixin.py:188} INFO - [2026-05-26T17:35:43.713+0000] {dag.py:3954} INFO - Setting next_dagrun for produce_json to 2026-05-25 11:00:00+00:00, run_after=2026-05-26 11:00:00+00:00
[2026-05-26T17:35:43.719+0000] {logging_mixin.py:188} INFO - [2026-05-26T17:35:43.719+0000] {dag.py:3954} INFO - Setting next_dagrun for update_db to 2026-05-25 12:00:00+00:00, run_after=2026-05-26 12:00:00+00:00
[2026-05-26T17:35:43.776+0000] {processor.py:183} INFO - Processing /opt/airflow/dags/main.py took 0.334 seconds
[2026-05-26T17:36:14.271+0000] {processor.py:161} INFO - Started process (PID=103) to work on /opt/airflow/dags/main.py
[2026-05-26T17:36:14.274+0000] {processor.py:830} INFO - Processing file /opt/airflow/dags/main.py for tasks to queue
[2026-05-26T17:36:14.279+0000] {logging_mixin.py:188} INFO - [2026-05-26T17:36:14.279+0000] {dagbag.py:545} INFO - Filling up the DagBag from /opt/airflow/dags/main.py
[2026-05-26T17:36:14.496+0000] {processor.py:840} INFO - DAG(s) 'update_db', 'produce_json' retrieved from /opt/airflow/dags/main.py
[2026-05-26T17:36:14.537+0000] {logging_mixin.py:188} INFO - [2026-05-26T17:36:14.537+0000] {dag.py:3096} INFO - Sync 2 DAGs
[2026-05-26T17:36:14.562+0000] {logging_mixin.py:188} INFO - [2026-05-26T17:36:14.561+0000] {dag.py:3954} INFO - Setting next_dagrun for produce_json to 2026-05-25 11:00:00+00:00, run_after=2026-05-26 11:00:00+00:00
[2026-05-26T17:36:14.568+0000] {logging_mixin.py:188} INFO - [2026-05-26T17:36:14.568+0000] {dag.py:3954} INFO - Setting next_dagrun for update_db to 2026-05-25 12:00:00+00:00, run_after=2026-05-26 12:00:00+00:00
[2026-05-26T17:36:14.591+0000] {processor.py:183} INFO - Processing /opt/airflow/dags/main.py took 0.336 seconds
[2026-05-26T17:36:44.660+0000] {processor.py:161} INFO - Started process (PID=116) to work on /opt/airflow/dags/main.py
[2026-05-26T17:36:44.661+0000] {processor.py:830} INFO - Processing file /opt/airflow/dags/main.py for tasks to queue
[2026-05-26T17:36:44.665+0000] {logging_mixin.py:188} INFO - [2026-05-26T17:36:44.664+0000] {dagbag.py:545} INFO - Filling up the DagBag from /opt/airflow/dags/main.py
[2026-05-26T17:36:44.958+0000] {processor.py:840} INFO - DAG(s) 'update_db', 'produce_json' retrieved from /opt/airflow/dags/main.py
[2026-05-26T17:36:45.019+0000] {logging_mixin.py:188} INFO - [2026-05-26T17:36:45.019+0000] {dag.py:3096} INFO - Sync 2 DAGs
[2026-05-26T17:36:45.047+0000] {logging_mixin.py:188} INFO - [2026-05-26T17:36:45.047+0000] {dag.py:3954} INFO - Setting next_dagrun for produce_json to 2026-05-25 11:00:00+00:00, run_after=2026-05-26 11:00:00+00:00
[2026-05-26T17:36:45.054+0000] {logging_mixin.py:188} INFO - [2026-05-26T17:36:45.053+0000] {dag.py:3954} INFO - Setting next_dagrun for update_db to 2026-05-25 12:00:00+00:00, run_after=2026-05-26 12:00:00+00:00
[2026-05-26T17:36:45.143+0000] {processor.py:183} INFO - Processing /opt/airflow/dags/main.py took 0.494 seconds
[2026-05-26T17:37:15.519+0000] {processor.py:161} INFO - Started process (PID=123) to work on /opt/airflow/dags/main.py
[2026-05-26T17:37:15.522+0000] {processor.py:830} INFO - Processing file /opt/airflow/dags/main.py for tasks to queue
[2026-05-26T17:37:15.528+0000] {logging_mixin.py:188} INFO - [2026-05-26T17:37:15.527+0000] {dagbag.py:545} INFO - Filling up the DagBag from /opt/airflow/dags/main.py
[2026-05-26T17:37:15.835+0000] {processor.py:840} INFO - DAG(s) 'update_db', 'produce_json' retrieved from /opt/airflow/dags/main.py
[2026-05-26T17:37:15.877+0000] {logging_mixin.py:188} INFO - [2026-05-26T17:37:15.877+0000] {dag.py:3096} INFO - Sync 2 DAGs
[2026-05-26T17:37:15.904+0000] {logging_mixin.py:188} INFO - [2026-05-26T17:37:15.903+0000] {dag.py:3954} INFO - Setting next_dagrun for produce_json to 2026-05-25 11:00:00+00:00, run_after=2026-05-26 11:00:00+00:00
[2026-05-26T17:37:15.910+0000] {logging_mixin.py:188} INFO - [2026-05-26T17:37:15.910+0000] {dag.py:3954} INFO - Setting next_dagrun for update_db to 2026-05-25 12:00:00+00:00, run_after=2026-05-26 12:00:00+00:00
[2026-05-26T17:37:15.994+0000] {processor.py:183} INFO - Processing /opt/airflow/dags/main.py took 0.497 seconds
[2026-05-26T17:37:46.463+0000] {processor.py:161} INFO - Started process (PID=130) to work on /opt/airflow/dags/main.py
[2026-05-26T17:37:46.466+0000] {processor.py:830} INFO - Processing file /opt/airflow/dags/main.py for tasks to queue
[2026-05-26T17:37:46.470+0000] {logging_mixin.py:188} INFO - [2026-05-26T17:37:46.469+0000] {dagbag.py:545} INFO - Filling up the DagBag from /opt/airflow/dags/main.py
[2026-05-26T17:37:46.733+0000] {processor.py:840} INFO - DAG(s) 'produce_json', 'update_db' retrieved from /opt/airflow/dags/main.py
[2026-05-26T17:37:46.803+0000] {logging_mixin.py:188} INFO - [2026-05-26T17:37:46.802+0000] {dag.py:3096} INFO - Sync 2 DAGs
[2026-05-26T17:37:46.828+0000] {logging_mixin.py:188} INFO - [2026-05-26T17:37:46.828+0000] {dag.py:3954} INFO - Setting next_dagrun for produce_json to 2026-05-25 11:00:00+00:00, run_after=2026-05-26 11:00:00+00:00
[2026-05-26T17:37:46.834+0000] {logging_mixin.py:188} INFO - [2026-05-26T17:37:46.834+0000] {dag.py:3954} INFO - Setting next_dagrun for update_db to 2026-05-25 12:00:00+00:00, run_after=2026-05-26 12:00:00+00:00
[2026-05-26T17:37:46.918+0000] {processor.py:183} INFO - Processing /opt/airflow/dags/main.py took 0.472 seconds
[2026-05-26T17:38:17.419+0000] {processor.py:161} INFO - Started process (PID=137) to work on /opt/airflow/dags/main.py
[2026-05-26T17:38:17.422+0000] {processor.py:830} INFO - Processing file /opt/airflow/dags/main.py for tasks to queue
[2026-05-26T17:38:17.427+0000] {logging_mixin.py:188} INFO - [2026-05-26T17:38:17.426+0000] {dagbag.py:545} INFO - Filling up the DagBag from /opt/airflow/dags/main.py
[2026-05-26T17:38:17.657+0000] {processor.py:840} INFO - DAG(s) 'update_db', 'produce_json' retrieved from /opt/airflow/dags/main.py
[2026-05-26T17:38:17.703+0000] {logging_mixin.py:188} INFO - [2026-05-26T17:38:17.703+0000] {dag.py:3096} INFO - Sync 2 DAGs
[2026-05-26T17:38:17.736+0000] {logging_mixin.py:188} INFO - [2026-05-26T17:38:17.735+0000] {dag.py:3954} INFO - Setting next_dagrun for produce_json to 2026-05-25 11:00:00+00:00, run_after=2026-05-26 11:00:00+00:00
[2026-05-26T17:38:17.746+0000] {logging_mixin.py:188} INFO - [2026-05-26T17:38:17.746+0000] {dag.py:3954} INFO - Setting next_dagrun for update_db to 2026-05-25 12:00:00+00:00, run_after=2026-05-26 12:00:00+00:00
[2026-05-26T17:38:17.841+0000] {processor.py:183} INFO - Processing /opt/airflow/dags/main.py took 0.437 seconds
[2026-05-26T17:38:48.331+0000] {processor.py:161} INFO - Started process (PID=144) to work on /opt/airflow/dags/main.py
[2026-05-26T17:38:48.333+0000] {processor.py:830} INFO - Processing file /opt/airflow/dags/main.py for tasks to queue
[2026-05-26T17:38:48.337+0000] {logging_mixin.py:188} INFO - [2026-05-26T17:38:48.336+0000] {dagbag.py:545} INFO - Filling up the DagBag from /opt/airflow/dags/main.py
[2026-05-26T17:38:48.517+0000] {processor.py:840} INFO - DAG(s) 'produce_json', 'update_db' retrieved from /opt/airflow/dags/main.py
[2026-05-26T17:38:48.574+0000] {logging_mixin.py:188} INFO - [2026-05-26T17:38:48.573+0000] {dag.py:3096} INFO - Sync 2 DAGs
[2026-05-26T17:38:48.605+0000] {logging_mixin.py:188} INFO - [2026-05-26T17:38:48.604+0000] {dag.py:3954} INFO - Setting next_dagrun for produce_json to 2026-05-25 11:00:00+00:00, run_after=2026-05-26 11:00:00+00:00
[2026-05-26T17:38:48.611+0000] {logging_mixin.py:188} INFO - [2026-05-26T17:38:48.611+0000] {dag.py:3954} INFO - Setting next_dagrun for update_db to 2026-05-25 12:00:00+00:00, run_after=2026-05-26 12:00:00+00:00
[2026-05-26T17:38:48.671+0000] {processor.py:183} INFO - Processing /opt/airflow/dags/main.py took 0.355 seconds
[2026-05-26T17:39:19.244+0000] {processor.py:161} INFO - Started process (PID=151) to work on /opt/airflow/dags/main.py
[2026-05-26T17:39:19.246+0000] {processor.py:830} INFO - Processing file /opt/airflow/dags/main.py for tasks to queue
[2026-05-26T17:39:19.249+0000] {logging_mixin.py:188} INFO - [2026-05-26T17:39:19.248+0000] {dagbag.py:545} INFO - Filling up the DagBag from /opt/airflow/dags/main.py
[2026-05-26T17:39:19.421+0000] {processor.py:840} INFO - DAG(s) 'produce_json', 'update_db' retrieved from /opt/airflow/dags/main.py
[2026-05-26T17:39:19.457+0000] {logging_mixin.py:188} INFO - [2026-05-26T17:39:19.457+0000] {dag.py:3096} INFO - Sync 2 DAGs
[2026-05-26T17:39:19.481+0000] {logging_mixin.py:188} INFO - [2026-05-26T17:39:19.481+0000] {dag.py:3954} INFO - Setting next_dagrun for produce_json to 2026-05-25 11:00:00+00:00, run_after=2026-05-26 11:00:00+00:00
[2026-05-26T17:39:19.488+0000] {logging_mixin.py:188} INFO - [2026-05-26T17:39:19.488+0000] {dag.py:3954} INFO - Setting next_dagrun for update_db to 2026-05-25 12:00:00+00:00, run_after=2026-05-26 12:00:00+00:00
[2026-05-26T17:39:19.547+0000] {processor.py:183} INFO - Processing /opt/airflow/dags/main.py took 0.313 seconds
[2026-05-26T17:39:49.713+0000] {processor.py:161} INFO - Started process (PID=158) to work on /opt/airflow/dags/main.py
[2026-05-26T17:39:49.716+0000] {processor.py:830} INFO - Processing file /opt/airflow/dags/main.py for tasks to queue
[2026-05-26T17:39:49.722+0000] {logging_mixin.py:188} INFO - [2026-05-26T17:39:49.722+0000] {dagbag.py:545} INFO - Filling up the DagBag from /opt/airflow/dags/main.py
[2026-05-26T17:39:49.983+0000] {processor.py:840} INFO - DAG(s) 'update_db', 'produce_json' retrieved from /opt/airflow/dags/main.py
[2026-05-26T17:39:50.018+0000] {logging_mixin.py:188} INFO - [2026-05-26T17:39:50.018+0000] {dag.py:3096} INFO - Sync 2 DAGs
[2026-05-26T17:39:50.048+0000] {logging_mixin.py:188} INFO - [2026-05-26T17:39:50.048+0000] {dag.py:3954} INFO - Setting next_dagrun for produce_json to 2026-05-25 11:00:00+00:00, run_after=2026-05-26 11:00:00+00:00
[2026-05-26T17:39:50.055+0000] {logging_mixin.py:188} INFO - [2026-05-26T17:39:50.055+0000] {dag.py:3954} INFO - Setting next_dagrun for update_db to 2026-05-25 12:00:00+00:00, run_after=2026-05-26 12:00:00+00:00
[2026-05-26T17:39:50.082+0000] {processor.py:183} INFO - Processing /opt/airflow/dags/main.py took 0.391 seconds
[2026-05-26T17:40:20.363+0000] {processor.py:161} INFO - Started process (PID=165) to work on /opt/airflow/dags/main.py
[2026-05-26T17:40:20.365+0000] {processor.py:830} INFO - Processing file /opt/airflow/dags/main.py for tasks to queue
[2026-05-26T17:40:20.368+0000] {logging_mixin.py:188} INFO - [2026-05-26T17:40:20.367+0000] {dagbag.py:545} INFO - Filling up the DagBag from /opt/airflow/dags/main.py
[2026-05-26T17:40:20.568+0000] {processor.py:840} INFO - DAG(s) 'update_db', 'produce_json' retrieved from /opt/airflow/dags/main.py
[2026-05-26T17:40:20.615+0000] {logging_mixin.py:188} INFO - [2026-05-26T17:40:20.615+0000] {dag.py:3096} INFO - Sync 2 DAGs
[2026-05-26T17:40:20.651+0000] {logging_mixin.py:188} INFO - [2026-05-26T17:40:20.650+0000] {dag.py:3954} INFO - Setting next_dagrun for produce_json to 2026-05-25 11:00:00+00:00, run_after=2026-05-26 11:00:00+00:00
[2026-05-26T17:40:20.657+0000] {logging_mixin.py:188} INFO - [2026-05-26T17:40:20.656+0000] {dag.py:3954} INFO - Setting next_dagrun for update_db to 2026-05-25 12:00:00+00:00, run_after=2026-05-26 12:00:00+00:00
[2026-05-26T17:40:20.731+0000] {processor.py:183} INFO - Processing /opt/airflow/dags/main.py took 0.379 seconds
[2026-05-26T17:40:50.871+0000] {processor.py:161} INFO - Started process (PID=172) to work on /opt/airflow/dags/main.py
[2026-05-26T17:40:50.874+0000] {processor.py:830} INFO - Processing file /opt/airflow/dags/main.py for tasks to queue
[2026-05-26T17:40:50.879+0000] {logging_mixin.py:188} INFO - [2026-05-26T17:40:50.878+0000] {dagbag.py:545} INFO - Filling up the DagBag from /opt/airflow/dags/main.py
[2026-05-26T17:40:51.097+0000] {processor.py:840} INFO - DAG(s) 'produce_json', 'update_db' retrieved from /opt/airflow/dags/main.py
[2026-05-26T17:40:51.137+0000] {logging_mixin.py:188} INFO - [2026-05-26T17:40:51.137+0000] {dag.py:3096} INFO - Sync 2 DAGs
[2026-05-26T17:40:51.162+0000] {logging_mixin.py:188} INFO - [2026-05-26T17:40:51.161+0000] {dag.py:3954} INFO - Setting next_dagrun for produce_json to 2026-05-25 11:00:00+00:00, run_after=2026-05-26 11:00:00+00:00
[2026-05-26T17:40:51.167+0000] {logging_mixin.py:188} INFO - [2026-05-26T17:40:51.167+0000] {dag.py:3954} INFO - Setting next_dagrun for update_db to 2026-05-25 12:00:00+00:00, run_after=2026-05-26 12:00:00+00:00
[2026-05-26T17:40:51.251+0000] {processor.py:183} INFO - Processing /opt/airflow/dags/main.py took 0.397 seconds
[2026-05-26T17:41:21.504+0000] {processor.py:161} INFO - Started process (PID=179) to work on /opt/airflow/dags/main.py
[2026-05-26T17:41:21.508+0000] {processor.py:830} INFO - Processing file /opt/airflow/dags/main.py for tasks to queue
[2026-05-26T17:41:21.514+0000] {logging_mixin.py:188} INFO - [2026-05-26T17:41:21.513+0000] {dagbag.py:545} INFO - Filling up the DagBag from /opt/airflow/dags/main.py
[2026-05-26T17:41:21.767+0000] {processor.py:840} INFO - DAG(s) 'update_db', 'produce_json' retrieved from /opt/airflow/dags/main.py
[2026-05-26T17:41:21.813+0000] {logging_mixin.py:188} INFO - [2026-05-26T17:41:21.812+0000] {dag.py:3096} INFO - Sync 2 DAGs
[2026-05-26T17:41:21.848+0000] {logging_mixin.py:188} INFO - [2026-05-26T17:41:21.848+0000] {dag.py:3954} INFO - Setting next_dagrun for produce_json to 2026-05-25 11:00:00+00:00, run_after=2026-05-26 11:00:00+00:00
[2026-05-26T17:41:21.856+0000] {logging_mixin.py:188} INFO - [2026-05-26T17:41:21.856+0000] {dag.py:3954} INFO - Setting next_dagrun for update_db to 2026-05-25 12:00:00+00:00, run_after=2026-05-26 12:00:00+00:00
[2026-05-26T17:41:21.921+0000] {processor.py:183} INFO - Processing /opt/airflow/dags/main.py took 0.437 seconds
[2026-05-26T17:41:52.074+0000] {processor.py:161} INFO - Started process (PID=186) to work on /opt/airflow/dags/main.py
[2026-05-26T17:41:52.078+0000] {processor.py:830} INFO - Processing file /opt/airflow/dags/main.py for tasks to queue
[2026-05-26T17:41:52.089+0000] {logging_mixin.py:188} INFO - [2026-05-26T17:41:52.088+0000] {dagbag.py:545} INFO - Filling up the DagBag from /opt/airflow/dags/main.py
[2026-05-26T17:41:52.302+0000] {processor.py:840} INFO - DAG(s) 'produce_json', 'update_db' retrieved from /opt/airflow/dags/main.py
[2026-05-26T17:41:52.351+0000] {logging_mixin.py:188} INFO - [2026-05-26T17:41:52.351+0000] {dag.py:3096} INFO - Sync 2 DAGs
[2026-05-26T17:41:52.384+0000] {logging_mixin.py:188} INFO - [2026-05-26T17:41:52.383+0000] {dag.py:3954} INFO - Setting next_dagrun for produce_json to 2026-05-25 11:00:00+00:00, run_after=2026-05-26 11:00:00+00:00
[2026-05-26T17:41:52.390+0000] {logging_mixin.py:188} INFO - [2026-05-26T17:41:52.390+0000] {dag.py:3954} INFO - Setting next_dagrun for update_db to 2026-05-25 12:00:00+00:00, run_after=2026-05-26 12:00:00+00:00
[2026-05-26T17:41:52.453+0000] {processor.py:183} INFO - Processing /opt/airflow/dags/main.py took 0.401 seconds
[2026-05-26T17:42:22.752+0000] {processor.py:161} INFO - Started process (PID=193) to work on /opt/airflow/dags/main.py
[2026-05-26T17:42:22.755+0000] {processor.py:830} INFO - Processing file /opt/airflow/dags/main.py for tasks to queue
[2026-05-26T17:42:22.758+0000] {logging_mixin.py:188} INFO - [2026-05-26T17:42:22.758+0000] {dagbag.py:545} INFO - Filling up the DagBag from /opt/airflow/dags/main.py
[2026-05-26T17:42:22.972+0000] {processor.py:840} INFO - DAG(s) 'produce_json', 'update_db' retrieved from /opt/airflow/dags/main.py
[2026-05-26T17:42:23.020+0000] {logging_mixin.py:188} INFO - [2026-05-26T17:42:23.020+0000] {dag.py:3096} INFO - Sync 2 DAGs
[2026-05-26T17:42:23.053+0000] {logging_mixin.py:188} INFO - [2026-05-26T17:42:23.053+0000] {dag.py:3954} INFO - Setting next_dagrun for produce_json to 2026-05-25 11:00:00+00:00, run_after=2026-05-26 11:00:00+00:00
[2026-05-26T17:42:23.065+0000] {logging_mixin.py:188} INFO - [2026-05-26T17:42:23.065+0000] {dag.py:3954} INFO - Setting next_dagrun for update_db to 2026-05-25 12:00:00+00:00, run_after=2026-05-26 12:00:00+00:00
[2026-05-26T17:42:23.095+0000] {processor.py:183} INFO - Processing /opt/airflow/dags/main.py took 0.360 seconds
[2026-05-26T17:42:53.231+0000] {processor.py:161} INFO - Started process (PID=200) to work on /opt/airflow/dags/main.py
[2026-05-26T17:42:53.234+0000] {processor.py:830} INFO - Processing file /opt/airflow/dags/main.py for tasks to queue
[2026-05-26T17:42:53.238+0000] {logging_mixin.py:188} INFO - [2026-05-26T17:42:53.238+0000] {dagbag.py:545} INFO - Filling up the DagBag from /opt/airflow/dags/main.py
[2026-05-26T17:42:53.442+0000] {processor.py:840} INFO - DAG(s) 'update_db', 'produce_json' retrieved from /opt/airflow/dags/main.py
[2026-05-26T17:42:53.482+0000] {logging_mixin.py:188} INFO - [2026-05-26T17:42:53.481+0000] {dag.py:3096} INFO - Sync 2 DAGs
[2026-05-26T17:42:53.512+0000] {logging_mixin.py:188} INFO - [2026-05-26T17:42:53.512+0000] {dag.py:3954} INFO - Setting next_dagrun for produce_json to 2026-05-25 11:00:00+00:00, run_after=2026-05-26 11:00:00+00:00
[2026-05-26T17:42:53.518+0000] {logging_mixin.py:188} INFO - [2026-05-26T17:42:53.518+0000] {dag.py:3954} INFO - Setting next_dagrun for update_db to 2026-05-25 12:00:00+00:00, run_after=2026-05-26 12:00:00+00:00
[2026-05-26T17:42:53.589+0000] {processor.py:183} INFO - Processing /opt/airflow/dags/main.py took 0.373 seconds
[2026-05-26T17:43:23.839+0000] {processor.py:161} INFO - Started process (PID=207) to work on /opt/airflow/dags/main.py
[2026-05-26T17:43:23.842+0000] {processor.py:830} INFO - Processing file /opt/airflow/dags/main.py for tasks to queue
[2026-05-26T17:43:23.848+0000] {logging_mixin.py:188} INFO - [2026-05-26T17:43:23.848+0000] {dagbag.py:545} INFO - Filling up the DagBag from /opt/airflow/dags/main.py
[2026-05-26T17:43:24.160+0000] {processor.py:840} INFO - DAG(s) 'produce_json', 'update_db' retrieved from /opt/airflow/dags/main.py
[2026-05-26T17:43:24.230+0000] {logging_mixin.py:188} INFO - [2026-05-26T17:43:24.229+0000] {dag.py:3096} INFO - Sync 2 DAGs
[2026-05-26T17:43:24.304+0000] {logging_mixin.py:188} INFO - [2026-05-26T17:43:24.303+0000] {dag.py:3954} INFO - Setting next_dagrun for produce_json to 2026-05-25 11:00:00+00:00, run_after=2026-05-26 11:00:00+00:00
[2026-05-26T17:43:24.317+0000] {logging_mixin.py:188} INFO - [2026-05-26T17:43:24.317+0000] {dag.py:3954} INFO - Setting next_dagrun for update_db to 2026-05-25 12:00:00+00:00, run_after=2026-05-26 12:00:00+00:00
[2026-05-26T17:43:24.352+0000] {processor.py:183} INFO - Processing /opt/airflow/dags/main.py took 0.530 seconds
[2026-05-26T17:43:54.819+0000] {processor.py:161} INFO - Started process (PID=214) to work on /opt/airflow/dags/main.py
[2026-05-26T17:43:54.822+0000] {processor.py:830} INFO - Processing file /opt/airflow/dags/main.py for tasks to queue
[2026-05-26T17:43:54.829+0000] {logging_mixin.py:188} INFO - [2026-05-26T17:43:54.828+0000] {dagbag.py:545} INFO - Filling up the DagBag from /opt/airflow/dags/main.py
[2026-05-26T17:43:55.165+0000] {processor.py:840} INFO - DAG(s) 'produce_json', 'update_db' retrieved from /opt/airflow/dags/main.py
[2026-05-26T17:43:55.231+0000] {logging_mixin.py:188} INFO - [2026-05-26T17:43:55.231+0000] {dag.py:3096} INFO - Sync 2 DAGs
[2026-05-26T17:43:55.274+0000] {logging_mixin.py:188} INFO - [2026-05-26T17:43:55.274+0000] {dag.py:3954} INFO - Setting next_dagrun for produce_json to 2026-05-25 11:00:00+00:00, run_after=2026-05-26 11:00:00+00:00
[2026-05-26T17:43:55.283+0000] {logging_mixin.py:188} INFO - [2026-05-26T17:43:55.283+0000] {dag.py:3954} INFO - Setting next_dagrun for update_db to 2026-05-25 12:00:00+00:00, run_after=2026-05-26 12:00:00+00:00
[2026-05-26T17:43:55.376+0000] {processor.py:183} INFO - Processing /opt/airflow/dags/main.py took 0.572 seconds
[2026-05-26T17:44:25.735+0000] {processor.py:161} INFO - Started process (PID=221) to work on /opt/airflow/dags/main.py
[2026-05-26T17:44:25.737+0000] {processor.py:830} INFO - Processing file /opt/airflow/dags/main.py for tasks to queue
[2026-05-26T17:44:25.743+0000] {logging_mixin.py:188} INFO - [2026-05-26T17:44:25.742+0000] {dagbag.py:545} INFO - Filling up the DagBag from /opt/airflow/dags/main.py
[2026-05-26T17:44:25.963+0000] {processor.py:840} INFO - DAG(s) 'produce_json', 'update_db' retrieved from /opt/airflow/dags/main.py
[2026-05-26T17:44:26.001+0000] {logging_mixin.py:188} INFO - [2026-05-26T17:44:26.001+0000] {dag.py:3096} INFO - Sync 2 DAGs
[2026-05-26T17:44:26.030+0000] {logging_mixin.py:188} INFO - [2026-05-26T17:44:26.029+0000] {dag.py:3954} INFO - Setting next_dagrun for produce_json to 2026-05-25 11:00:00+00:00, run_after=2026-05-26 11:00:00+00:00
[2026-05-26T17:44:26.038+0000] {logging_mixin.py:188} INFO - [2026-05-26T17:44:26.037+0000] {dag.py:3954} INFO - Setting next_dagrun for update_db to 2026-05-25 12:00:00+00:00, run_after=2026-05-26 12:00:00+00:00
[2026-05-26T17:44:26.126+0000] {processor.py:183} INFO - Processing /opt/airflow/dags/main.py took 0.409 seconds
[2026-05-26T17:44:56.646+0000] {processor.py:161} INFO - Started process (PID=228) to work on /opt/airflow/dags/main.py
[2026-05-26T17:44:56.648+0000] {processor.py:830} INFO - Processing file /opt/airflow/dags/main.py for tasks to queue
[2026-05-26T17:44:56.653+0000] {logging_mixin.py:188} INFO - [2026-05-26T17:44:56.652+0000] {dagbag.py:545} INFO - Filling up the DagBag from /opt/airflow/dags/main.py
[2026-05-26T17:44:56.958+0000] {processor.py:840} INFO - DAG(s) 'produce_json', 'update_db' retrieved from /opt/airflow/dags/main.py
[2026-05-26T17:44:57.023+0000] {logging_mixin.py:188} INFO - [2026-05-26T17:44:57.023+0000] {dag.py:3096} INFO - Sync 2 DAGs
[2026-05-26T17:44:57.049+0000] {logging_mixin.py:188} INFO - [2026-05-26T17:44:57.049+0000] {dag.py:3954} INFO - Setting next_dagrun for produce_json to 2026-05-25 11:00:00+00:00, run_after=2026-05-26 11:00:00+00:00
[2026-05-26T17:44:57.055+0000] {logging_mixin.py:188} INFO - [2026-05-26T17:44:57.055+0000] {dag.py:3954} INFO - Setting next_dagrun for update_db to 2026-05-25 12:00:00+00:00, run_after=2026-05-26 12:00:00+00:00
[2026-05-26T17:44:57.081+0000] {processor.py:183} INFO - Processing /opt/airflow/dags/main.py took 0.457 seconds
[2026-05-26T17:45:27.490+0000] {processor.py:161} INFO - Started process (PID=235) to work on /opt/airflow/dags/main.py
[2026-05-26T17:45:27.491+0000] {processor.py:830} INFO - Processing file /opt/airflow/dags/main.py for tasks to queue
[2026-05-26T17:45:27.494+0000] {logging_mixin.py:188} INFO - [2026-05-26T17:45:27.493+0000] {dagbag.py:545} INFO - Filling up the DagBag from /opt/airflow/dags/main.py
[2026-05-26T17:45:27.698+0000] {processor.py:840} INFO - DAG(s) 'update_db', 'produce_json' retrieved from /opt/airflow/dags/main.py
[2026-05-26T17:45:27.750+0000] {logging_mixin.py:188} INFO - [2026-05-26T17:45:27.750+0000] {dag.py:3096} INFO - Sync 2 DAGs
[2026-05-26T17:45:27.790+0000] {logging_mixin.py:188} INFO - [2026-05-26T17:45:27.789+0000] {dag.py:3954} INFO - Setting next_dagrun for produce_json to 2026-05-25 11:00:00+00:00, run_after=2026-05-26 11:00:00+00:00
[2026-05-26T17:45:27.801+0000] {logging_mixin.py:188} INFO - [2026-05-26T17:45:27.800+0000] {dag.py:3954} INFO - Setting next_dagrun for update_db to 2026-05-25 12:00:00+00:00, run_after=2026-05-26 12:00:00+00:00
[2026-05-26T17:45:27.897+0000] {processor.py:183} INFO - Processing /opt/airflow/dags/main.py took 0.415 seconds
[2026-05-26T17:45:58.424+0000] {processor.py:161} INFO - Started process (PID=242) to work on /opt/airflow/dags/main.py
[2026-05-26T17:45:58.427+0000] {processor.py:830} INFO - Processing file /opt/airflow/dags/main.py for tasks to queue
[2026-05-26T17:45:58.432+0000] {logging_mixin.py:188} INFO - [2026-05-26T17:45:58.432+0000] {dagbag.py:545} INFO - Filling up the DagBag from /opt/airflow/dags/main.py
[2026-05-26T17:45:58.698+0000] {processor.py:840} INFO - DAG(s) 'update_db', 'produce_json' retrieved from /opt/airflow/dags/main.py
[2026-05-26T17:45:58.744+0000] {logging_mixin.py:188} INFO - [2026-05-26T17:45:58.744+0000] {dag.py:3096} INFO - Sync 2 DAGs
[2026-05-26T17:45:58.780+0000] {logging_mixin.py:188} INFO - [2026-05-26T17:45:58.779+0000] {dag.py:3954} INFO - Setting next_dagrun for produce_json to 2026-05-25 11:00:00+00:00, run_after=2026-05-26 11:00:00+00:00
[2026-05-26T17:45:58.786+0000] {logging_mixin.py:188} INFO - [2026-05-26T17:45:58.785+0000] {dag.py:3954} INFO - Setting next_dagrun for update_db to 2026-05-25 12:00:00+00:00, run_after=2026-05-26 12:00:00+00:00
[2026-05-26T17:45:58.805+0000] {processor.py:183} INFO - Processing /opt/airflow/dags/main.py took 0.408 seconds
[2026-05-26T17:46:29.306+0000] {processor.py:161} INFO - Started process (PID=249) to work on /opt/airflow/dags/main.py
[2026-05-26T17:46:29.309+0000] {processor.py:830} INFO - Processing file /opt/airflow/dags/main.py for tasks to queue
[2026-05-26T17:46:29.313+0000] {logging_mixin.py:188} INFO - [2026-05-26T17:46:29.312+0000] {dagbag.py:545} INFO - Filling up the DagBag from /opt/airflow/dags/main.py
[2026-05-26T17:46:29.610+0000] {processor.py:840} INFO - DAG(s) 'update_db', 'produce_json' retrieved from /opt/airflow/dags/main.py
[2026-05-26T17:46:29.655+0000] {logging_mixin.py:188} INFO - [2026-05-26T17:46:29.655+0000] {dag.py:3096} INFO - Sync 2 DAGs
[2026-05-26T17:46:29.680+0000] {logging_mixin.py:188} INFO - [2026-05-26T17:46:29.680+0000] {dag.py:3954} INFO - Setting next_dagrun for produce_json to 2026-05-25 11:00:00+00:00, run_after=2026-05-26 11:00:00+00:00
[2026-05-26T17:46:29.686+0000] {logging_mixin.py:188} INFO - [2026-05-26T17:46:29.686+0000] {dag.py:3954} INFO - Setting next_dagrun for update_db to 2026-05-25 12:00:00+00:00, run_after=2026-05-26 12:00:00+00:00
[2026-05-26T17:46:29.709+0000] {processor.py:183} INFO - Processing /opt/airflow/dags/main.py took 0.419 seconds
[2026-05-26T17:47:00.158+0000] {processor.py:161} INFO - Started process (PID=256) to work on /opt/airflow/dags/main.py
[2026-05-26T17:47:00.160+0000] {processor.py:830} INFO - Processing file /opt/airflow/dags/main.py for tasks to queue
[2026-05-26T17:47:00.164+0000] {logging_mixin.py:188} INFO - [2026-05-26T17:47:00.164+0000] {dagbag.py:545} INFO - Filling up the DagBag from /opt/airflow/dags/main.py
[2026-05-26T17:47:00.347+0000] {processor.py:840} INFO - DAG(s) 'produce_json', 'update_db' retrieved from /opt/airflow/dags/main.py
[2026-05-26T17:47:00.415+0000] {logging_mixin.py:188} INFO - [2026-05-26T17:47:00.415+0000] {dag.py:3096} INFO - Sync 2 DAGs
[2026-05-26T17:47:00.455+0000] {logging_mixin.py:188} INFO - [2026-05-26T17:47:00.455+0000] {dag.py:3954} INFO - Setting next_dagrun for produce_json to 2026-05-25 11:00:00+00:00, run_after=2026-05-26 11:00:00+00:00
[2026-05-26T17:47:00.466+0000] {logging_mixin.py:188} INFO - [2026-05-26T17:47:00.465+0000] {dag.py:3954} INFO - Setting next_dagrun for update_db to 2026-05-25 12:00:00+00:00, run_after=2026-05-26 12:00:00+00:00
[2026-05-26T17:47:00.560+0000] {processor.py:183} INFO - Processing /opt/airflow/dags/main.py took 0.415 seconds
[2026-05-26T17:47:31.038+0000] {processor.py:161} INFO - Started process (PID=263) to work on /opt/airflow/dags/main.py
[2026-05-26T17:47:31.040+0000] {processor.py:830} INFO - Processing file /opt/airflow/dags/main.py for tasks to queue
[2026-05-26T17:47:31.043+0000] {logging_mixin.py:188} INFO - [2026-05-26T17:47:31.043+0000] {dagbag.py:545} INFO - Filling up the DagBag from /opt/airflow/dags/main.py
[2026-05-26T17:47:31.209+0000] {processor.py:840} INFO - DAG(s) 'update_db', 'produce_json' retrieved from /opt/airflow/dags/main.py
[2026-05-26T17:47:31.248+0000] {logging_mixin.py:188} INFO - [2026-05-26T17:47:31.248+0000] {dag.py:3096} INFO - Sync 2 DAGs
[2026-05-26T17:47:31.272+0000] {logging_mixin.py:188} INFO - [2026-05-26T17:47:31.272+0000] {dag.py:3954} INFO - Setting next_dagrun for produce_json to 2026-05-25 11:00:00+00:00, run_after=2026-05-26 11:00:00+00:00
[2026-05-26T17:47:31.278+0000] {logging_mixin.py:188} INFO - [2026-05-26T17:47:31.278+0000] {dag.py:3954} INFO - Setting next_dagrun for update_db to 2026-05-25 12:00:00+00:00, run_after=2026-05-26 12:00:00+00:00
[2026-05-26T17:47:31.337+0000] {processor.py:183} INFO - Processing /opt/airflow/dags/main.py took 0.307 seconds
[2026-05-26T17:48:01.494+0000] {processor.py:161} INFO - Started process (PID=270) to work on /opt/airflow/dags/main.py
[2026-05-26T17:48:01.496+0000] {processor.py:830} INFO - Processing file /opt/airflow/dags/main.py for tasks to queue
[2026-05-26T17:48:01.501+0000] {logging_mixin.py:188} INFO - [2026-05-26T17:48:01.501+0000] {dagbag.py:545} INFO - Filling up the DagBag from /opt/airflow/dags/main.py
[2026-05-26T17:48:01.710+0000] {processor.py:840} INFO - DAG(s) 'update_db', 'produce_json' retrieved from /opt/airflow/dags/main.py
[2026-05-26T17:48:01.750+0000] {logging_mixin.py:188} INFO - [2026-05-26T17:48:01.750+0000] {dag.py:3096} INFO - Sync 2 DAGs
[2026-05-26T17:48:01.798+0000] {logging_mixin.py:188} INFO - [2026-05-26T17:48:01.797+0000] {dag.py:3954} INFO - Setting next_dagrun for produce_json to 2026-05-25 11:00:00+00:00, run_after=2026-05-26 11:00:00+00:00
[2026-05-26T17:48:01.814+0000] {logging_mixin.py:188} INFO - [2026-05-26T17:48:01.813+0000] {dag.py:3954} INFO - Setting next_dagrun for update_db to 2026-05-25 12:00:00+00:00, run_after=2026-05-26 12:00:00+00:00
[2026-05-26T17:48:01.846+0000] {processor.py:183} INFO - Processing /opt/airflow/dags/main.py took 0.372 seconds
[2026-05-26T17:48:32.234+0000] {processor.py:161} INFO - Started process (PID=277) to work on /opt/airflow/dags/main.py
[2026-05-26T17:48:32.237+0000] {processor.py:830} INFO - Processing file /opt/airflow/dags/main.py for tasks to queue
[2026-05-26T17:48:32.242+0000] {logging_mixin.py:188} INFO - [2026-05-26T17:48:32.241+0000] {dagbag.py:545} INFO - Filling up the DagBag from /opt/airflow/dags/main.py
[2026-05-26T17:48:32.470+0000] {processor.py:840} INFO - DAG(s) 'produce_json', 'update_db' retrieved from /opt/airflow/dags/main.py
[2026-05-26T17:48:32.506+0000] {logging_mixin.py:188} INFO - [2026-05-26T17:48:32.506+0000] {dag.py:3096} INFO - Sync 2 DAGs
[2026-05-26T17:48:32.531+0000] {logging_mixin.py:188} INFO - [2026-05-26T17:48:32.531+0000] {dag.py:3954} INFO - Setting next_dagrun for produce_json to 2026-05-25 11:00:00+00:00, run_after=2026-05-26 11:00:00+00:00
[2026-05-26T17:48:32.542+0000] {logging_mixin.py:188} INFO - [2026-05-26T17:48:32.541+0000] {dag.py:3954} INFO - Setting next_dagrun for update_db to 2026-05-25 12:00:00+00:00, run_after=2026-05-26 12:00:00+00:00
[2026-05-26T17:48:32.578+0000] {processor.py:183} INFO - Processing /opt/airflow/dags/main.py took 0.372 seconds
[2026-05-26T17:49:03.009+0000] {processor.py:161} INFO - Started process (PID=284) to work on /opt/airflow/dags/main.py
[2026-05-26T17:49:03.012+0000] {processor.py:830} INFO - Processing file /opt/airflow/dags/main.py for tasks to queue
[2026-05-26T17:49:03.017+0000] {logging_mixin.py:188} INFO - [2026-05-26T17:49:03.016+0000] {dagbag.py:545} INFO - Filling up the DagBag from /opt/airflow/dags/main.py
[2026-05-26T17:49:03.313+0000] {processor.py:840} INFO - DAG(s) 'update_db', 'produce_json' retrieved from /opt/airflow/dags/main.py
[2026-05-26T17:49:03.362+0000] {logging_mixin.py:188} INFO - [2026-05-26T17:49:03.361+0000] {dag.py:3096} INFO - Sync 2 DAGs
[2026-05-26T17:49:03.390+0000] {logging_mixin.py:188} INFO - [2026-05-26T17:49:03.390+0000] {dag.py:3954} INFO - Setting next_dagrun for produce_json to 2026-05-25 11:00:00+00:00, run_after=2026-05-26 11:00:00+00:00
[2026-05-26T17:49:03.397+0000] {logging_mixin.py:188} INFO - [2026-05-26T17:49:03.397+0000] {dag.py:3954} INFO - Setting next_dagrun for update_db to 2026-05-25 12:00:00+00:00, run_after=2026-05-26 12:00:00+00:00
[2026-05-26T17:49:03.446+0000] {processor.py:183} INFO - Processing /opt/airflow/dags/main.py took 0.454 seconds
[2026-05-26T17:49:34.173+0000] {processor.py:161} INFO - Started process (PID=291) to work on /opt/airflow/dags/main.py
[2026-05-26T17:49:34.176+0000] {processor.py:830} INFO - Processing file /opt/airflow/dags/main.py for tasks to queue
[2026-05-26T17:49:34.180+0000] {logging_mixin.py:188} INFO - [2026-05-26T17:49:34.179+0000] {dagbag.py:545} INFO - Filling up the DagBag from /opt/airflow/dags/main.py
[2026-05-26T17:49:34.399+0000] {processor.py:840} INFO - DAG(s) 'produce_json', 'update_db' retrieved from /opt/airflow/dags/main.py
[2026-05-26T17:49:34.446+0000] {logging_mixin.py:188} INFO - [2026-05-26T17:49:34.446+0000] {dag.py:3096} INFO - Sync 2 DAGs
[2026-05-26T17:49:34.470+0000] {logging_mixin.py:188} INFO - [2026-05-26T17:49:34.470+0000] {dag.py:3954} INFO - Setting next_dagrun for produce_json to 2026-05-25 11:00:00+00:00, run_after=2026-05-26 11:00:00+00:00
[2026-05-26T17:49:34.476+0000] {logging_mixin.py:188} INFO - [2026-05-26T17:49:34.476+0000] {dag.py:3954} INFO - Setting next_dagrun for update_db to 2026-05-25 12:00:00+00:00, run_after=2026-05-26 12:00:00+00:00
[2026-05-26T17:49:34.558+0000] {processor.py:183} INFO - Processing /opt/airflow/dags/main.py took 0.396 seconds
[2026-05-26T17:50:05.061+0000] {processor.py:161} INFO - Started process (PID=298) to work on /opt/airflow/dags/main.py
[2026-05-26T17:50:05.064+0000] {processor.py:830} INFO - Processing file /opt/airflow/dags/main.py for tasks to queue
[2026-05-26T17:50:05.068+0000] {logging_mixin.py:188} INFO - [2026-05-26T17:50:05.067+0000] {dagbag.py:545} INFO - Filling up the DagBag from /opt/airflow/dags/main.py
[2026-05-26T17:50:05.255+0000] {processor.py:840} INFO - DAG(s) 'produce_json', 'update_db' retrieved from /opt/airflow/dags/main.py
[2026-05-26T17:50:05.300+0000] {logging_mixin.py:188} INFO - [2026-05-26T17:50:05.299+0000] {dag.py:3096} INFO - Sync 2 DAGs
[2026-05-26T17:50:05.333+0000] {logging_mixin.py:188} INFO - [2026-05-26T17:50:05.333+0000] {dag.py:3954} INFO - Setting next_dagrun for produce_json to 2026-05-25 11:00:00+00:00, run_after=2026-05-26 11:00:00+00:00
[2026-05-26T17:50:05.343+0000] {logging_mixin.py:188} INFO - [2026-05-26T17:50:05.342+0000] {dag.py:3954} INFO - Setting next_dagrun for update_db to 2026-05-25 12:00:00+00:00, run_after=2026-05-26 12:00:00+00:00
[2026-05-26T17:50:05.438+0000] {processor.py:183} INFO - Processing /opt/airflow/dags/main.py took 0.394 seconds
[2026-05-26T17:50:35.978+0000] {processor.py:161} INFO - Started process (PID=305) to work on /opt/airflow/dags/main.py
[2026-05-26T17:50:35.981+0000] {processor.py:830} INFO - Processing file /opt/airflow/dags/main.py for tasks to queue
[2026-05-26T17:50:35.985+0000] {logging_mixin.py:188} INFO - [2026-05-26T17:50:35.985+0000] {dagbag.py:545} INFO - Filling up the DagBag from /opt/airflow/dags/main.py
[2026-05-26T17:50:36.205+0000] {processor.py:840} INFO - DAG(s) 'produce_json', 'update_db' retrieved from /opt/airflow/dags/main.py
[2026-05-26T17:50:36.256+0000] {logging_mixin.py:188} INFO - [2026-05-26T17:50:36.256+0000] {dag.py:3096} INFO - Sync 2 DAGs
[2026-05-26T17:50:36.289+0000] {logging_mixin.py:188} INFO - [2026-05-26T17:50:36.289+0000] {dag.py:3954} INFO - Setting next_dagrun for produce_json to 2026-05-25 11:00:00+00:00, run_after=2026-05-26 11:00:00+00:00
[2026-05-26T17:50:36.296+0000] {logging_mixin.py:188} INFO - [2026-05-26T17:50:36.296+0000] {dag.py:3954} INFO - Setting next_dagrun for update_db to 2026-05-25 12:00:00+00:00, run_after=2026-05-26 12:00:00+00:00
[2026-05-26T17:50:36.384+0000] {processor.py:183} INFO - Processing /opt/airflow/dags/main.py took 0.426 seconds
[2026-05-26T17:51:06.819+0000] {processor.py:161} INFO - Started process (PID=312) to work on /opt/airflow/dags/main.py
[2026-05-26T17:51:06.821+0000] {processor.py:830} INFO - Processing file /opt/airflow/dags/main.py for tasks to queue
[2026-05-26T17:51:06.824+0000] {logging_mixin.py:188} INFO - [2026-05-26T17:51:06.824+0000] {dagbag.py:545} INFO - Filling up the DagBag from /opt/airflow/dags/main.py
[2026-05-26T17:51:07.051+0000] {processor.py:840} INFO - DAG(s) 'produce_json', 'update_db' retrieved from /opt/airflow/dags/main.py
[2026-05-26T17:51:07.088+0000] {logging_mixin.py:188} INFO - [2026-05-26T17:51:07.087+0000] {dag.py:3096} INFO - Sync 2 DAGs
[2026-05-26T17:51:07.121+0000] {logging_mixin.py:188} INFO - [2026-05-26T17:51:07.120+0000] {dag.py:3954} INFO - Setting next_dagrun for produce_json to 2026-05-25 11:00:00+00:00, run_after=2026-05-26 11:00:00+00:00
[2026-05-26T17:51:07.128+0000] {logging_mixin.py:188} INFO - [2026-05-26T17:51:07.128+0000] {dag.py:3954} INFO - Setting next_dagrun for update_db to 2026-05-25 12:00:00+00:00, run_after=2026-05-26 12:00:00+00:00
[2026-05-26T17:51:07.151+0000] {processor.py:183} INFO - Processing /opt/airflow/dags/main.py took 0.343 seconds
[2026-05-26T17:51:37.611+0000] {processor.py:161} INFO - Started process (PID=319) to work on /opt/airflow/dags/main.py
[2026-05-26T17:51:37.614+0000] {processor.py:830} INFO - Processing file /opt/airflow/dags/main.py for tasks to queue
[2026-05-26T17:51:37.619+0000] {logging_mixin.py:188} INFO - [2026-05-26T17:51:37.618+0000] {dagbag.py:545} INFO - Filling up the DagBag from /opt/airflow/dags/main.py
[2026-05-26T17:51:37.821+0000] {processor.py:840} INFO - DAG(s) 'produce_json', 'update_db' retrieved from /opt/airflow/dags/main.py
[2026-05-26T17:51:37.858+0000] {logging_mixin.py:188} INFO - [2026-05-26T17:51:37.858+0000] {dag.py:3096} INFO - Sync 2 DAGs
[2026-05-26T17:51:37.883+0000] {logging_mixin.py:188} INFO - [2026-05-26T17:51:37.883+0000] {dag.py:3954} INFO - Setting next_dagrun for produce_json to 2026-05-25 11:00:00+00:00, run_after=2026-05-26 11:00:00+00:00
[2026-05-26T17:51:37.889+0000] {logging_mixin.py:188} INFO - [2026-05-26T17:51:37.889+0000] {dag.py:3954} INFO - Setting next_dagrun for update_db to 2026-05-25 12:00:00+00:00, run_after=2026-05-26 12:00:00+00:00
[2026-05-26T17:51:37.943+0000] {processor.py:183} INFO - Processing /opt/airflow/dags/main.py took 0.350 seconds
[2026-05-26T17:52:08.453+0000] {processor.py:161} INFO - Started process (PID=326) to work on /opt/airflow/dags/main.py
[2026-05-26T17:52:08.456+0000] {processor.py:830} INFO - Processing file /opt/airflow/dags/main.py for tasks to queue
[2026-05-26T17:52:08.460+0000] {logging_mixin.py:188} INFO - [2026-05-26T17:52:08.459+0000] {dagbag.py:545} INFO - Filling up the DagBag from /opt/airflow/dags/main.py
[2026-05-26T17:52:08.680+0000] {processor.py:840} INFO - DAG(s) 'update_db', 'produce_json' retrieved from /opt/airflow/dags/main.py
[2026-05-26T17:52:08.720+0000] {logging_mixin.py:188} INFO - [2026-05-26T17:52:08.720+0000] {dag.py:3096} INFO - Sync 2 DAGs
[2026-05-26T17:52:08.749+0000] {logging_mixin.py:188} INFO - [2026-05-26T17:52:08.749+0000] {dag.py:3954} INFO - Setting next_dagrun for produce_json to 2026-05-25 11:00:00+00:00, run_after=2026-05-26 11:00:00+00:00
[2026-05-26T17:52:08.759+0000] {logging_mixin.py:188} INFO - [2026-05-26T17:52:08.758+0000] {dag.py:3954} INFO - Setting next_dagrun for update_db to 2026-05-25 12:00:00+00:00, run_after=2026-05-26 12:00:00+00:00
[2026-05-26T17:52:08.847+0000] {processor.py:183} INFO - Processing /opt/airflow/dags/main.py took 0.415 seconds
[2026-05-26T17:52:39.346+0000] {processor.py:161} INFO - Started process (PID=333) to work on /opt/airflow/dags/main.py
[2026-05-26T17:52:39.348+0000] {processor.py:830} INFO - Processing file /opt/airflow/dags/main.py for tasks to queue
[2026-05-26T17:52:39.353+0000] {logging_mixin.py:188} INFO - [2026-05-26T17:52:39.352+0000] {dagbag.py:545} INFO - Filling up the DagBag from /opt/airflow/dags/main.py
[2026-05-26T17:52:39.578+0000] {processor.py:840} INFO - DAG(s) 'update_db', 'produce_json' retrieved from /opt/airflow/dags/main.py
[2026-05-26T17:52:39.622+0000] {logging_mixin.py:188} INFO - [2026-05-26T17:52:39.622+0000] {dag.py:3096} INFO - Sync 2 DAGs
[2026-05-26T17:52:39.650+0000] {logging_mixin.py:188} INFO - [2026-05-26T17:52:39.650+0000] {dag.py:3954} INFO - Setting next_dagrun for produce_json to 2026-05-25 11:00:00+00:00, run_after=2026-05-26 11:00:00+00:00
[2026-05-26T17:52:39.656+0000] {logging_mixin.py:188} INFO - [2026-05-26T17:52:39.656+0000] {dag.py:3954} INFO - Setting next_dagrun for update_db to 2026-05-25 12:00:00+00:00, run_after=2026-05-26 12:00:00+00:00
[2026-05-26T17:52:39.727+0000] {processor.py:183} INFO - Processing /opt/airflow/dags/main.py took 0.406 seconds
[2026-05-26T17:53:10.251+0000] {processor.py:161} INFO - Started process (PID=340) to work on /opt/airflow/dags/main.py
[2026-05-26T17:53:10.253+0000] {processor.py:830} INFO - Processing file /opt/airflow/dags/main.py for tasks to queue
[2026-05-26T17:53:10.256+0000] {logging_mixin.py:188} INFO - [2026-05-26T17:53:10.255+0000] {dagbag.py:545} INFO - Filling up the DagBag from /opt/airflow/dags/main.py
[2026-05-26T17:53:10.501+0000] {processor.py:840} INFO - DAG(s) 'produce_json', 'update_db' retrieved from /opt/airflow/dags/main.py
[2026-05-26T17:53:10.562+0000] {logging_mixin.py:188} INFO - [2026-05-26T17:53:10.561+0000] {dag.py:3096} INFO - Sync 2 DAGs
[2026-05-26T17:53:10.605+0000] {logging_mixin.py:188} INFO - [2026-05-26T17:53:10.604+0000] {dag.py:3954} INFO - Setting next_dagrun for produce_json to 2026-05-25 11:00:00+00:00, run_after=2026-05-26 11:00:00+00:00
[2026-05-26T17:53:10.615+0000] {logging_mixin.py:188} INFO - [2026-05-26T17:53:10.615+0000] {dag.py:3954} INFO - Setting next_dagrun for update_db to 2026-05-25 12:00:00+00:00, run_after=2026-05-26 12:00:00+00:00
[2026-05-26T17:53:10.705+0000] {processor.py:183} INFO - Processing /opt/airflow/dags/main.py took 0.466 seconds
[2026-05-26T17:53:41.104+0000] {processor.py:161} INFO - Started process (PID=347) to work on /opt/airflow/dags/main.py
[2026-05-26T17:53:41.106+0000] {processor.py:830} INFO - Processing file /opt/airflow/dags/main.py for tasks to queue
[2026-05-26T17:53:41.109+0000] {logging_mixin.py:188} INFO - [2026-05-26T17:53:41.108+0000] {dagbag.py:545} INFO - Filling up the DagBag from /opt/airflow/dags/main.py
[2026-05-26T17:53:41.278+0000] {processor.py:840} INFO - DAG(s) 'produce_json', 'update_db' retrieved from /opt/airflow/dags/main.py
[2026-05-26T17:53:41.333+0000] {logging_mixin.py:188} INFO - [2026-05-26T17:53:41.333+0000] {dag.py:3096} INFO - Sync 2 DAGs
[2026-05-26T17:53:41.386+0000] {logging_mixin.py:188} INFO - [2026-05-26T17:53:41.386+0000] {dag.py:3954} INFO - Setting next_dagrun for produce_json to 2026-05-25 11:00:00+00:00, run_after=2026-05-26 11:00:00+00:00
[2026-05-26T17:53:41.399+0000] {logging_mixin.py:188} INFO - [2026-05-26T17:53:41.398+0000] {dag.py:3954} INFO - Setting next_dagrun for update_db to 2026-05-25 12:00:00+00:00, run_after=2026-05-26 12:00:00+00:00
[2026-05-26T17:53:41.479+0000] {processor.py:183} INFO - Processing /opt/airflow/dags/main.py took 0.383 seconds
[2026-05-26T17:54:11.981+0000] {processor.py:161} INFO - Started process (PID=354) to work on /opt/airflow/dags/main.py
[2026-05-26T17:54:11.985+0000] {processor.py:830} INFO - Processing file /opt/airflow/dags/main.py for tasks to queue
[2026-05-26T17:54:11.990+0000] {logging_mixin.py:188} INFO - [2026-05-26T17:54:11.989+0000] {dagbag.py:545} INFO - Filling up the DagBag from /opt/airflow/dags/main.py
[2026-05-26T17:54:12.286+0000] {processor.py:840} INFO - DAG(s) 'produce_json', 'update_db' retrieved from /opt/airflow/dags/main.py
[2026-05-26T17:54:12.350+0000] {logging_mixin.py:188} INFO - [2026-05-26T17:54:12.350+0000] {dag.py:3096} INFO - Sync 2 DAGs
[2026-05-26T17:54:12.378+0000] {logging_mixin.py:188} INFO - [2026-05-26T17:54:12.378+0000] {dag.py:3954} INFO - Setting next_dagrun for produce_json to 2026-05-25 11:00:00+00:00, run_after=2026-05-26 11:00:00+00:00
[2026-05-26T17:54:12.384+0000] {logging_mixin.py:188} INFO - [2026-05-26T17:54:12.384+0000] {dag.py:3954} INFO - Setting next_dagrun for update_db to 2026-05-25 12:00:00+00:00, run_after=2026-05-26 12:00:00+00:00
[2026-05-26T17:54:12.472+0000] {processor.py:183} INFO - Processing /opt/airflow/dags/main.py took 0.520 seconds
[2026-05-26T17:54:43.405+0000] {processor.py:161} INFO - Started process (PID=361) to work on /opt/airflow/dags/main.py
[2026-05-26T17:54:43.408+0000] {processor.py:830} INFO - Processing file /opt/airflow/dags/main.py for tasks to queue
[2026-05-26T17:54:43.412+0000] {logging_mixin.py:188} INFO - [2026-05-26T17:54:43.412+0000] {dagbag.py:545} INFO - Filling up the DagBag from /opt/airflow/dags/main.py
[2026-05-26T17:54:43.669+0000] {processor.py:840} INFO - DAG(s) 'update_db', 'produce_json' retrieved from /opt/airflow/dags/main.py
[2026-05-26T17:54:43.740+0000] {logging_mixin.py:188} INFO - [2026-05-26T17:54:43.740+0000] {dag.py:3096} INFO - Sync 2 DAGs
[2026-05-26T17:54:43.780+0000] {logging_mixin.py:188} INFO - [2026-05-26T17:54:43.779+0000] {dag.py:3954} INFO - Setting next_dagrun for produce_json to 2026-05-25 11:00:00+00:00, run_after=2026-05-26 11:00:00+00:00
[2026-05-26T17:54:43.787+0000] {logging_mixin.py:188} INFO - [2026-05-26T17:54:43.786+0000] {dag.py:3954} INFO - Setting next_dagrun for update_db to 2026-05-25 12:00:00+00:00, run_after=2026-05-26 12:00:00+00:00
[2026-05-26T17:54:43.843+0000] {processor.py:183} INFO - Processing /opt/airflow/dags/main.py took 0.454 seconds
[2026-05-26T17:55:14.377+0000] {processor.py:161} INFO - Started process (PID=368) to work on /opt/airflow/dags/main.py
[2026-05-26T17:55:14.380+0000] {processor.py:830} INFO - Processing file /opt/airflow/dags/main.py for tasks to queue
[2026-05-26T17:55:14.383+0000] {logging_mixin.py:188} INFO - [2026-05-26T17:55:14.382+0000] {dagbag.py:545} INFO - Filling up the DagBag from /opt/airflow/dags/main.py
[2026-05-26T17:55:14.691+0000] {processor.py:840} INFO - DAG(s) 'update_db', 'produce_json' retrieved from /opt/airflow/dags/main.py
[2026-05-26T17:55:14.762+0000] {logging_mixin.py:188} INFO - [2026-05-26T17:55:14.762+0000] {dag.py:3096} INFO - Sync 2 DAGs
[2026-05-26T17:55:14.802+0000] {logging_mixin.py:188} INFO - [2026-05-26T17:55:14.801+0000] {dag.py:3954} INFO - Setting next_dagrun for produce_json to 2026-05-25 11:00:00+00:00, run_after=2026-05-26 11:00:00+00:00
[2026-05-26T17:55:14.814+0000] {logging_mixin.py:188} INFO - [2026-05-26T17:55:14.814+0000] {dag.py:3954} INFO - Setting next_dagrun for update_db to 2026-05-25 12:00:00+00:00, run_after=2026-05-26 12:00:00+00:00
[2026-05-26T17:55:14.912+0000] {processor.py:183} INFO - Processing /opt/airflow/dags/main.py took 0.556 seconds
[2026-05-26T17:55:45.242+0000] {processor.py:161} INFO - Started process (PID=375) to work on /opt/airflow/dags/main.py
[2026-05-26T17:55:45.245+0000] {processor.py:830} INFO - Processing file /opt/airflow/dags/main.py for tasks to queue
[2026-05-26T17:55:45.249+0000] {logging_mixin.py:188} INFO - [2026-05-26T17:55:45.249+0000] {dagbag.py:545} INFO - Filling up the DagBag from /opt/airflow/dags/main.py
[2026-05-26T17:55:45.509+0000] {processor.py:840} INFO - DAG(s) 'produce_json', 'update_db' retrieved from /opt/airflow/dags/main.py
[2026-05-26T17:55:45.547+0000] {logging_mixin.py:188} INFO - [2026-05-26T17:55:45.547+0000] {dag.py:3096} INFO - Sync 2 DAGs
[2026-05-26T17:55:45.575+0000] {logging_mixin.py:188} INFO - [2026-05-26T17:55:45.575+0000] {dag.py:3954} INFO - Setting next_dagrun for produce_json to 2026-05-25 11:00:00+00:00, run_after=2026-05-26 11:00:00+00:00
[2026-05-26T17:55:45.582+0000] {logging_mixin.py:188} INFO - [2026-05-26T17:55:45.582+0000] {dag.py:3954} INFO - Setting next_dagrun for update_db to 2026-05-25 12:00:00+00:00, run_after=2026-05-26 12:00:00+00:00
[2026-05-26T17:55:45.653+0000] {processor.py:183} INFO - Processing /opt/airflow/dags/main.py took 0.429 seconds
[2026-05-26T17:56:16.130+0000] {processor.py:161} INFO - Started process (PID=382) to work on /opt/airflow/dags/main.py
[2026-05-26T17:56:16.133+0000] {processor.py:830} INFO - Processing file /opt/airflow/dags/main.py for tasks to queue
[2026-05-26T17:56:16.138+0000] {logging_mixin.py:188} INFO - [2026-05-26T17:56:16.137+0000] {dagbag.py:545} INFO - Filling up the DagBag from /opt/airflow/dags/main.py
[2026-05-26T17:56:16.402+0000] {processor.py:840} INFO - DAG(s) 'produce_json', 'update_db' retrieved from /opt/airflow/dags/main.py
[2026-05-26T17:56:16.442+0000] {logging_mixin.py:188} INFO - [2026-05-26T17:56:16.442+0000] {dag.py:3096} INFO - Sync 2 DAGs
[2026-05-26T17:56:16.473+0000] {logging_mixin.py:188} INFO - [2026-05-26T17:56:16.473+0000] {dag.py:3954} INFO - Setting next_dagrun for produce_json to 2026-05-25 11:00:00+00:00, run_after=2026-05-26 11:00:00+00:00
[2026-05-26T17:56:16.480+0000] {logging_mixin.py:188} INFO - [2026-05-26T17:56:16.480+0000] {dag.py:3954} INFO - Setting next_dagrun for update_db to 2026-05-25 12:00:00+00:00, run_after=2026-05-26 12:00:00+00:00
[2026-05-26T17:56:16.567+0000] {processor.py:183} INFO - Processing /opt/airflow/dags/main.py took 0.457 seconds
[2026-05-26T17:56:46.993+0000] {processor.py:161} INFO - Started process (PID=389) to work on /opt/airflow/dags/main.py
[2026-05-26T17:56:47.027+0000] {processor.py:830} INFO - Processing file /opt/airflow/dags/main.py for tasks to queue
[2026-05-26T17:56:47.031+0000] {logging_mixin.py:188} INFO - [2026-05-26T17:56:47.030+0000] {dagbag.py:545} INFO - Filling up the DagBag from /opt/airflow/dags/main.py
[2026-05-26T17:56:47.219+0000] {processor.py:840} INFO - DAG(s) 'update_db', 'produce_json' retrieved from /opt/airflow/dags/main.py
[2026-05-26T17:56:47.273+0000] {logging_mixin.py:188} INFO - [2026-05-26T17:56:47.273+0000] {dag.py:3096} INFO - Sync 2 DAGs
[2026-05-26T17:56:47.308+0000] {logging_mixin.py:188} INFO - [2026-05-26T17:56:47.308+0000] {dag.py:3954} INFO - Setting next_dagrun for produce_json to 2026-05-25 11:00:00+00:00, run_after=2026-05-26 11:00:00+00:00
[2026-05-26T17:56:47.317+0000] {logging_mixin.py:188} INFO - [2026-05-26T17:56:47.317+0000] {dag.py:3954} INFO - Setting next_dagrun for update_db to 2026-05-25 12:00:00+00:00, run_after=2026-05-26 12:00:00+00:00
[2026-05-26T17:56:47.344+0000] {processor.py:183} INFO - Processing /opt/airflow/dags/main.py took 0.364 seconds
[2026-05-26T17:57:17.874+0000] {processor.py:161} INFO - Started process (PID=396) to work on /opt/airflow/dags/main.py
[2026-05-26T17:57:17.876+0000] {processor.py:830} INFO - Processing file /opt/airflow/dags/main.py for tasks to queue
[2026-05-26T17:57:17.881+0000] {logging_mixin.py:188} INFO - [2026-05-26T17:57:17.880+0000] {dagbag.py:545} INFO - Filling up the DagBag from /opt/airflow/dags/main.py
[2026-05-26T17:57:18.098+0000] {processor.py:840} INFO - DAG(s) 'update_db', 'produce_json' retrieved from /opt/airflow/dags/main.py
[2026-05-26T17:57:18.139+0000] {logging_mixin.py:188} INFO - [2026-05-26T17:57:18.139+0000] {dag.py:3096} INFO - Sync 2 DAGs
[2026-05-26T17:57:18.173+0000] {logging_mixin.py:188} INFO - [2026-05-26T17:57:18.173+0000] {dag.py:3954} INFO - Setting next_dagrun for produce_json to 2026-05-25 11:00:00+00:00, run_after=2026-05-26 11:00:00+00:00
[2026-05-26T17:57:18.181+0000] {logging_mixin.py:188} INFO - [2026-05-26T17:57:18.181+0000] {dag.py:3954} INFO - Setting next_dagrun for update_db to 2026-05-25 12:00:00+00:00, run_after=2026-05-26 12:00:00+00:00
[2026-05-26T17:57:18.228+0000] {processor.py:183} INFO - Processing /opt/airflow/dags/main.py took 0.383 seconds
[2026-05-26T17:57:48.760+0000] {processor.py:161} INFO - Started process (PID=403) to work on /opt/airflow/dags/main.py
[2026-05-26T17:57:48.762+0000] {processor.py:830} INFO - Processing file /opt/airflow/dags/main.py for tasks to queue
[2026-05-26T17:57:48.767+0000] {logging_mixin.py:188} INFO - [2026-05-26T17:57:48.766+0000] {dagbag.py:545} INFO - Filling up the DagBag from /opt/airflow/dags/main.py
[2026-05-26T17:57:49.001+0000] {processor.py:840} INFO - DAG(s) 'update_db', 'produce_json' retrieved from /opt/airflow/dags/main.py
[2026-05-26T17:57:49.077+0000] {logging_mixin.py:188} INFO - [2026-05-26T17:57:49.076+0000] {dag.py:3096} INFO - Sync 2 DAGs
[2026-05-26T17:57:49.126+0000] {logging_mixin.py:188} INFO - [2026-05-26T17:57:49.126+0000] {dag.py:3954} INFO - Setting next_dagrun for produce_json to 2026-05-25 11:00:00+00:00, run_after=2026-05-26 11:00:00+00:00
[2026-05-26T17:57:49.136+0000] {logging_mixin.py:188} INFO - [2026-05-26T17:57:49.136+0000] {dag.py:3954} INFO - Setting next_dagrun for update_db to 2026-05-25 12:00:00+00:00, run_after=2026-05-26 12:00:00+00:00
[2026-05-26T17:57:49.184+0000] {processor.py:183} INFO - Processing /opt/airflow/dags/main.py took 0.443 seconds
[2026-05-26T17:58:19.699+0000] {processor.py:161} INFO - Started process (PID=410) to work on /opt/airflow/dags/main.py
[2026-05-26T17:58:19.702+0000] {processor.py:830} INFO - Processing file /opt/airflow/dags/main.py for tasks to queue
[2026-05-26T17:58:19.706+0000] {logging_mixin.py:188} INFO - [2026-05-26T17:58:19.705+0000] {dagbag.py:545} INFO - Filling up the DagBag from /opt/airflow/dags/main.py
[2026-05-26T17:58:19.925+0000] {processor.py:840} INFO - DAG(s) 'update_db', 'produce_json' retrieved from /opt/airflow/dags/main.py
[2026-05-26T17:58:19.967+0000] {logging_mixin.py:188} INFO - [2026-05-26T17:58:19.967+0000] {dag.py:3096} INFO - Sync 2 DAGs
[2026-05-26T17:58:20.000+0000] {logging_mixin.py:188} INFO - [2026-05-26T17:58:20.000+0000] {dag.py:3954} INFO - Setting next_dagrun for produce_json to 2026-05-25 11:00:00+00:00, run_after=2026-05-26 11:00:00+00:00
[2026-05-26T17:58:20.007+0000] {logging_mixin.py:188} INFO - [2026-05-26T17:58:20.007+0000] {dag.py:3954} INFO - Setting next_dagrun for update_db to 2026-05-25 12:00:00+00:00, run_after=2026-05-26 12:00:00+00:00
[2026-05-26T17:58:20.092+0000] {processor.py:183} INFO - Processing /opt/airflow/dags/main.py took 0.407 seconds
[2026-05-26T17:58:50.609+0000] {processor.py:161} INFO - Started process (PID=417) to work on /opt/airflow/dags/main.py
[2026-05-26T17:58:50.611+0000] {processor.py:830} INFO - Processing file /opt/airflow/dags/main.py for tasks to queue
[2026-05-26T17:58:50.615+0000] {logging_mixin.py:188} INFO - [2026-05-26T17:58:50.615+0000] {dagbag.py:545} INFO - Filling up the DagBag from /opt/airflow/dags/main.py
[2026-05-26T17:58:50.925+0000] {processor.py:840} INFO - DAG(s) 'update_db', 'produce_json' retrieved from /opt/airflow/dags/main.py
[2026-05-26T17:58:50.995+0000] {logging_mixin.py:188} INFO - [2026-05-26T17:58:50.994+0000] {dag.py:3096} INFO - Sync 2 DAGs
[2026-05-26T17:58:51.051+0000] {logging_mixin.py:188} INFO - [2026-05-26T17:58:51.051+0000] {dag.py:3954} INFO - Setting next_dagrun for produce_json to 2026-05-25 11:00:00+00:00, run_after=2026-05-26 11:00:00+00:00
[2026-05-26T17:58:51.062+0000] {logging_mixin.py:188} INFO - [2026-05-26T17:58:51.062+0000] {dag.py:3954} INFO - Setting next_dagrun for update_db to 2026-05-25 12:00:00+00:00, run_after=2026-05-26 12:00:00+00:00
[2026-05-26T17:58:51.144+0000] {processor.py:183} INFO - Processing /opt/airflow/dags/main.py took 0.553 seconds
[2026-05-26T17:59:22.179+0000] {processor.py:161} INFO - Started process (PID=430) to work on /opt/airflow/dags/main.py
[2026-05-26T17:59:22.182+0000] {processor.py:830} INFO - Processing file /opt/airflow/dags/main.py for tasks to queue
[2026-05-26T17:59:22.187+0000] {logging_mixin.py:188} INFO - [2026-05-26T17:59:22.186+0000] {dagbag.py:545} INFO - Filling up the DagBag from /opt/airflow/dags/main.py
[2026-05-26T17:59:22.398+0000] {processor.py:840} INFO - DAG(s) 'update_db', 'produce_json' retrieved from /opt/airflow/dags/main.py
[2026-05-26T17:59:22.442+0000] {logging_mixin.py:188} INFO - [2026-05-26T17:59:22.442+0000] {dag.py:3096} INFO - Sync 2 DAGs
[2026-05-26T17:59:22.469+0000] {logging_mixin.py:188} INFO - [2026-05-26T17:59:22.469+0000] {dag.py:3954} INFO - Setting next_dagrun for produce_json to 2026-05-25 11:00:00+00:00, run_after=2026-05-26 11:00:00+00:00
[2026-05-26T17:59:22.477+0000] {logging_mixin.py:188} INFO - [2026-05-26T17:59:22.477+0000] {dag.py:3954} INFO - Setting next_dagrun for update_db to 2026-05-25 12:00:00+00:00, run_after=2026-05-26 12:00:00+00:00
[2026-05-26T17:59:22.551+0000] {processor.py:183} INFO - Processing /opt/airflow/dags/main.py took 0.388 seconds
[2026-05-26T17:59:53.017+0000] {processor.py:161} INFO - Started process (PID=437) to work on /opt/airflow/dags/main.py
[2026-05-26T17:59:53.019+0000] {processor.py:830} INFO - Processing file /opt/airflow/dags/main.py for tasks to queue
[2026-05-26T17:59:53.023+0000] {logging_mixin.py:188} INFO - [2026-05-26T17:59:53.022+0000] {dagbag.py:545} INFO - Filling up the DagBag from /opt/airflow/dags/main.py
[2026-05-26T17:59:53.300+0000] {processor.py:840} INFO - DAG(s) 'produce_json', 'update_db' retrieved from /opt/airflow/dags/main.py
[2026-05-26T17:59:53.344+0000] {logging_mixin.py:188} INFO - [2026-05-26T17:59:53.343+0000] {dag.py:3096} INFO - Sync 2 DAGs
[2026-05-26T17:59:53.375+0000] {logging_mixin.py:188} INFO - [2026-05-26T17:59:53.375+0000] {dag.py:3954} INFO - Setting next_dagrun for produce_json to 2026-05-25 11:00:00+00:00, run_after=2026-05-26 11:00:00+00:00
[2026-05-26T17:59:53.382+0000] {logging_mixin.py:188} INFO - [2026-05-26T17:59:53.382+0000] {dag.py:3954} INFO - Setting next_dagrun for update_db to 2026-05-25 12:00:00+00:00, run_after=2026-05-26 12:00:00+00:00
[2026-05-26T17:59:53.415+0000] {processor.py:183} INFO - Processing /opt/airflow/dags/main.py took 0.408 seconds
[2026-05-26T18:00:23.920+0000] {processor.py:161} INFO - Started process (PID=444) to work on /opt/airflow/dags/main.py
[2026-05-26T18:00:23.923+0000] {processor.py:830} INFO - Processing file /opt/airflow/dags/main.py for tasks to queue
[2026-05-26T18:00:23.928+0000] {logging_mixin.py:188} INFO - [2026-05-26T18:00:23.927+0000] {dagbag.py:545} INFO - Filling up the DagBag from /opt/airflow/dags/main.py
[2026-05-26T18:00:24.191+0000] {processor.py:840} INFO - DAG(s) 'produce_json', 'update_db' retrieved from /opt/airflow/dags/main.py
[2026-05-26T18:00:24.241+0000] {logging_mixin.py:188} INFO - [2026-05-26T18:00:24.241+0000] {dag.py:3096} INFO - Sync 2 DAGs
[2026-05-26T18:00:24.289+0000] {logging_mixin.py:188} INFO - [2026-05-26T18:00:24.289+0000] {dag.py:3954} INFO - Setting next_dagrun for produce_json to 2026-05-25 11:00:00+00:00, run_after=2026-05-26 11:00:00+00:00
[2026-05-26T18:00:24.297+0000] {logging_mixin.py:188} INFO - [2026-05-26T18:00:24.297+0000] {dag.py:3954} INFO - Setting next_dagrun for update_db to 2026-05-25 12:00:00+00:00, run_after=2026-05-26 12:00:00+00:00
[2026-05-26T18:00:24.377+0000] {processor.py:183} INFO - Processing /opt/airflow/dags/main.py took 0.475 seconds
[2026-05-26T18:00:54.702+0000] {processor.py:161} INFO - Started process (PID=451) to work on /opt/airflow/dags/main.py
[2026-05-26T18:00:54.704+0000] {processor.py:830} INFO - Processing file /opt/airflow/dags/main.py for tasks to queue
[2026-05-26T18:00:54.709+0000] {logging_mixin.py:188} INFO - [2026-05-26T18:00:54.708+0000] {dagbag.py:545} INFO - Filling up the DagBag from /opt/airflow/dags/main.py
[2026-05-26T18:00:54.913+0000] {processor.py:840} INFO - DAG(s) 'update_db', 'produce_json' retrieved from /opt/airflow/dags/main.py
[2026-05-26T18:00:54.969+0000] {logging_mixin.py:188} INFO - [2026-05-26T18:00:54.969+0000] {dag.py:3096} INFO - Sync 2 DAGs
[2026-05-26T18:00:55.000+0000] {logging_mixin.py:188} INFO - [2026-05-26T18:00:54.999+0000] {dag.py:3954} INFO - Setting next_dagrun for produce_json to 2026-05-25 11:00:00+00:00, run_after=2026-05-26 11:00:00+00:00
[2026-05-26T18:00:55.009+0000] {logging_mixin.py:188} INFO - [2026-05-26T18:00:55.008+0000] {dag.py:3954} INFO - Setting next_dagrun for update_db to 2026-05-25 12:00:00+00:00, run_after=2026-05-26 12:00:00+00:00
[2026-05-26T18:00:55.048+0000] {processor.py:183} INFO - Processing /opt/airflow/dags/main.py took 0.361 seconds
[2026-05-26T18:01:25.397+0000] {processor.py:161} INFO - Started process (PID=458) to work on /opt/airflow/dags/main.py
[2026-05-26T18:01:25.399+0000] {processor.py:830} INFO - Processing file /opt/airflow/dags/main.py for tasks to queue
[2026-05-26T18:01:25.402+0000] {logging_mixin.py:188} INFO - [2026-05-26T18:01:25.401+0000] {dagbag.py:545} INFO - Filling up the DagBag from /opt/airflow/dags/main.py
[2026-05-26T18:01:25.571+0000] {processor.py:840} INFO - DAG(s) 'produce_json', 'update_db' retrieved from /opt/airflow/dags/main.py
[2026-05-26T18:01:25.616+0000] {logging_mixin.py:188} INFO - [2026-05-26T18:01:25.616+0000] {dag.py:3096} INFO - Sync 2 DAGs
[2026-05-26T18:01:25.645+0000] {logging_mixin.py:188} INFO - [2026-05-26T18:01:25.645+0000] {dag.py:3954} INFO - Setting next_dagrun for produce_json to 2026-05-25 11:00:00+00:00, run_after=2026-05-26 11:00:00+00:00
[2026-05-26T18:01:25.654+0000] {logging_mixin.py:188} INFO - [2026-05-26T18:01:25.654+0000] {dag.py:3954} INFO - Setting next_dagrun for update_db to 2026-05-25 12:00:00+00:00, run_after=2026-05-26 12:00:00+00:00
[2026-05-26T18:01:25.674+0000] {processor.py:183} INFO - Processing /opt/airflow/dags/main.py took 0.287 seconds
[2026-05-26T18:01:55.806+0000] {processor.py:161} INFO - Started process (PID=465) to work on /opt/airflow/dags/main.py
[2026-05-26T18:01:55.808+0000] {processor.py:830} INFO - Processing file /opt/airflow/dags/main.py for tasks to queue
[2026-05-26T18:01:55.812+0000] {logging_mixin.py:188} INFO - [2026-05-26T18:01:55.812+0000] {dagbag.py:545} INFO - Filling up the DagBag from /opt/airflow/dags/main.py
[2026-05-26T18:01:56.050+0000] {processor.py:840} INFO - DAG(s) 'update_db', 'produce_json' retrieved from /opt/airflow/dags/main.py
[2026-05-26T18:01:56.102+0000] {logging_mixin.py:188} INFO - [2026-05-26T18:01:56.102+0000] {dag.py:3096} INFO - Sync 2 DAGs
[2026-05-26T18:01:56.131+0000] {logging_mixin.py:188} INFO - [2026-05-26T18:01:56.130+0000] {dag.py:3954} INFO - Setting next_dagrun for produce_json to 2026-05-25 11:00:00+00:00, run_after=2026-05-26 11:00:00+00:00
[2026-05-26T18:01:56.137+0000] {logging_mixin.py:188} INFO - [2026-05-26T18:01:56.137+0000] {dag.py:3954} INFO - Setting next_dagrun for update_db to 2026-05-25 12:00:00+00:00, run_after=2026-05-26 12:00:00+00:00
[2026-05-26T18:01:56.221+0000] {processor.py:183} INFO - Processing /opt/airflow/dags/main.py took 0.432 seconds
[2026-05-26T18:02:26.491+0000] {processor.py:161} INFO - Started process (PID=472) to work on /opt/airflow/dags/main.py
[2026-05-26T18:02:26.495+0000] {processor.py:830} INFO - Processing file /opt/airflow/dags/main.py for tasks to queue
[2026-05-26T18:02:26.502+0000] {logging_mixin.py:188} INFO - [2026-05-26T18:02:26.501+0000] {dagbag.py:545} INFO - Filling up the DagBag from /opt/airflow/dags/main.py
[2026-05-26T18:02:26.757+0000] {processor.py:840} INFO - DAG(s) 'produce_json', 'update_db' retrieved from /opt/airflow/dags/main.py
[2026-05-26T18:02:26.828+0000] {logging_mixin.py:188} INFO - [2026-05-26T18:02:26.828+0000] {dag.py:3096} INFO - Sync 2 DAGs
[2026-05-26T18:02:26.861+0000] {logging_mixin.py:188} INFO - [2026-05-26T18:02:26.860+0000] {dag.py:3954} INFO - Setting next_dagrun for produce_json to 2026-05-25 11:00:00+00:00, run_after=2026-05-26 11:00:00+00:00
[2026-05-26T18:02:26.868+0000] {logging_mixin.py:188} INFO - [2026-05-26T18:02:26.868+0000] {dag.py:3954} INFO - Setting next_dagrun for update_db to 2026-05-25 12:00:00+00:00, run_after=2026-05-26 12:00:00+00:00
[2026-05-26T18:02:26.938+0000] {processor.py:183} INFO - Processing /opt/airflow/dags/main.py took 0.468 seconds
[2026-05-26T18:02:57.375+0000] {processor.py:161} INFO - Started process (PID=479) to work on /opt/airflow/dags/main.py
[2026-05-26T18:02:57.378+0000] {processor.py:830} INFO - Processing file /opt/airflow/dags/main.py for tasks to queue
[2026-05-26T18:02:57.381+0000] {logging_mixin.py:188} INFO - [2026-05-26T18:02:57.381+0000] {dagbag.py:545} INFO - Filling up the DagBag from /opt/airflow/dags/main.py
[2026-05-26T18:02:57.604+0000] {processor.py:840} INFO - DAG(s) 'update_db', 'produce_json' retrieved from /opt/airflow/dags/main.py
[2026-05-26T18:02:57.673+0000] {logging_mixin.py:188} INFO - [2026-05-26T18:02:57.673+0000] {dag.py:3096} INFO - Sync 2 DAGs
[2026-05-26T18:02:57.704+0000] {logging_mixin.py:188} INFO - [2026-05-26T18:02:57.704+0000] {dag.py:3954} INFO - Setting next_dagrun for produce_json to 2026-05-25 11:00:00+00:00, run_after=2026-05-26 11:00:00+00:00
[2026-05-26T18:02:57.711+0000] {logging_mixin.py:188} INFO - [2026-05-26T18:02:57.710+0000] {dag.py:3954} INFO - Setting next_dagrun for update_db to 2026-05-25 12:00:00+00:00, run_after=2026-05-26 12:00:00+00:00
[2026-05-26T18:02:57.781+0000] {processor.py:183} INFO - Processing /opt/airflow/dags/main.py took 0.426 seconds
[2026-05-26T18:03:28.165+0000] {processor.py:161} INFO - Started process (PID=486) to work on /opt/airflow/dags/main.py
[2026-05-26T18:03:28.167+0000] {processor.py:830} INFO - Processing file /opt/airflow/dags/main.py for tasks to queue
[2026-05-26T18:03:28.170+0000] {logging_mixin.py:188} INFO - [2026-05-26T18:03:28.170+0000] {dagbag.py:545} INFO - Filling up the DagBag from /opt/airflow/dags/main.py
[2026-05-26T18:03:28.425+0000] {processor.py:840} INFO - DAG(s) 'update_db', 'produce_json' retrieved from /opt/airflow/dags/main.py
[2026-05-26T18:03:28.477+0000] {logging_mixin.py:188} INFO - [2026-05-26T18:03:28.476+0000] {dag.py:3096} INFO - Sync 2 DAGs
[2026-05-26T18:03:28.511+0000] {logging_mixin.py:188} INFO - [2026-05-26T18:03:28.510+0000] {dag.py:3954} INFO - Setting next_dagrun for produce_json to 2026-05-25 11:00:00+00:00, run_after=2026-05-26 11:00:00+00:00
[2026-05-26T18:03:28.518+0000] {logging_mixin.py:188} INFO - [2026-05-26T18:03:28.517+0000] {dag.py:3954} INFO - Setting next_dagrun for update_db to 2026-05-25 12:00:00+00:00, run_after=2026-05-26 12:00:00+00:00
[2026-05-26T18:03:28.584+0000] {processor.py:183} INFO - Processing /opt/airflow/dags/main.py took 0.428 seconds
[2026-05-26T18:03:59.023+0000] {processor.py:161} INFO - Started process (PID=493) to work on /opt/airflow/dags/main.py
[2026-05-26T18:03:59.026+0000] {processor.py:830} INFO - Processing file /opt/airflow/dags/main.py for tasks to queue
[2026-05-26T18:03:59.031+0000] {logging_mixin.py:188} INFO - [2026-05-26T18:03:59.031+0000] {dagbag.py:545} INFO - Filling up the DagBag from /opt/airflow/dags/main.py
[2026-05-26T18:03:59.270+0000] {processor.py:840} INFO - DAG(s) 'update_db', 'produce_json' retrieved from /opt/airflow/dags/main.py
[2026-05-26T18:03:59.342+0000] {logging_mixin.py:188} INFO - [2026-05-26T18:03:59.341+0000] {dag.py:3096} INFO - Sync 2 DAGs
[2026-05-26T18:03:59.374+0000] {logging_mixin.py:188} INFO - [2026-05-26T18:03:59.373+0000] {dag.py:3954} INFO - Setting next_dagrun for produce_json to 2026-05-25 11:00:00+00:00, run_after=2026-05-26 11:00:00+00:00
[2026-05-26T18:03:59.382+0000] {logging_mixin.py:188} INFO - [2026-05-26T18:03:59.382+0000] {dag.py:3954} INFO - Setting next_dagrun for update_db to 2026-05-25 12:00:00+00:00, run_after=2026-05-26 12:00:00+00:00
[2026-05-26T18:03:59.454+0000] {processor.py:183} INFO - Processing /opt/airflow/dags/main.py took 0.448 seconds
[2026-05-26T18:04:30.517+0000] {processor.py:161} INFO - Started process (PID=500) to work on /opt/airflow/dags/main.py
[2026-05-26T18:04:30.519+0000] {processor.py:830} INFO - Processing file /opt/airflow/dags/main.py for tasks to queue
[2026-05-26T18:04:30.524+0000] {logging_mixin.py:188} INFO - [2026-05-26T18:04:30.524+0000] {dagbag.py:545} INFO - Filling up the DagBag from /opt/airflow/dags/main.py
[2026-05-26T18:04:30.827+0000] {processor.py:840} INFO - DAG(s) 'update_db', 'produce_json' retrieved from /opt/airflow/dags/main.py
[2026-05-26T18:04:30.879+0000] {logging_mixin.py:188} INFO - [2026-05-26T18:04:30.878+0000] {dag.py:3096} INFO - Sync 2 DAGs
[2026-05-26T18:04:30.904+0000] {logging_mixin.py:188} INFO - [2026-05-26T18:04:30.904+0000] {dag.py:3954} INFO - Setting next_dagrun for produce_json to 2026-05-25 11:00:00+00:00, run_after=2026-05-26 11:00:00+00:00
[2026-05-26T18:04:30.912+0000] {logging_mixin.py:188} INFO - [2026-05-26T18:04:30.911+0000] {dag.py:3954} INFO - Setting next_dagrun for update_db to 2026-05-25 12:00:00+00:00, run_after=2026-05-26 12:00:00+00:00
[2026-05-26T18:04:30.936+0000] {processor.py:183} INFO - Processing /opt/airflow/dags/main.py took 0.436 seconds
[2026-05-26T18:05:01.342+0000] {processor.py:161} INFO - Started process (PID=507) to work on /opt/airflow/dags/main.py
[2026-05-26T18:05:01.345+0000] {processor.py:830} INFO - Processing file /opt/airflow/dags/main.py for tasks to queue
[2026-05-26T18:05:01.348+0000] {logging_mixin.py:188} INFO - [2026-05-26T18:05:01.348+0000] {dagbag.py:545} INFO - Filling up the DagBag from /opt/airflow/dags/main.py
[2026-05-26T18:05:01.537+0000] {processor.py:840} INFO - DAG(s) 'update_db', 'produce_json' retrieved from /opt/airflow/dags/main.py
[2026-05-26T18:05:01.579+0000] {logging_mixin.py:188} INFO - [2026-05-26T18:05:01.579+0000] {dag.py:3096} INFO - Sync 2 DAGs
[2026-05-26T18:05:01.609+0000] {logging_mixin.py:188} INFO - [2026-05-26T18:05:01.609+0000] {dag.py:3954} INFO - Setting next_dagrun for produce_json to 2026-05-25 11:00:00+00:00, run_after=2026-05-26 11:00:00+00:00
[2026-05-26T18:05:01.616+0000] {logging_mixin.py:188} INFO - [2026-05-26T18:05:01.616+0000] {dag.py:3954} INFO - Setting next_dagrun for update_db to 2026-05-25 12:00:00+00:00, run_after=2026-05-26 12:00:00+00:00
[2026-05-26T18:05:01.678+0000] {processor.py:183} INFO - Processing /opt/airflow/dags/main.py took 0.350 seconds
[2026-05-26T18:05:32.095+0000] {processor.py:161} INFO - Started process (PID=514) to work on /opt/airflow/dags/main.py
[2026-05-26T18:05:32.097+0000] {processor.py:830} INFO - Processing file /opt/airflow/dags/main.py for tasks to queue
[2026-05-26T18:05:32.101+0000] {logging_mixin.py:188} INFO - [2026-05-26T18:05:32.101+0000] {dagbag.py:545} INFO - Filling up the DagBag from /opt/airflow/dags/main.py
[2026-05-26T18:05:32.286+0000] {processor.py:840} INFO - DAG(s) 'update_db', 'produce_json' retrieved from /opt/airflow/dags/main.py
[2026-05-26T18:05:32.328+0000] {logging_mixin.py:188} INFO - [2026-05-26T18:05:32.327+0000] {dag.py:3096} INFO - Sync 2 DAGs
[2026-05-26T18:05:32.359+0000] {logging_mixin.py:188} INFO - [2026-05-26T18:05:32.358+0000] {dag.py:3954} INFO - Setting next_dagrun for produce_json to 2026-05-25 11:00:00+00:00, run_after=2026-05-26 11:00:00+00:00
[2026-05-26T18:05:32.367+0000] {logging_mixin.py:188} INFO - [2026-05-26T18:05:32.367+0000] {dag.py:3954} INFO - Setting next_dagrun for update_db to 2026-05-25 12:00:00+00:00, run_after=2026-05-26 12:00:00+00:00
[2026-05-26T18:05:32.428+0000] {processor.py:183} INFO - Processing /opt/airflow/dags/main.py took 0.342 seconds
[2026-05-26T18:06:02.580+0000] {processor.py:161} INFO - Started process (PID=521) to work on /opt/airflow/dags/main.py
[2026-05-26T18:06:02.583+0000] {processor.py:830} INFO - Processing file /opt/airflow/dags/main.py for tasks to queue
[2026-05-26T18:06:02.589+0000] {logging_mixin.py:188} INFO - [2026-05-26T18:06:02.588+0000] {dagbag.py:545} INFO - Filling up the DagBag from /opt/airflow/dags/main.py
[2026-05-26T18:06:02.903+0000] {processor.py:840} INFO - DAG(s) 'update_db', 'produce_json' retrieved from /opt/airflow/dags/main.py
[2026-05-26T18:06:02.944+0000] {logging_mixin.py:188} INFO - [2026-05-26T18:06:02.943+0000] {dag.py:3096} INFO - Sync 2 DAGs
[2026-05-26T18:06:02.969+0000] {logging_mixin.py:188} INFO - [2026-05-26T18:06:02.969+0000] {dag.py:3954} INFO - Setting next_dagrun for produce_json to 2026-05-25 11:00:00+00:00, run_after=2026-05-26 11:00:00+00:00
[2026-05-26T18:06:02.975+0000] {logging_mixin.py:188} INFO - [2026-05-26T18:06:02.975+0000] {dag.py:3954} INFO - Setting next_dagrun for update_db to 2026-05-25 12:00:00+00:00, run_after=2026-05-26 12:00:00+00:00
[2026-05-26T18:06:03.060+0000] {processor.py:183} INFO - Processing /opt/airflow/dags/main.py took 0.508 seconds
[2026-05-26T18:06:33.234+0000] {processor.py:161} INFO - Started process (PID=528) to work on /opt/airflow/dags/main.py
[2026-05-26T18:06:33.237+0000] {processor.py:830} INFO - Processing file /opt/airflow/dags/main.py for tasks to queue
[2026-05-26T18:06:33.240+0000] {logging_mixin.py:188} INFO - [2026-05-26T18:06:33.239+0000] {dagbag.py:545} INFO - Filling up the DagBag from /opt/airflow/dags/main.py
[2026-05-26T18:06:33.478+0000] {processor.py:840} INFO - DAG(s) 'update_db', 'produce_json' retrieved from /opt/airflow/dags/main.py
[2026-05-26T18:06:33.526+0000] {logging_mixin.py:188} INFO - [2026-05-26T18:06:33.526+0000] {dag.py:3096} INFO - Sync 2 DAGs
[2026-05-26T18:06:33.561+0000] {logging_mixin.py:188} INFO - [2026-05-26T18:06:33.561+0000] {dag.py:3954} INFO - Setting next_dagrun for produce_json to 2026-05-25 11:00:00+00:00, run_after=2026-05-26 11:00:00+00:00
[2026-05-26T18:06:33.571+0000] {logging_mixin.py:188} INFO - [2026-05-26T18:06:33.570+0000] {dag.py:3954} INFO - Setting next_dagrun for update_db to 2026-05-25 12:00:00+00:00, run_after=2026-05-26 12:00:00+00:00
[2026-05-26T18:06:33.662+0000] {processor.py:183} INFO - Processing /opt/airflow/dags/main.py took 0.439 seconds
[2026-05-26T18:07:03.791+0000] {processor.py:161} INFO - Started process (PID=535) to work on /opt/airflow/dags/main.py
[2026-05-26T18:07:03.793+0000] {processor.py:830} INFO - Processing file /opt/airflow/dags/main.py for tasks to queue
[2026-05-26T18:07:03.797+0000] {logging_mixin.py:188} INFO - [2026-05-26T18:07:03.796+0000] {dagbag.py:545} INFO - Filling up the DagBag from /opt/airflow/dags/main.py
[2026-05-26T18:07:04.081+0000] {processor.py:840} INFO - DAG(s) 'produce_json', 'update_db' retrieved from /opt/airflow/dags/main.py
[2026-05-26T18:07:04.127+0000] {logging_mixin.py:188} INFO - [2026-05-26T18:07:04.127+0000] {dag.py:3096} INFO - Sync 2 DAGs
[2026-05-26T18:07:04.154+0000] {logging_mixin.py:188} INFO - [2026-05-26T18:07:04.154+0000] {dag.py:3954} INFO - Setting next_dagrun for produce_json to 2026-05-25 11:00:00+00:00, run_after=2026-05-26 11:00:00+00:00
[2026-05-26T18:07:04.163+0000] {logging_mixin.py:188} INFO - [2026-05-26T18:07:04.162+0000] {dag.py:3954} INFO - Setting next_dagrun for update_db to 2026-05-25 12:00:00+00:00, run_after=2026-05-26 12:00:00+00:00
[2026-05-26T18:07:04.249+0000] {processor.py:183} INFO - Processing /opt/airflow/dags/main.py took 0.471 seconds
[2026-05-26T18:07:34.530+0000] {processor.py:161} INFO - Started process (PID=542) to work on /opt/airflow/dags/main.py
[2026-05-26T18:07:34.534+0000] {processor.py:830} INFO - Processing file /opt/airflow/dags/main.py for tasks to queue
[2026-05-26T18:07:34.539+0000] {logging_mixin.py:188} INFO - [2026-05-26T18:07:34.538+0000] {dagbag.py:545} INFO - Filling up the DagBag from /opt/airflow/dags/main.py
[2026-05-26T18:07:34.861+0000] {processor.py:840} INFO - DAG(s) 'produce_json', 'update_db' retrieved from /opt/airflow/dags/main.py
[2026-05-26T18:07:34.914+0000] {logging_mixin.py:188} INFO - [2026-05-26T18:07:34.913+0000] {dag.py:3096} INFO - Sync 2 DAGs
[2026-05-26T18:07:34.948+0000] {logging_mixin.py:188} INFO - [2026-05-26T18:07:34.948+0000] {dag.py:3954} INFO - Setting next_dagrun for produce_json to 2026-05-25 11:00:00+00:00, run_after=2026-05-26 11:00:00+00:00
[2026-05-26T18:07:34.956+0000] {logging_mixin.py:188} INFO - [2026-05-26T18:07:34.956+0000] {dag.py:3954} INFO - Setting next_dagrun for update_db to 2026-05-25 12:00:00+00:00, run_after=2026-05-26 12:00:00+00:00
[2026-05-26T18:07:35.047+0000] {processor.py:183} INFO - Processing /opt/airflow/dags/main.py took 0.538 seconds
[2026-05-26T18:08:05.486+0000] {processor.py:161} INFO - Started process (PID=549) to work on /opt/airflow/dags/main.py
[2026-05-26T18:08:05.489+0000] {processor.py:830} INFO - Processing file /opt/airflow/dags/main.py for tasks to queue
[2026-05-26T18:08:05.494+0000] {logging_mixin.py:188} INFO - [2026-05-26T18:08:05.493+0000] {dagbag.py:545} INFO - Filling up the DagBag from /opt/airflow/dags/main.py
[2026-05-26T18:08:05.785+0000] {processor.py:840} INFO - DAG(s) 'produce_json', 'update_db' retrieved from /opt/airflow/dags/main.py
[2026-05-26T18:08:05.845+0000] {logging_mixin.py:188} INFO - [2026-05-26T18:08:05.844+0000] {dag.py:3096} INFO - Sync 2 DAGs
[2026-05-26T18:08:05.868+0000] {logging_mixin.py:188} INFO - [2026-05-26T18:08:05.868+0000] {dag.py:3954} INFO - Setting next_dagrun for produce_json to 2026-05-25 11:00:00+00:00, run_after=2026-05-26 11:00:00+00:00
[2026-05-26T18:08:05.875+0000] {logging_mixin.py:188} INFO - [2026-05-26T18:08:05.875+0000] {dag.py:3954} INFO - Setting next_dagrun for update_db to 2026-05-25 12:00:00+00:00, run_after=2026-05-26 12:00:00+00:00
[2026-05-26T18:08:05.964+0000] {processor.py:183} INFO - Processing /opt/airflow/dags/main.py took 0.496 seconds
[2026-05-26T18:08:36.355+0000] {processor.py:161} INFO - Started process (PID=556) to work on /opt/airflow/dags/main.py
[2026-05-26T18:08:36.358+0000] {processor.py:830} INFO - Processing file /opt/airflow/dags/main.py for tasks to queue
[2026-05-26T18:08:36.361+0000] {logging_mixin.py:188} INFO - [2026-05-26T18:08:36.361+0000] {dagbag.py:545} INFO - Filling up the DagBag from /opt/airflow/dags/main.py
[2026-05-26T18:08:36.544+0000] {processor.py:840} INFO - DAG(s) 'produce_json', 'update_db' retrieved from /opt/airflow/dags/main.py
[2026-05-26T18:08:36.588+0000] {logging_mixin.py:188} INFO - [2026-05-26T18:08:36.588+0000] {dag.py:3096} INFO - Sync 2 DAGs
[2026-05-26T18:08:36.618+0000] {logging_mixin.py:188} INFO - [2026-05-26T18:08:36.618+0000] {dag.py:3954} INFO - Setting next_dagrun for produce_json to 2026-05-25 11:00:00+00:00, run_after=2026-05-26 11:00:00+00:00
[2026-05-26T18:08:36.624+0000] {logging_mixin.py:188} INFO - [2026-05-26T18:08:36.624+0000] {dag.py:3954} INFO - Setting next_dagrun for update_db to 2026-05-25 12:00:00+00:00, run_after=2026-05-26 12:00:00+00:00
[2026-05-26T18:08:36.698+0000] {processor.py:183} INFO - Processing /opt/airflow/dags/main.py took 0.360 seconds
[2026-05-26T18:09:07.229+0000] {processor.py:161} INFO - Started process (PID=563) to work on /opt/airflow/dags/main.py
[2026-05-26T18:09:07.232+0000] {processor.py:830} INFO - Processing file /opt/airflow/dags/main.py for tasks to queue
[2026-05-26T18:09:07.237+0000] {logging_mixin.py:188} INFO - [2026-05-26T18:09:07.237+0000] {dagbag.py:545} INFO - Filling up the DagBag from /opt/airflow/dags/main.py
[2026-05-26T18:09:07.453+0000] {processor.py:840} INFO - DAG(s) 'produce_json', 'update_db' retrieved from /opt/airflow/dags/main.py
[2026-05-26T18:09:07.528+0000] {logging_mixin.py:188} INFO - [2026-05-26T18:09:07.528+0000] {dag.py:3096} INFO - Sync 2 DAGs
[2026-05-26T18:09:07.559+0000] {logging_mixin.py:188} INFO - [2026-05-26T18:09:07.559+0000] {dag.py:3954} INFO - Setting next_dagrun for produce_json to 2026-05-25 11:00:00+00:00, run_after=2026-05-26 11:00:00+00:00
[2026-05-26T18:09:07.566+0000] {logging_mixin.py:188} INFO - [2026-05-26T18:09:07.566+0000] {dag.py:3954} INFO - Setting next_dagrun for update_db to 2026-05-25 12:00:00+00:00, run_after=2026-05-26 12:00:00+00:00
[2026-05-26T18:09:07.593+0000] {processor.py:183} INFO - Processing /opt/airflow/dags/main.py took 0.390 seconds
[2026-05-26T18:09:37.791+0000] {processor.py:161} INFO - Started process (PID=570) to work on /opt/airflow/dags/main.py
[2026-05-26T18:09:37.792+0000] {processor.py:830} INFO - Processing file /opt/airflow/dags/main.py for tasks to queue
[2026-05-26T18:09:37.796+0000] {logging_mixin.py:188} INFO - [2026-05-26T18:09:37.796+0000] {dagbag.py:545} INFO - Filling up the DagBag from /opt/airflow/dags/main.py
[2026-05-26T18:09:38.063+0000] {processor.py:840} INFO - DAG(s) 'produce_json', 'update_db' retrieved from /opt/airflow/dags/main.py
[2026-05-26T18:09:38.127+0000] {logging_mixin.py:188} INFO - [2026-05-26T18:09:38.126+0000] {dag.py:3096} INFO - Sync 2 DAGs
[2026-05-26T18:09:38.158+0000] {logging_mixin.py:188} INFO - [2026-05-26T18:09:38.158+0000] {dag.py:3954} INFO - Setting next_dagrun for produce_json to 2026-05-25 11:00:00+00:00, run_after=2026-05-26 11:00:00+00:00
[2026-05-26T18:09:38.165+0000] {logging_mixin.py:188} INFO - [2026-05-26T18:09:38.165+0000] {dag.py:3954} INFO - Setting next_dagrun for update_db to 2026-05-25 12:00:00+00:00, run_after=2026-05-26 12:00:00+00:00
[2026-05-26T18:09:38.229+0000] {processor.py:183} INFO - Processing /opt/airflow/dags/main.py took 0.448 seconds
[2026-05-26T18:10:08.715+0000] {processor.py:161} INFO - Started process (PID=577) to work on /opt/airflow/dags/main.py
[2026-05-26T18:10:08.718+0000] {processor.py:830} INFO - Processing file /opt/airflow/dags/main.py for tasks to queue
[2026-05-26T18:10:08.723+0000] {logging_mixin.py:188} INFO - [2026-05-26T18:10:08.722+0000] {dagbag.py:545} INFO - Filling up the DagBag from /opt/airflow/dags/main.py
[2026-05-26T18:10:09.031+0000] {processor.py:840} INFO - DAG(s) 'produce_json', 'update_db' retrieved from /opt/airflow/dags/main.py
[2026-05-26T18:10:09.096+0000] {logging_mixin.py:188} INFO - [2026-05-26T18:10:09.096+0000] {dag.py:3096} INFO - Sync 2 DAGs
[2026-05-26T18:10:09.142+0000] {logging_mixin.py:188} INFO - [2026-05-26T18:10:09.142+0000] {dag.py:3954} INFO - Setting next_dagrun for produce_json to 2026-05-25 11:00:00+00:00, run_after=2026-05-26 11:00:00+00:00
[2026-05-26T18:10:09.154+0000] {logging_mixin.py:188} INFO - [2026-05-26T18:10:09.154+0000] {dag.py:3954} INFO - Setting next_dagrun for update_db to 2026-05-25 12:00:00+00:00, run_after=2026-05-26 12:00:00+00:00
[2026-05-26T18:10:09.247+0000] {processor.py:183} INFO - Processing /opt/airflow/dags/main.py took 0.550 seconds
[2026-05-26T18:10:39.675+0000] {processor.py:161} INFO - Started process (PID=584) to work on /opt/airflow/dags/main.py
[2026-05-26T18:10:39.678+0000] {processor.py:830} INFO - Processing file /opt/airflow/dags/main.py for tasks to queue
[2026-05-26T18:10:39.682+0000] {logging_mixin.py:188} INFO - [2026-05-26T18:10:39.681+0000] {dagbag.py:545} INFO - Filling up the DagBag from /opt/airflow/dags/main.py
[2026-05-26T18:10:39.895+0000] {processor.py:840} INFO - DAG(s) 'produce_json', 'update_db' retrieved from /opt/airflow/dags/main.py
[2026-05-26T18:10:39.965+0000] {logging_mixin.py:188} INFO - [2026-05-26T18:10:39.965+0000] {dag.py:3096} INFO - Sync 2 DAGs
[2026-05-26T18:10:40.010+0000] {logging_mixin.py:188} INFO - [2026-05-26T18:10:40.010+0000] {dag.py:3954} INFO - Setting next_dagrun for produce_json to 2026-05-25 11:00:00+00:00, run_after=2026-05-26 11:00:00+00:00
[2026-05-26T18:10:40.018+0000] {logging_mixin.py:188} INFO - [2026-05-26T18:10:40.018+0000] {dag.py:3954} INFO - Setting next_dagrun for update_db to 2026-05-25 12:00:00+00:00, run_after=2026-05-26 12:00:00+00:00
[2026-05-26T18:10:40.059+0000] {processor.py:183} INFO - Processing /opt/airflow/dags/main.py took 0.405 seconds
[2026-05-26T18:11:10.504+0000] {processor.py:161} INFO - Started process (PID=591) to work on /opt/airflow/dags/main.py
[2026-05-26T18:11:10.507+0000] {processor.py:830} INFO - Processing file /opt/airflow/dags/main.py for tasks to queue
[2026-05-26T18:11:10.512+0000] {logging_mixin.py:188} INFO - [2026-05-26T18:11:10.512+0000] {dagbag.py:545} INFO - Filling up the DagBag from /opt/airflow/dags/main.py
[2026-05-26T18:11:10.733+0000] {processor.py:840} INFO - DAG(s) 'update_db', 'produce_json' retrieved from /opt/airflow/dags/main.py
[2026-05-26T18:11:10.784+0000] {logging_mixin.py:188} INFO - [2026-05-26T18:11:10.783+0000] {dag.py:3096} INFO - Sync 2 DAGs
[2026-05-26T18:11:10.809+0000] {logging_mixin.py:188} INFO - [2026-05-26T18:11:10.809+0000] {dag.py:3954} INFO - Setting next_dagrun for produce_json to 2026-05-25 11:00:00+00:00, run_after=2026-05-26 11:00:00+00:00
[2026-05-26T18:11:10.816+0000] {logging_mixin.py:188} INFO - [2026-05-26T18:11:10.816+0000] {dag.py:3954} INFO - Setting next_dagrun for update_db to 2026-05-25 12:00:00+00:00, run_after=2026-05-26 12:00:00+00:00
[2026-05-26T18:11:10.901+0000] {processor.py:183} INFO - Processing /opt/airflow/dags/main.py took 0.414 seconds
[2026-05-26T18:11:41.443+0000] {processor.py:161} INFO - Started process (PID=598) to work on /opt/airflow/dags/main.py
[2026-05-26T18:11:41.446+0000] {processor.py:830} INFO - Processing file /opt/airflow/dags/main.py for tasks to queue
[2026-05-26T18:11:41.449+0000] {logging_mixin.py:188} INFO - [2026-05-26T18:11:41.449+0000] {dagbag.py:545} INFO - Filling up the DagBag from /opt/airflow/dags/main.py
[2026-05-26T18:11:41.657+0000] {processor.py:840} INFO - DAG(s) 'produce_json', 'update_db' retrieved from /opt/airflow/dags/main.py
[2026-05-26T18:11:41.728+0000] {logging_mixin.py:188} INFO - [2026-05-26T18:11:41.728+0000] {dag.py:3096} INFO - Sync 2 DAGs
[2026-05-26T18:11:41.785+0000] {logging_mixin.py:188} INFO - [2026-05-26T18:11:41.785+0000] {dag.py:3954} INFO - Setting next_dagrun for produce_json to 2026-05-25 11:00:00+00:00, run_after=2026-05-26 11:00:00+00:00
[2026-05-26T18:11:41.798+0000] {logging_mixin.py:188} INFO - [2026-05-26T18:11:41.797+0000] {dag.py:3954} INFO - Setting next_dagrun for update_db to 2026-05-25 12:00:00+00:00, run_after=2026-05-26 12:00:00+00:00
[2026-05-26T18:11:41.840+0000] {processor.py:183} INFO - Processing /opt/airflow/dags/main.py took 0.416 seconds
[2026-05-26T18:12:12.308+0000] {processor.py:161} INFO - Started process (PID=605) to work on /opt/airflow/dags/main.py
[2026-05-26T18:12:12.311+0000] {processor.py:830} INFO - Processing file /opt/airflow/dags/main.py for tasks to queue
[2026-05-26T18:12:12.314+0000] {logging_mixin.py:188} INFO - [2026-05-26T18:12:12.314+0000] {dagbag.py:545} INFO - Filling up the DagBag from /opt/airflow/dags/main.py
[2026-05-26T18:12:12.552+0000] {processor.py:840} INFO - DAG(s) 'update_db', 'produce_json' retrieved from /opt/airflow/dags/main.py
[2026-05-26T18:12:12.622+0000] {logging_mixin.py:188} INFO - [2026-05-26T18:12:12.622+0000] {dag.py:3096} INFO - Sync 2 DAGs
[2026-05-26T18:12:12.669+0000] {logging_mixin.py:188} INFO - [2026-05-26T18:12:12.668+0000] {dag.py:3954} INFO - Setting next_dagrun for produce_json to 2026-05-25 11:00:00+00:00, run_after=2026-05-26 11:00:00+00:00
[2026-05-26T18:12:12.677+0000] {logging_mixin.py:188} INFO - [2026-05-26T18:12:12.677+0000] {dag.py:3954} INFO - Setting next_dagrun for update_db to 2026-05-25 12:00:00+00:00, run_after=2026-05-26 12:00:00+00:00
[2026-05-26T18:12:12.767+0000] {processor.py:183} INFO - Processing /opt/airflow/dags/main.py took 0.475 seconds
[2026-05-26T18:12:43.315+0000] {processor.py:161} INFO - Started process (PID=612) to work on /opt/airflow/dags/main.py
[2026-05-26T18:12:43.318+0000] {processor.py:830} INFO - Processing file /opt/airflow/dags/main.py for tasks to queue
[2026-05-26T18:12:43.322+0000] {logging_mixin.py:188} INFO - [2026-05-26T18:12:43.321+0000] {dagbag.py:545} INFO - Filling up the DagBag from /opt/airflow/dags/main.py
[2026-05-26T18:12:43.593+0000] {processor.py:840} INFO - DAG(s) 'update_db', 'produce_json' retrieved from /opt/airflow/dags/main.py
[2026-05-26T18:12:43.660+0000] {logging_mixin.py:188} INFO - [2026-05-26T18:12:43.660+0000] {dag.py:3096} INFO - Sync 2 DAGs
[2026-05-26T18:12:43.685+0000] {logging_mixin.py:188} INFO - [2026-05-26T18:12:43.685+0000] {dag.py:3954} INFO - Setting next_dagrun for produce_json to 2026-05-25 11:00:00+00:00, run_after=2026-05-26 11:00:00+00:00
[2026-05-26T18:12:43.691+0000] {logging_mixin.py:188} INFO - [2026-05-26T18:12:43.691+0000] {dag.py:3954} INFO - Setting next_dagrun for update_db to 2026-05-25 12:00:00+00:00, run_after=2026-05-26 12:00:00+00:00
[2026-05-26T18:12:43.772+0000] {processor.py:183} INFO - Processing /opt/airflow/dags/main.py took 0.481 seconds
[2026-05-26T18:13:14.175+0000] {processor.py:161} INFO - Started process (PID=619) to work on /opt/airflow/dags/main.py
[2026-05-26T18:13:14.177+0000] {processor.py:830} INFO - Processing file /opt/airflow/dags/main.py for tasks to queue
[2026-05-26T18:13:14.181+0000] {logging_mixin.py:188} INFO - [2026-05-26T18:13:14.181+0000] {dagbag.py:545} INFO - Filling up the DagBag from /opt/airflow/dags/main.py
[2026-05-26T18:13:14.450+0000] {processor.py:840} INFO - DAG(s) 'update_db', 'produce_json' retrieved from /opt/airflow/dags/main.py
[2026-05-26T18:13:14.515+0000] {logging_mixin.py:188} INFO - [2026-05-26T18:13:14.515+0000] {dag.py:3096} INFO - Sync 2 DAGs
[2026-05-26T18:13:14.538+0000] {logging_mixin.py:188} INFO - [2026-05-26T18:13:14.538+0000] {dag.py:3954} INFO - Setting next_dagrun for produce_json to 2026-05-25 11:00:00+00:00, run_after=2026-05-26 11:00:00+00:00
[2026-05-26T18:13:14.544+0000] {logging_mixin.py:188} INFO - [2026-05-26T18:13:14.544+0000] {dag.py:3954} INFO - Setting next_dagrun for update_db to 2026-05-25 12:00:00+00:00, run_after=2026-05-26 12:00:00+00:00
[2026-05-26T18:13:14.628+0000] {processor.py:183} INFO - Processing /opt/airflow/dags/main.py took 0.469 seconds
[2026-05-26T18:13:45.129+0000] {processor.py:161} INFO - Started process (PID=626) to work on /opt/airflow/dags/main.py
[2026-05-26T18:13:45.132+0000] {processor.py:830} INFO - Processing file /opt/airflow/dags/main.py for tasks to queue
[2026-05-26T18:13:45.137+0000] {logging_mixin.py:188} INFO - [2026-05-26T18:13:45.136+0000] {dagbag.py:545} INFO - Filling up the DagBag from /opt/airflow/dags/main.py
[2026-05-26T18:13:45.457+0000] {processor.py:840} INFO - DAG(s) 'update_db', 'produce_json' retrieved from /opt/airflow/dags/main.py
[2026-05-26T18:13:45.528+0000] {logging_mixin.py:188} INFO - [2026-05-26T18:13:45.528+0000] {dag.py:3096} INFO - Sync 2 DAGs
[2026-05-26T18:13:45.576+0000] {logging_mixin.py:188} INFO - [2026-05-26T18:13:45.575+0000] {dag.py:3954} INFO - Setting next_dagrun for produce_json to 2026-05-25 11:00:00+00:00, run_after=2026-05-26 11:00:00+00:00
[2026-05-26T18:13:45.588+0000] {logging_mixin.py:188} INFO - [2026-05-26T18:13:45.588+0000] {dag.py:3954} INFO - Setting next_dagrun for update_db to 2026-05-25 12:00:00+00:00, run_after=2026-05-26 12:00:00+00:00
[2026-05-26T18:13:45.629+0000] {processor.py:183} INFO - Processing /opt/airflow/dags/main.py took 0.516 seconds
[2026-05-26T18:14:16.204+0000] {processor.py:161} INFO - Started process (PID=634) to work on /opt/airflow/dags/main.py
[2026-05-26T18:14:16.206+0000] {processor.py:830} INFO - Processing file /opt/airflow/dags/main.py for tasks to queue
[2026-05-26T18:14:16.209+0000] {logging_mixin.py:188} INFO - [2026-05-26T18:14:16.209+0000] {dagbag.py:545} INFO - Filling up the DagBag from /opt/airflow/dags/main.py
[2026-05-26T18:14:16.467+0000] {processor.py:840} INFO - DAG(s) 'update_db', 'produce_json' retrieved from /opt/airflow/dags/main.py
[2026-05-26T18:14:16.519+0000] {logging_mixin.py:188} INFO - [2026-05-26T18:14:16.519+0000] {dag.py:3096} INFO - Sync 2 DAGs
[2026-05-26T18:14:16.542+0000] {logging_mixin.py:188} INFO - [2026-05-26T18:14:16.542+0000] {dag.py:3954} INFO - Setting next_dagrun for produce_json to 2026-05-25 11:00:00+00:00, run_after=2026-05-26 11:00:00+00:00
[2026-05-26T18:14:16.548+0000] {logging_mixin.py:188} INFO - [2026-05-26T18:14:16.548+0000] {dag.py:3954} INFO - Setting next_dagrun for update_db to 2026-05-25 12:00:00+00:00, run_after=2026-05-26 12:00:00+00:00
[2026-05-26T18:14:16.631+0000] {processor.py:183} INFO - Processing /opt/airflow/dags/main.py took 0.438 seconds
[2026-05-26T18:14:47.082+0000] {processor.py:161} INFO - Started process (PID=641) to work on /opt/airflow/dags/main.py
[2026-05-26T18:14:47.084+0000] {processor.py:830} INFO - Processing file /opt/airflow/dags/main.py for tasks to queue
[2026-05-26T18:14:47.087+0000] {logging_mixin.py:188} INFO - [2026-05-26T18:14:47.087+0000] {dagbag.py:545} INFO - Filling up the DagBag from /opt/airflow/dags/main.py
[2026-05-26T18:14:47.273+0000] {processor.py:840} INFO - DAG(s) 'update_db', 'produce_json' retrieved from /opt/airflow/dags/main.py
[2026-05-26T18:14:47.321+0000] {logging_mixin.py:188} INFO - [2026-05-26T18:14:47.321+0000] {dag.py:3096} INFO - Sync 2 DAGs
[2026-05-26T18:14:47.351+0000] {logging_mixin.py:188} INFO - [2026-05-26T18:14:47.351+0000] {dag.py:3954} INFO - Setting next_dagrun for produce_json to 2026-05-25 11:00:00+00:00, run_after=2026-05-26 11:00:00+00:00
[2026-05-26T18:14:47.358+0000] {logging_mixin.py:188} INFO - [2026-05-26T18:14:47.358+0000] {dag.py:3954} INFO - Setting next_dagrun for update_db to 2026-05-25 12:00:00+00:00, run_after=2026-05-26 12:00:00+00:00
[2026-05-26T18:14:47.418+0000] {processor.py:183} INFO - Processing /opt/airflow/dags/main.py took 0.349 seconds
[2026-05-26T18:15:17.542+0000] {processor.py:161} INFO - Started process (PID=648) to work on /opt/airflow/dags/main.py
[2026-05-26T18:15:17.545+0000] {processor.py:830} INFO - Processing file /opt/airflow/dags/main.py for tasks to queue
[2026-05-26T18:15:17.549+0000] {logging_mixin.py:188} INFO - [2026-05-26T18:15:17.548+0000] {dagbag.py:545} INFO - Filling up the DagBag from /opt/airflow/dags/main.py
[2026-05-26T18:15:17.757+0000] {processor.py:840} INFO - DAG(s) 'produce_json', 'update_db' retrieved from /opt/airflow/dags/main.py
[2026-05-26T18:15:17.808+0000] {logging_mixin.py:188} INFO - [2026-05-26T18:15:17.808+0000] {dag.py:3096} INFO - Sync 2 DAGs
[2026-05-26T18:15:17.845+0000] {logging_mixin.py:188} INFO - [2026-05-26T18:15:17.845+0000] {dag.py:3954} INFO - Setting next_dagrun for produce_json to 2026-05-25 11:00:00+00:00, run_after=2026-05-26 11:00:00+00:00
[2026-05-26T18:15:17.859+0000] {logging_mixin.py:188} INFO - [2026-05-26T18:15:17.858+0000] {dag.py:3954} INFO - Setting next_dagrun for update_db to 2026-05-25 12:00:00+00:00, run_after=2026-05-26 12:00:00+00:00
[2026-05-26T18:15:17.942+0000] {processor.py:183} INFO - Processing /opt/airflow/dags/main.py took 0.418 seconds
[2026-05-26T18:15:48.201+0000] {processor.py:161} INFO - Started process (PID=655) to work on /opt/airflow/dags/main.py
[2026-05-26T18:15:48.204+0000] {processor.py:830} INFO - Processing file /opt/airflow/dags/main.py for tasks to queue
[2026-05-26T18:15:48.208+0000] {logging_mixin.py:188} INFO - [2026-05-26T18:15:48.208+0000] {dagbag.py:545} INFO - Filling up the DagBag from /opt/airflow/dags/main.py
[2026-05-26T18:15:48.478+0000] {processor.py:840} INFO - DAG(s) 'produce_json', 'update_db' retrieved from /opt/airflow/dags/main.py
[2026-05-26T18:15:48.517+0000] {logging_mixin.py:188} INFO - [2026-05-26T18:15:48.517+0000] {dag.py:3096} INFO - Sync 2 DAGs
[2026-05-26T18:15:48.545+0000] {logging_mixin.py:188} INFO - [2026-05-26T18:15:48.544+0000] {dag.py:3954} INFO - Setting next_dagrun for produce_json to 2026-05-25 11:00:00+00:00, run_after=2026-05-26 11:00:00+00:00
[2026-05-26T18:15:48.551+0000] {logging_mixin.py:188} INFO - [2026-05-26T18:15:48.551+0000] {dag.py:3954} INFO - Setting next_dagrun for update_db to 2026-05-25 12:00:00+00:00, run_after=2026-05-26 12:00:00+00:00
[2026-05-26T18:15:48.579+0000] {processor.py:183} INFO - Processing /opt/airflow/dags/main.py took 0.398 seconds
[2026-05-26T18:17:22.797+0000] {processor.py:161} INFO - Started process (PID=59) to work on /opt/airflow/dags/main.py
[2026-05-26T18:17:22.799+0000] {processor.py:830} INFO - Processing file /opt/airflow/dags/main.py for tasks to queue
[2026-05-26T18:17:22.804+0000] {logging_mixin.py:188} INFO - [2026-05-26T18:17:22.803+0000] {dagbag.py:545} INFO - Filling up the DagBag from /opt/airflow/dags/main.py
[2026-05-26T18:17:23.174+0000] {processor.py:840} INFO - DAG(s) 'update_db', 'produce_json' retrieved from /opt/airflow/dags/main.py
[2026-05-26T18:17:23.617+0000] {logging_mixin.py:188} INFO - [2026-05-26T18:17:23.617+0000] {dag.py:3096} INFO - Sync 2 DAGs
[2026-05-26T18:17:23.662+0000] {logging_mixin.py:188} INFO - [2026-05-26T18:17:23.661+0000] {dag.py:3954} INFO - Setting next_dagrun for produce_json to 2026-05-25 11:00:00+00:00, run_after=2026-05-26 11:00:00+00:00
[2026-05-26T18:17:23.671+0000] {logging_mixin.py:188} INFO - [2026-05-26T18:17:23.671+0000] {dag.py:3954} INFO - Setting next_dagrun for update_db to 2026-05-25 12:00:00+00:00, run_after=2026-05-26 12:00:00+00:00
[2026-05-26T18:17:23.746+0000] {processor.py:183} INFO - Processing /opt/airflow/dags/main.py took 0.963 seconds
[2026-05-26T18:17:54.133+0000] {processor.py:161} INFO - Started process (PID=66) to work on /opt/airflow/dags/main.py
[2026-05-26T18:17:54.136+0000] {processor.py:830} INFO - Processing file /opt/airflow/dags/main.py for tasks to queue
[2026-05-26T18:17:54.139+0000] {logging_mixin.py:188} INFO - [2026-05-26T18:17:54.139+0000] {dagbag.py:545} INFO - Filling up the DagBag from /opt/airflow/dags/main.py
[2026-05-26T18:17:54.372+0000] {processor.py:840} INFO - DAG(s) 'update_db', 'produce_json' retrieved from /opt/airflow/dags/main.py
[2026-05-26T18:17:54.417+0000] {logging_mixin.py:188} INFO - [2026-05-26T18:17:54.416+0000] {dag.py:3096} INFO - Sync 2 DAGs
[2026-05-26T18:17:54.452+0000] {logging_mixin.py:188} INFO - [2026-05-26T18:17:54.452+0000] {dag.py:3954} INFO - Setting next_dagrun for produce_json to 2026-05-25 11:00:00+00:00, run_after=2026-05-26 11:00:00+00:00
[2026-05-26T18:17:54.459+0000] {logging_mixin.py:188} INFO - [2026-05-26T18:17:54.459+0000] {dag.py:3954} INFO - Setting next_dagrun for update_db to 2026-05-25 12:00:00+00:00, run_after=2026-05-26 12:00:00+00:00
[2026-05-26T18:17:54.489+0000] {processor.py:183} INFO - Processing /opt/airflow/dags/main.py took 0.369 seconds
[2026-05-26T18:18:24.902+0000] {processor.py:161} INFO - Started process (PID=73) to work on /opt/airflow/dags/main.py
[2026-05-26T18:18:24.904+0000] {processor.py:830} INFO - Processing file /opt/airflow/dags/main.py for tasks to queue
[2026-05-26T18:18:24.906+0000] {logging_mixin.py:188} INFO - [2026-05-26T18:18:24.906+0000] {dagbag.py:545} INFO - Filling up the DagBag from /opt/airflow/dags/main.py
[2026-05-26T18:18:25.127+0000] {processor.py:840} INFO - DAG(s) 'update_db', 'produce_json' retrieved from /opt/airflow/dags/main.py
[2026-05-26T18:18:25.168+0000] {logging_mixin.py:188} INFO - [2026-05-26T18:18:25.167+0000] {dag.py:3096} INFO - Sync 2 DAGs
[2026-05-26T18:18:25.201+0000] {logging_mixin.py:188} INFO - [2026-05-26T18:18:25.200+0000] {dag.py:3954} INFO - Setting next_dagrun for produce_json to 2026-05-25 11:00:00+00:00, run_after=2026-05-26 11:00:00+00:00
[2026-05-26T18:18:25.209+0000] {logging_mixin.py:188} INFO - [2026-05-26T18:18:25.208+0000] {dag.py:3954} INFO - Setting next_dagrun for update_db to 2026-05-25 12:00:00+00:00, run_after=2026-05-26 12:00:00+00:00
[2026-05-26T18:18:25.282+0000] {processor.py:183} INFO - Processing /opt/airflow/dags/main.py took 0.395 seconds
[2026-05-26T18:18:55.745+0000] {processor.py:161} INFO - Started process (PID=86) to work on /opt/airflow/dags/main.py
[2026-05-26T18:18:55.747+0000] {processor.py:830} INFO - Processing file /opt/airflow/dags/main.py for tasks to queue
[2026-05-26T18:18:55.751+0000] {logging_mixin.py:188} INFO - [2026-05-26T18:18:55.751+0000] {dagbag.py:545} INFO - Filling up the DagBag from /opt/airflow/dags/main.py
[2026-05-26T18:18:55.917+0000] {processor.py:840} INFO - DAG(s) 'update_db', 'produce_json' retrieved from /opt/airflow/dags/main.py
[2026-05-26T18:18:55.971+0000] {logging_mixin.py:188} INFO - [2026-05-26T18:18:55.970+0000] {dag.py:3096} INFO - Sync 2 DAGs
[2026-05-26T18:18:56.007+0000] {logging_mixin.py:188} INFO - [2026-05-26T18:18:56.007+0000] {dag.py:3954} INFO - Setting next_dagrun for produce_json to 2026-05-25 11:00:00+00:00, run_after=2026-05-26 11:00:00+00:00
[2026-05-26T18:18:56.013+0000] {logging_mixin.py:188} INFO - [2026-05-26T18:18:56.013+0000] {dag.py:3954} INFO - Setting next_dagrun for update_db to 2026-05-25 12:00:00+00:00, run_after=2026-05-26 12:00:00+00:00
[2026-05-26T18:18:56.065+0000] {processor.py:183} INFO - Processing /opt/airflow/dags/main.py took 0.338 seconds
[2026-05-26T18:19:26.541+0000] {processor.py:161} INFO - Started process (PID=93) to work on /opt/airflow/dags/main.py
[2026-05-26T18:19:26.544+0000] {processor.py:830} INFO - Processing file /opt/airflow/dags/main.py for tasks to queue
[2026-05-26T18:19:26.548+0000] {logging_mixin.py:188} INFO - [2026-05-26T18:19:26.547+0000] {dagbag.py:545} INFO - Filling up the DagBag from /opt/airflow/dags/main.py
[2026-05-26T18:19:26.770+0000] {processor.py:840} INFO - DAG(s) 'produce_json', 'update_db' retrieved from /opt/airflow/dags/main.py
[2026-05-26T18:19:26.834+0000] {logging_mixin.py:188} INFO - [2026-05-26T18:19:26.834+0000] {dag.py:3096} INFO - Sync 2 DAGs
[2026-05-26T18:19:26.879+0000] {logging_mixin.py:188} INFO - [2026-05-26T18:19:26.878+0000] {dag.py:3954} INFO - Setting next_dagrun for produce_json to 2026-05-25 11:00:00+00:00, run_after=2026-05-26 11:00:00+00:00
[2026-05-26T18:19:26.891+0000] {logging_mixin.py:188} INFO - [2026-05-26T18:19:26.890+0000] {dag.py:3954} INFO - Setting next_dagrun for update_db to 2026-05-25 12:00:00+00:00, run_after=2026-05-26 12:00:00+00:00
[2026-05-26T18:19:26.986+0000] {processor.py:183} INFO - Processing /opt/airflow/dags/main.py took 0.465 seconds
[2026-05-26T18:19:57.418+0000] {processor.py:161} INFO - Started process (PID=100) to work on /opt/airflow/dags/main.py
[2026-05-26T18:19:57.420+0000] {processor.py:830} INFO - Processing file /opt/airflow/dags/main.py for tasks to queue
[2026-05-26T18:19:57.423+0000] {logging_mixin.py:188} INFO - [2026-05-26T18:19:57.422+0000] {dagbag.py:545} INFO - Filling up the DagBag from /opt/airflow/dags/main.py
[2026-05-26T18:19:57.616+0000] {processor.py:840} INFO - DAG(s) 'produce_json', 'update_db' retrieved from /opt/airflow/dags/main.py
[2026-05-26T18:19:57.686+0000] {logging_mixin.py:188} INFO - [2026-05-26T18:19:57.685+0000] {dag.py:3096} INFO - Sync 2 DAGs
[2026-05-26T18:19:57.725+0000] {logging_mixin.py:188} INFO - [2026-05-26T18:19:57.724+0000] {dag.py:3954} INFO - Setting next_dagrun for produce_json to 2026-05-25 11:00:00+00:00, run_after=2026-05-26 11:00:00+00:00
[2026-05-26T18:19:57.732+0000] {logging_mixin.py:188} INFO - [2026-05-26T18:19:57.732+0000] {dag.py:3954} INFO - Setting next_dagrun for update_db to 2026-05-25 12:00:00+00:00, run_after=2026-05-26 12:00:00+00:00
[2026-05-26T18:19:57.758+0000] {processor.py:183} INFO - Processing /opt/airflow/dags/main.py took 0.352 seconds
[2026-05-26T18:20:30.025+0000] {processor.py:161} INFO - Started process (PID=107) to work on /opt/airflow/dags/main.py
[2026-05-26T18:20:30.028+0000] {processor.py:830} INFO - Processing file /opt/airflow/dags/main.py for tasks to queue
[2026-05-26T18:20:30.037+0000] {logging_mixin.py:188} INFO - [2026-05-26T18:20:30.036+0000] {dagbag.py:545} INFO - Filling up the DagBag from /opt/airflow/dags/main.py
[2026-05-26T18:20:30.314+0000] {processor.py:840} INFO - DAG(s) 'produce_json', 'update_db' retrieved from /opt/airflow/dags/main.py
[2026-05-26T18:20:30.400+0000] {logging_mixin.py:188} INFO - [2026-05-26T18:20:30.399+0000] {dag.py:3096} INFO - Sync 2 DAGs
[2026-05-26T18:20:30.481+0000] {logging_mixin.py:188} INFO - [2026-05-26T18:20:30.480+0000] {dag.py:3954} INFO - Setting next_dagrun for produce_json to 2026-05-25 11:00:00+00:00, run_after=2026-05-26 11:00:00+00:00
[2026-05-26T18:20:30.496+0000] {logging_mixin.py:188} INFO - [2026-05-26T18:20:30.495+0000] {dag.py:3954} INFO - Setting next_dagrun for update_db to 2026-05-25 12:00:00+00:00, run_after=2026-05-26 12:00:00+00:00
[2026-05-26T18:20:30.527+0000] {processor.py:183} INFO - Processing /opt/airflow/dags/main.py took 0.534 seconds
[2026-05-26T22:42:48.397+0000] {processor.py:161} INFO - Started process (PID=108) to work on /opt/airflow/dags/main.py
[2026-05-26T22:42:48.401+0000] {processor.py:830} INFO - Processing file /opt/airflow/dags/main.py for tasks to queue
[2026-05-26T22:42:48.412+0000] {logging_mixin.py:188} INFO - [2026-05-26T22:42:48.411+0000] {dagbag.py:545} INFO - Filling up the DagBag from /opt/airflow/dags/main.py
[2026-05-26T22:42:49.691+0000] {processor.py:840} INFO - DAG(s) 'update_db', 'produce_json' retrieved from /opt/airflow/dags/main.py
[2026-05-26T22:42:49.951+0000] {logging_mixin.py:188} INFO - [2026-05-26T22:42:49.950+0000] {dag.py:3096} INFO - Sync 2 DAGs
[2026-05-26T22:42:50.097+0000] {logging_mixin.py:188} INFO - [2026-05-26T22:42:50.096+0000] {dag.py:3954} INFO - Setting next_dagrun for produce_json to 2026-05-25 11:00:00+00:00, run_after=2026-05-26 11:00:00+00:00
[2026-05-26T22:42:50.121+0000] {logging_mixin.py:188} INFO - [2026-05-26T22:42:50.120+0000] {dag.py:3954} INFO - Setting next_dagrun for update_db to 2026-05-25 12:00:00+00:00, run_after=2026-05-26 12:00:00+00:00
[2026-05-26T22:42:50.210+0000] {processor.py:183} INFO - Processing /opt/airflow/dags/main.py took 1.827 seconds
[2026-05-26T22:43:20.544+0000] {processor.py:161} INFO - Started process (PID=115) to work on /opt/airflow/dags/main.py
[2026-05-26T22:43:20.546+0000] {processor.py:830} INFO - Processing file /opt/airflow/dags/main.py for tasks to queue
[2026-05-26T22:43:20.549+0000] {logging_mixin.py:188} INFO - [2026-05-26T22:43:20.548+0000] {dagbag.py:545} INFO - Filling up the DagBag from /opt/airflow/dags/main.py
[2026-05-26T22:43:20.762+0000] {processor.py:840} INFO - DAG(s) 'update_db', 'produce_json' retrieved from /opt/airflow/dags/main.py
[2026-05-26T22:43:20.819+0000] {logging_mixin.py:188} INFO - [2026-05-26T22:43:20.818+0000] {dag.py:3096} INFO - Sync 2 DAGs
[2026-05-26T22:43:20.854+0000] {logging_mixin.py:188} INFO - [2026-05-26T22:43:20.854+0000] {dag.py:3954} INFO - Setting next_dagrun for produce_json to 2026-05-25 11:00:00+00:00, run_after=2026-05-26 11:00:00+00:00
[2026-05-26T22:43:20.859+0000] {logging_mixin.py:188} INFO - [2026-05-26T22:43:20.859+0000] {dag.py:3954} INFO - Setting next_dagrun for update_db to 2026-05-25 12:00:00+00:00, run_after=2026-05-26 12:00:00+00:00
[2026-05-26T22:43:20.882+0000] {processor.py:183} INFO - Processing /opt/airflow/dags/main.py took 0.346 seconds
[2026-05-26T22:43:51.168+0000] {processor.py:161} INFO - Started process (PID=122) to work on /opt/airflow/dags/main.py
[2026-05-26T22:43:51.170+0000] {processor.py:830} INFO - Processing file /opt/airflow/dags/main.py for tasks to queue
[2026-05-26T22:43:51.172+0000] {logging_mixin.py:188} INFO - [2026-05-26T22:43:51.172+0000] {dagbag.py:545} INFO - Filling up the DagBag from /opt/airflow/dags/main.py
[2026-05-26T22:43:51.395+0000] {processor.py:840} INFO - DAG(s) 'update_db', 'produce_json' retrieved from /opt/airflow/dags/main.py
[2026-05-26T22:43:51.466+0000] {logging_mixin.py:188} INFO - [2026-05-26T22:43:51.466+0000] {dag.py:3096} INFO - Sync 2 DAGs
[2026-05-26T22:43:51.515+0000] {logging_mixin.py:188} INFO - [2026-05-26T22:43:51.514+0000] {dag.py:3954} INFO - Setting next_dagrun for produce_json to 2026-05-25 11:00:00+00:00, run_after=2026-05-26 11:00:00+00:00
[2026-05-26T22:43:51.528+0000] {logging_mixin.py:188} INFO - [2026-05-26T22:43:51.527+0000] {dag.py:3954} INFO - Setting next_dagrun for update_db to 2026-05-25 12:00:00+00:00, run_after=2026-05-26 12:00:00+00:00
[2026-05-26T22:43:51.560+0000] {processor.py:183} INFO - Processing /opt/airflow/dags/main.py took 0.401 seconds
[2026-05-26T22:44:21.946+0000] {processor.py:161} INFO - Started process (PID=129) to work on /opt/airflow/dags/main.py
[2026-05-26T22:44:21.949+0000] {processor.py:830} INFO - Processing file /opt/airflow/dags/main.py for tasks to queue
[2026-05-26T22:44:21.953+0000] {logging_mixin.py:188} INFO - [2026-05-26T22:44:21.953+0000] {dagbag.py:545} INFO - Filling up the DagBag from /opt/airflow/dags/main.py
[2026-05-26T22:44:22.190+0000] {processor.py:840} INFO - DAG(s) 'update_db', 'produce_json' retrieved from /opt/airflow/dags/main.py
[2026-05-26T22:44:22.234+0000] {logging_mixin.py:188} INFO - [2026-05-26T22:44:22.234+0000] {dag.py:3096} INFO - Sync 2 DAGs
[2026-05-26T22:44:22.262+0000] {logging_mixin.py:188} INFO - [2026-05-26T22:44:22.262+0000] {dag.py:3954} INFO - Setting next_dagrun for produce_json to 2026-05-25 11:00:00+00:00, run_after=2026-05-26 11:00:00+00:00
[2026-05-26T22:44:22.269+0000] {logging_mixin.py:188} INFO - [2026-05-26T22:44:22.268+0000] {dag.py:3954} INFO - Setting next_dagrun for update_db to 2026-05-25 12:00:00+00:00, run_after=2026-05-26 12:00:00+00:00
[2026-05-26T22:44:22.340+0000] {processor.py:183} INFO - Processing /opt/airflow/dags/main.py took 0.411 seconds
[2026-05-26T22:44:52.768+0000] {processor.py:161} INFO - Started process (PID=136) to work on /opt/airflow/dags/main.py
[2026-05-26T22:44:52.770+0000] {processor.py:830} INFO - Processing file /opt/airflow/dags/main.py for tasks to queue
[2026-05-26T22:44:52.773+0000] {logging_mixin.py:188} INFO - [2026-05-26T22:44:52.772+0000] {dagbag.py:545} INFO - Filling up the DagBag from /opt/airflow/dags/main.py
[2026-05-26T22:44:52.955+0000] {processor.py:840} INFO - DAG(s) 'produce_json', 'update_db' retrieved from /opt/airflow/dags/main.py
[2026-05-26T22:44:53.005+0000] {logging_mixin.py:188} INFO - [2026-05-26T22:44:53.005+0000] {dag.py:3096} INFO - Sync 2 DAGs
[2026-05-26T22:44:53.034+0000] {logging_mixin.py:188} INFO - [2026-05-26T22:44:53.034+0000] {dag.py:3954} INFO - Setting next_dagrun for produce_json to 2026-05-25 11:00:00+00:00, run_after=2026-05-26 11:00:00+00:00
[2026-05-26T22:44:53.041+0000] {logging_mixin.py:188} INFO - [2026-05-26T22:44:53.041+0000] {dag.py:3954} INFO - Setting next_dagrun for update_db to 2026-05-25 12:00:00+00:00, run_after=2026-05-26 12:00:00+00:00
[2026-05-26T22:44:53.063+0000] {processor.py:183} INFO - Processing /opt/airflow/dags/main.py took 0.306 seconds
[2026-05-26T22:45:23.509+0000] {processor.py:161} INFO - Started process (PID=143) to work on /opt/airflow/dags/main.py
[2026-05-26T22:45:23.512+0000] {processor.py:830} INFO - Processing file /opt/airflow/dags/main.py for tasks to queue
[2026-05-26T22:45:23.517+0000] {logging_mixin.py:188} INFO - [2026-05-26T22:45:23.516+0000] {dagbag.py:545} INFO - Filling up the DagBag from /opt/airflow/dags/main.py
[2026-05-26T22:45:23.865+0000] {processor.py:840} INFO - DAG(s) 'update_db', 'produce_json' retrieved from /opt/airflow/dags/main.py
[2026-05-26T22:45:23.942+0000] {logging_mixin.py:188} INFO - [2026-05-26T22:45:23.941+0000] {dag.py:3096} INFO - Sync 2 DAGs
[2026-05-26T22:45:23.977+0000] {logging_mixin.py:188} INFO - [2026-05-26T22:45:23.976+0000] {dag.py:3954} INFO - Setting next_dagrun for produce_json to 2026-05-25 11:00:00+00:00, run_after=2026-05-26 11:00:00+00:00
[2026-05-26T22:45:23.983+0000] {logging_mixin.py:188} INFO - [2026-05-26T22:45:23.983+0000] {dag.py:3954} INFO - Setting next_dagrun for update_db to 2026-05-25 12:00:00+00:00, run_after=2026-05-26 12:00:00+00:00
[2026-05-26T22:45:24.008+0000] {processor.py:183} INFO - Processing /opt/airflow/dags/main.py took 0.516 seconds
[2026-05-26T22:45:54.376+0000] {processor.py:161} INFO - Started process (PID=150) to work on /opt/airflow/dags/main.py
[2026-05-26T22:45:54.378+0000] {processor.py:830} INFO - Processing file /opt/airflow/dags/main.py for tasks to queue
[2026-05-26T22:45:54.381+0000] {logging_mixin.py:188} INFO - [2026-05-26T22:45:54.380+0000] {dagbag.py:545} INFO - Filling up the DagBag from /opt/airflow/dags/main.py
[2026-05-26T22:45:54.585+0000] {processor.py:840} INFO - DAG(s) 'update_db', 'produce_json' retrieved from /opt/airflow/dags/main.py
[2026-05-26T22:45:54.632+0000] {logging_mixin.py:188} INFO - [2026-05-26T22:45:54.632+0000] {dag.py:3096} INFO - Sync 2 DAGs
[2026-05-26T22:45:54.662+0000] {logging_mixin.py:188} INFO - [2026-05-26T22:45:54.661+0000] {dag.py:3954} INFO - Setting next_dagrun for produce_json to 2026-05-25 11:00:00+00:00, run_after=2026-05-26 11:00:00+00:00
[2026-05-26T22:45:54.669+0000] {logging_mixin.py:188} INFO - [2026-05-26T22:45:54.668+0000] {dag.py:3954} INFO - Setting next_dagrun for update_db to 2026-05-25 12:00:00+00:00, run_after=2026-05-26 12:00:00+00:00
[2026-05-26T22:45:54.747+0000] {processor.py:183} INFO - Processing /opt/airflow/dags/main.py took 0.383 seconds
[2026-05-26T22:51:39.057+0000] {processor.py:161} INFO - Started process (PID=58) to work on /opt/airflow/dags/main.py
[2026-05-26T22:51:39.059+0000] {processor.py:830} INFO - Processing file /opt/airflow/dags/main.py for tasks to queue
[2026-05-26T22:51:39.064+0000] {logging_mixin.py:188} INFO - [2026-05-26T22:51:39.063+0000] {dagbag.py:545} INFO - Filling up the DagBag from /opt/airflow/dags/main.py
[2026-05-26T22:51:39.356+0000] {processor.py:840} INFO - DAG(s) 'update_db', 'produce_json' retrieved from /opt/airflow/dags/main.py
[2026-05-26T22:51:39.704+0000] {logging_mixin.py:188} INFO - [2026-05-26T22:51:39.704+0000] {dag.py:3096} INFO - Sync 2 DAGs
[2026-05-26T22:51:39.734+0000] {logging_mixin.py:188} INFO - [2026-05-26T22:51:39.734+0000] {dag.py:3954} INFO - Setting next_dagrun for produce_json to 2026-05-25 11:00:00+00:00, run_after=2026-05-26 11:00:00+00:00
[2026-05-26T22:51:39.740+0000] {logging_mixin.py:188} INFO - [2026-05-26T22:51:39.740+0000] {dag.py:3954} INFO - Setting next_dagrun for update_db to 2026-05-25 12:00:00+00:00, run_after=2026-05-26 12:00:00+00:00
[2026-05-26T22:51:39.767+0000] {processor.py:183} INFO - Processing /opt/airflow/dags/main.py took 0.719 seconds
[2026-05-26T22:52:10.235+0000] {processor.py:161} INFO - Started process (PID=65) to work on /opt/airflow/dags/main.py
[2026-05-26T22:52:10.237+0000] {processor.py:830} INFO - Processing file /opt/airflow/dags/main.py for tasks to queue
[2026-05-26T22:52:10.242+0000] {logging_mixin.py:188} INFO - [2026-05-26T22:52:10.241+0000] {dagbag.py:545} INFO - Filling up the DagBag from /opt/airflow/dags/main.py
[2026-05-26T22:52:10.444+0000] {processor.py:840} INFO - DAG(s) 'produce_json', 'update_db' retrieved from /opt/airflow/dags/main.py
[2026-05-26T22:52:10.490+0000] {logging_mixin.py:188} INFO - [2026-05-26T22:52:10.490+0000] {dag.py:3096} INFO - Sync 2 DAGs
[2026-05-26T22:52:10.548+0000] {logging_mixin.py:188} INFO - [2026-05-26T22:52:10.548+0000] {dag.py:3954} INFO - Setting next_dagrun for produce_json to 2026-05-25 11:00:00+00:00, run_after=2026-05-26 11:00:00+00:00
[2026-05-26T22:52:10.561+0000] {logging_mixin.py:188} INFO - [2026-05-26T22:52:10.560+0000] {dag.py:3954} INFO - Setting next_dagrun for update_db to 2026-05-25 12:00:00+00:00, run_after=2026-05-26 12:00:00+00:00
[2026-05-26T22:52:10.658+0000] {processor.py:183} INFO - Processing /opt/airflow/dags/main.py took 0.443 seconds
[2026-05-26T22:52:40.847+0000] {processor.py:161} INFO - Started process (PID=72) to work on /opt/airflow/dags/main.py
[2026-05-26T22:52:40.850+0000] {processor.py:830} INFO - Processing file /opt/airflow/dags/main.py for tasks to queue
[2026-05-26T22:52:40.858+0000] {logging_mixin.py:188} INFO - [2026-05-26T22:52:40.857+0000] {dagbag.py:545} INFO - Filling up the DagBag from /opt/airflow/dags/main.py
[2026-05-26T22:52:41.108+0000] {processor.py:840} INFO - DAG(s) 'produce_json', 'update_db' retrieved from /opt/airflow/dags/main.py
[2026-05-26T22:52:41.161+0000] {logging_mixin.py:188} INFO - [2026-05-26T22:52:41.161+0000] {dag.py:3096} INFO - Sync 2 DAGs
[2026-05-26T22:52:41.196+0000] {logging_mixin.py:188} INFO - [2026-05-26T22:52:41.195+0000] {dag.py:3954} INFO - Setting next_dagrun for produce_json to 2026-05-25 11:00:00+00:00, run_after=2026-05-26 11:00:00+00:00
[2026-05-26T22:52:41.205+0000] {logging_mixin.py:188} INFO - [2026-05-26T22:52:41.205+0000] {dag.py:3954} INFO - Setting next_dagrun for update_db to 2026-05-25 12:00:00+00:00, run_after=2026-05-26 12:00:00+00:00
[2026-05-26T22:52:41.278+0000] {processor.py:183} INFO - Processing /opt/airflow/dags/main.py took 0.450 seconds
[2026-05-26T22:53:11.552+0000] {processor.py:161} INFO - Started process (PID=79) to work on /opt/airflow/dags/main.py
[2026-05-26T22:53:11.555+0000] {processor.py:830} INFO - Processing file /opt/airflow/dags/main.py for tasks to queue
[2026-05-26T22:53:11.558+0000] {logging_mixin.py:188} INFO - [2026-05-26T22:53:11.558+0000] {dagbag.py:545} INFO - Filling up the DagBag from /opt/airflow/dags/main.py
[2026-05-26T22:53:11.801+0000] {processor.py:840} INFO - DAG(s) 'produce_json', 'update_db' retrieved from /opt/airflow/dags/main.py
[2026-05-26T22:53:11.835+0000] {logging_mixin.py:188} INFO - [2026-05-26T22:53:11.835+0000] {dag.py:3096} INFO - Sync 2 DAGs
[2026-05-26T22:53:11.869+0000] {logging_mixin.py:188} INFO - [2026-05-26T22:53:11.869+0000] {dag.py:3954} INFO - Setting next_dagrun for produce_json to 2026-05-25 11:00:00+00:00, run_after=2026-05-26 11:00:00+00:00
[2026-05-26T22:53:11.878+0000] {logging_mixin.py:188} INFO - [2026-05-26T22:53:11.878+0000] {dag.py:3954} INFO - Setting next_dagrun for update_db to 2026-05-25 12:00:00+00:00, run_after=2026-05-26 12:00:00+00:00
[2026-05-26T22:53:11.969+0000] {processor.py:183} INFO - Processing /opt/airflow/dags/main.py took 0.439 seconds
[2026-05-26T22:53:42.169+0000] {processor.py:161} INFO - Started process (PID=86) to work on /opt/airflow/dags/main.py
[2026-05-26T22:53:42.172+0000] {processor.py:830} INFO - Processing file /opt/airflow/dags/main.py for tasks to queue
[2026-05-26T22:53:42.176+0000] {logging_mixin.py:188} INFO - [2026-05-26T22:53:42.175+0000] {dagbag.py:545} INFO - Filling up the DagBag from /opt/airflow/dags/main.py
[2026-05-26T22:53:42.421+0000] {processor.py:840} INFO - DAG(s) 'produce_json', 'update_db' retrieved from /opt/airflow/dags/main.py
[2026-05-26T22:53:42.489+0000] {logging_mixin.py:188} INFO - [2026-05-26T22:53:42.489+0000] {dag.py:3096} INFO - Sync 2 DAGs
[2026-05-26T22:53:42.515+0000] {logging_mixin.py:188} INFO - [2026-05-26T22:53:42.515+0000] {dag.py:3954} INFO - Setting next_dagrun for produce_json to 2026-05-25 11:00:00+00:00, run_after=2026-05-26 11:00:00+00:00
[2026-05-26T22:53:42.521+0000] {logging_mixin.py:188} INFO - [2026-05-26T22:53:42.520+0000] {dag.py:3954} INFO - Setting next_dagrun for update_db to 2026-05-25 12:00:00+00:00, run_after=2026-05-26 12:00:00+00:00
[2026-05-26T22:53:42.589+0000] {processor.py:183} INFO - Processing /opt/airflow/dags/main.py took 0.443 seconds
[2026-05-26T22:54:12.819+0000] {processor.py:161} INFO - Started process (PID=93) to work on /opt/airflow/dags/main.py
[2026-05-26T22:54:12.823+0000] {processor.py:830} INFO - Processing file /opt/airflow/dags/main.py for tasks to queue
[2026-05-26T22:54:12.828+0000] {logging_mixin.py:188} INFO - [2026-05-26T22:54:12.827+0000] {dagbag.py:545} INFO - Filling up the DagBag from /opt/airflow/dags/main.py
[2026-05-26T22:54:12.971+0000] {processor.py:840} INFO - DAG(s) 'update_db', 'produce_json' retrieved from /opt/airflow/dags/main.py
[2026-05-26T22:54:13.020+0000] {logging_mixin.py:188} INFO - [2026-05-26T22:54:13.019+0000] {dag.py:3096} INFO - Sync 2 DAGs
[2026-05-26T22:54:13.054+0000] {logging_mixin.py:188} INFO - [2026-05-26T22:54:13.054+0000] {dag.py:3954} INFO - Setting next_dagrun for produce_json to 2026-05-25 11:00:00+00:00, run_after=2026-05-26 11:00:00+00:00
[2026-05-26T22:54:13.060+0000] {logging_mixin.py:188} INFO - [2026-05-26T22:54:13.060+0000] {dag.py:3954} INFO - Setting next_dagrun for update_db to 2026-05-25 12:00:00+00:00, run_after=2026-05-26 12:00:00+00:00
[2026-05-26T22:54:13.154+0000] {processor.py:183} INFO - Processing /opt/airflow/dags/main.py took 0.352 seconds
[2026-05-26T22:54:43.355+0000] {processor.py:161} INFO - Started process (PID=100) to work on /opt/airflow/dags/main.py
[2026-05-26T22:54:43.358+0000] {processor.py:830} INFO - Processing file /opt/airflow/dags/main.py for tasks to queue
[2026-05-26T22:54:43.363+0000] {logging_mixin.py:188} INFO - [2026-05-26T22:54:43.362+0000] {dagbag.py:545} INFO - Filling up the DagBag from /opt/airflow/dags/main.py
[2026-05-26T22:54:43.591+0000] {processor.py:840} INFO - DAG(s) 'update_db', 'produce_json' retrieved from /opt/airflow/dags/main.py
[2026-05-26T22:54:43.648+0000] {logging_mixin.py:188} INFO - [2026-05-26T22:54:43.648+0000] {dag.py:3096} INFO - Sync 2 DAGs
[2026-05-26T22:54:43.697+0000] {logging_mixin.py:188} INFO - [2026-05-26T22:54:43.696+0000] {dag.py:3954} INFO - Setting next_dagrun for produce_json to 2026-05-25 11:00:00+00:00, run_after=2026-05-26 11:00:00+00:00
[2026-05-26T22:54:43.709+0000] {logging_mixin.py:188} INFO - [2026-05-26T22:54:43.708+0000] {dag.py:3954} INFO - Setting next_dagrun for update_db to 2026-05-25 12:00:00+00:00, run_after=2026-05-26 12:00:00+00:00
[2026-05-26T22:54:43.788+0000] {processor.py:183} INFO - Processing /opt/airflow/dags/main.py took 0.454 seconds
[2026-05-26T22:55:13.957+0000] {processor.py:161} INFO - Started process (PID=107) to work on /opt/airflow/dags/main.py
[2026-05-26T22:55:13.961+0000] {processor.py:830} INFO - Processing file /opt/airflow/dags/main.py for tasks to queue
[2026-05-26T22:55:13.967+0000] {logging_mixin.py:188} INFO - [2026-05-26T22:55:13.966+0000] {dagbag.py:545} INFO - Filling up the DagBag from /opt/airflow/dags/main.py
[2026-05-26T22:55:14.304+0000] {processor.py:840} INFO - DAG(s) 'update_db', 'produce_json' retrieved from /opt/airflow/dags/main.py
[2026-05-26T22:55:14.368+0000] {logging_mixin.py:188} INFO - [2026-05-26T22:55:14.368+0000] {dag.py:3096} INFO - Sync 2 DAGs
[2026-05-26T22:55:14.398+0000] {logging_mixin.py:188} INFO - [2026-05-26T22:55:14.398+0000] {dag.py:3954} INFO - Setting next_dagrun for produce_json to 2026-05-25 11:00:00+00:00, run_after=2026-05-26 11:00:00+00:00
[2026-05-26T22:55:14.404+0000] {logging_mixin.py:188} INFO - [2026-05-26T22:55:14.404+0000] {dag.py:3954} INFO - Setting next_dagrun for update_db to 2026-05-25 12:00:00+00:00, run_after=2026-05-26 12:00:00+00:00
[2026-05-26T22:55:14.489+0000] {processor.py:183} INFO - Processing /opt/airflow/dags/main.py took 0.552 seconds
[2026-05-26T22:55:44.618+0000] {processor.py:161} INFO - Started process (PID=114) to work on /opt/airflow/dags/main.py
[2026-05-26T22:55:44.620+0000] {processor.py:830} INFO - Processing file /opt/airflow/dags/main.py for tasks to queue
[2026-05-26T22:55:44.622+0000] {logging_mixin.py:188} INFO - [2026-05-26T22:55:44.622+0000] {dagbag.py:545} INFO - Filling up the DagBag from /opt/airflow/dags/main.py
[2026-05-26T22:55:44.817+0000] {processor.py:840} INFO - DAG(s) 'produce_json', 'update_db' retrieved from /opt/airflow/dags/main.py
[2026-05-26T22:55:44.859+0000] {logging_mixin.py:188} INFO - [2026-05-26T22:55:44.859+0000] {dag.py:3096} INFO - Sync 2 DAGs
[2026-05-26T22:55:44.886+0000] {logging_mixin.py:188} INFO - [2026-05-26T22:55:44.886+0000] {dag.py:3954} INFO - Setting next_dagrun for produce_json to 2026-05-25 11:00:00+00:00, run_after=2026-05-26 11:00:00+00:00
[2026-05-26T22:55:44.892+0000] {logging_mixin.py:188} INFO - [2026-05-26T22:55:44.892+0000] {dag.py:3954} INFO - Setting next_dagrun for update_db to 2026-05-25 12:00:00+00:00, run_after=2026-05-26 12:00:00+00:00
[2026-05-26T22:55:44.983+0000] {processor.py:183} INFO - Processing /opt/airflow/dags/main.py took 0.375 seconds
[2026-05-26T22:56:15.351+0000] {processor.py:161} INFO - Started process (PID=121) to work on /opt/airflow/dags/main.py
[2026-05-26T22:56:15.354+0000] {processor.py:830} INFO - Processing file /opt/airflow/dags/main.py for tasks to queue
[2026-05-26T22:56:15.360+0000] {logging_mixin.py:188} INFO - [2026-05-26T22:56:15.359+0000] {dagbag.py:545} INFO - Filling up the DagBag from /opt/airflow/dags/main.py
[2026-05-26T22:56:15.598+0000] {processor.py:840} INFO - DAG(s) 'produce_json', 'update_db' retrieved from /opt/airflow/dags/main.py
[2026-05-26T22:56:15.641+0000] {logging_mixin.py:188} INFO - [2026-05-26T22:56:15.640+0000] {dag.py:3096} INFO - Sync 2 DAGs
[2026-05-26T22:56:15.678+0000] {logging_mixin.py:188} INFO - [2026-05-26T22:56:15.678+0000] {dag.py:3954} INFO - Setting next_dagrun for produce_json to 2026-05-25 11:00:00+00:00, run_after=2026-05-26 11:00:00+00:00
[2026-05-26T22:56:15.692+0000] {logging_mixin.py:188} INFO - [2026-05-26T22:56:15.691+0000] {dag.py:3954} INFO - Setting next_dagrun for update_db to 2026-05-25 12:00:00+00:00, run_after=2026-05-26 12:00:00+00:00
[2026-05-26T22:56:15.793+0000] {processor.py:183} INFO - Processing /opt/airflow/dags/main.py took 0.459 seconds
[2026-05-26T22:56:46.053+0000] {processor.py:161} INFO - Started process (PID=128) to work on /opt/airflow/dags/main.py
[2026-05-26T22:56:46.056+0000] {processor.py:830} INFO - Processing file /opt/airflow/dags/main.py for tasks to queue
[2026-05-26T22:56:46.060+0000] {logging_mixin.py:188} INFO - [2026-05-26T22:56:46.060+0000] {dagbag.py:545} INFO - Filling up the DagBag from /opt/airflow/dags/main.py
[2026-05-26T22:56:46.313+0000] {processor.py:840} INFO - DAG(s) 'update_db', 'produce_json' retrieved from /opt/airflow/dags/main.py
[2026-05-26T22:56:46.354+0000] {logging_mixin.py:188} INFO - [2026-05-26T22:56:46.354+0000] {dag.py:3096} INFO - Sync 2 DAGs
[2026-05-26T22:56:46.384+0000] {logging_mixin.py:188} INFO - [2026-05-26T22:56:46.383+0000] {dag.py:3954} INFO - Setting next_dagrun for produce_json to 2026-05-25 11:00:00+00:00, run_after=2026-05-26 11:00:00+00:00
[2026-05-26T22:56:46.391+0000] {logging_mixin.py:188} INFO - [2026-05-26T22:56:46.391+0000] {dag.py:3954} INFO - Setting next_dagrun for update_db to 2026-05-25 12:00:00+00:00, run_after=2026-05-26 12:00:00+00:00
[2026-05-26T22:56:46.460+0000] {processor.py:183} INFO - Processing /opt/airflow/dags/main.py took 0.420 seconds
[2026-05-26T22:57:16.635+0000] {processor.py:161} INFO - Started process (PID=135) to work on /opt/airflow/dags/main.py
[2026-05-26T22:57:16.637+0000] {processor.py:830} INFO - Processing file /opt/airflow/dags/main.py for tasks to queue
[2026-05-26T22:57:16.641+0000] {logging_mixin.py:188} INFO - [2026-05-26T22:57:16.640+0000] {dagbag.py:545} INFO - Filling up the DagBag from /opt/airflow/dags/main.py
[2026-05-26T22:57:16.819+0000] {processor.py:840} INFO - DAG(s) 'produce_json', 'update_db' retrieved from /opt/airflow/dags/main.py
[2026-05-26T22:57:16.857+0000] {logging_mixin.py:188} INFO - [2026-05-26T22:57:16.856+0000] {dag.py:3096} INFO - Sync 2 DAGs
[2026-05-26T22:57:16.884+0000] {logging_mixin.py:188} INFO - [2026-05-26T22:57:16.884+0000] {dag.py:3954} INFO - Setting next_dagrun for produce_json to 2026-05-25 11:00:00+00:00, run_after=2026-05-26 11:00:00+00:00
[2026-05-26T22:57:16.891+0000] {logging_mixin.py:188} INFO - [2026-05-26T22:57:16.891+0000] {dag.py:3954} INFO - Setting next_dagrun for update_db to 2026-05-25 12:00:00+00:00, run_after=2026-05-26 12:00:00+00:00
[2026-05-26T22:57:16.918+0000] {processor.py:183} INFO - Processing /opt/airflow/dags/main.py took 0.297 seconds
[2026-05-26T22:57:47.272+0000] {processor.py:161} INFO - Started process (PID=142) to work on /opt/airflow/dags/main.py
[2026-05-26T22:57:47.275+0000] {processor.py:830} INFO - Processing file /opt/airflow/dags/main.py for tasks to queue
[2026-05-26T22:57:47.278+0000] {logging_mixin.py:188} INFO - [2026-05-26T22:57:47.278+0000] {dagbag.py:545} INFO - Filling up the DagBag from /opt/airflow/dags/main.py
[2026-05-26T22:57:47.518+0000] {processor.py:840} INFO - DAG(s) 'produce_json', 'update_db' retrieved from /opt/airflow/dags/main.py
[2026-05-26T22:57:47.563+0000] {logging_mixin.py:188} INFO - [2026-05-26T22:57:47.563+0000] {dag.py:3096} INFO - Sync 2 DAGs
[2026-05-26T22:57:47.604+0000] {logging_mixin.py:188} INFO - [2026-05-26T22:57:47.603+0000] {dag.py:3954} INFO - Setting next_dagrun for produce_json to 2026-05-25 11:00:00+00:00, run_after=2026-05-26 11:00:00+00:00
[2026-05-26T22:57:47.617+0000] {logging_mixin.py:188} INFO - [2026-05-26T22:57:47.616+0000] {dag.py:3954} INFO - Setting next_dagrun for update_db to 2026-05-25 12:00:00+00:00, run_after=2026-05-26 12:00:00+00:00
[2026-05-26T22:57:47.658+0000] {processor.py:183} INFO - Processing /opt/airflow/dags/main.py took 0.401 seconds
[2026-05-26T22:58:18.066+0000] {processor.py:161} INFO - Started process (PID=149) to work on /opt/airflow/dags/main.py
[2026-05-26T22:58:18.068+0000] {processor.py:830} INFO - Processing file /opt/airflow/dags/main.py for tasks to queue
[2026-05-26T22:58:18.073+0000] {logging_mixin.py:188} INFO - [2026-05-26T22:58:18.072+0000] {dagbag.py:545} INFO - Filling up the DagBag from /opt/airflow/dags/main.py
[2026-05-26T22:58:18.290+0000] {processor.py:840} INFO - DAG(s) 'produce_json', 'update_db' retrieved from /opt/airflow/dags/main.py
[2026-05-26T22:58:18.342+0000] {logging_mixin.py:188} INFO - [2026-05-26T22:58:18.342+0000] {dag.py:3096} INFO - Sync 2 DAGs
[2026-05-26T22:58:18.389+0000] {logging_mixin.py:188} INFO - [2026-05-26T22:58:18.389+0000] {dag.py:3954} INFO - Setting next_dagrun for produce_json to 2026-05-25 11:00:00+00:00, run_after=2026-05-26 11:00:00+00:00
[2026-05-26T22:58:18.397+0000] {logging_mixin.py:188} INFO - [2026-05-26T22:58:18.396+0000] {dag.py:3954} INFO - Setting next_dagrun for update_db to 2026-05-25 12:00:00+00:00, run_after=2026-05-26 12:00:00+00:00
[2026-05-26T22:58:18.424+0000] {processor.py:183} INFO - Processing /opt/airflow/dags/main.py took 0.373 seconds
[2026-05-26T22:58:48.869+0000] {processor.py:161} INFO - Started process (PID=156) to work on /opt/airflow/dags/main.py
[2026-05-26T22:58:48.872+0000] {processor.py:830} INFO - Processing file /opt/airflow/dags/main.py for tasks to queue
[2026-05-26T22:58:48.878+0000] {logging_mixin.py:188} INFO - [2026-05-26T22:58:48.877+0000] {dagbag.py:545} INFO - Filling up the DagBag from /opt/airflow/dags/main.py
[2026-05-26T22:58:49.044+0000] {processor.py:840} INFO - DAG(s) 'produce_json', 'update_db' retrieved from /opt/airflow/dags/main.py
[2026-05-26T22:58:49.093+0000] {logging_mixin.py:188} INFO - [2026-05-26T22:58:49.093+0000] {dag.py:3096} INFO - Sync 2 DAGs
[2026-05-26T22:58:49.132+0000] {logging_mixin.py:188} INFO - [2026-05-26T22:58:49.132+0000] {dag.py:3954} INFO - Setting next_dagrun for produce_json to 2026-05-25 11:00:00+00:00, run_after=2026-05-26 11:00:00+00:00
[2026-05-26T22:58:49.140+0000] {logging_mixin.py:188} INFO - [2026-05-26T22:58:49.140+0000] {dag.py:3954} INFO - Setting next_dagrun for update_db to 2026-05-25 12:00:00+00:00, run_after=2026-05-26 12:00:00+00:00
[2026-05-26T22:58:49.216+0000] {processor.py:183} INFO - Processing /opt/airflow/dags/main.py took 0.371 seconds
[2026-05-26T22:59:19.681+0000] {processor.py:161} INFO - Started process (PID=163) to work on /opt/airflow/dags/main.py
[2026-05-26T22:59:19.684+0000] {processor.py:830} INFO - Processing file /opt/airflow/dags/main.py for tasks to queue
[2026-05-26T22:59:19.688+0000] {logging_mixin.py:188} INFO - [2026-05-26T22:59:19.687+0000] {dagbag.py:545} INFO - Filling up the DagBag from /opt/airflow/dags/main.py
[2026-05-26T22:59:19.962+0000] {processor.py:840} INFO - DAG(s) 'produce_json', 'update_db' retrieved from /opt/airflow/dags/main.py
[2026-05-26T22:59:20.034+0000] {logging_mixin.py:188} INFO - [2026-05-26T22:59:20.034+0000] {dag.py:3096} INFO - Sync 2 DAGs
[2026-05-26T22:59:20.069+0000] {logging_mixin.py:188} INFO - [2026-05-26T22:59:20.068+0000] {dag.py:3954} INFO - Setting next_dagrun for produce_json to 2026-05-25 11:00:00+00:00, run_after=2026-05-26 11:00:00+00:00
[2026-05-26T22:59:20.079+0000] {logging_mixin.py:188} INFO - [2026-05-26T22:59:20.079+0000] {dag.py:3954} INFO - Setting next_dagrun for update_db to 2026-05-25 12:00:00+00:00, run_after=2026-05-26 12:00:00+00:00
[2026-05-26T22:59:20.156+0000] {processor.py:183} INFO - Processing /opt/airflow/dags/main.py took 0.494 seconds
[2026-05-26T22:59:50.659+0000] {processor.py:161} INFO - Started process (PID=170) to work on /opt/airflow/dags/main.py
[2026-05-26T22:59:50.662+0000] {processor.py:830} INFO - Processing file /opt/airflow/dags/main.py for tasks to queue
[2026-05-26T22:59:50.667+0000] {logging_mixin.py:188} INFO - [2026-05-26T22:59:50.667+0000] {dagbag.py:545} INFO - Filling up the DagBag from /opt/airflow/dags/main.py
[2026-05-26T22:59:50.892+0000] {processor.py:840} INFO - DAG(s) 'produce_json', 'update_db' retrieved from /opt/airflow/dags/main.py
[2026-05-26T22:59:50.951+0000] {logging_mixin.py:188} INFO - [2026-05-26T22:59:50.951+0000] {dag.py:3096} INFO - Sync 2 DAGs
[2026-05-26T22:59:51.007+0000] {logging_mixin.py:188} INFO - [2026-05-26T22:59:51.007+0000] {dag.py:3954} INFO - Setting next_dagrun for produce_json to 2026-05-25 11:00:00+00:00, run_after=2026-05-26 11:00:00+00:00
[2026-05-26T22:59:51.020+0000] {logging_mixin.py:188} INFO - [2026-05-26T22:59:51.020+0000] {dag.py:3954} INFO - Setting next_dagrun for update_db to 2026-05-25 12:00:00+00:00, run_after=2026-05-26 12:00:00+00:00
[2026-05-26T22:59:51.114+0000] {processor.py:183} INFO - Processing /opt/airflow/dags/main.py took 0.479 seconds
[2026-05-26T23:00:21.458+0000] {processor.py:161} INFO - Started process (PID=177) to work on /opt/airflow/dags/main.py
[2026-05-26T23:00:21.460+0000] {processor.py:830} INFO - Processing file /opt/airflow/dags/main.py for tasks to queue
[2026-05-26T23:00:21.463+0000] {logging_mixin.py:188} INFO - [2026-05-26T23:00:21.463+0000] {dagbag.py:545} INFO - Filling up the DagBag from /opt/airflow/dags/main.py
[2026-05-26T23:00:21.657+0000] {processor.py:840} INFO - DAG(s) 'produce_json', 'update_db' retrieved from /opt/airflow/dags/main.py
[2026-05-26T23:00:21.727+0000] {logging_mixin.py:188} INFO - [2026-05-26T23:00:21.726+0000] {dag.py:3096} INFO - Sync 2 DAGs
[2026-05-26T23:00:21.760+0000] {logging_mixin.py:188} INFO - [2026-05-26T23:00:21.759+0000] {dag.py:3954} INFO - Setting next_dagrun for produce_json to 2026-05-25 11:00:00+00:00, run_after=2026-05-26 11:00:00+00:00
[2026-05-26T23:00:21.766+0000] {logging_mixin.py:188} INFO - [2026-05-26T23:00:21.766+0000] {dag.py:3954} INFO - Setting next_dagrun for update_db to 2026-05-25 12:00:00+00:00, run_after=2026-05-26 12:00:00+00:00
[2026-05-26T23:00:21.790+0000] {processor.py:183} INFO - Processing /opt/airflow/dags/main.py took 0.352 seconds
[2026-05-26T23:00:51.906+0000] {processor.py:161} INFO - Started process (PID=184) to work on /opt/airflow/dags/main.py
[2026-05-26T23:00:51.908+0000] {processor.py:830} INFO - Processing file /opt/airflow/dags/main.py for tasks to queue
[2026-05-26T23:00:51.911+0000] {logging_mixin.py:188} INFO - [2026-05-26T23:00:51.910+0000] {dagbag.py:545} INFO - Filling up the DagBag from /opt/airflow/dags/main.py
[2026-05-26T23:00:52.107+0000] {processor.py:840} INFO - DAG(s) 'update_db', 'produce_json' retrieved from /opt/airflow/dags/main.py
[2026-05-26T23:00:52.173+0000] {logging_mixin.py:188} INFO - [2026-05-26T23:00:52.172+0000] {dag.py:3096} INFO - Sync 2 DAGs
[2026-05-26T23:00:52.227+0000] {logging_mixin.py:188} INFO - [2026-05-26T23:00:52.227+0000] {dag.py:3954} INFO - Setting next_dagrun for produce_json to 2026-05-25 11:00:00+00:00, run_after=2026-05-26 11:00:00+00:00
[2026-05-26T23:00:52.241+0000] {logging_mixin.py:188} INFO - [2026-05-26T23:00:52.241+0000] {dag.py:3954} INFO - Setting next_dagrun for update_db to 2026-05-25 12:00:00+00:00, run_after=2026-05-26 12:00:00+00:00
[2026-05-26T23:00:52.337+0000] {processor.py:183} INFO - Processing /opt/airflow/dags/main.py took 0.440 seconds
[2026-05-26T23:01:22.658+0000] {processor.py:161} INFO - Started process (PID=191) to work on /opt/airflow/dags/main.py
[2026-05-26T23:01:22.662+0000] {processor.py:830} INFO - Processing file /opt/airflow/dags/main.py for tasks to queue
[2026-05-26T23:01:22.667+0000] {logging_mixin.py:188} INFO - [2026-05-26T23:01:22.667+0000] {dagbag.py:545} INFO - Filling up the DagBag from /opt/airflow/dags/main.py
[2026-05-26T23:01:22.903+0000] {processor.py:840} INFO - DAG(s) 'produce_json', 'update_db' retrieved from /opt/airflow/dags/main.py
[2026-05-26T23:01:22.969+0000] {logging_mixin.py:188} INFO - [2026-05-26T23:01:22.969+0000] {dag.py:3096} INFO - Sync 2 DAGs
[2026-05-26T23:01:23.014+0000] {logging_mixin.py:188} INFO - [2026-05-26T23:01:23.013+0000] {dag.py:3954} INFO - Setting next_dagrun for produce_json to 2026-05-25 11:00:00+00:00, run_after=2026-05-26 11:00:00+00:00
[2026-05-26T23:01:23.024+0000] {logging_mixin.py:188} INFO - [2026-05-26T23:01:23.023+0000] {dag.py:3954} INFO - Setting next_dagrun for update_db to 2026-05-25 12:00:00+00:00, run_after=2026-05-26 12:00:00+00:00
[2026-05-26T23:01:23.118+0000] {processor.py:183} INFO - Processing /opt/airflow/dags/main.py took 0.481 seconds
[2026-05-26T23:01:53.926+0000] {processor.py:161} INFO - Started process (PID=198) to work on /opt/airflow/dags/main.py
[2026-05-26T23:01:53.927+0000] {processor.py:830} INFO - Processing file /opt/airflow/dags/main.py for tasks to queue
[2026-05-26T23:01:53.930+0000] {logging_mixin.py:188} INFO - [2026-05-26T23:01:53.930+0000] {dagbag.py:545} INFO - Filling up the DagBag from /opt/airflow/dags/main.py
[2026-05-26T23:01:54.180+0000] {processor.py:840} INFO - DAG(s) 'update_db', 'produce_json' retrieved from /opt/airflow/dags/main.py
[2026-05-26T23:01:54.242+0000] {logging_mixin.py:188} INFO - [2026-05-26T23:01:54.242+0000] {dag.py:3096} INFO - Sync 2 DAGs
[2026-05-26T23:01:54.279+0000] {logging_mixin.py:188} INFO - [2026-05-26T23:01:54.279+0000] {dag.py:3954} INFO - Setting next_dagrun for produce_json to 2026-05-25 11:00:00+00:00, run_after=2026-05-26 11:00:00+00:00
[2026-05-26T23:01:54.292+0000] {logging_mixin.py:188} INFO - [2026-05-26T23:01:54.291+0000] {dag.py:3954} INFO - Setting next_dagrun for update_db to 2026-05-25 12:00:00+00:00, run_after=2026-05-26 12:00:00+00:00
[2026-05-26T23:01:54.387+0000] {processor.py:183} INFO - Processing /opt/airflow/dags/main.py took 0.473 seconds
[2026-05-26T23:02:24.884+0000] {processor.py:161} INFO - Started process (PID=205) to work on /opt/airflow/dags/main.py
[2026-05-26T23:02:24.887+0000] {processor.py:830} INFO - Processing file /opt/airflow/dags/main.py for tasks to queue
[2026-05-26T23:02:24.890+0000] {logging_mixin.py:188} INFO - [2026-05-26T23:02:24.890+0000] {dagbag.py:545} INFO - Filling up the DagBag from /opt/airflow/dags/main.py
[2026-05-26T23:02:25.177+0000] {processor.py:840} INFO - DAG(s) 'update_db', 'produce_json' retrieved from /opt/airflow/dags/main.py
[2026-05-26T23:02:25.234+0000] {logging_mixin.py:188} INFO - [2026-05-26T23:02:25.234+0000] {dag.py:3096} INFO - Sync 2 DAGs
[2026-05-26T23:02:25.272+0000] {logging_mixin.py:188} INFO - [2026-05-26T23:02:25.271+0000] {dag.py:3954} INFO - Setting next_dagrun for produce_json to 2026-05-25 11:00:00+00:00, run_after=2026-05-26 11:00:00+00:00
[2026-05-26T23:02:25.281+0000] {logging_mixin.py:188} INFO - [2026-05-26T23:02:25.280+0000] {dag.py:3954} INFO - Setting next_dagrun for update_db to 2026-05-25 12:00:00+00:00, run_after=2026-05-26 12:00:00+00:00
[2026-05-26T23:02:25.375+0000] {processor.py:183} INFO - Processing /opt/airflow/dags/main.py took 0.517 seconds
[2026-05-26T23:02:55.761+0000] {processor.py:161} INFO - Started process (PID=212) to work on /opt/airflow/dags/main.py
[2026-05-26T23:02:55.763+0000] {processor.py:830} INFO - Processing file /opt/airflow/dags/main.py for tasks to queue
[2026-05-26T23:02:55.767+0000] {logging_mixin.py:188} INFO - [2026-05-26T23:02:55.767+0000] {dagbag.py:545} INFO - Filling up the DagBag from /opt/airflow/dags/main.py
[2026-05-26T23:02:56.051+0000] {processor.py:840} INFO - DAG(s) 'produce_json', 'update_db' retrieved from /opt/airflow/dags/main.py
[2026-05-26T23:02:56.118+0000] {logging_mixin.py:188} INFO - [2026-05-26T23:02:56.117+0000] {dag.py:3096} INFO - Sync 2 DAGs
[2026-05-26T23:02:56.145+0000] {logging_mixin.py:188} INFO - [2026-05-26T23:02:56.145+0000] {dag.py:3954} INFO - Setting next_dagrun for produce_json to 2026-05-25 11:00:00+00:00, run_after=2026-05-26 11:00:00+00:00
[2026-05-26T23:02:56.153+0000] {logging_mixin.py:188} INFO - [2026-05-26T23:02:56.153+0000] {dag.py:3954} INFO - Setting next_dagrun for update_db to 2026-05-25 12:00:00+00:00, run_after=2026-05-26 12:00:00+00:00
[2026-05-26T23:02:56.176+0000] {processor.py:183} INFO - Processing /opt/airflow/dags/main.py took 0.437 seconds
[2026-05-26T23:03:26.648+0000] {processor.py:161} INFO - Started process (PID=219) to work on /opt/airflow/dags/main.py
[2026-05-26T23:03:26.651+0000] {processor.py:830} INFO - Processing file /opt/airflow/dags/main.py for tasks to queue
[2026-05-26T23:03:26.656+0000] {logging_mixin.py:188} INFO - [2026-05-26T23:03:26.655+0000] {dagbag.py:545} INFO - Filling up the DagBag from /opt/airflow/dags/main.py
[2026-05-26T23:03:26.952+0000] {processor.py:840} INFO - DAG(s) 'produce_json', 'update_db' retrieved from /opt/airflow/dags/main.py
[2026-05-26T23:03:27.019+0000] {logging_mixin.py:188} INFO - [2026-05-26T23:03:27.019+0000] {dag.py:3096} INFO - Sync 2 DAGs
[2026-05-26T23:03:27.059+0000] {logging_mixin.py:188} INFO - [2026-05-26T23:03:27.058+0000] {dag.py:3954} INFO - Setting next_dagrun for produce_json to 2026-05-25 11:00:00+00:00, run_after=2026-05-26 11:00:00+00:00
[2026-05-26T23:03:27.067+0000] {logging_mixin.py:188} INFO - [2026-05-26T23:03:27.067+0000] {dag.py:3954} INFO - Setting next_dagrun for update_db to 2026-05-25 12:00:00+00:00, run_after=2026-05-26 12:00:00+00:00
[2026-05-26T23:03:27.164+0000] {processor.py:183} INFO - Processing /opt/airflow/dags/main.py took 0.544 seconds
[2026-05-26T23:03:57.602+0000] {processor.py:161} INFO - Started process (PID=226) to work on /opt/airflow/dags/main.py
[2026-05-26T23:03:57.604+0000] {processor.py:830} INFO - Processing file /opt/airflow/dags/main.py for tasks to queue
[2026-05-26T23:03:57.609+0000] {logging_mixin.py:188} INFO - [2026-05-26T23:03:57.609+0000] {dagbag.py:545} INFO - Filling up the DagBag from /opt/airflow/dags/main.py
[2026-05-26T23:03:57.903+0000] {processor.py:840} INFO - DAG(s) 'update_db', 'produce_json' retrieved from /opt/airflow/dags/main.py
[2026-05-26T23:03:57.948+0000] {logging_mixin.py:188} INFO - [2026-05-26T23:03:57.947+0000] {dag.py:3096} INFO - Sync 2 DAGs
[2026-05-26T23:03:57.978+0000] {logging_mixin.py:188} INFO - [2026-05-26T23:03:57.978+0000] {dag.py:3954} INFO - Setting next_dagrun for produce_json to 2026-05-25 11:00:00+00:00, run_after=2026-05-26 11:00:00+00:00
[2026-05-26T23:03:57.984+0000] {logging_mixin.py:188} INFO - [2026-05-26T23:03:57.984+0000] {dag.py:3954} INFO - Setting next_dagrun for update_db to 2026-05-25 12:00:00+00:00, run_after=2026-05-26 12:00:00+00:00
[2026-05-26T23:03:58.006+0000] {processor.py:183} INFO - Processing /opt/airflow/dags/main.py took 0.419 seconds
[2026-05-26T23:04:28.391+0000] {processor.py:161} INFO - Started process (PID=233) to work on /opt/airflow/dags/main.py
[2026-05-26T23:04:28.393+0000] {processor.py:830} INFO - Processing file /opt/airflow/dags/main.py for tasks to queue
[2026-05-26T23:04:28.397+0000] {logging_mixin.py:188} INFO - [2026-05-26T23:04:28.396+0000] {dagbag.py:545} INFO - Filling up the DagBag from /opt/airflow/dags/main.py
[2026-05-26T23:04:28.674+0000] {processor.py:840} INFO - DAG(s) 'produce_json', 'update_db' retrieved from /opt/airflow/dags/main.py
[2026-05-26T23:04:28.739+0000] {logging_mixin.py:188} INFO - [2026-05-26T23:04:28.738+0000] {dag.py:3096} INFO - Sync 2 DAGs
[2026-05-26T23:04:28.770+0000] {logging_mixin.py:188} INFO - [2026-05-26T23:04:28.769+0000] {dag.py:3954} INFO - Setting next_dagrun for produce_json to 2026-05-25 11:00:00+00:00, run_after=2026-05-26 11:00:00+00:00
[2026-05-26T23:04:28.778+0000] {logging_mixin.py:188} INFO - [2026-05-26T23:04:28.778+0000] {dag.py:3954} INFO - Setting next_dagrun for update_db to 2026-05-25 12:00:00+00:00, run_after=2026-05-26 12:00:00+00:00
[2026-05-26T23:04:28.812+0000] {processor.py:183} INFO - Processing /opt/airflow/dags/main.py took 0.432 seconds
[2026-05-26T23:04:59.254+0000] {processor.py:161} INFO - Started process (PID=240) to work on /opt/airflow/dags/main.py
[2026-05-26T23:04:59.257+0000] {processor.py:830} INFO - Processing file /opt/airflow/dags/main.py for tasks to queue
[2026-05-26T23:04:59.262+0000] {logging_mixin.py:188} INFO - [2026-05-26T23:04:59.261+0000] {dagbag.py:545} INFO - Filling up the DagBag from /opt/airflow/dags/main.py
[2026-05-26T23:04:59.508+0000] {processor.py:840} INFO - DAG(s) 'produce_json', 'update_db' retrieved from /opt/airflow/dags/main.py
[2026-05-26T23:05:06.076+0000] {logging_mixin.py:188} INFO - [2026-05-26T23:05:06.075+0000] {dag.py:3096} INFO - Sync 2 DAGs
[2026-05-26T23:48:52.262+0000] {logging_mixin.py:188} INFO - [2026-05-26T23:48:52.262+0000] {dag.py:3954} INFO - Setting next_dagrun for produce_json to 2026-05-25 11:00:00+00:00, run_after=2026-05-26 11:00:00+00:00
[2026-05-26T23:48:52.286+0000] {logging_mixin.py:188} INFO - [2026-05-26T23:48:52.283+0000] {dag.py:3954} INFO - Setting next_dagrun for update_db to 2026-05-25 12:00:00+00:00, run_after=2026-05-26 12:00:00+00:00
[2026-05-26T23:48:52.361+0000] {processor.py:183} INFO - Processing /opt/airflow/dags/main.py took 7.164 seconds
[2026-05-26T23:49:23.103+0000] {processor.py:161} INFO - Started process (PID=247) to work on /opt/airflow/dags/main.py
[2026-05-26T23:49:23.105+0000] {processor.py:830} INFO - Processing file /opt/airflow/dags/main.py for tasks to queue
[2026-05-26T23:49:23.109+0000] {logging_mixin.py:188} INFO - [2026-05-26T23:49:23.108+0000] {dagbag.py:545} INFO - Filling up the DagBag from /opt/airflow/dags/main.py
[2026-05-26T23:49:23.290+0000] {processor.py:840} INFO - DAG(s) 'update_db', 'produce_json' retrieved from /opt/airflow/dags/main.py
[2026-05-26T23:49:23.335+0000] {logging_mixin.py:188} INFO - [2026-05-26T23:49:23.334+0000] {dag.py:3096} INFO - Sync 2 DAGs
[2026-05-26T23:49:23.367+0000] {logging_mixin.py:188} INFO - [2026-05-26T23:49:23.367+0000] {dag.py:3954} INFO - Setting next_dagrun for produce_json to 2026-05-25 11:00:00+00:00, run_after=2026-05-26 11:00:00+00:00
[2026-05-26T23:49:23.375+0000] {logging_mixin.py:188} INFO - [2026-05-26T23:49:23.375+0000] {dag.py:3954} INFO - Setting next_dagrun for update_db to 2026-05-25 12:00:00+00:00, run_after=2026-05-26 12:00:00+00:00
[2026-05-26T23:49:23.439+0000] {processor.py:183} INFO - Processing /opt/airflow/dags/main.py took 0.346 seconds
[2026-05-26T23:49:53.579+0000] {processor.py:161} INFO - Started process (PID=254) to work on /opt/airflow/dags/main.py
[2026-05-26T23:49:53.581+0000] {processor.py:830} INFO - Processing file /opt/airflow/dags/main.py for tasks to queue
[2026-05-26T23:49:53.585+0000] {logging_mixin.py:188} INFO - [2026-05-26T23:49:53.585+0000] {dagbag.py:545} INFO - Filling up the DagBag from /opt/airflow/dags/main.py
[2026-05-26T23:49:53.809+0000] {processor.py:840} INFO - DAG(s) 'produce_json', 'update_db' retrieved from /opt/airflow/dags/main.py
[2026-05-26T23:49:53.881+0000] {logging_mixin.py:188} INFO - [2026-05-26T23:49:53.881+0000] {dag.py:3096} INFO - Sync 2 DAGs
[2026-05-26T23:49:53.916+0000] {logging_mixin.py:188} INFO - [2026-05-26T23:49:53.916+0000] {dag.py:3954} INFO - Setting next_dagrun for produce_json to 2026-05-25 11:00:00+00:00, run_after=2026-05-26 11:00:00+00:00
[2026-05-26T23:49:53.924+0000] {logging_mixin.py:188} INFO - [2026-05-26T23:49:53.924+0000] {dag.py:3954} INFO - Setting next_dagrun for update_db to 2026-05-25 12:00:00+00:00, run_after=2026-05-26 12:00:00+00:00
[2026-05-26T23:49:53.954+0000] {processor.py:183} INFO - Processing /opt/airflow/dags/main.py took 0.382 seconds
[2026-05-26T23:50:24.269+0000] {processor.py:161} INFO - Started process (PID=261) to work on /opt/airflow/dags/main.py
[2026-05-26T23:50:24.271+0000] {processor.py:830} INFO - Processing file /opt/airflow/dags/main.py for tasks to queue
[2026-05-26T23:50:24.275+0000] {logging_mixin.py:188} INFO - [2026-05-26T23:50:24.275+0000] {dagbag.py:545} INFO - Filling up the DagBag from /opt/airflow/dags/main.py
[2026-05-26T23:50:24.479+0000] {processor.py:840} INFO - DAG(s) 'update_db', 'produce_json' retrieved from /opt/airflow/dags/main.py
[2026-05-26T23:50:24.520+0000] {logging_mixin.py:188} INFO - [2026-05-26T23:50:24.520+0000] {dag.py:3096} INFO - Sync 2 DAGs
[2026-05-26T23:50:24.546+0000] {logging_mixin.py:188} INFO - [2026-05-26T23:50:24.546+0000] {dag.py:3954} INFO - Setting next_dagrun for produce_json to 2026-05-25 11:00:00+00:00, run_after=2026-05-26 11:00:00+00:00
[2026-05-26T23:50:24.551+0000] {logging_mixin.py:188} INFO - [2026-05-26T23:50:24.551+0000] {dag.py:3954} INFO - Setting next_dagrun for update_db to 2026-05-25 12:00:00+00:00, run_after=2026-05-26 12:00:00+00:00
[2026-05-26T23:50:24.599+0000] {processor.py:183} INFO - Processing /opt/airflow/dags/main.py took 0.350 seconds
[2026-05-26T23:50:55.046+0000] {processor.py:161} INFO - Started process (PID=268) to work on /opt/airflow/dags/main.py
[2026-05-26T23:50:55.048+0000] {processor.py:830} INFO - Processing file /opt/airflow/dags/main.py for tasks to queue
[2026-05-26T23:50:55.053+0000] {logging_mixin.py:188} INFO - [2026-05-26T23:50:55.052+0000] {dagbag.py:545} INFO - Filling up the DagBag from /opt/airflow/dags/main.py
[2026-05-26T23:50:55.309+0000] {processor.py:840} INFO - DAG(s) 'update_db', 'produce_json' retrieved from /opt/airflow/dags/main.py
[2026-05-26T23:50:55.372+0000] {logging_mixin.py:188} INFO - [2026-05-26T23:50:55.372+0000] {dag.py:3096} INFO - Sync 2 DAGs
[2026-05-26T23:50:55.397+0000] {logging_mixin.py:188} INFO - [2026-05-26T23:50:55.396+0000] {dag.py:3954} INFO - Setting next_dagrun for produce_json to 2026-05-25 11:00:00+00:00, run_after=2026-05-26 11:00:00+00:00
[2026-05-26T23:50:55.402+0000] {logging_mixin.py:188} INFO - [2026-05-26T23:50:55.402+0000] {dag.py:3954} INFO - Setting next_dagrun for update_db to 2026-05-25 12:00:00+00:00, run_after=2026-05-26 12:00:00+00:00
[2026-05-26T23:50:55.426+0000] {processor.py:183} INFO - Processing /opt/airflow/dags/main.py took 0.397 seconds
[2026-05-26T23:51:25.918+0000] {processor.py:161} INFO - Started process (PID=275) to work on /opt/airflow/dags/main.py
[2026-05-26T23:51:25.921+0000] {processor.py:830} INFO - Processing file /opt/airflow/dags/main.py for tasks to queue
[2026-05-26T23:51:25.926+0000] {logging_mixin.py:188} INFO - [2026-05-26T23:51:25.925+0000] {dagbag.py:545} INFO - Filling up the DagBag from /opt/airflow/dags/main.py
[2026-05-26T23:51:26.210+0000] {processor.py:840} INFO - DAG(s) 'update_db', 'produce_json' retrieved from /opt/airflow/dags/main.py
[2026-05-26T23:51:26.276+0000] {logging_mixin.py:188} INFO - [2026-05-26T23:51:26.276+0000] {dag.py:3096} INFO - Sync 2 DAGs
[2026-05-26T23:51:26.306+0000] {logging_mixin.py:188} INFO - [2026-05-26T23:51:26.305+0000] {dag.py:3954} INFO - Setting next_dagrun for produce_json to 2026-05-25 11:00:00+00:00, run_after=2026-05-26 11:00:00+00:00
[2026-05-26T23:51:26.312+0000] {logging_mixin.py:188} INFO - [2026-05-26T23:51:26.312+0000] {dag.py:3954} INFO - Setting next_dagrun for update_db to 2026-05-25 12:00:00+00:00, run_after=2026-05-26 12:00:00+00:00
[2026-05-26T23:51:26.335+0000] {processor.py:183} INFO - Processing /opt/airflow/dags/main.py took 0.441 seconds
[2026-05-26T23:51:56.741+0000] {processor.py:161} INFO - Started process (PID=283) to work on /opt/airflow/dags/main.py
[2026-05-26T23:51:56.742+0000] {processor.py:830} INFO - Processing file /opt/airflow/dags/main.py for tasks to queue
[2026-05-26T23:51:56.745+0000] {logging_mixin.py:188} INFO - [2026-05-26T23:51:56.745+0000] {dagbag.py:545} INFO - Filling up the DagBag from /opt/airflow/dags/main.py
[2026-05-26T23:51:56.962+0000] {processor.py:840} INFO - DAG(s) 'update_db', 'produce_json' retrieved from /opt/airflow/dags/main.py
[2026-05-26T23:51:57.014+0000] {logging_mixin.py:188} INFO - [2026-05-26T23:51:57.013+0000] {dag.py:3096} INFO - Sync 2 DAGs
[2026-05-26T23:51:57.056+0000] {logging_mixin.py:188} INFO - [2026-05-26T23:51:57.056+0000] {dag.py:3954} INFO - Setting next_dagrun for produce_json to 2026-05-25 11:00:00+00:00, run_after=2026-05-26 11:00:00+00:00
[2026-05-26T23:51:57.063+0000] {logging_mixin.py:188} INFO - [2026-05-26T23:51:57.063+0000] {dag.py:3954} INFO - Setting next_dagrun for update_db to 2026-05-25 12:00:00+00:00, run_after=2026-05-26 12:00:00+00:00
[2026-05-26T23:51:57.126+0000] {processor.py:183} INFO - Processing /opt/airflow/dags/main.py took 0.395 seconds
[2026-05-26T23:52:27.579+0000] {processor.py:161} INFO - Started process (PID=290) to work on /opt/airflow/dags/main.py
[2026-05-26T23:52:27.582+0000] {processor.py:830} INFO - Processing file /opt/airflow/dags/main.py for tasks to queue
[2026-05-26T23:52:27.587+0000] {logging_mixin.py:188} INFO - [2026-05-26T23:52:27.587+0000] {dagbag.py:545} INFO - Filling up the DagBag from /opt/airflow/dags/main.py
[2026-05-26T23:52:27.836+0000] {processor.py:840} INFO - DAG(s) 'update_db', 'produce_json' retrieved from /opt/airflow/dags/main.py
[2026-05-26T23:52:27.898+0000] {logging_mixin.py:188} INFO - [2026-05-26T23:52:27.897+0000] {dag.py:3096} INFO - Sync 2 DAGs
[2026-05-26T23:52:27.926+0000] {logging_mixin.py:188} INFO - [2026-05-26T23:52:27.925+0000] {dag.py:3954} INFO - Setting next_dagrun for produce_json to 2026-05-25 11:00:00+00:00, run_after=2026-05-26 11:00:00+00:00
[2026-05-26T23:52:27.934+0000] {logging_mixin.py:188} INFO - [2026-05-26T23:52:27.934+0000] {dag.py:3954} INFO - Setting next_dagrun for update_db to 2026-05-25 12:00:00+00:00, run_after=2026-05-26 12:00:00+00:00
[2026-05-26T23:52:27.996+0000] {processor.py:183} INFO - Processing /opt/airflow/dags/main.py took 0.432 seconds
[2026-05-26T23:52:58.387+0000] {processor.py:161} INFO - Started process (PID=297) to work on /opt/airflow/dags/main.py
[2026-05-26T23:52:58.389+0000] {processor.py:830} INFO - Processing file /opt/airflow/dags/main.py for tasks to queue
[2026-05-26T23:52:58.392+0000] {logging_mixin.py:188} INFO - [2026-05-26T23:52:58.391+0000] {dagbag.py:545} INFO - Filling up the DagBag from /opt/airflow/dags/main.py
[2026-05-26T23:52:58.567+0000] {processor.py:840} INFO - DAG(s) 'produce_json', 'update_db' retrieved from /opt/airflow/dags/main.py
[2026-05-26T23:52:58.605+0000] {logging_mixin.py:188} INFO - [2026-05-26T23:52:58.605+0000] {dag.py:3096} INFO - Sync 2 DAGs
[2026-05-26T23:52:58.637+0000] {logging_mixin.py:188} INFO - [2026-05-26T23:52:58.636+0000] {dag.py:3954} INFO - Setting next_dagrun for produce_json to 2026-05-25 11:00:00+00:00, run_after=2026-05-26 11:00:00+00:00
[2026-05-26T23:52:58.644+0000] {logging_mixin.py:188} INFO - [2026-05-26T23:52:58.644+0000] {dag.py:3954} INFO - Setting next_dagrun for update_db to 2026-05-25 12:00:00+00:00, run_after=2026-05-26 12:00:00+00:00
[2026-05-26T23:52:58.732+0000] {processor.py:183} INFO - Processing /opt/airflow/dags/main.py took 0.355 seconds
[2026-05-26T23:53:29.158+0000] {processor.py:161} INFO - Started process (PID=304) to work on /opt/airflow/dags/main.py
[2026-05-26T23:53:29.161+0000] {processor.py:830} INFO - Processing file /opt/airflow/dags/main.py for tasks to queue
[2026-05-26T23:53:29.166+0000] {logging_mixin.py:188} INFO - [2026-05-26T23:53:29.166+0000] {dagbag.py:545} INFO - Filling up the DagBag from /opt/airflow/dags/main.py
[2026-05-26T23:53:29.357+0000] {processor.py:840} INFO - DAG(s) 'update_db', 'produce_json' retrieved from /opt/airflow/dags/main.py
[2026-05-26T23:53:29.397+0000] {logging_mixin.py:188} INFO - [2026-05-26T23:53:29.397+0000] {dag.py:3096} INFO - Sync 2 DAGs
[2026-05-26T23:53:29.426+0000] {logging_mixin.py:188} INFO - [2026-05-26T23:53:29.425+0000] {dag.py:3954} INFO - Setting next_dagrun for produce_json to 2026-05-25 11:00:00+00:00, run_after=2026-05-26 11:00:00+00:00
[2026-05-26T23:53:29.431+0000] {logging_mixin.py:188} INFO - [2026-05-26T23:53:29.431+0000] {dag.py:3954} INFO - Setting next_dagrun for update_db to 2026-05-25 12:00:00+00:00, run_after=2026-05-26 12:00:00+00:00
[2026-05-26T23:53:29.491+0000] {processor.py:183} INFO - Processing /opt/airflow/dags/main.py took 0.356 seconds
[2026-05-26T23:53:59.942+0000] {processor.py:161} INFO - Started process (PID=317) to work on /opt/airflow/dags/main.py
[2026-05-26T23:53:59.944+0000] {processor.py:830} INFO - Processing file /opt/airflow/dags/main.py for tasks to queue
[2026-05-26T23:53:59.948+0000] {logging_mixin.py:188} INFO - [2026-05-26T23:53:59.948+0000] {dagbag.py:545} INFO - Filling up the DagBag from /opt/airflow/dags/main.py
[2026-05-26T23:54:00.184+0000] {processor.py:840} INFO - DAG(s) 'update_db', 'produce_json' retrieved from /opt/airflow/dags/main.py
[2026-05-26T23:54:00.226+0000] {logging_mixin.py:188} INFO - [2026-05-26T23:54:00.226+0000] {dag.py:3096} INFO - Sync 2 DAGs
[2026-05-26T23:54:00.254+0000] {logging_mixin.py:188} INFO - [2026-05-26T23:54:00.254+0000] {dag.py:3954} INFO - Setting next_dagrun for produce_json to 2026-05-25 11:00:00+00:00, run_after=2026-05-26 11:00:00+00:00
[2026-05-26T23:54:00.260+0000] {logging_mixin.py:188} INFO - [2026-05-26T23:54:00.260+0000] {dag.py:3954} INFO - Setting next_dagrun for update_db to 2026-05-25 12:00:00+00:00, run_after=2026-05-26 12:00:00+00:00
[2026-05-26T23:54:00.285+0000] {processor.py:183} INFO - Processing /opt/airflow/dags/main.py took 0.355 seconds
[2026-05-26T23:54:30.418+0000] {processor.py:161} INFO - Started process (PID=325) to work on /opt/airflow/dags/main.py
[2026-05-26T23:54:30.420+0000] {processor.py:830} INFO - Processing file /opt/airflow/dags/main.py for tasks to queue
[2026-05-26T23:54:30.423+0000] {logging_mixin.py:188} INFO - [2026-05-26T23:54:30.423+0000] {dagbag.py:545} INFO - Filling up the DagBag from /opt/airflow/dags/main.py
[2026-05-26T23:54:30.633+0000] {processor.py:840} INFO - DAG(s) 'produce_json', 'update_db' retrieved from /opt/airflow/dags/main.py
[2026-05-26T23:54:30.699+0000] {logging_mixin.py:188} INFO - [2026-05-26T23:54:30.699+0000] {dag.py:3096} INFO - Sync 2 DAGs
[2026-05-26T23:54:30.750+0000] {logging_mixin.py:188} INFO - [2026-05-26T23:54:30.750+0000] {dag.py:3954} INFO - Setting next_dagrun for produce_json to 2026-05-25 11:00:00+00:00, run_after=2026-05-26 11:00:00+00:00
[2026-05-26T23:54:30.761+0000] {logging_mixin.py:188} INFO - [2026-05-26T23:54:30.761+0000] {dag.py:3954} INFO - Setting next_dagrun for update_db to 2026-05-25 12:00:00+00:00, run_after=2026-05-26 12:00:00+00:00
[2026-05-26T23:54:30.845+0000] {processor.py:183} INFO - Processing /opt/airflow/dags/main.py took 0.441 seconds
[2026-05-26T23:55:01.102+0000] {processor.py:161} INFO - Started process (PID=332) to work on /opt/airflow/dags/main.py
[2026-05-26T23:55:01.106+0000] {processor.py:830} INFO - Processing file /opt/airflow/dags/main.py for tasks to queue
[2026-05-26T23:55:01.112+0000] {logging_mixin.py:188} INFO - [2026-05-26T23:55:01.111+0000] {dagbag.py:545} INFO - Filling up the DagBag from /opt/airflow/dags/main.py
[2026-05-26T23:55:01.330+0000] {processor.py:840} INFO - DAG(s) 'produce_json', 'update_db' retrieved from /opt/airflow/dags/main.py
[2026-05-26T23:55:01.378+0000] {logging_mixin.py:188} INFO - [2026-05-26T23:55:01.378+0000] {dag.py:3096} INFO - Sync 2 DAGs
[2026-05-26T23:55:01.421+0000] {logging_mixin.py:188} INFO - [2026-05-26T23:55:01.420+0000] {dag.py:3954} INFO - Setting next_dagrun for produce_json to 2026-05-25 11:00:00+00:00, run_after=2026-05-26 11:00:00+00:00
[2026-05-26T23:55:01.428+0000] {logging_mixin.py:188} INFO - [2026-05-26T23:55:01.428+0000] {dag.py:3954} INFO - Setting next_dagrun for update_db to 2026-05-25 12:00:00+00:00, run_after=2026-05-26 12:00:00+00:00
[2026-05-26T23:55:01.459+0000] {processor.py:183} INFO - Processing /opt/airflow/dags/main.py took 0.378 seconds
[2026-05-26T23:55:31.612+0000] {processor.py:161} INFO - Started process (PID=339) to work on /opt/airflow/dags/main.py
[2026-05-26T23:55:31.618+0000] {processor.py:830} INFO - Processing file /opt/airflow/dags/main.py for tasks to queue
[2026-05-26T23:55:31.621+0000] {logging_mixin.py:188} INFO - [2026-05-26T23:55:31.621+0000] {dagbag.py:545} INFO - Filling up the DagBag from /opt/airflow/dags/main.py
[2026-05-26T23:55:31.796+0000] {processor.py:840} INFO - DAG(s) 'produce_json', 'update_db' retrieved from /opt/airflow/dags/main.py
[2026-05-26T23:55:31.839+0000] {logging_mixin.py:188} INFO - [2026-05-26T23:55:31.838+0000] {dag.py:3096} INFO - Sync 2 DAGs
[2026-05-26T23:55:31.874+0000] {logging_mixin.py:188} INFO - [2026-05-26T23:55:31.874+0000] {dag.py:3954} INFO - Setting next_dagrun for produce_json to 2026-05-25 11:00:00+00:00, run_after=2026-05-26 11:00:00+00:00
[2026-05-26T23:55:31.882+0000] {logging_mixin.py:188} INFO - [2026-05-26T23:55:31.882+0000] {dag.py:3954} INFO - Setting next_dagrun for update_db to 2026-05-25 12:00:00+00:00, run_after=2026-05-26 12:00:00+00:00
[2026-05-26T23:55:31.958+0000] {processor.py:183} INFO - Processing /opt/airflow/dags/main.py took 0.358 seconds
[2026-05-26T23:56:02.309+0000] {processor.py:161} INFO - Started process (PID=346) to work on /opt/airflow/dags/main.py
[2026-05-26T23:56:02.311+0000] {processor.py:830} INFO - Processing file /opt/airflow/dags/main.py for tasks to queue
[2026-05-26T23:56:02.315+0000] {logging_mixin.py:188} INFO - [2026-05-26T23:56:02.314+0000] {dagbag.py:545} INFO - Filling up the DagBag from /opt/airflow/dags/main.py
[2026-05-26T23:56:02.551+0000] {processor.py:840} INFO - DAG(s) 'produce_json', 'update_db' retrieved from /opt/airflow/dags/main.py
[2026-05-26T23:56:02.618+0000] {logging_mixin.py:188} INFO - [2026-05-26T23:56:02.618+0000] {dag.py:3096} INFO - Sync 2 DAGs
[2026-05-26T23:56:02.652+0000] {logging_mixin.py:188} INFO - [2026-05-26T23:56:02.651+0000] {dag.py:3954} INFO - Setting next_dagrun for produce_json to 2026-05-25 11:00:00+00:00, run_after=2026-05-26 11:00:00+00:00
[2026-05-26T23:56:02.658+0000] {logging_mixin.py:188} INFO - [2026-05-26T23:56:02.658+0000] {dag.py:3954} INFO - Setting next_dagrun for update_db to 2026-05-25 12:00:00+00:00, run_after=2026-05-26 12:00:00+00:00
[2026-05-26T23:56:02.744+0000] {processor.py:183} INFO - Processing /opt/airflow/dags/main.py took 0.450 seconds
[2026-05-26T23:56:33.277+0000] {processor.py:161} INFO - Started process (PID=353) to work on /opt/airflow/dags/main.py
[2026-05-26T23:56:33.280+0000] {processor.py:830} INFO - Processing file /opt/airflow/dags/main.py for tasks to queue
[2026-05-26T23:56:33.283+0000] {logging_mixin.py:188} INFO - [2026-05-26T23:56:33.283+0000] {dagbag.py:545} INFO - Filling up the DagBag from /opt/airflow/dags/main.py
[2026-05-26T23:56:33.542+0000] {processor.py:840} INFO - DAG(s) 'produce_json', 'update_db' retrieved from /opt/airflow/dags/main.py
[2026-05-26T23:56:33.585+0000] {logging_mixin.py:188} INFO - [2026-05-26T23:56:33.584+0000] {dag.py:3096} INFO - Sync 2 DAGs
[2026-05-26T23:56:33.614+0000] {logging_mixin.py:188} INFO - [2026-05-26T23:56:33.614+0000] {dag.py:3954} INFO - Setting next_dagrun for produce_json to 2026-05-25 11:00:00+00:00, run_after=2026-05-26 11:00:00+00:00
[2026-05-26T23:56:33.621+0000] {logging_mixin.py:188} INFO - [2026-05-26T23:56:33.621+0000] {dag.py:3954} INFO - Setting next_dagrun for update_db to 2026-05-25 12:00:00+00:00, run_after=2026-05-26 12:00:00+00:00
[2026-05-26T23:56:33.707+0000] {processor.py:183} INFO - Processing /opt/airflow/dags/main.py took 0.453 seconds
[2026-05-26T23:57:04.153+0000] {processor.py:161} INFO - Started process (PID=360) to work on /opt/airflow/dags/main.py
[2026-05-26T23:57:04.155+0000] {processor.py:830} INFO - Processing file /opt/airflow/dags/main.py for tasks to queue
[2026-05-26T23:57:04.158+0000] {logging_mixin.py:188} INFO - [2026-05-26T23:57:04.158+0000] {dagbag.py:545} INFO - Filling up the DagBag from /opt/airflow/dags/main.py
[2026-05-26T23:57:04.387+0000] {processor.py:840} INFO - DAG(s) 'produce_json', 'update_db' retrieved from /opt/airflow/dags/main.py
[2026-05-26T23:57:04.479+0000] {logging_mixin.py:188} INFO - [2026-05-26T23:57:04.479+0000] {dag.py:3096} INFO - Sync 2 DAGs
[2026-05-26T23:57:04.510+0000] {logging_mixin.py:188} INFO - [2026-05-26T23:57:04.509+0000] {dag.py:3954} INFO - Setting next_dagrun for produce_json to 2026-05-25 11:00:00+00:00, run_after=2026-05-26 11:00:00+00:00
[2026-05-26T23:57:04.516+0000] {logging_mixin.py:188} INFO - [2026-05-26T23:57:04.516+0000] {dag.py:3954} INFO - Setting next_dagrun for update_db to 2026-05-25 12:00:00+00:00, run_after=2026-05-26 12:00:00+00:00
[2026-05-26T23:57:04.538+0000] {processor.py:183} INFO - Processing /opt/airflow/dags/main.py took 0.394 seconds
[2026-05-26T23:57:35.017+0000] {processor.py:161} INFO - Started process (PID=367) to work on /opt/airflow/dags/main.py
[2026-05-26T23:57:35.020+0000] {processor.py:830} INFO - Processing file /opt/airflow/dags/main.py for tasks to queue
[2026-05-26T23:57:35.024+0000] {logging_mixin.py:188} INFO - [2026-05-26T23:57:35.024+0000] {dagbag.py:545} INFO - Filling up the DagBag from /opt/airflow/dags/main.py
[2026-05-26T23:57:35.244+0000] {processor.py:840} INFO - DAG(s) 'update_db', 'produce_json' retrieved from /opt/airflow/dags/main.py
[2026-05-26T23:57:35.310+0000] {logging_mixin.py:188} INFO - [2026-05-26T23:57:35.310+0000] {dag.py:3096} INFO - Sync 2 DAGs
[2026-05-26T23:57:35.347+0000] {logging_mixin.py:188} INFO - [2026-05-26T23:57:35.347+0000] {dag.py:3954} INFO - Setting next_dagrun for produce_json to 2026-05-25 11:00:00+00:00, run_after=2026-05-26 11:00:00+00:00
[2026-05-26T23:57:35.354+0000] {logging_mixin.py:188} INFO - [2026-05-26T23:57:35.354+0000] {dag.py:3954} INFO - Setting next_dagrun for update_db to 2026-05-25 12:00:00+00:00, run_after=2026-05-26 12:00:00+00:00
[2026-05-26T23:57:35.438+0000] {processor.py:183} INFO - Processing /opt/airflow/dags/main.py took 0.439 seconds
[2026-05-26T23:58:05.955+0000] {processor.py:161} INFO - Started process (PID=374) to work on /opt/airflow/dags/main.py
[2026-05-26T23:58:05.958+0000] {processor.py:830} INFO - Processing file /opt/airflow/dags/main.py for tasks to queue
[2026-05-26T23:58:05.961+0000] {logging_mixin.py:188} INFO - [2026-05-26T23:58:05.961+0000] {dagbag.py:545} INFO - Filling up the DagBag from /opt/airflow/dags/main.py
[2026-05-26T23:58:06.186+0000] {processor.py:840} INFO - DAG(s) 'update_db', 'produce_json' retrieved from /opt/airflow/dags/main.py
[2026-05-26T23:58:06.234+0000] {logging_mixin.py:188} INFO - [2026-05-26T23:58:06.233+0000] {dag.py:3096} INFO - Sync 2 DAGs
[2026-05-26T23:58:06.267+0000] {logging_mixin.py:188} INFO - [2026-05-26T23:58:06.267+0000] {dag.py:3954} INFO - Setting next_dagrun for produce_json to 2026-05-25 11:00:00+00:00, run_after=2026-05-26 11:00:00+00:00
[2026-05-26T23:58:06.272+0000] {logging_mixin.py:188} INFO - [2026-05-26T23:58:06.272+0000] {dag.py:3954} INFO - Setting next_dagrun for update_db to 2026-05-25 12:00:00+00:00, run_after=2026-05-26 12:00:00+00:00
[2026-05-26T23:58:06.349+0000] {processor.py:183} INFO - Processing /opt/airflow/dags/main.py took 0.405 seconds
[2026-05-26T23:58:36.816+0000] {processor.py:161} INFO - Started process (PID=381) to work on /opt/airflow/dags/main.py
[2026-05-26T23:58:36.818+0000] {processor.py:830} INFO - Processing file /opt/airflow/dags/main.py for tasks to queue
[2026-05-26T23:58:36.822+0000] {logging_mixin.py:188} INFO - [2026-05-26T23:58:36.821+0000] {dagbag.py:545} INFO - Filling up the DagBag from /opt/airflow/dags/main.py
[2026-05-26T23:58:37.059+0000] {processor.py:840} INFO - DAG(s) 'produce_json', 'update_db' retrieved from /opt/airflow/dags/main.py
[2026-05-26T23:58:37.115+0000] {logging_mixin.py:188} INFO - [2026-05-26T23:58:37.114+0000] {dag.py:3096} INFO - Sync 2 DAGs
[2026-05-26T23:58:37.146+0000] {logging_mixin.py:188} INFO - [2026-05-26T23:58:37.146+0000] {dag.py:3954} INFO - Setting next_dagrun for produce_json to 2026-05-25 11:00:00+00:00, run_after=2026-05-26 11:00:00+00:00
[2026-05-26T23:58:37.153+0000] {logging_mixin.py:188} INFO - [2026-05-26T23:58:37.153+0000] {dag.py:3954} INFO - Setting next_dagrun for update_db to 2026-05-25 12:00:00+00:00, run_after=2026-05-26 12:00:00+00:00
[2026-05-26T23:58:37.228+0000] {processor.py:183} INFO - Processing /opt/airflow/dags/main.py took 0.423 seconds
[2026-05-26T23:59:08.189+0000] {processor.py:161} INFO - Started process (PID=388) to work on /opt/airflow/dags/main.py
[2026-05-26T23:59:08.191+0000] {processor.py:830} INFO - Processing file /opt/airflow/dags/main.py for tasks to queue
[2026-05-26T23:59:08.196+0000] {logging_mixin.py:188} INFO - [2026-05-26T23:59:08.195+0000] {dagbag.py:545} INFO - Filling up the DagBag from /opt/airflow/dags/main.py
[2026-05-26T23:59:08.398+0000] {processor.py:840} INFO - DAG(s) 'produce_json', 'update_db' retrieved from /opt/airflow/dags/main.py
[2026-05-26T23:59:08.443+0000] {logging_mixin.py:188} INFO - [2026-05-26T23:59:08.443+0000] {dag.py:3096} INFO - Sync 2 DAGs
[2026-05-26T23:59:08.475+0000] {logging_mixin.py:188} INFO - [2026-05-26T23:59:08.474+0000] {dag.py:3954} INFO - Setting next_dagrun for produce_json to 2026-05-25 11:00:00+00:00, run_after=2026-05-26 11:00:00+00:00
[2026-05-26T23:59:08.481+0000] {logging_mixin.py:188} INFO - [2026-05-26T23:59:08.481+0000] {dag.py:3954} INFO - Setting next_dagrun for update_db to 2026-05-25 12:00:00+00:00, run_after=2026-05-26 12:00:00+00:00
[2026-05-26T23:59:08.540+0000] {processor.py:183} INFO - Processing /opt/airflow/dags/main.py took 0.362 seconds
[2026-05-26T23:59:38.959+0000] {processor.py:161} INFO - Started process (PID=395) to work on /opt/airflow/dags/main.py
[2026-05-26T23:59:38.960+0000] {processor.py:830} INFO - Processing file /opt/airflow/dags/main.py for tasks to queue
[2026-05-26T23:59:38.963+0000] {logging_mixin.py:188} INFO - [2026-05-26T23:59:38.963+0000] {dagbag.py:545} INFO - Filling up the DagBag from /opt/airflow/dags/main.py
[2026-05-26T23:59:39.177+0000] {processor.py:840} INFO - DAG(s) 'update_db', 'produce_json' retrieved from /opt/airflow/dags/main.py
[2026-05-26T23:59:39.227+0000] {logging_mixin.py:188} INFO - [2026-05-26T23:59:39.227+0000] {dag.py:3096} INFO - Sync 2 DAGs
[2026-05-26T23:59:39.262+0000] {logging_mixin.py:188} INFO - [2026-05-26T23:59:39.262+0000] {dag.py:3954} INFO - Setting next_dagrun for produce_json to 2026-05-25 11:00:00+00:00, run_after=2026-05-26 11:00:00+00:00
[2026-05-26T23:59:39.271+0000] {logging_mixin.py:188} INFO - [2026-05-26T23:59:39.270+0000] {dag.py:3954} INFO - Setting next_dagrun for update_db to 2026-05-25 12:00:00+00:00, run_after=2026-05-26 12:00:00+00:00
[2026-05-26T23:59:39.332+0000] {processor.py:183} INFO - Processing /opt/airflow/dags/main.py took 0.385 seconds
