[2026-05-21T06:19:13.527+0000] {manager.py:470} INFO - Processing files using up to 2 processes at a time 
[2026-05-21T06:19:13.528+0000] {manager.py:471} INFO - Process each file at most once every 30 seconds
[2026-05-21T06:19:13.529+0000] {manager.py:472} INFO - Checking for new files in /opt/airflow/dags every 300 seconds
[2026-05-21T06:19:13.531+0000] {manager.py:737} INFO - Searching for files in /opt/airflow/dags
[2026-05-21T06:19:13.535+0000] {manager.py:740} INFO - There are 0 files in /opt/airflow/dags
[2026-05-21T06:24:14.286+0000] {manager.py:737} INFO - Searching for files in /opt/airflow/dags
[2026-05-21T06:24:14.305+0000] {manager.py:740} INFO - There are 0 files in /opt/airflow/dags
[2026-05-21T06:29:14.403+0000] {manager.py:737} INFO - Searching for files in /opt/airflow/dags
[2026-05-21T06:29:14.408+0000] {manager.py:740} INFO - There are 0 files in /opt/airflow/dags
[2026-05-21T06:34:14.572+0000] {manager.py:737} INFO - Searching for files in /opt/airflow/dags
[2026-05-21T06:34:14.592+0000] {manager.py:740} INFO - There are 0 files in /opt/airflow/dags
[2026-05-21T06:39:15.353+0000] {manager.py:737} INFO - Searching for files in /opt/airflow/dags
[2026-05-21T06:39:15.370+0000] {manager.py:740} INFO - There are 0 files in /opt/airflow/dags
[2026-05-21T06:44:16.145+0000] {manager.py:737} INFO - Searching for files in /opt/airflow/dags
[2026-05-21T06:44:16.167+0000] {manager.py:740} INFO - There are 0 files in /opt/airflow/dags
[2026-05-21T06:49:16.408+0000] {manager.py:737} INFO - Searching for files in /opt/airflow/dags
[2026-05-21T06:49:16.434+0000] {manager.py:740} INFO - There are 0 files in /opt/airflow/dags
[2026-05-21T06:54:17.345+0000] {manager.py:737} INFO - Searching for files in /opt/airflow/dags
[2026-05-21T06:54:17.409+0000] {manager.py:740} INFO - There are 0 files in /opt/airflow/dags
[2026-05-21T06:59:17.443+0000] {manager.py:737} INFO - Searching for files in /opt/airflow/dags
[2026-05-21T06:59:17.496+0000] {manager.py:740} INFO - There are 0 files in /opt/airflow/dags
[2026-05-21T07:04:17.456+0000] {manager.py:737} INFO - Searching for files in /opt/airflow/dags
[2026-05-21T07:04:17.474+0000] {manager.py:740} INFO - There are 0 files in /opt/airflow/dags
[2026-05-21T07:09:18.446+0000] {manager.py:737} INFO - Searching for files in /opt/airflow/dags
[2026-05-21T07:09:18.464+0000] {manager.py:740} INFO - There are 0 files in /opt/airflow/dags
[2026-05-21T07:14:19.194+0000] {manager.py:737} INFO - Searching for files in /opt/airflow/dags
[2026-05-21T07:14:19.213+0000] {manager.py:740} INFO - There are 0 files in /opt/airflow/dags
[2026-05-21T07:19:20.103+0000] {manager.py:737} INFO - Searching for files in /opt/airflow/dags
[2026-05-21T07:19:20.140+0000] {manager.py:740} INFO - There are 0 files in /opt/airflow/dags
[2026-05-21T07:24:20.280+0000] {manager.py:737} INFO - Searching for files in /opt/airflow/dags
[2026-05-21T07:24:20.330+0000] {manager.py:740} INFO - There are 0 files in /opt/airflow/dags
[2026-05-21T07:29:21.249+0000] {manager.py:737} INFO - Searching for files in /opt/airflow/dags
[2026-05-21T07:29:21.272+0000] {manager.py:740} INFO - There are 0 files in /opt/airflow/dags
[2026-05-21T07:34:22.241+0000] {manager.py:737} INFO - Searching for files in /opt/airflow/dags
[2026-05-21T07:34:22.262+0000] {manager.py:740} INFO - There are 0 files in /opt/airflow/dags
[2026-05-21T07:39:22.449+0000] {manager.py:737} INFO - Searching for files in /opt/airflow/dags
[2026-05-21T07:39:22.468+0000] {manager.py:740} INFO - There are 0 files in /opt/airflow/dags
[2026-05-21T07:44:22.665+0000] {manager.py:737} INFO - Searching for files in /opt/airflow/dags
[2026-05-21T07:44:22.683+0000] {manager.py:740} INFO - There are 0 files in /opt/airflow/dags
[2026-05-21T07:49:23.330+0000] {manager.py:737} INFO - Searching for files in /opt/airflow/dags
[2026-05-21T07:49:23.406+0000] {manager.py:740} INFO - There are 1 files in /opt/airflow/dags
[2026-05-21T07:49:49.692+0000] {manager.py:878} INFO - 
================================================================================
DAG File Processing Stats

File Path                  PID    Runtime      # DAGs    # Errors  Last Runtime    Last Run
-------------------------  -----  ---------  --------  ----------  --------------  -------------------
/opt/airflow/dags/main.py                           0           1  0.12s           2026-05-21T07:49:23
================================================================================
[2026-05-21T07:50:20.027+0000] {manager.py:878} INFO - 
================================================================================
DAG File Processing Stats

File Path                  PID    Runtime      # DAGs    # Errors  Last Runtime    Last Run
-------------------------  -----  ---------  --------  ----------  --------------  -------------------
/opt/airflow/dags/main.py                           0           1  0.08s           2026-05-21T07:49:53
================================================================================
[2026-05-21T07:50:50.385+0000] {manager.py:878} INFO - 
================================================================================
DAG File Processing Stats

File Path                  PID    Runtime      # DAGs    # Errors  Last Runtime    Last Run
-------------------------  -----  ---------  --------  ----------  --------------  -------------------
/opt/airflow/dags/main.py                           0           1  0.08s           2026-05-21T07:50:24
================================================================================
[2026-05-21T07:51:20.729+0000] {manager.py:878} INFO - 
================================================================================
DAG File Processing Stats

File Path                  PID    Runtime      # DAGs    # Errors  Last Runtime    Last Run
-------------------------  -----  ---------  --------  ----------  --------------  -------------------
/opt/airflow/dags/main.py                           0           1  0.09s           2026-05-21T07:51:08
================================================================================
[2026-05-21T07:51:51.068+0000] {manager.py:878} INFO - 
================================================================================
DAG File Processing Stats

File Path                  PID    Runtime      # DAGs    # Errors  Last Runtime    Last Run
-------------------------  -----  ---------  --------  ----------  --------------  -------------------
/opt/airflow/dags/main.py                           0           1  0.07s           2026-05-21T07:51:38
================================================================================
[2026-05-21T07:52:21.435+0000] {manager.py:878} INFO - 
================================================================================
DAG File Processing Stats

File Path                  PID    Runtime      # DAGs    # Errors  Last Runtime    Last Run
-------------------------  -----  ---------  --------  ----------  --------------  -------------------
/opt/airflow/dags/main.py                           0           1  0.10s           2026-05-21T07:52:09
================================================================================
[2026-05-21T07:52:51.742+0000] {manager.py:878} INFO - 
================================================================================
DAG File Processing Stats

File Path                  PID    Runtime      # DAGs    # Errors  Last Runtime    Last Run
-------------------------  -----  ---------  --------  ----------  --------------  -------------------
/opt/airflow/dags/main.py                           0           1  0.09s           2026-05-21T07:52:39
================================================================================
[2026-05-21T07:53:22.092+0000] {manager.py:878} INFO - 
================================================================================
DAG File Processing Stats

File Path                  PID    Runtime      # DAGs    # Errors  Last Runtime    Last Run
-------------------------  -----  ---------  --------  ----------  --------------  -------------------
/opt/airflow/dags/main.py                           0           1  0.09s           2026-05-21T07:53:10
================================================================================
[2026-05-21T07:53:52.466+0000] {manager.py:878} INFO - 
================================================================================
DAG File Processing Stats

File Path                  PID    Runtime      # DAGs    # Errors  Last Runtime    Last Run
-------------------------  -----  ---------  --------  ----------  --------------  -------------------
/opt/airflow/dags/main.py                           0           1  0.08s           2026-05-21T07:53:40
================================================================================
[2026-05-21T07:54:22.869+0000] {manager.py:878} INFO - 
================================================================================
DAG File Processing Stats

File Path                  PID    Runtime      # DAGs    # Errors  Last Runtime    Last Run
-------------------------  -----  ---------  --------  ----------  --------------  -------------------
/opt/airflow/dags/main.py                           0           1  0.09s           2026-05-21T07:54:10
================================================================================
[2026-05-21T07:54:23.882+0000] {manager.py:737} INFO - Searching for files in /opt/airflow/dags
[2026-05-21T07:54:23.906+0000] {manager.py:740} INFO - There are 1 files in /opt/airflow/dags
[2026-05-21T07:54:53.252+0000] {manager.py:878} INFO - 
================================================================================
DAG File Processing Stats

File Path                  PID    Runtime      # DAGs    # Errors  Last Runtime    Last Run
-------------------------  -----  ---------  --------  ----------  --------------  -------------------
/opt/airflow/dags/main.py                           0           1  0.09s           2026-05-21T07:54:41
================================================================================
[2026-05-21T07:55:23.559+0000] {manager.py:878} INFO - 
================================================================================
DAG File Processing Stats

File Path                  PID    Runtime      # DAGs    # Errors  Last Runtime    Last Run
-------------------------  -----  ---------  --------  ----------  --------------  -------------------
/opt/airflow/dags/main.py                           0           1  0.08s           2026-05-21T07:55:11
================================================================================
[2026-05-21T07:55:53.934+0000] {manager.py:878} INFO - 
================================================================================
DAG File Processing Stats

File Path                  PID    Runtime      # DAGs    # Errors  Last Runtime    Last Run
-------------------------  -----  ---------  --------  ----------  --------------  -------------------
/opt/airflow/dags/main.py                           0           1  0.08s           2026-05-21T07:55:38
================================================================================
[2026-05-21T07:56:24.186+0000] {manager.py:878} INFO - 
================================================================================
DAG File Processing Stats

File Path                  PID    Runtime      # DAGs    # Errors  Last Runtime    Last Run
-------------------------  -----  ---------  --------  ----------  --------------  -------------------
/opt/airflow/dags/main.py                           0           1  0.09s           2026-05-21T07:56:09
================================================================================
[2026-05-21T07:56:54.533+0000] {manager.py:878} INFO - 
================================================================================
DAG File Processing Stats

File Path                  PID    Runtime      # DAGs    # Errors  Last Runtime    Last Run
-------------------------  -----  ---------  --------  ----------  --------------  -------------------
/opt/airflow/dags/main.py                           0           1  0.07s           2026-05-21T07:56:45
================================================================================
[2026-05-21T07:57:24.846+0000] {manager.py:878} INFO - 
================================================================================
DAG File Processing Stats

File Path                  PID    Runtime      # DAGs    # Errors  Last Runtime    Last Run
-------------------------  -----  ---------  --------  ----------  --------------  -------------------
/opt/airflow/dags/main.py                           0           1  0.09s           2026-05-21T07:57:15
================================================================================
[2026-05-21T07:57:55.245+0000] {manager.py:878} INFO - 
================================================================================
DAG File Processing Stats

File Path                  PID    Runtime      # DAGs    # Errors  Last Runtime    Last Run
-------------------------  -----  ---------  --------  ----------  --------------  -------------------
/opt/airflow/dags/main.py                           0           1  0.09s           2026-05-21T07:57:46
================================================================================
[2026-05-21T07:58:25.552+0000] {manager.py:878} INFO - 
================================================================================
DAG File Processing Stats

File Path                  PID    Runtime      # DAGs    # Errors  Last Runtime    Last Run
-------------------------  -----  ---------  --------  ----------  --------------  -------------------
/opt/airflow/dags/main.py                           0           1  0.09s           2026-05-21T07:58:16
================================================================================
[2026-05-21T07:58:55.825+0000] {manager.py:878} INFO - 
================================================================================
DAG File Processing Stats

File Path                  PID    Runtime      # DAGs    # Errors  Last Runtime    Last Run
-------------------------  -----  ---------  --------  ----------  --------------  -------------------
/opt/airflow/dags/main.py                           0           1  0.09s           2026-05-21T07:58:46
================================================================================
[2026-05-21T07:59:24.120+0000] {manager.py:737} INFO - Searching for files in /opt/airflow/dags
[2026-05-21T07:59:24.145+0000] {manager.py:740} INFO - There are 1 files in /opt/airflow/dags
[2026-05-21T07:59:26.165+0000] {manager.py:878} INFO - 
================================================================================
DAG File Processing Stats

File Path                  PID    Runtime      # DAGs    # Errors  Last Runtime    Last Run
-------------------------  -----  ---------  --------  ----------  --------------  -------------------
/opt/airflow/dags/main.py                           0           1  0.07s           2026-05-21T07:59:17
================================================================================
[2026-05-21T07:59:56.531+0000] {manager.py:878} INFO - 
================================================================================
DAG File Processing Stats

File Path                  PID    Runtime      # DAGs    # Errors  Last Runtime    Last Run
-------------------------  -----  ---------  --------  ----------  --------------  -------------------
/opt/airflow/dags/main.py                           0           1  0.09s           2026-05-21T07:59:47
================================================================================
[2026-05-21T08:00:26.895+0000] {manager.py:878} INFO - 
================================================================================
DAG File Processing Stats

File Path                  PID    Runtime      # DAGs    # Errors  Last Runtime    Last Run
-------------------------  -----  ---------  --------  ----------  --------------  -------------------
/opt/airflow/dags/main.py                           0           1  0.08s           2026-05-21T08:00:17
================================================================================
[2026-05-21T08:00:57.228+0000] {manager.py:878} INFO - 
================================================================================
DAG File Processing Stats

File Path                  PID    Runtime      # DAGs    # Errors  Last Runtime    Last Run
-------------------------  -----  ---------  --------  ----------  --------------  -------------------
/opt/airflow/dags/main.py                           0           1  0.09s           2026-05-21T08:00:48
================================================================================
[2026-05-21T08:01:27.587+0000] {manager.py:878} INFO - 
================================================================================
DAG File Processing Stats

File Path                  PID    Runtime      # DAGs    # Errors  Last Runtime    Last Run
-------------------------  -----  ---------  --------  ----------  --------------  -------------------
/opt/airflow/dags/main.py                           0           1  0.08s           2026-05-21T08:01:18
================================================================================
[2026-05-21T08:01:57.934+0000] {manager.py:878} INFO - 
================================================================================
DAG File Processing Stats

File Path                  PID    Runtime      # DAGs    # Errors  Last Runtime    Last Run
-------------------------  -----  ---------  --------  ----------  --------------  -------------------
/opt/airflow/dags/main.py                           0           1  0.09s           2026-05-21T08:01:48
================================================================================
[2026-05-21T08:02:28.321+0000] {manager.py:878} INFO - 
================================================================================
DAG File Processing Stats

File Path                  PID    Runtime      # DAGs    # Errors  Last Runtime    Last Run
-------------------------  -----  ---------  --------  ----------  --------------  -------------------
/opt/airflow/dags/main.py                           0           1  0.08s           2026-05-21T08:02:19
================================================================================
[2026-05-21T08:02:58.759+0000] {manager.py:878} INFO - 
================================================================================
DAG File Processing Stats

File Path                  PID    Runtime      # DAGs    # Errors  Last Runtime    Last Run
-------------------------  -----  ---------  --------  ----------  --------------  -------------------
/opt/airflow/dags/main.py                           0           1  0.09s           2026-05-21T08:02:49
================================================================================
[2026-05-21T08:03:29.110+0000] {manager.py:878} INFO - 
================================================================================
DAG File Processing Stats

File Path                  PID    Runtime      # DAGs    # Errors  Last Runtime    Last Run
-------------------------  -----  ---------  --------  ----------  --------------  -------------------
/opt/airflow/dags/main.py                           0           1  0.07s           2026-05-21T08:03:20
================================================================================
[2026-05-21T08:03:59.504+0000] {manager.py:878} INFO - 
================================================================================
DAG File Processing Stats

File Path                  PID    Runtime      # DAGs    # Errors  Last Runtime    Last Run
-------------------------  -----  ---------  --------  ----------  --------------  -------------------
/opt/airflow/dags/main.py                           0           1  0.09s           2026-05-21T08:03:50
================================================================================
[2026-05-21T08:04:24.856+0000] {manager.py:737} INFO - Searching for files in /opt/airflow/dags
[2026-05-21T08:04:24.945+0000] {manager.py:740} INFO - There are 1 files in /opt/airflow/dags
[2026-05-21T08:04:29.998+0000] {manager.py:878} INFO - 
================================================================================
DAG File Processing Stats

File Path                  PID    Runtime      # DAGs    # Errors  Last Runtime    Last Run
-------------------------  -----  ---------  --------  ----------  --------------  -------------------
/opt/airflow/dags/main.py                           0           1  0.08s           2026-05-21T08:04:20
================================================================================
[2026-05-21T08:05:00.354+0000] {manager.py:878} INFO - 
================================================================================
DAG File Processing Stats

File Path                  PID    Runtime      # DAGs    # Errors  Last Runtime    Last Run
-------------------------  -----  ---------  --------  ----------  --------------  -------------------
/opt/airflow/dags/main.py                           0           1  0.09s           2026-05-21T08:04:51
================================================================================
[2026-05-21T08:05:30.721+0000] {manager.py:878} INFO - 
================================================================================
DAG File Processing Stats

File Path                  PID    Runtime      # DAGs    # Errors  Last Runtime    Last Run
-------------------------  -----  ---------  --------  ----------  --------------  -------------------
/opt/airflow/dags/main.py                           0           1  0.08s           2026-05-21T08:05:21
================================================================================
[2026-05-21T08:06:01.044+0000] {manager.py:878} INFO - 
================================================================================
DAG File Processing Stats

File Path                  PID    Runtime      # DAGs    # Errors  Last Runtime    Last Run
-------------------------  -----  ---------  --------  ----------  --------------  -------------------
/opt/airflow/dags/main.py                           0           1  0.08s           2026-05-21T08:05:52
================================================================================
[2026-05-21T08:06:31.422+0000] {manager.py:878} INFO - 
================================================================================
DAG File Processing Stats

File Path                  PID    Runtime      # DAGs    # Errors  Last Runtime    Last Run
-------------------------  -----  ---------  --------  ----------  --------------  -------------------
/opt/airflow/dags/main.py                           0           1  0.09s           2026-05-21T08:06:22
================================================================================
[2026-05-21T08:07:01.835+0000] {manager.py:878} INFO - 
================================================================================
DAG File Processing Stats

File Path                  PID    Runtime      # DAGs    # Errors  Last Runtime    Last Run
-------------------------  -----  ---------  --------  ----------  --------------  -------------------
/opt/airflow/dags/main.py                           0           1  0.09s           2026-05-21T08:06:52
================================================================================
[2026-05-21T08:07:32.149+0000] {manager.py:878} INFO - 
================================================================================
DAG File Processing Stats

File Path                  PID    Runtime      # DAGs    # Errors  Last Runtime    Last Run
-------------------------  -----  ---------  --------  ----------  --------------  -------------------
/opt/airflow/dags/main.py                           0           1  0.09s           2026-05-21T08:07:23
================================================================================
[2026-05-21T08:08:02.429+0000] {manager.py:878} INFO - 
================================================================================
DAG File Processing Stats

File Path                  PID    Runtime      # DAGs    # Errors  Last Runtime    Last Run
-------------------------  -----  ---------  --------  ----------  --------------  -------------------
/opt/airflow/dags/main.py                           0           1  0.07s           2026-05-21T08:07:53
================================================================================
[2026-05-21T08:08:32.714+0000] {manager.py:878} INFO - 
================================================================================
DAG File Processing Stats

File Path                  PID    Runtime      # DAGs    # Errors  Last Runtime    Last Run
-------------------------  -----  ---------  --------  ----------  --------------  -------------------
/opt/airflow/dags/main.py                           0           1  0.08s           2026-05-21T08:08:23
================================================================================
[2026-05-21T08:09:03.026+0000] {manager.py:878} INFO - 
================================================================================
DAG File Processing Stats

File Path                  PID    Runtime      # DAGs    # Errors  Last Runtime    Last Run
-------------------------  -----  ---------  --------  ----------  --------------  -------------------
/opt/airflow/dags/main.py                           0           1  0.08s           2026-05-21T08:08:53
================================================================================
[2026-05-21T08:09:25.241+0000] {manager.py:737} INFO - Searching for files in /opt/airflow/dags
[2026-05-21T08:09:25.261+0000] {manager.py:740} INFO - There are 1 files in /opt/airflow/dags
[2026-05-21T08:09:33.351+0000] {manager.py:878} INFO - 
================================================================================
DAG File Processing Stats

File Path                  PID    Runtime      # DAGs    # Errors  Last Runtime    Last Run
-------------------------  -----  ---------  --------  ----------  --------------  -------------------
/opt/airflow/dags/main.py                           0           1  0.07s           2026-05-21T08:09:24
================================================================================
[2026-05-21T08:10:03.634+0000] {manager.py:878} INFO - 
================================================================================
DAG File Processing Stats

File Path                  PID    Runtime      # DAGs    # Errors  Last Runtime    Last Run
-------------------------  -----  ---------  --------  ----------  --------------  -------------------
/opt/airflow/dags/main.py                           0           1  0.06s           2026-05-21T08:09:54
================================================================================
[2026-05-21T08:10:33.944+0000] {manager.py:878} INFO - 
================================================================================
DAG File Processing Stats

File Path                  PID    Runtime      # DAGs    # Errors  Last Runtime    Last Run
-------------------------  -----  ---------  --------  ----------  --------------  -------------------
/opt/airflow/dags/main.py                           0           1  0.07s           2026-05-21T08:10:24
================================================================================
[2026-05-21T08:11:04.271+0000] {manager.py:878} INFO - 
================================================================================
DAG File Processing Stats

File Path                  PID    Runtime      # DAGs    # Errors  Last Runtime    Last Run
-------------------------  -----  ---------  --------  ----------  --------------  -------------------
/opt/airflow/dags/main.py                           0           1  0.07s           2026-05-21T08:10:55
================================================================================
[2026-05-21T08:11:34.664+0000] {manager.py:878} INFO - 
================================================================================
DAG File Processing Stats

File Path                  PID    Runtime      # DAGs    # Errors  Last Runtime    Last Run
-------------------------  -----  ---------  --------  ----------  --------------  -------------------
/opt/airflow/dags/main.py                           0           1  0.08s           2026-05-21T08:11:25
================================================================================
[2026-05-21T08:12:05.061+0000] {manager.py:878} INFO - 
================================================================================
DAG File Processing Stats

File Path                  PID    Runtime      # DAGs    # Errors  Last Runtime    Last Run
-------------------------  -----  ---------  --------  ----------  --------------  -------------------
/opt/airflow/dags/main.py                           0           1  0.07s           2026-05-21T08:11:56
================================================================================
[2026-05-21T08:12:35.441+0000] {manager.py:878} INFO - 
================================================================================
DAG File Processing Stats

File Path                  PID    Runtime      # DAGs    # Errors  Last Runtime    Last Run
-------------------------  -----  ---------  --------  ----------  --------------  -------------------
/opt/airflow/dags/main.py                           0           1  0.09s           2026-05-21T08:12:26
================================================================================
[2026-05-21T08:13:05.788+0000] {manager.py:878} INFO - 
================================================================================
DAG File Processing Stats

File Path                  PID    Runtime      # DAGs    # Errors  Last Runtime    Last Run
-------------------------  -----  ---------  --------  ----------  --------------  -------------------
/opt/airflow/dags/main.py                           0           1  0.08s           2026-05-21T08:12:56
================================================================================
[2026-05-21T08:13:36.009+0000] {manager.py:878} INFO - 
================================================================================
DAG File Processing Stats

File Path                  PID    Runtime      # DAGs    # Errors  Last Runtime    Last Run
-------------------------  -----  ---------  --------  ----------  --------------  -------------------
/opt/airflow/dags/main.py                           0           1  0.07s           2026-05-21T08:13:26
================================================================================
[2026-05-21T08:14:06.445+0000] {manager.py:878} INFO - 
================================================================================
DAG File Processing Stats

File Path                  PID    Runtime      # DAGs    # Errors  Last Runtime    Last Run
-------------------------  -----  ---------  --------  ----------  --------------  -------------------
/opt/airflow/dags/main.py                           0           1  0.09s           2026-05-21T08:13:57
================================================================================
[2026-05-21T08:14:25.651+0000] {manager.py:737} INFO - Searching for files in /opt/airflow/dags
[2026-05-21T08:14:25.676+0000] {manager.py:740} INFO - There are 1 files in /opt/airflow/dags
[2026-05-21T08:14:36.831+0000] {manager.py:878} INFO - 
================================================================================
DAG File Processing Stats

File Path                  PID    Runtime      # DAGs    # Errors  Last Runtime    Last Run
-------------------------  -----  ---------  --------  ----------  --------------  -------------------
/opt/airflow/dags/main.py                           0           1  0.08s           2026-05-21T08:14:27
================================================================================
[2026-05-21T08:15:07.217+0000] {manager.py:878} INFO - 
================================================================================
DAG File Processing Stats

File Path                  PID    Runtime      # DAGs    # Errors  Last Runtime    Last Run
-------------------------  -----  ---------  --------  ----------  --------------  -------------------
/opt/airflow/dags/main.py                           0           1  0.08s           2026-05-21T08:14:58
================================================================================
[2026-05-21T08:15:37.530+0000] {manager.py:878} INFO - 
================================================================================
DAG File Processing Stats

File Path                  PID    Runtime      # DAGs    # Errors  Last Runtime    Last Run
-------------------------  -----  ---------  --------  ----------  --------------  -------------------
/opt/airflow/dags/main.py                           0           1  0.09s           2026-05-21T08:15:28
================================================================================
[2026-05-21T08:16:07.882+0000] {manager.py:878} INFO - 
================================================================================
DAG File Processing Stats

File Path                  PID    Runtime      # DAGs    # Errors  Last Runtime    Last Run
-------------------------  -----  ---------  --------  ----------  --------------  -------------------
/opt/airflow/dags/main.py                           0           1  0.08s           2026-05-21T08:15:58
================================================================================
[2026-05-21T08:16:38.186+0000] {manager.py:878} INFO - 
================================================================================
DAG File Processing Stats

File Path                  PID    Runtime      # DAGs    # Errors  Last Runtime    Last Run
-------------------------  -----  ---------  --------  ----------  --------------  -------------------
/opt/airflow/dags/main.py                           0           1  0.07s           2026-05-21T08:16:29
================================================================================
[2026-05-21T08:17:08.581+0000] {manager.py:878} INFO - 
================================================================================
DAG File Processing Stats

File Path                  PID    Runtime      # DAGs    # Errors  Last Runtime    Last Run
-------------------------  -----  ---------  --------  ----------  --------------  -------------------
/opt/airflow/dags/main.py                           0           1  0.07s           2026-05-21T08:16:59
================================================================================
[2026-05-21T08:17:38.905+0000] {manager.py:878} INFO - 
================================================================================
DAG File Processing Stats

File Path                  PID    Runtime      # DAGs    # Errors  Last Runtime    Last Run
-------------------------  -----  ---------  --------  ----------  --------------  -------------------
/opt/airflow/dags/main.py                           0           1  0.07s           2026-05-21T08:17:29
================================================================================
[2026-05-21T08:18:09.283+0000] {manager.py:878} INFO - 
================================================================================
DAG File Processing Stats

File Path                  PID    Runtime      # DAGs    # Errors  Last Runtime    Last Run
-------------------------  -----  ---------  --------  ----------  --------------  -------------------
/opt/airflow/dags/main.py                           0           1  0.07s           2026-05-21T08:18:00
================================================================================
[2026-05-21T08:18:39.631+0000] {manager.py:878} INFO - 
================================================================================
DAG File Processing Stats

File Path                  PID    Runtime      # DAGs    # Errors  Last Runtime    Last Run
-------------------------  -----  ---------  --------  ----------  --------------  -------------------
/opt/airflow/dags/main.py                           0           1  0.07s           2026-05-21T08:18:30
================================================================================
[2026-05-21T08:19:10.004+0000] {manager.py:878} INFO - 
================================================================================
DAG File Processing Stats

File Path                  PID    Runtime      # DAGs    # Errors  Last Runtime    Last Run
-------------------------  -----  ---------  --------  ----------  --------------  -------------------
/opt/airflow/dags/main.py                           0           1  0.07s           2026-05-21T08:19:00
================================================================================
[2026-05-21T08:19:26.175+0000] {manager.py:737} INFO - Searching for files in /opt/airflow/dags
[2026-05-21T08:19:26.270+0000] {manager.py:740} INFO - There are 1 files in /opt/airflow/dags
[2026-05-21T08:19:40.519+0000] {manager.py:878} INFO - 
================================================================================
DAG File Processing Stats

File Path                  PID    Runtime      # DAGs    # Errors  Last Runtime    Last Run
-------------------------  -----  ---------  --------  ----------  --------------  -------------------
/opt/airflow/dags/main.py                           0           1  0.09s           2026-05-21T08:19:31
================================================================================
[2026-05-21T08:20:10.919+0000] {manager.py:878} INFO - 
================================================================================
DAG File Processing Stats

File Path                  PID    Runtime      # DAGs    # Errors  Last Runtime    Last Run
-------------------------  -----  ---------  --------  ----------  --------------  -------------------
/opt/airflow/dags/main.py                           0           1  0.08s           2026-05-21T08:20:01
================================================================================
[2026-05-21T08:20:41.257+0000] {manager.py:878} INFO - 
================================================================================
DAG File Processing Stats

File Path                  PID    Runtime      # DAGs    # Errors  Last Runtime    Last Run
-------------------------  -----  ---------  --------  ----------  --------------  -------------------
/opt/airflow/dags/main.py                           0           1  0.07s           2026-05-21T08:20:32
================================================================================
[2026-05-21T08:21:11.642+0000] {manager.py:878} INFO - 
================================================================================
DAG File Processing Stats

File Path                  PID    Runtime      # DAGs    # Errors  Last Runtime    Last Run
-------------------------  -----  ---------  --------  ----------  --------------  -------------------
/opt/airflow/dags/main.py                           0           1  0.08s           2026-05-21T08:21:02
================================================================================
[2026-05-21T08:21:41.957+0000] {manager.py:878} INFO - 
================================================================================
DAG File Processing Stats

File Path                  PID    Runtime      # DAGs    # Errors  Last Runtime    Last Run
-------------------------  -----  ---------  --------  ----------  --------------  -------------------
/opt/airflow/dags/main.py                           0           1  0.07s           2026-05-21T08:21:32
================================================================================
[2026-05-21T08:22:12.382+0000] {manager.py:878} INFO - 
================================================================================
DAG File Processing Stats

File Path                  PID    Runtime      # DAGs    # Errors  Last Runtime    Last Run
-------------------------  -----  ---------  --------  ----------  --------------  -------------------
/opt/airflow/dags/main.py                           0           1  0.09s           2026-05-21T08:22:03
================================================================================
[2026-05-21T08:22:42.721+0000] {manager.py:878} INFO - 
================================================================================
DAG File Processing Stats

File Path                  PID    Runtime      # DAGs    # Errors  Last Runtime    Last Run
-------------------------  -----  ---------  --------  ----------  --------------  -------------------
/opt/airflow/dags/main.py                           0           1  0.07s           2026-05-21T08:22:33
================================================================================
[2026-05-21T08:23:13.139+0000] {manager.py:878} INFO - 
================================================================================
DAG File Processing Stats

File Path                  PID    Runtime      # DAGs    # Errors  Last Runtime    Last Run
-------------------------  -----  ---------  --------  ----------  --------------  -------------------
/opt/airflow/dags/main.py                           0           1  0.09s           2026-05-21T08:23:04
================================================================================
[2026-05-21T08:23:43.462+0000] {manager.py:878} INFO - 
================================================================================
DAG File Processing Stats

File Path                  PID    Runtime      # DAGs    # Errors  Last Runtime    Last Run
-------------------------  -----  ---------  --------  ----------  --------------  -------------------
/opt/airflow/dags/main.py                           0           1  0.06s           2026-05-21T08:23:34
================================================================================
[2026-05-21T08:24:13.818+0000] {manager.py:878} INFO - 
================================================================================
DAG File Processing Stats

File Path                  PID    Runtime      # DAGs    # Errors  Last Runtime    Last Run
-------------------------  -----  ---------  --------  ----------  --------------  -------------------
/opt/airflow/dags/main.py                           0           1  0.09s           2026-05-21T08:24:04
================================================================================
[2026-05-21T08:24:26.956+0000] {manager.py:737} INFO - Searching for files in /opt/airflow/dags
[2026-05-21T08:24:27.072+0000] {manager.py:740} INFO - There are 1 files in /opt/airflow/dags
[2026-05-21T08:24:44.313+0000] {manager.py:878} INFO - 
================================================================================
DAG File Processing Stats

File Path                  PID    Runtime      # DAGs    # Errors  Last Runtime    Last Run
-------------------------  -----  ---------  --------  ----------  --------------  -------------------
/opt/airflow/dags/main.py                           0           1  0.07s           2026-05-21T08:24:35
================================================================================
[2026-05-21T08:25:14.606+0000] {manager.py:878} INFO - 
================================================================================
DAG File Processing Stats

File Path                  PID    Runtime      # DAGs    # Errors  Last Runtime    Last Run
-------------------------  -----  ---------  --------  ----------  --------------  -------------------
/opt/airflow/dags/main.py                           0           1  0.06s           2026-05-21T08:25:05
================================================================================
[2026-05-21T08:25:44.886+0000] {manager.py:878} INFO - 
================================================================================
DAG File Processing Stats

File Path                  PID    Runtime      # DAGs    # Errors  Last Runtime    Last Run
-------------------------  -----  ---------  --------  ----------  --------------  -------------------
/opt/airflow/dags/main.py                           0           1  0.07s           2026-05-21T08:25:35
================================================================================
[2026-05-21T08:26:15.209+0000] {manager.py:878} INFO - 
================================================================================
DAG File Processing Stats

File Path                  PID    Runtime      # DAGs    # Errors  Last Runtime    Last Run
-------------------------  -----  ---------  --------  ----------  --------------  -------------------
/opt/airflow/dags/main.py                           0           1  0.08s           2026-05-21T08:26:06
================================================================================
[2026-05-21T08:26:45.568+0000] {manager.py:878} INFO - 
================================================================================
DAG File Processing Stats

File Path                  PID    Runtime      # DAGs    # Errors  Last Runtime    Last Run
-------------------------  -----  ---------  --------  ----------  --------------  -------------------
/opt/airflow/dags/main.py                           0           1  0.09s           2026-05-21T08:26:36
================================================================================
[2026-05-21T08:27:15.856+0000] {manager.py:878} INFO - 
================================================================================
DAG File Processing Stats

File Path                  PID    Runtime      # DAGs    # Errors  Last Runtime    Last Run
-------------------------  -----  ---------  --------  ----------  --------------  -------------------
/opt/airflow/dags/main.py                           0           1  0.08s           2026-05-21T08:27:06
================================================================================
[2026-05-21T08:27:46.163+0000] {manager.py:878} INFO - 
================================================================================
DAG File Processing Stats

File Path                  PID    Runtime      # DAGs    # Errors  Last Runtime    Last Run
-------------------------  -----  ---------  --------  ----------  --------------  -------------------
/opt/airflow/dags/main.py                           0           1  0.07s           2026-05-21T08:27:37
================================================================================
[2026-05-21T08:28:16.503+0000] {manager.py:878} INFO - 
================================================================================
DAG File Processing Stats

File Path                  PID    Runtime      # DAGs    # Errors  Last Runtime    Last Run
-------------------------  -----  ---------  --------  ----------  --------------  -------------------
/opt/airflow/dags/main.py                           0           1  0.06s           2026-05-21T08:28:07
================================================================================
[2026-05-21T08:28:46.848+0000] {manager.py:878} INFO - 
================================================================================
DAG File Processing Stats

File Path                  PID    Runtime      # DAGs    # Errors  Last Runtime    Last Run
-------------------------  -----  ---------  --------  ----------  --------------  -------------------
/opt/airflow/dags/main.py                           0           1  0.08s           2026-05-21T08:28:37
================================================================================
[2026-05-21T08:29:17.228+0000] {manager.py:878} INFO - 
================================================================================
DAG File Processing Stats

File Path                    PID  Runtime      # DAGs    # Errors  Last Runtime    Last Run
-------------------------  -----  ---------  --------  ----------  --------------  -------------------
/opt/airflow/dags/main.py   1720  0.00s             0           1  0.07s           2026-05-21T08:29:16
================================================================================
[2026-05-21T08:29:27.320+0000] {manager.py:737} INFO - Searching for files in /opt/airflow/dags
[2026-05-21T08:29:27.346+0000] {manager.py:740} INFO - There are 1 files in /opt/airflow/dags
[2026-05-21T08:29:47.583+0000] {manager.py:878} INFO - 
================================================================================
DAG File Processing Stats

File Path                    PID  Runtime      # DAGs    # Errors  Last Runtime    Last Run
-------------------------  -----  ---------  --------  ----------  --------------  -------------------
/opt/airflow/dags/main.py   1727  0.01s             0           1  0.07s           2026-05-21T08:29:17
================================================================================
[2026-05-21T08:30:17.867+0000] {manager.py:878} INFO - 
================================================================================
DAG File Processing Stats

File Path                    PID  Runtime      # DAGs    # Errors  Last Runtime    Last Run
-------------------------  -----  ---------  --------  ----------  --------------  -------------------
/opt/airflow/dags/main.py   1734  0.00s             0           1  0.08s           2026-05-21T08:29:47
================================================================================
[2026-05-21T08:30:48.240+0000] {manager.py:878} INFO - 
================================================================================
DAG File Processing Stats

File Path                    PID  Runtime      # DAGs    # Errors  Last Runtime    Last Run
-------------------------  -----  ---------  --------  ----------  --------------  -------------------
/opt/airflow/dags/main.py   1741  0.01s             0           1  0.07s           2026-05-21T08:30:17
================================================================================
[2026-05-21T08:31:18.457+0000] {manager.py:878} INFO - 
================================================================================
DAG File Processing Stats

File Path                    PID  Runtime      # DAGs    # Errors  Last Runtime    Last Run
-------------------------  -----  ---------  --------  ----------  --------------  -------------------
/opt/airflow/dags/main.py   1748  0.00s             0           1  0.08s           2026-05-21T08:30:48
================================================================================
[2026-05-21T08:31:48.761+0000] {manager.py:878} INFO - 
================================================================================
DAG File Processing Stats

File Path                    PID  Runtime      # DAGs    # Errors  Last Runtime    Last Run
-------------------------  -----  ---------  --------  ----------  --------------  -------------------
/opt/airflow/dags/main.py   1755  0.00s             0           1  0.07s           2026-05-21T08:31:18
================================================================================
[2026-05-21T08:32:19.000+0000] {manager.py:878} INFO - 
================================================================================
DAG File Processing Stats

File Path                    PID  Runtime      # DAGs    # Errors  Last Runtime    Last Run
-------------------------  -----  ---------  --------  ----------  --------------  -------------------
/opt/airflow/dags/main.py   1762  0.00s             0           1  0.08s           2026-05-21T08:31:48
================================================================================
[2026-05-21T08:32:49.375+0000] {manager.py:878} INFO - 
================================================================================
DAG File Processing Stats

File Path                  PID    Runtime      # DAGs    # Errors  Last Runtime    Last Run
-------------------------  -----  ---------  --------  ----------  --------------  -------------------
/opt/airflow/dags/main.py                           0           1  0.07s           2026-05-21T08:32:29
================================================================================
[2026-05-21T08:33:19.693+0000] {manager.py:878} INFO - 
================================================================================
DAG File Processing Stats

File Path                  PID    Runtime      # DAGs    # Errors  Last Runtime    Last Run
-------------------------  -----  ---------  --------  ----------  --------------  -------------------
/opt/airflow/dags/main.py                           0           1  0.08s           2026-05-21T08:32:59
================================================================================
[2026-05-21T08:33:50.060+0000] {manager.py:878} INFO - 
================================================================================
DAG File Processing Stats

File Path                  PID    Runtime      # DAGs    # Errors  Last Runtime    Last Run
-------------------------  -----  ---------  --------  ----------  --------------  -------------------
/opt/airflow/dags/main.py                           0           1  0.09s           2026-05-21T08:33:49
================================================================================
[2026-05-21T08:34:20.370+0000] {manager.py:878} INFO - 
================================================================================
DAG File Processing Stats

File Path                  PID    Runtime      # DAGs    # Errors  Last Runtime    Last Run
-------------------------  -----  ---------  --------  ----------  --------------  -------------------
/opt/airflow/dags/main.py                           0           1  0.07s           2026-05-21T08:34:19
================================================================================
[2026-05-21T08:34:27.427+0000] {manager.py:737} INFO - Searching for files in /opt/airflow/dags
[2026-05-21T08:34:27.451+0000] {manager.py:740} INFO - There are 1 files in /opt/airflow/dags
[2026-05-21T08:34:50.675+0000] {manager.py:878} INFO - 
================================================================================
DAG File Processing Stats

File Path                  PID    Runtime      # DAGs    # Errors  Last Runtime    Last Run
-------------------------  -----  ---------  --------  ----------  --------------  -------------------
/opt/airflow/dags/main.py                           0           1  0.09s           2026-05-21T08:34:49
================================================================================
[2026-05-21T08:35:21.030+0000] {manager.py:878} INFO - 
================================================================================
DAG File Processing Stats

File Path                  PID    Runtime      # DAGs    # Errors  Last Runtime    Last Run
-------------------------  -----  ---------  --------  ----------  --------------  -------------------
/opt/airflow/dags/main.py                           0           1  0.11s           2026-05-21T08:34:58
================================================================================
[2026-05-21T08:35:51.440+0000] {manager.py:878} INFO - 
================================================================================
DAG File Processing Stats

File Path                  PID    Runtime      # DAGs    # Errors  Last Runtime    Last Run
-------------------------  -----  ---------  --------  ----------  --------------  -------------------
/opt/airflow/dags/main.py                           0           1  0.13s           2026-05-21T08:35:29
================================================================================
[2026-05-21T08:36:21.797+0000] {manager.py:878} INFO - 
================================================================================
DAG File Processing Stats

File Path                  PID    Runtime      # DAGs    # Errors  Last Runtime    Last Run
-------------------------  -----  ---------  --------  ----------  --------------  -------------------
/opt/airflow/dags/main.py                           0           1  0.12s           2026-05-21T08:35:59
================================================================================
[2026-05-21T08:36:52.136+0000] {manager.py:878} INFO - 
================================================================================
DAG File Processing Stats

File Path                  PID    Runtime      # DAGs    # Errors  Last Runtime    Last Run
-------------------------  -----  ---------  --------  ----------  --------------  -------------------
/opt/airflow/dags/main.py                           0           1  0.14s           2026-05-21T08:36:29
================================================================================
[2026-05-21T08:37:22.477+0000] {manager.py:878} INFO - 
================================================================================
DAG File Processing Stats

File Path                  PID    Runtime      # DAGs    # Errors  Last Runtime    Last Run
-------------------------  -----  ---------  --------  ----------  --------------  -------------------
/opt/airflow/dags/main.py                           0           1  0.13s           2026-05-21T08:37:00
================================================================================
[2026-05-21T08:37:52.883+0000] {manager.py:878} INFO - 
================================================================================
DAG File Processing Stats

File Path                  PID    Runtime      # DAGs    # Errors  Last Runtime    Last Run
-------------------------  -----  ---------  --------  ----------  --------------  -------------------
/opt/airflow/dags/main.py                           0           1  0.12s           2026-05-21T08:37:30
================================================================================
[2026-05-21T08:38:23.155+0000] {manager.py:878} INFO - 
================================================================================
DAG File Processing Stats

File Path                  PID    Runtime      # DAGs    # Errors  Last Runtime    Last Run
-------------------------  -----  ---------  --------  ----------  --------------  -------------------
/opt/airflow/dags/main.py                           0           1  0.12s           2026-05-21T08:38:01
================================================================================
[2026-05-21T08:38:53.509+0000] {manager.py:878} INFO - 
================================================================================
DAG File Processing Stats

File Path                  PID    Runtime      # DAGs    # Errors  Last Runtime    Last Run
-------------------------  -----  ---------  --------  ----------  --------------  -------------------
/opt/airflow/dags/main.py                           0           1  0.12s           2026-05-21T08:38:31
================================================================================
[2026-05-21T08:39:23.766+0000] {manager.py:878} INFO - 
================================================================================
DAG File Processing Stats

File Path                  PID    Runtime      # DAGs    # Errors  Last Runtime    Last Run
-------------------------  -----  ---------  --------  ----------  --------------  -------------------
/opt/airflow/dags/main.py                           0           1  0.14s           2026-05-21T08:39:01
================================================================================
[2026-05-21T08:39:27.783+0000] {manager.py:737} INFO - Searching for files in /opt/airflow/dags
[2026-05-21T08:39:27.827+0000] {manager.py:740} INFO - There are 1 files in /opt/airflow/dags
[2026-05-21T08:39:54.116+0000] {manager.py:878} INFO - 
================================================================================
DAG File Processing Stats

File Path                  PID    Runtime      # DAGs    # Errors  Last Runtime    Last Run
-------------------------  -----  ---------  --------  ----------  --------------  -------------------
/opt/airflow/dags/main.py                           0           1  0.11s           2026-05-21T08:39:31
================================================================================
[2026-05-21T08:40:24.543+0000] {manager.py:878} INFO - 
================================================================================
DAG File Processing Stats

File Path                  PID    Runtime      # DAGs    # Errors  Last Runtime    Last Run
-------------------------  -----  ---------  --------  ----------  --------------  -------------------
/opt/airflow/dags/main.py                           0           1  0.12s           2026-05-21T08:40:23
================================================================================
[2026-05-21T08:40:54.897+0000] {manager.py:878} INFO - 
================================================================================
DAG File Processing Stats

File Path                  PID    Runtime      # DAGs    # Errors  Last Runtime    Last Run
-------------------------  -----  ---------  --------  ----------  --------------  -------------------
/opt/airflow/dags/main.py                           0           1  0.13s           2026-05-21T08:40:50
================================================================================
[2026-05-21T08:41:25.196+0000] {manager.py:878} INFO - 
================================================================================
DAG File Processing Stats

File Path                  PID    Runtime      # DAGs    # Errors  Last Runtime    Last Run
-------------------------  -----  ---------  --------  ----------  --------------  -------------------
/opt/airflow/dags/main.py                           0           1  0.12s           2026-05-21T08:41:21
================================================================================
[2026-05-21T08:41:55.506+0000] {manager.py:878} INFO - 
================================================================================
DAG File Processing Stats

File Path                  PID    Runtime      # DAGs    # Errors  Last Runtime    Last Run
-------------------------  -----  ---------  --------  ----------  --------------  -------------------
/opt/airflow/dags/main.py                           0           1  0.14s           2026-05-21T08:41:51
================================================================================
[2026-05-21T08:42:25.900+0000] {manager.py:878} INFO - 
================================================================================
DAG File Processing Stats

File Path                  PID    Runtime      # DAGs    # Errors  Last Runtime    Last Run
-------------------------  -----  ---------  --------  ----------  --------------  -------------------
/opt/airflow/dags/main.py                           0           1  0.12s           2026-05-21T08:42:21
================================================================================
[2026-05-21T08:42:56.255+0000] {manager.py:878} INFO - 
================================================================================
DAG File Processing Stats

File Path                  PID    Runtime      # DAGs    # Errors  Last Runtime    Last Run
-------------------------  -----  ---------  --------  ----------  --------------  -------------------
/opt/airflow/dags/main.py                           0           1  0.13s           2026-05-21T08:42:52
================================================================================
[2026-05-21T08:43:26.578+0000] {manager.py:878} INFO - 
================================================================================
DAG File Processing Stats

File Path                  PID    Runtime      # DAGs    # Errors  Last Runtime    Last Run
-------------------------  -----  ---------  --------  ----------  --------------  -------------------
/opt/airflow/dags/main.py                           0           1  0.12s           2026-05-21T08:43:22
================================================================================
[2026-05-21T08:43:56.851+0000] {manager.py:878} INFO - 
================================================================================
DAG File Processing Stats

File Path                  PID    Runtime      # DAGs    # Errors  Last Runtime    Last Run
-------------------------  -----  ---------  --------  ----------  --------------  -------------------
/opt/airflow/dags/main.py                           1           0  0.49s           2026-05-21T08:43:53
================================================================================
[2026-05-21T08:44:27.554+0000] {manager.py:878} INFO - 
================================================================================
DAG File Processing Stats

File Path                  PID    Runtime      # DAGs    # Errors  Last Runtime    Last Run
-------------------------  -----  ---------  --------  ----------  --------------  -------------------
/opt/airflow/dags/main.py                           1           0  0.16s           2026-05-21T08:44:23
================================================================================
[2026-05-21T08:44:28.565+0000] {manager.py:737} INFO - Searching for files in /opt/airflow/dags
[2026-05-21T08:44:28.609+0000] {manager.py:740} INFO - There are 1 files in /opt/airflow/dags
[2026-05-21T08:44:57.972+0000] {manager.py:878} INFO - 
================================================================================
DAG File Processing Stats

File Path                  PID    Runtime      # DAGs    # Errors  Last Runtime    Last Run
-------------------------  -----  ---------  --------  ----------  --------------  -------------------
/opt/airflow/dags/main.py                           1           0  0.18s           2026-05-21T08:44:54
================================================================================
[2026-05-21T08:45:28.332+0000] {manager.py:878} INFO - 
================================================================================
DAG File Processing Stats

File Path                  PID    Runtime      # DAGs    # Errors  Last Runtime    Last Run
-------------------------  -----  ---------  --------  ----------  --------------  -------------------
/opt/airflow/dags/main.py                           1           0  0.17s           2026-05-21T08:45:24
================================================================================
[2026-05-21T08:45:58.633+0000] {manager.py:878} INFO - 
================================================================================
DAG File Processing Stats

File Path                  PID    Runtime      # DAGs    # Errors  Last Runtime    Last Run
-------------------------  -----  ---------  --------  ----------  --------------  -------------------
/opt/airflow/dags/main.py                           1           0  0.15s           2026-05-21T08:45:54
================================================================================
[2026-05-21T08:46:28.950+0000] {manager.py:878} INFO - 
================================================================================
DAG File Processing Stats

File Path                  PID    Runtime      # DAGs    # Errors  Last Runtime    Last Run
-------------------------  -----  ---------  --------  ----------  --------------  -------------------
/opt/airflow/dags/main.py                           1           0  0.18s           2026-05-21T08:46:25
================================================================================
[2026-05-21T08:46:59.211+0000] {manager.py:878} INFO - 
================================================================================
DAG File Processing Stats

File Path                  PID    Runtime      # DAGs    # Errors  Last Runtime    Last Run
-------------------------  -----  ---------  --------  ----------  --------------  -------------------
/opt/airflow/dags/main.py                           1           0  0.15s           2026-05-21T08:46:55
================================================================================
[2026-05-21T08:47:29.673+0000] {manager.py:878} INFO - 
================================================================================
DAG File Processing Stats

File Path                  PID    Runtime      # DAGs    # Errors  Last Runtime    Last Run
-------------------------  -----  ---------  --------  ----------  --------------  -------------------
/opt/airflow/dags/main.py                           1           0  0.14s           2026-05-21T08:47:25
================================================================================
[2026-05-21T08:48:00.020+0000] {manager.py:878} INFO - 
================================================================================
DAG File Processing Stats

File Path                  PID    Runtime      # DAGs    # Errors  Last Runtime    Last Run
-------------------------  -----  ---------  --------  ----------  --------------  -------------------
/opt/airflow/dags/main.py                           1           0  0.14s           2026-05-21T08:47:56
================================================================================
[2026-05-21T08:48:30.331+0000] {manager.py:878} INFO - 
================================================================================
DAG File Processing Stats

File Path                  PID    Runtime      # DAGs    # Errors  Last Runtime    Last Run
-------------------------  -----  ---------  --------  ----------  --------------  -------------------
/opt/airflow/dags/main.py                           1           0  0.16s           2026-05-21T08:48:26
================================================================================
[2026-05-21T08:49:00.736+0000] {manager.py:878} INFO - 
================================================================================
DAG File Processing Stats

File Path                  PID    Runtime      # DAGs    # Errors  Last Runtime    Last Run
-------------------------  -----  ---------  --------  ----------  --------------  -------------------
/opt/airflow/dags/main.py                           1           0  0.16s           2026-05-21T08:48:56
================================================================================
[2026-05-21T08:49:29.113+0000] {manager.py:737} INFO - Searching for files in /opt/airflow/dags
[2026-05-21T08:49:29.223+0000] {manager.py:740} INFO - There are 1 files in /opt/airflow/dags
[2026-05-21T08:49:31.272+0000] {manager.py:878} INFO - 
================================================================================
DAG File Processing Stats

File Path                  PID    Runtime      # DAGs    # Errors  Last Runtime    Last Run
-------------------------  -----  ---------  --------  ----------  --------------  -------------------
/opt/airflow/dags/main.py                           1           0  0.14s           2026-05-21T08:49:27
================================================================================
[2026-05-21T08:50:01.624+0000] {manager.py:878} INFO - 
================================================================================
DAG File Processing Stats

File Path                  PID    Runtime      # DAGs    # Errors  Last Runtime    Last Run
-------------------------  -----  ---------  --------  ----------  --------------  -------------------
/opt/airflow/dags/main.py                           1           0  0.17s           2026-05-21T08:49:57
================================================================================
[2026-05-21T08:50:31.977+0000] {manager.py:878} INFO - 
================================================================================
DAG File Processing Stats

File Path                  PID    Runtime      # DAGs    # Errors  Last Runtime    Last Run
-------------------------  -----  ---------  --------  ----------  --------------  -------------------
/opt/airflow/dags/main.py                           1           0  0.15s           2026-05-21T08:50:27
================================================================================
[2026-05-21T08:51:02.285+0000] {manager.py:878} INFO - 
================================================================================
DAG File Processing Stats

File Path                  PID    Runtime      # DAGs    # Errors  Last Runtime    Last Run
-------------------------  -----  ---------  --------  ----------  --------------  -------------------
/opt/airflow/dags/main.py                           1           0  0.16s           2026-05-21T08:50:58
================================================================================
[2026-05-21T08:51:32.625+0000] {manager.py:878} INFO - 
================================================================================
DAG File Processing Stats

File Path                  PID    Runtime      # DAGs    # Errors  Last Runtime    Last Run
-------------------------  -----  ---------  --------  ----------  --------------  -------------------
/opt/airflow/dags/main.py                           1           0  0.16s           2026-05-21T08:51:28
================================================================================
[2026-05-21T08:52:02.948+0000] {manager.py:878} INFO - 
================================================================================
DAG File Processing Stats

File Path                  PID    Runtime      # DAGs    # Errors  Last Runtime    Last Run
-------------------------  -----  ---------  --------  ----------  --------------  -------------------
/opt/airflow/dags/main.py                           1           0  0.17s           2026-05-21T08:51:59
================================================================================
[2026-05-21T08:52:33.285+0000] {manager.py:878} INFO - 
================================================================================
DAG File Processing Stats

File Path                  PID    Runtime      # DAGs    # Errors  Last Runtime    Last Run
-------------------------  -----  ---------  --------  ----------  --------------  -------------------
/opt/airflow/dags/main.py                           1           0  0.16s           2026-05-21T08:52:29
================================================================================
[2026-05-21T08:53:03.533+0000] {manager.py:878} INFO - 
================================================================================
DAG File Processing Stats

File Path                  PID    Runtime      # DAGs    # Errors  Last Runtime    Last Run
-------------------------  -----  ---------  --------  ----------  --------------  -------------------
/opt/airflow/dags/main.py                           1           0  0.19s           2026-05-21T08:52:59
================================================================================
[2026-05-21T08:53:33.937+0000] {manager.py:878} INFO - 
================================================================================
DAG File Processing Stats

File Path                  PID    Runtime      # DAGs    # Errors  Last Runtime    Last Run
-------------------------  -----  ---------  --------  ----------  --------------  -------------------
/opt/airflow/dags/main.py                           1           0  0.16s           2026-05-21T08:53:29
================================================================================
[2026-05-21T08:54:04.153+0000] {manager.py:878} INFO - 
================================================================================
DAG File Processing Stats

File Path                  PID    Runtime      # DAGs    # Errors  Last Runtime    Last Run
-------------------------  -----  ---------  --------  ----------  --------------  -------------------
/opt/airflow/dags/main.py                           1           0  0.16s           2026-05-21T08:54:00
================================================================================
[2026-05-21T08:54:29.370+0000] {manager.py:737} INFO - Searching for files in /opt/airflow/dags
[2026-05-21T08:54:29.441+0000] {manager.py:740} INFO - There are 1 files in /opt/airflow/dags
[2026-05-21T08:54:34.515+0000] {manager.py:878} INFO - 
================================================================================
DAG File Processing Stats

File Path                  PID    Runtime      # DAGs    # Errors  Last Runtime    Last Run
-------------------------  -----  ---------  --------  ----------  --------------  -------------------
/opt/airflow/dags/main.py                           1           0  0.15s           2026-05-21T08:54:30
================================================================================
[2026-05-21T08:55:04.862+0000] {manager.py:878} INFO - 
================================================================================
DAG File Processing Stats

File Path                  PID    Runtime      # DAGs    # Errors  Last Runtime    Last Run
-------------------------  -----  ---------  --------  ----------  --------------  -------------------
/opt/airflow/dags/main.py                           1           0  0.15s           2026-05-21T08:55:00
================================================================================
[2026-05-21T08:55:35.246+0000] {manager.py:878} INFO - 
================================================================================
DAG File Processing Stats

File Path                  PID    Runtime      # DAGs    # Errors  Last Runtime    Last Run
-------------------------  -----  ---------  --------  ----------  --------------  -------------------
/opt/airflow/dags/main.py                           1           0  0.17s           2026-05-21T08:55:31
================================================================================
[2026-05-21T08:56:05.661+0000] {manager.py:878} INFO - 
================================================================================
DAG File Processing Stats

File Path                  PID    Runtime      # DAGs    # Errors  Last Runtime    Last Run
-------------------------  -----  ---------  --------  ----------  --------------  -------------------
/opt/airflow/dags/main.py                           1           0  0.18s           2026-05-21T08:56:01
================================================================================
[2026-05-21T08:56:35.977+0000] {manager.py:878} INFO - 
================================================================================
DAG File Processing Stats

File Path                  PID    Runtime      # DAGs    # Errors  Last Runtime    Last Run
-------------------------  -----  ---------  --------  ----------  --------------  -------------------
/opt/airflow/dags/main.py                           1           0  0.17s           2026-05-21T08:56:32
================================================================================
[2026-05-21T08:57:06.315+0000] {manager.py:878} INFO - 
================================================================================
DAG File Processing Stats

File Path                  PID    Runtime      # DAGs    # Errors  Last Runtime    Last Run
-------------------------  -----  ---------  --------  ----------  --------------  -------------------
/opt/airflow/dags/main.py                           1           0  0.17s           2026-05-21T08:57:02
================================================================================
[2026-05-21T08:57:36.724+0000] {manager.py:878} INFO - 
================================================================================
DAG File Processing Stats

File Path                  PID    Runtime      # DAGs    # Errors  Last Runtime    Last Run
-------------------------  -----  ---------  --------  ----------  --------------  -------------------
/opt/airflow/dags/main.py                           1           0  0.16s           2026-05-21T08:57:32
================================================================================
[2026-05-21T08:58:07.167+0000] {manager.py:878} INFO - 
================================================================================
DAG File Processing Stats

File Path                  PID    Runtime      # DAGs    # Errors  Last Runtime    Last Run
-------------------------  -----  ---------  --------  ----------  --------------  -------------------
/opt/airflow/dags/main.py                           1           0  0.16s           2026-05-21T08:58:03
================================================================================
[2026-05-21T08:58:37.541+0000] {manager.py:878} INFO - 
================================================================================
DAG File Processing Stats

File Path                  PID    Runtime      # DAGs    # Errors  Last Runtime    Last Run
-------------------------  -----  ---------  --------  ----------  --------------  -------------------
/opt/airflow/dags/main.py                           1           0  0.15s           2026-05-21T08:58:33
================================================================================
[2026-05-21T08:59:07.880+0000] {manager.py:878} INFO - 
================================================================================
DAG File Processing Stats

File Path                  PID    Runtime      # DAGs    # Errors  Last Runtime    Last Run
-------------------------  -----  ---------  --------  ----------  --------------  -------------------
/opt/airflow/dags/main.py                           1           0  0.15s           2026-05-21T08:59:03
================================================================================
[2026-05-21T08:59:30.110+0000] {manager.py:737} INFO - Searching for files in /opt/airflow/dags
[2026-05-21T08:59:30.153+0000] {manager.py:740} INFO - There are 1 files in /opt/airflow/dags
[2026-05-21T08:59:38.326+0000] {manager.py:878} INFO - 
================================================================================
DAG File Processing Stats

File Path                  PID    Runtime      # DAGs    # Errors  Last Runtime    Last Run
-------------------------  -----  ---------  --------  ----------  --------------  -------------------
/opt/airflow/dags/main.py                           1           0  0.17s           2026-05-21T08:59:34
================================================================================
[2026-05-21T09:00:08.729+0000] {manager.py:878} INFO - 
================================================================================
DAG File Processing Stats

File Path                  PID    Runtime      # DAGs    # Errors  Last Runtime    Last Run
-------------------------  -----  ---------  --------  ----------  --------------  -------------------
/opt/airflow/dags/main.py                           1           0  0.17s           2026-05-21T09:00:04
================================================================================
[2026-05-21T09:00:39.173+0000] {manager.py:878} INFO - 
================================================================================
DAG File Processing Stats

File Path                  PID    Runtime      # DAGs    # Errors  Last Runtime    Last Run
-------------------------  -----  ---------  --------  ----------  --------------  -------------------
/opt/airflow/dags/main.py                           1           0  0.14s           2026-05-21T09:00:35
================================================================================
[2026-05-21T09:01:09.485+0000] {manager.py:878} INFO - 
================================================================================
DAG File Processing Stats

File Path                  PID    Runtime      # DAGs    # Errors  Last Runtime    Last Run
-------------------------  -----  ---------  --------  ----------  --------------  -------------------
/opt/airflow/dags/main.py                           1           0  0.16s           2026-05-21T09:01:05
================================================================================
[2026-05-21T09:01:39.955+0000] {manager.py:878} INFO - 
================================================================================
DAG File Processing Stats

File Path                  PID    Runtime      # DAGs    # Errors  Last Runtime    Last Run
-------------------------  -----  ---------  --------  ----------  --------------  -------------------
/opt/airflow/dags/main.py                           1           0  0.17s           2026-05-21T09:01:35
================================================================================
[2026-05-21T09:02:10.196+0000] {manager.py:878} INFO - 
================================================================================
DAG File Processing Stats

File Path                  PID    Runtime      # DAGs    # Errors  Last Runtime    Last Run
-------------------------  -----  ---------  --------  ----------  --------------  -------------------
/opt/airflow/dags/main.py                           1           0  0.20s           2026-05-21T09:02:06
================================================================================
[2026-05-21T09:02:40.562+0000] {manager.py:878} INFO - 
================================================================================
DAG File Processing Stats

File Path                  PID    Runtime      # DAGs    # Errors  Last Runtime    Last Run
-------------------------  -----  ---------  --------  ----------  --------------  -------------------
/opt/airflow/dags/main.py                           1           0  0.16s           2026-05-21T09:02:36
================================================================================
[2026-05-21T09:03:10.769+0000] {manager.py:878} INFO - 
================================================================================
DAG File Processing Stats

File Path                  PID    Runtime      # DAGs    # Errors  Last Runtime    Last Run
-------------------------  -----  ---------  --------  ----------  --------------  -------------------
/opt/airflow/dags/main.py                           1           0  0.15s           2026-05-21T09:03:06
================================================================================
[2026-05-21T09:03:41.147+0000] {manager.py:878} INFO - 
================================================================================
DAG File Processing Stats

File Path                  PID    Runtime      # DAGs    # Errors  Last Runtime    Last Run
-------------------------  -----  ---------  --------  ----------  --------------  -------------------
/opt/airflow/dags/main.py                           1           0  0.16s           2026-05-21T09:03:37
================================================================================
[2026-05-21T09:04:11.470+0000] {manager.py:878} INFO - 
================================================================================
DAG File Processing Stats

File Path                  PID    Runtime      # DAGs    # Errors  Last Runtime    Last Run
-------------------------  -----  ---------  --------  ----------  --------------  -------------------
/opt/airflow/dags/main.py                           1           0  0.17s           2026-05-21T09:04:07
================================================================================
[2026-05-21T09:04:30.685+0000] {manager.py:737} INFO - Searching for files in /opt/airflow/dags
[2026-05-21T09:04:30.724+0000] {manager.py:740} INFO - There are 1 files in /opt/airflow/dags
[2026-05-21T09:04:41.927+0000] {manager.py:878} INFO - 
================================================================================
DAG File Processing Stats

File Path                  PID    Runtime      # DAGs    # Errors  Last Runtime    Last Run
-------------------------  -----  ---------  --------  ----------  --------------  -------------------
/opt/airflow/dags/main.py                           1           0  0.20s           2026-05-21T09:04:37
================================================================================
[2026-05-21T09:05:12.252+0000] {manager.py:878} INFO - 
================================================================================
DAG File Processing Stats

File Path                  PID    Runtime      # DAGs    # Errors  Last Runtime    Last Run
-------------------------  -----  ---------  --------  ----------  --------------  -------------------
/opt/airflow/dags/main.py                           1           0  0.17s           2026-05-21T09:05:08
================================================================================
[2026-05-21T09:05:42.574+0000] {manager.py:878} INFO - 
================================================================================
DAG File Processing Stats

File Path                  PID    Runtime      # DAGs    # Errors  Last Runtime    Last Run
-------------------------  -----  ---------  --------  ----------  --------------  -------------------
/opt/airflow/dags/main.py                           1           0  0.16s           2026-05-21T09:05:38
================================================================================
[2026-05-21T09:06:12.896+0000] {manager.py:878} INFO - 
================================================================================
DAG File Processing Stats

File Path                  PID    Runtime      # DAGs    # Errors  Last Runtime    Last Run
-------------------------  -----  ---------  --------  ----------  --------------  -------------------
/opt/airflow/dags/main.py                           1           0  0.17s           2026-05-21T09:06:08
================================================================================
[2026-05-21T09:06:43.281+0000] {manager.py:878} INFO - 
================================================================================
DAG File Processing Stats

File Path                  PID    Runtime      # DAGs    # Errors  Last Runtime    Last Run
-------------------------  -----  ---------  --------  ----------  --------------  -------------------
/opt/airflow/dags/main.py                           1           0  0.16s           2026-05-21T09:06:39
================================================================================
[2026-05-21T09:07:13.682+0000] {manager.py:878} INFO - 
================================================================================
DAG File Processing Stats

File Path                  PID    Runtime      # DAGs    # Errors  Last Runtime    Last Run
-------------------------  -----  ---------  --------  ----------  --------------  -------------------
/opt/airflow/dags/main.py                           1           0  0.15s           2026-05-21T09:07:09
================================================================================
[2026-05-21T09:07:44.077+0000] {manager.py:878} INFO - 
================================================================================
DAG File Processing Stats

File Path                  PID    Runtime      # DAGs    # Errors  Last Runtime    Last Run
-------------------------  -----  ---------  --------  ----------  --------------  -------------------
/opt/airflow/dags/main.py                           1           0  0.15s           2026-05-21T09:07:40
================================================================================
[2026-05-21T09:08:14.446+0000] {manager.py:878} INFO - 
================================================================================
DAG File Processing Stats

File Path                  PID    Runtime      # DAGs    # Errors  Last Runtime    Last Run
-------------------------  -----  ---------  --------  ----------  --------------  -------------------
/opt/airflow/dags/main.py                           1           0  0.15s           2026-05-21T09:08:10
================================================================================
[2026-05-21T09:08:44.904+0000] {manager.py:878} INFO - 
================================================================================
DAG File Processing Stats

File Path                  PID    Runtime      # DAGs    # Errors  Last Runtime    Last Run
-------------------------  -----  ---------  --------  ----------  --------------  -------------------
/opt/airflow/dags/main.py                           1           0  0.15s           2026-05-21T09:08:40
================================================================================
[2026-05-21T09:09:15.308+0000] {manager.py:878} INFO - 
================================================================================
DAG File Processing Stats

File Path                  PID    Runtime      # DAGs    # Errors  Last Runtime    Last Run
-------------------------  -----  ---------  --------  ----------  --------------  -------------------
/opt/airflow/dags/main.py                           1           0  0.16s           2026-05-21T09:09:11
================================================================================
[2026-05-21T09:09:31.445+0000] {manager.py:737} INFO - Searching for files in /opt/airflow/dags
[2026-05-21T09:09:31.489+0000] {manager.py:740} INFO - There are 1 files in /opt/airflow/dags
[2026-05-21T09:09:45.789+0000] {manager.py:878} INFO - 
================================================================================
DAG File Processing Stats

File Path                  PID    Runtime      # DAGs    # Errors  Last Runtime    Last Run
-------------------------  -----  ---------  --------  ----------  --------------  -------------------
/opt/airflow/dags/main.py                           1           0  0.16s           2026-05-21T09:09:41
================================================================================
[2026-05-21T09:10:16.195+0000] {manager.py:878} INFO - 
================================================================================
DAG File Processing Stats

File Path                  PID    Runtime      # DAGs    # Errors  Last Runtime    Last Run
-------------------------  -----  ---------  --------  ----------  --------------  -------------------
/opt/airflow/dags/main.py                           1           0  0.16s           2026-05-21T09:10:12
================================================================================
[2026-05-21T09:10:46.612+0000] {manager.py:878} INFO - 
================================================================================
DAG File Processing Stats

File Path                  PID    Runtime      # DAGs    # Errors  Last Runtime    Last Run
-------------------------  -----  ---------  --------  ----------  --------------  -------------------
/opt/airflow/dags/main.py                           1           0  0.14s           2026-05-21T09:10:42
================================================================================
[2026-05-21T09:11:16.961+0000] {manager.py:878} INFO - 
================================================================================
DAG File Processing Stats

File Path                  PID    Runtime      # DAGs    # Errors  Last Runtime    Last Run
-------------------------  -----  ---------  --------  ----------  --------------  -------------------
/opt/airflow/dags/main.py                           1           0  0.15s           2026-05-21T09:11:13
================================================================================
[2026-05-21T09:11:47.397+0000] {manager.py:878} INFO - 
================================================================================
DAG File Processing Stats

File Path                  PID    Runtime      # DAGs    # Errors  Last Runtime    Last Run
-------------------------  -----  ---------  --------  ----------  --------------  -------------------
/opt/airflow/dags/main.py                           1           0  0.16s           2026-05-21T09:11:43
================================================================================
[2026-05-21T09:12:17.711+0000] {manager.py:878} INFO - 
================================================================================
DAG File Processing Stats

File Path                  PID    Runtime      # DAGs    # Errors  Last Runtime    Last Run
-------------------------  -----  ---------  --------  ----------  --------------  -------------------
/opt/airflow/dags/main.py                           1           0  0.15s           2026-05-21T09:12:13
================================================================================
[2026-05-21T09:12:48.125+0000] {manager.py:878} INFO - 
================================================================================
DAG File Processing Stats

File Path                  PID    Runtime      # DAGs    # Errors  Last Runtime    Last Run
-------------------------  -----  ---------  --------  ----------  --------------  -------------------
/opt/airflow/dags/main.py                           1           0  0.15s           2026-05-21T09:12:44
================================================================================
[2026-05-21T09:13:18.499+0000] {manager.py:878} INFO - 
================================================================================
DAG File Processing Stats

File Path                  PID    Runtime      # DAGs    # Errors  Last Runtime    Last Run
-------------------------  -----  ---------  --------  ----------  --------------  -------------------
/opt/airflow/dags/main.py                           1           0  0.14s           2026-05-21T09:13:14
================================================================================
[2026-05-21T09:41:43.383+0000] {manager.py:737} INFO - Searching for files in /opt/airflow/dags
[2026-05-21T09:41:43.535+0000] {manager.py:740} INFO - There are 1 files in /opt/airflow/dags
[2026-05-21T09:41:44.110+0000] {manager.py:878} INFO - 
================================================================================
DAG File Processing Stats

File Path                  PID    Runtime      # DAGs    # Errors  Last Runtime    Last Run
-------------------------  -----  ---------  --------  ----------  --------------  -------------------
/opt/airflow/dags/main.py                           1           0  0.52s           2026-05-21T09:41:44
================================================================================
[2026-05-21T09:42:14.270+0000] {manager.py:878} INFO - 
================================================================================
DAG File Processing Stats

File Path                    PID  Runtime      # DAGs    # Errors  Last Runtime    Last Run
-------------------------  -----  ---------  --------  ----------  --------------  -------------------
/opt/airflow/dags/main.py   2353  0.00s             1           0  0.52s           2026-05-21T09:41:44
================================================================================
[2026-05-21T09:42:44.444+0000] {manager.py:878} INFO - 
================================================================================
DAG File Processing Stats

File Path                    PID  Runtime      # DAGs    # Errors  Last Runtime    Last Run
-------------------------  -----  ---------  --------  ----------  --------------  -------------------
/opt/airflow/dags/main.py   2360  0.00s             1           0  0.16s           2026-05-21T09:42:14
================================================================================
[2026-05-21T09:43:14.749+0000] {manager.py:878} INFO - 
================================================================================
DAG File Processing Stats

File Path                    PID  Runtime      # DAGs    # Errors  Last Runtime    Last Run
-------------------------  -----  ---------  --------  ----------  --------------  -------------------
/opt/airflow/dags/main.py   2367  0.00s             1           0  0.18s           2026-05-21T09:42:44
================================================================================
[2026-05-21T09:43:45.066+0000] {manager.py:878} INFO - 
================================================================================
DAG File Processing Stats

File Path                    PID  Runtime      # DAGs    # Errors  Last Runtime    Last Run
-------------------------  -----  ---------  --------  ----------  --------------  -------------------
/opt/airflow/dags/main.py   2374  0.00s             1           0  0.15s           2026-05-21T09:43:14
================================================================================
[2026-05-21T09:44:15.468+0000] {manager.py:878} INFO - 
================================================================================
DAG File Processing Stats

File Path                    PID  Runtime      # DAGs    # Errors  Last Runtime    Last Run
-------------------------  -----  ---------  --------  ----------  --------------  -------------------
/opt/airflow/dags/main.py   2381  0.00s             1           0  0.15s           2026-05-21T09:43:45
================================================================================
[2026-05-21T09:44:45.789+0000] {manager.py:878} INFO - 
================================================================================
DAG File Processing Stats

File Path                    PID  Runtime      # DAGs    # Errors  Last Runtime    Last Run
-------------------------  -----  ---------  --------  ----------  --------------  -------------------
/opt/airflow/dags/main.py   2388  0.01s             1           0  0.15s           2026-05-21T09:44:15
================================================================================
[2026-05-21T09:45:16.168+0000] {manager.py:878} INFO - 
================================================================================
DAG File Processing Stats

File Path                    PID  Runtime      # DAGs    # Errors  Last Runtime    Last Run
-------------------------  -----  ---------  --------  ----------  --------------  -------------------
/opt/airflow/dags/main.py   2395  0.01s             1           0  0.16s           2026-05-21T09:44:45
================================================================================
[2026-05-21T09:45:46.478+0000] {manager.py:878} INFO - 
================================================================================
DAG File Processing Stats

File Path                    PID  Runtime      # DAGs    # Errors  Last Runtime    Last Run
-------------------------  -----  ---------  --------  ----------  --------------  -------------------
/opt/airflow/dags/main.py   2402  0.00s             1           0  0.17s           2026-05-21T09:45:16
================================================================================
[2026-05-21T09:46:16.850+0000] {manager.py:878} INFO - 
================================================================================
DAG File Processing Stats

File Path                    PID  Runtime      # DAGs    # Errors  Last Runtime    Last Run
-------------------------  -----  ---------  --------  ----------  --------------  -------------------
/opt/airflow/dags/main.py   2409  0.01s             1           0  0.18s           2026-05-21T09:45:46
================================================================================
[2026-05-21T09:46:44.136+0000] {manager.py:737} INFO - Searching for files in /opt/airflow/dags
[2026-05-21T09:46:44.230+0000] {manager.py:740} INFO - There are 1 files in /opt/airflow/dags
[2026-05-21T09:46:47.280+0000] {manager.py:878} INFO - 
================================================================================
DAG File Processing Stats

File Path                    PID  Runtime      # DAGs    # Errors  Last Runtime    Last Run
-------------------------  -----  ---------  --------  ----------  --------------  -------------------
/opt/airflow/dags/main.py   2416  0.00s             1           0  0.16s           2026-05-21T09:46:17
================================================================================
[2026-05-21T09:47:17.505+0000] {manager.py:878} INFO - 
================================================================================
DAG File Processing Stats

File Path                    PID  Runtime      # DAGs    # Errors  Last Runtime    Last Run
-------------------------  -----  ---------  --------  ----------  --------------  -------------------
/opt/airflow/dags/main.py   2423  0.00s             1           0  0.16s           2026-05-21T09:46:47
================================================================================
[2026-05-21T09:47:47.735+0000] {manager.py:878} INFO - 
================================================================================
DAG File Processing Stats

File Path                    PID  Runtime      # DAGs    # Errors  Last Runtime    Last Run
-------------------------  -----  ---------  --------  ----------  --------------  -------------------
/opt/airflow/dags/main.py   2430  0.00s             1           0  0.16s           2026-05-21T09:47:17
================================================================================
[2026-05-21T09:48:18.217+0000] {manager.py:878} INFO - 
================================================================================
DAG File Processing Stats

File Path                    PID  Runtime      # DAGs    # Errors  Last Runtime    Last Run
-------------------------  -----  ---------  --------  ----------  --------------  -------------------
/opt/airflow/dags/main.py   2437  0.01s             1           0  0.16s           2026-05-21T09:47:47
================================================================================
[2026-05-21T09:48:48.592+0000] {manager.py:878} INFO - 
================================================================================
DAG File Processing Stats

File Path                    PID  Runtime      # DAGs    # Errors  Last Runtime    Last Run
-------------------------  -----  ---------  --------  ----------  --------------  -------------------
/opt/airflow/dags/main.py   2444  0.00s             1           0  0.15s           2026-05-21T09:48:18
================================================================================
[2026-05-21T09:49:18.960+0000] {manager.py:878} INFO - 
================================================================================
DAG File Processing Stats

File Path                    PID  Runtime      # DAGs    # Errors  Last Runtime    Last Run
-------------------------  -----  ---------  --------  ----------  --------------  -------------------
/opt/airflow/dags/main.py   2451  0.00s             1           0  0.15s           2026-05-21T09:48:48
================================================================================
[2026-05-21T09:49:49.347+0000] {manager.py:878} INFO - 
================================================================================
DAG File Processing Stats

File Path                    PID  Runtime      # DAGs    # Errors  Last Runtime    Last Run
-------------------------  -----  ---------  --------  ----------  --------------  -------------------
/opt/airflow/dags/main.py   2458  0.00s             1           0  0.17s           2026-05-21T09:49:19
================================================================================
[2026-05-21T09:50:19.676+0000] {manager.py:878} INFO - 
================================================================================
DAG File Processing Stats

File Path                    PID  Runtime      # DAGs    # Errors  Last Runtime    Last Run
-------------------------  -----  ---------  --------  ----------  --------------  -------------------
/opt/airflow/dags/main.py   2465  0.01s             1           0  0.18s           2026-05-21T09:49:49
================================================================================
[2026-05-21T09:50:50.005+0000] {manager.py:878} INFO - 
================================================================================
DAG File Processing Stats

File Path                    PID  Runtime      # DAGs    # Errors  Last Runtime    Last Run
-------------------------  -----  ---------  --------  ----------  --------------  -------------------
/opt/airflow/dags/main.py   2472  0.01s             1           0  0.17s           2026-05-21T09:50:19
================================================================================
[2026-05-21T09:51:20.320+0000] {manager.py:878} INFO - 
================================================================================
DAG File Processing Stats

File Path                    PID  Runtime      # DAGs    # Errors  Last Runtime    Last Run
-------------------------  -----  ---------  --------  ----------  --------------  -------------------
/opt/airflow/dags/main.py   2479  0.01s             1           0  0.16s           2026-05-21T09:50:50
================================================================================
[2026-05-21T09:51:44.554+0000] {manager.py:737} INFO - Searching for files in /opt/airflow/dags
[2026-05-21T09:51:44.610+0000] {manager.py:740} INFO - There are 1 files in /opt/airflow/dags
[2026-05-21T09:51:50.709+0000] {manager.py:878} INFO - 
================================================================================
DAG File Processing Stats

File Path                    PID  Runtime      # DAGs    # Errors  Last Runtime    Last Run
-------------------------  -----  ---------  --------  ----------  --------------  -------------------
/opt/airflow/dags/main.py   2486  0.00s             1           0  0.18s           2026-05-21T09:51:20
================================================================================
[2026-05-21T09:52:20.988+0000] {manager.py:878} INFO - 
================================================================================
DAG File Processing Stats

File Path                    PID  Runtime      # DAGs    # Errors  Last Runtime    Last Run
-------------------------  -----  ---------  --------  ----------  --------------  -------------------
/opt/airflow/dags/main.py   2493  0.00s             1           0  0.17s           2026-05-21T09:51:50
================================================================================
[2026-05-21T09:52:51.431+0000] {manager.py:878} INFO - 
================================================================================
DAG File Processing Stats

File Path                    PID  Runtime      # DAGs    # Errors  Last Runtime    Last Run
-------------------------  -----  ---------  --------  ----------  --------------  -------------------
/opt/airflow/dags/main.py   2500  0.01s             1           0  0.16s           2026-05-21T09:52:21
================================================================================
[2026-05-21T09:53:21.755+0000] {manager.py:878} INFO - 
================================================================================
DAG File Processing Stats

File Path                    PID  Runtime      # DAGs    # Errors  Last Runtime    Last Run
-------------------------  -----  ---------  --------  ----------  --------------  -------------------
/opt/airflow/dags/main.py   2507  0.01s             1           0  0.16s           2026-05-21T09:52:51
================================================================================
[2026-05-21T09:53:52.065+0000] {manager.py:878} INFO - 
================================================================================
DAG File Processing Stats

File Path                    PID  Runtime      # DAGs    # Errors  Last Runtime    Last Run
-------------------------  -----  ---------  --------  ----------  --------------  -------------------
/opt/airflow/dags/main.py   2514  0.00s             1           0  0.16s           2026-05-21T09:53:21
================================================================================
[2026-05-21T09:54:22.369+0000] {manager.py:878} INFO - 
================================================================================
DAG File Processing Stats

File Path                    PID  Runtime      # DAGs    # Errors  Last Runtime    Last Run
-------------------------  -----  ---------  --------  ----------  --------------  -------------------
/opt/airflow/dags/main.py   2521  0.01s             1           0  0.16s           2026-05-21T09:53:52
================================================================================
[2026-05-21T09:54:52.726+0000] {manager.py:878} INFO - 
================================================================================
DAG File Processing Stats

File Path                    PID  Runtime      # DAGs    # Errors  Last Runtime    Last Run
-------------------------  -----  ---------  --------  ----------  --------------  -------------------
/opt/airflow/dags/main.py   2528  0.01s             1           0  0.16s           2026-05-21T09:54:22
================================================================================
[2026-05-21T09:55:22.993+0000] {manager.py:878} INFO - 
================================================================================
DAG File Processing Stats

File Path                    PID  Runtime      # DAGs    # Errors  Last Runtime    Last Run
-------------------------  -----  ---------  --------  ----------  --------------  -------------------
/opt/airflow/dags/main.py   2535  0.00s             1           0  0.16s           2026-05-21T09:54:52
================================================================================
[2026-05-21T09:55:53.365+0000] {manager.py:878} INFO - 
================================================================================
DAG File Processing Stats

File Path                    PID  Runtime      # DAGs    # Errors  Last Runtime    Last Run
-------------------------  -----  ---------  --------  ----------  --------------  -------------------
/opt/airflow/dags/main.py   2542  0.01s             1           0  0.16s           2026-05-21T09:55:23
================================================================================
[2026-05-21T09:56:23.611+0000] {manager.py:878} INFO - 
================================================================================
DAG File Processing Stats

File Path                    PID  Runtime      # DAGs    # Errors  Last Runtime    Last Run
-------------------------  -----  ---------  --------  ----------  --------------  -------------------
/opt/airflow/dags/main.py   2549  0.00s             1           0  0.16s           2026-05-21T09:55:53
================================================================================
[2026-05-21T09:56:44.855+0000] {manager.py:737} INFO - Searching for files in /opt/airflow/dags
[2026-05-21T09:56:44.909+0000] {manager.py:740} INFO - There are 1 files in /opt/airflow/dags
[2026-05-21T09:56:54.011+0000] {manager.py:878} INFO - 
================================================================================
DAG File Processing Stats

File Path                    PID  Runtime      # DAGs    # Errors  Last Runtime    Last Run
-------------------------  -----  ---------  --------  ----------  --------------  -------------------
/opt/airflow/dags/main.py   2556  0.01s             1           0  0.15s           2026-05-21T09:56:23
================================================================================
[2026-05-21T09:57:24.244+0000] {manager.py:878} INFO - 
================================================================================
DAG File Processing Stats

File Path                    PID  Runtime      # DAGs    # Errors  Last Runtime    Last Run
-------------------------  -----  ---------  --------  ----------  --------------  -------------------
/opt/airflow/dags/main.py   2563  0.00s             1           0  0.17s           2026-05-21T09:56:54
================================================================================
[2026-05-21T09:57:54.589+0000] {manager.py:878} INFO - 
================================================================================
DAG File Processing Stats

File Path                    PID  Runtime      # DAGs    # Errors  Last Runtime    Last Run
-------------------------  -----  ---------  --------  ----------  --------------  -------------------
/opt/airflow/dags/main.py   2570  0.00s             1           0  0.16s           2026-05-21T09:57:24
================================================================================
[2026-05-21T09:58:24.806+0000] {manager.py:878} INFO - 
================================================================================
DAG File Processing Stats

File Path                    PID  Runtime      # DAGs    # Errors  Last Runtime    Last Run
-------------------------  -----  ---------  --------  ----------  --------------  -------------------
/opt/airflow/dags/main.py   2577  0.01s             1           0  0.17s           2026-05-21T09:57:54
================================================================================
[2026-05-21T09:58:55.206+0000] {manager.py:878} INFO - 
================================================================================
DAG File Processing Stats

File Path                    PID  Runtime      # DAGs    # Errors  Last Runtime    Last Run
-------------------------  -----  ---------  --------  ----------  --------------  -------------------
/opt/airflow/dags/main.py   2584  0.00s             1           0  0.18s           2026-05-21T09:58:24
================================================================================
[2026-05-21T09:59:25.447+0000] {manager.py:878} INFO - 
================================================================================
DAG File Processing Stats

File Path                    PID  Runtime      # DAGs    # Errors  Last Runtime    Last Run
-------------------------  -----  ---------  --------  ----------  --------------  -------------------
/opt/airflow/dags/main.py   2591  0.00s             1           0  0.15s           2026-05-21T09:58:55
================================================================================
[2026-05-21T09:59:55.827+0000] {manager.py:878} INFO - 
================================================================================
DAG File Processing Stats

File Path                    PID  Runtime      # DAGs    # Errors  Last Runtime    Last Run
-------------------------  -----  ---------  --------  ----------  --------------  -------------------
/opt/airflow/dags/main.py   2598  0.01s             1           0  0.15s           2026-05-21T09:59:25
================================================================================
[2026-05-21T10:00:26.076+0000] {manager.py:878} INFO - 
================================================================================
DAG File Processing Stats

File Path                    PID  Runtime      # DAGs    # Errors  Last Runtime    Last Run
-------------------------  -----  ---------  --------  ----------  --------------  -------------------
/opt/airflow/dags/main.py   2605  0.00s             1           0  0.15s           2026-05-21T09:59:55
================================================================================
[2026-05-21T10:00:56.400+0000] {manager.py:878} INFO - 
================================================================================
DAG File Processing Stats

File Path                    PID  Runtime      # DAGs    # Errors  Last Runtime    Last Run
-------------------------  -----  ---------  --------  ----------  --------------  -------------------
/opt/airflow/dags/main.py   2612  0.00s             1           0  0.16s           2026-05-21T10:00:26
================================================================================
[2026-05-21T10:01:26.699+0000] {manager.py:878} INFO - 
================================================================================
DAG File Processing Stats

File Path                    PID  Runtime      # DAGs    # Errors  Last Runtime    Last Run
-------------------------  -----  ---------  --------  ----------  --------------  -------------------
/opt/airflow/dags/main.py   2619  0.00s             1           0  0.17s           2026-05-21T10:00:56
================================================================================
[2026-05-21T10:01:44.917+0000] {manager.py:737} INFO - Searching for files in /opt/airflow/dags
[2026-05-21T10:01:44.974+0000] {manager.py:740} INFO - There are 1 files in /opt/airflow/dags
[2026-05-21T10:01:57.133+0000] {manager.py:878} INFO - 
================================================================================
DAG File Processing Stats

File Path                    PID  Runtime      # DAGs    # Errors  Last Runtime    Last Run
-------------------------  -----  ---------  --------  ----------  --------------  -------------------
/opt/airflow/dags/main.py   2626  0.01s             1           0  0.16s           2026-05-21T10:01:26
================================================================================
[2026-05-21T10:02:27.392+0000] {manager.py:878} INFO - 
================================================================================
DAG File Processing Stats

File Path                    PID  Runtime      # DAGs    # Errors  Last Runtime    Last Run
-------------------------  -----  ---------  --------  ----------  --------------  -------------------
/opt/airflow/dags/main.py   2633  0.00s             1           0  0.18s           2026-05-21T10:01:57
================================================================================
[2026-05-21T10:02:57.830+0000] {manager.py:878} INFO - 
================================================================================
DAG File Processing Stats

File Path                    PID  Runtime      # DAGs    # Errors  Last Runtime    Last Run
-------------------------  -----  ---------  --------  ----------  --------------  -------------------
/opt/airflow/dags/main.py   2640  0.01s             1           0  0.15s           2026-05-21T10:02:27
================================================================================
[2026-05-21T10:03:28.056+0000] {manager.py:878} INFO - 
================================================================================
DAG File Processing Stats

File Path                    PID  Runtime      # DAGs    # Errors  Last Runtime    Last Run
-------------------------  -----  ---------  --------  ----------  --------------  -------------------
/opt/airflow/dags/main.py   2647  0.00s             1           0  0.17s           2026-05-21T10:02:57
================================================================================
[2026-05-21T10:03:58.486+0000] {manager.py:878} INFO - 
================================================================================
DAG File Processing Stats

File Path                    PID  Runtime      # DAGs    # Errors  Last Runtime    Last Run
-------------------------  -----  ---------  --------  ----------  --------------  -------------------
/opt/airflow/dags/main.py   2654  0.01s             1           0  0.17s           2026-05-21T10:03:28
================================================================================
[2026-05-21T10:04:28.782+0000] {manager.py:878} INFO - 
================================================================================
DAG File Processing Stats

File Path                    PID  Runtime      # DAGs    # Errors  Last Runtime    Last Run
-------------------------  -----  ---------  --------  ----------  --------------  -------------------
/opt/airflow/dags/main.py   2661  0.00s             1           0  0.18s           2026-05-21T10:03:58
================================================================================
[2026-05-21T10:04:59.118+0000] {manager.py:878} INFO - 
================================================================================
DAG File Processing Stats

File Path                    PID  Runtime      # DAGs    # Errors  Last Runtime    Last Run
-------------------------  -----  ---------  --------  ----------  --------------  -------------------
/opt/airflow/dags/main.py   2668  0.00s             1           0  0.15s           2026-05-21T10:04:28
================================================================================
[2026-05-21T10:05:29.479+0000] {manager.py:878} INFO - 
================================================================================
DAG File Processing Stats

File Path                    PID  Runtime      # DAGs    # Errors  Last Runtime    Last Run
-------------------------  -----  ---------  --------  ----------  --------------  -------------------
/opt/airflow/dags/main.py   2675  0.00s             1           0  0.16s           2026-05-21T10:04:59
================================================================================
[2026-05-21T10:05:59.776+0000] {manager.py:878} INFO - 
================================================================================
DAG File Processing Stats

File Path                    PID  Runtime      # DAGs    # Errors  Last Runtime    Last Run
-------------------------  -----  ---------  --------  ----------  --------------  -------------------
/opt/airflow/dags/main.py   2682  0.00s             1           0  0.16s           2026-05-21T10:05:29
================================================================================
[2026-05-21T10:06:30.051+0000] {manager.py:878} INFO - 
================================================================================
DAG File Processing Stats

File Path                    PID  Runtime      # DAGs    # Errors  Last Runtime    Last Run
-------------------------  -----  ---------  --------  ----------  --------------  -------------------
/opt/airflow/dags/main.py   2689  0.00s             1           0  0.17s           2026-05-21T10:05:59
================================================================================
[2026-05-21T10:06:45.233+0000] {manager.py:737} INFO - Searching for files in /opt/airflow/dags
[2026-05-21T10:06:45.289+0000] {manager.py:740} INFO - There are 1 files in /opt/airflow/dags
[2026-05-21T10:07:00.451+0000] {manager.py:878} INFO - 
================================================================================
DAG File Processing Stats

File Path                    PID  Runtime      # DAGs    # Errors  Last Runtime    Last Run
-------------------------  -----  ---------  --------  ----------  --------------  -------------------
/opt/airflow/dags/main.py   2696  0.00s             1           0  0.16s           2026-05-21T10:06:30
================================================================================
[2026-05-21T10:07:30.753+0000] {manager.py:878} INFO - 
================================================================================
DAG File Processing Stats

File Path                    PID  Runtime      # DAGs    # Errors  Last Runtime    Last Run
-------------------------  -----  ---------  --------  ----------  --------------  -------------------
/opt/airflow/dags/main.py   2703  0.01s             1           0  0.19s           2026-05-21T10:07:00
================================================================================
[2026-05-21T10:08:01.281+0000] {manager.py:878} INFO - 
================================================================================
DAG File Processing Stats

File Path                    PID  Runtime      # DAGs    # Errors  Last Runtime    Last Run
-------------------------  -----  ---------  --------  ----------  --------------  -------------------
/opt/airflow/dags/main.py   2710  0.01s             1           0  0.21s           2026-05-21T10:07:30
================================================================================
[2026-05-21T10:08:31.598+0000] {manager.py:878} INFO - 
================================================================================
DAG File Processing Stats

File Path                    PID  Runtime      # DAGs    # Errors  Last Runtime    Last Run
-------------------------  -----  ---------  --------  ----------  --------------  -------------------
/opt/airflow/dags/main.py   2717  0.00s             1           0  0.18s           2026-05-21T10:08:01
================================================================================
[2026-05-21T10:09:02.084+0000] {manager.py:878} INFO - 
================================================================================
DAG File Processing Stats

File Path                    PID  Runtime      # DAGs    # Errors  Last Runtime    Last Run
-------------------------  -----  ---------  --------  ----------  --------------  -------------------
/opt/airflow/dags/main.py   2724  0.01s             1           0  0.15s           2026-05-21T10:08:31
================================================================================
[2026-05-21T10:09:32.380+0000] {manager.py:878} INFO - 
================================================================================
DAG File Processing Stats

File Path                    PID  Runtime      # DAGs    # Errors  Last Runtime    Last Run
-------------------------  -----  ---------  --------  ----------  --------------  -------------------
/opt/airflow/dags/main.py   2731  0.00s             1           0  0.16s           2026-05-21T10:09:02
================================================================================
[2026-05-21T10:10:02.739+0000] {manager.py:878} INFO - 
================================================================================
DAG File Processing Stats

File Path                    PID  Runtime      # DAGs    # Errors  Last Runtime    Last Run
-------------------------  -----  ---------  --------  ----------  --------------  -------------------
/opt/airflow/dags/main.py   2738  0.00s             1           0  0.17s           2026-05-21T10:09:32
================================================================================
[2026-05-21T10:10:33.061+0000] {manager.py:878} INFO - 
================================================================================
DAG File Processing Stats

File Path                    PID  Runtime      # DAGs    # Errors  Last Runtime    Last Run
-------------------------  -----  ---------  --------  ----------  --------------  -------------------
/opt/airflow/dags/main.py   2745  0.00s             1           0  0.16s           2026-05-21T10:10:02
================================================================================
[2026-05-21T10:11:03.394+0000] {manager.py:878} INFO - 
================================================================================
DAG File Processing Stats

File Path                    PID  Runtime      # DAGs    # Errors  Last Runtime    Last Run
-------------------------  -----  ---------  --------  ----------  --------------  -------------------
/opt/airflow/dags/main.py   2752  0.01s             1           0  0.14s           2026-05-21T10:10:33
================================================================================
[2026-05-21T10:11:33.671+0000] {manager.py:878} INFO - 
================================================================================
DAG File Processing Stats

File Path                    PID  Runtime      # DAGs    # Errors  Last Runtime    Last Run
-------------------------  -----  ---------  --------  ----------  --------------  -------------------
/opt/airflow/dags/main.py   2759  0.00s             1           0  0.15s           2026-05-21T10:11:03
================================================================================
[2026-05-21T10:11:45.894+0000] {manager.py:737} INFO - Searching for files in /opt/airflow/dags
[2026-05-21T10:11:45.948+0000] {manager.py:740} INFO - There are 1 files in /opt/airflow/dags
[2026-05-21T10:12:04.092+0000] {manager.py:878} INFO - 
================================================================================
DAG File Processing Stats

File Path                    PID  Runtime      # DAGs    # Errors  Last Runtime    Last Run
-------------------------  -----  ---------  --------  ----------  --------------  -------------------
/opt/airflow/dags/main.py   2766  0.00s             1           0  0.16s           2026-05-21T10:11:33
================================================================================
[2026-05-21T10:12:34.453+0000] {manager.py:878} INFO - 
================================================================================
DAG File Processing Stats

File Path                    PID  Runtime      # DAGs    # Errors  Last Runtime    Last Run
-------------------------  -----  ---------  --------  ----------  --------------  -------------------
/opt/airflow/dags/main.py   2773  0.01s             1           0  0.16s           2026-05-21T10:12:04
================================================================================
[2026-05-21T10:13:04.818+0000] {manager.py:878} INFO - 
================================================================================
DAG File Processing Stats

File Path                    PID  Runtime      # DAGs    # Errors  Last Runtime    Last Run
-------------------------  -----  ---------  --------  ----------  --------------  -------------------
/opt/airflow/dags/main.py   2780  0.01s             1           0  0.17s           2026-05-21T10:12:34
================================================================================
[2026-05-21T10:13:35.231+0000] {manager.py:878} INFO - 
================================================================================
DAG File Processing Stats

File Path                    PID  Runtime      # DAGs    # Errors  Last Runtime    Last Run
-------------------------  -----  ---------  --------  ----------  --------------  -------------------
/opt/airflow/dags/main.py   2787  0.01s             1           0  0.16s           2026-05-21T10:13:04
================================================================================
[2026-05-21T10:14:05.632+0000] {manager.py:878} INFO - 
================================================================================
DAG File Processing Stats

File Path                    PID  Runtime      # DAGs    # Errors  Last Runtime    Last Run
-------------------------  -----  ---------  --------  ----------  --------------  -------------------
/opt/airflow/dags/main.py   2794  0.01s             1           0  0.15s           2026-05-21T10:13:35
================================================================================
[2026-05-21T10:14:36.094+0000] {manager.py:878} INFO - 
================================================================================
DAG File Processing Stats

File Path                    PID  Runtime      # DAGs    # Errors  Last Runtime    Last Run
-------------------------  -----  ---------  --------  ----------  --------------  -------------------
/opt/airflow/dags/main.py   2801  0.01s             1           0  0.16s           2026-05-21T10:14:05
================================================================================
[2026-05-21T10:15:06.390+0000] {manager.py:878} INFO - 
================================================================================
DAG File Processing Stats

File Path                    PID  Runtime      # DAGs    # Errors  Last Runtime    Last Run
-------------------------  -----  ---------  --------  ----------  --------------  -------------------
/opt/airflow/dags/main.py   2808  0.01s             1           0  0.16s           2026-05-21T10:14:36
================================================================================
[2026-05-21T10:15:36.801+0000] {manager.py:878} INFO - 
================================================================================
DAG File Processing Stats

File Path                    PID  Runtime      # DAGs    # Errors  Last Runtime    Last Run
-------------------------  -----  ---------  --------  ----------  --------------  -------------------
/opt/airflow/dags/main.py   2815  0.01s             1           0  0.18s           2026-05-21T10:15:06
================================================================================
[2026-05-21T10:16:07.202+0000] {manager.py:878} INFO - 
================================================================================
DAG File Processing Stats

File Path                    PID  Runtime      # DAGs    # Errors  Last Runtime    Last Run
-------------------------  -----  ---------  --------  ----------  --------------  -------------------
/opt/airflow/dags/main.py   2822  0.00s             1           0  0.18s           2026-05-21T10:15:36
================================================================================
[2026-05-21T10:16:37.552+0000] {manager.py:878} INFO - 
================================================================================
DAG File Processing Stats

File Path                    PID  Runtime      # DAGs    # Errors  Last Runtime    Last Run
-------------------------  -----  ---------  --------  ----------  --------------  -------------------
/opt/airflow/dags/main.py   2829  0.00s             1           0  0.18s           2026-05-21T10:16:07
================================================================================
[2026-05-21T10:16:46.702+0000] {manager.py:737} INFO - Searching for files in /opt/airflow/dags
[2026-05-21T10:16:46.752+0000] {manager.py:740} INFO - There are 1 files in /opt/airflow/dags
[2026-05-21T10:17:07.965+0000] {manager.py:878} INFO - 
================================================================================
DAG File Processing Stats

File Path                    PID  Runtime      # DAGs    # Errors  Last Runtime    Last Run
-------------------------  -----  ---------  --------  ----------  --------------  -------------------
/opt/airflow/dags/main.py   2837  0.01s             1           0  0.16s           2026-05-21T10:16:37
================================================================================
[2026-05-21T10:17:38.309+0000] {manager.py:878} INFO - 
================================================================================
DAG File Processing Stats

File Path                    PID  Runtime      # DAGs    # Errors  Last Runtime    Last Run
-------------------------  -----  ---------  --------  ----------  --------------  -------------------
/opt/airflow/dags/main.py   2845  0.01s             1           0  0.15s           2026-05-21T10:17:08
================================================================================
[2026-05-21T10:18:08.768+0000] {manager.py:878} INFO - 
================================================================================
DAG File Processing Stats

File Path                    PID  Runtime      # DAGs    # Errors  Last Runtime    Last Run
-------------------------  -----  ---------  --------  ----------  --------------  -------------------
/opt/airflow/dags/main.py   2852  0.01s             1           0  0.17s           2026-05-21T10:17:38
================================================================================
[2026-05-21T10:18:39.118+0000] {manager.py:878} INFO - 
================================================================================
DAG File Processing Stats

File Path                    PID  Runtime      # DAGs    # Errors  Last Runtime    Last Run
-------------------------  -----  ---------  --------  ----------  --------------  -------------------
/opt/airflow/dags/main.py   2859  0.01s             1           0  0.17s           2026-05-21T10:18:08
================================================================================
[2026-05-21T10:19:09.549+0000] {manager.py:878} INFO - 
================================================================================
DAG File Processing Stats

File Path                    PID  Runtime      # DAGs    # Errors  Last Runtime    Last Run
-------------------------  -----  ---------  --------  ----------  --------------  -------------------
/opt/airflow/dags/main.py   2866  0.00s             1           0  0.17s           2026-05-21T10:18:39
================================================================================
[2026-05-21T10:19:39.979+0000] {manager.py:878} INFO - 
================================================================================
DAG File Processing Stats

File Path                    PID  Runtime      # DAGs    # Errors  Last Runtime    Last Run
-------------------------  -----  ---------  --------  ----------  --------------  -------------------
/opt/airflow/dags/main.py   2874  0.01s             1           0  0.15s           2026-05-21T10:19:09
================================================================================
[2026-05-21T10:20:10.361+0000] {manager.py:878} INFO - 
================================================================================
DAG File Processing Stats

File Path                    PID  Runtime      # DAGs    # Errors  Last Runtime    Last Run
-------------------------  -----  ---------  --------  ----------  --------------  -------------------
/opt/airflow/dags/main.py   2881  0.01s             1           0  0.16s           2026-05-21T10:19:40
================================================================================
[2026-05-21T10:20:40.812+0000] {manager.py:878} INFO - 
================================================================================
DAG File Processing Stats

File Path                    PID  Runtime      # DAGs    # Errors  Last Runtime    Last Run
-------------------------  -----  ---------  --------  ----------  --------------  -------------------
/opt/airflow/dags/main.py   2888  0.00s             1           0  0.17s           2026-05-21T10:20:10
================================================================================
[2026-05-21T10:21:11.173+0000] {manager.py:878} INFO - 
================================================================================
DAG File Processing Stats

File Path                    PID  Runtime      # DAGs    # Errors  Last Runtime    Last Run
-------------------------  -----  ---------  --------  ----------  --------------  -------------------
/opt/airflow/dags/main.py   2895  0.01s             1           0  0.16s           2026-05-21T10:20:40
================================================================================
[2026-05-21T10:21:41.613+0000] {manager.py:878} INFO - 
================================================================================
DAG File Processing Stats

File Path                    PID  Runtime      # DAGs    # Errors  Last Runtime    Last Run
-------------------------  -----  ---------  --------  ----------  --------------  -------------------
/opt/airflow/dags/main.py   2902  0.01s             1           0  0.17s           2026-05-21T10:21:11
================================================================================
[2026-05-21T10:21:46.709+0000] {manager.py:737} INFO - Searching for files in /opt/airflow/dags
[2026-05-21T10:21:46.777+0000] {manager.py:740} INFO - There are 1 files in /opt/airflow/dags
[2026-05-21T10:22:12.080+0000] {manager.py:878} INFO - 
================================================================================
DAG File Processing Stats

File Path                    PID  Runtime      # DAGs    # Errors  Last Runtime    Last Run
-------------------------  -----  ---------  --------  ----------  --------------  -------------------
/opt/airflow/dags/main.py   2909  0.01s             1           0  0.16s           2026-05-21T10:21:41
================================================================================
[2026-05-21T10:22:42.432+0000] {manager.py:878} INFO - 
================================================================================
DAG File Processing Stats

File Path                    PID  Runtime      # DAGs    # Errors  Last Runtime    Last Run
-------------------------  -----  ---------  --------  ----------  --------------  -------------------
/opt/airflow/dags/main.py   2916  0.00s             1           0  0.16s           2026-05-21T10:22:12
================================================================================
[2026-05-21T10:23:12.848+0000] {manager.py:878} INFO - 
================================================================================
DAG File Processing Stats

File Path                    PID  Runtime      # DAGs    # Errors  Last Runtime    Last Run
-------------------------  -----  ---------  --------  ----------  --------------  -------------------
/opt/airflow/dags/main.py   2923  0.01s             1           0  0.17s           2026-05-21T10:22:42
================================================================================
[2026-05-21T10:23:43.309+0000] {manager.py:878} INFO - 
================================================================================
DAG File Processing Stats

File Path                    PID  Runtime      # DAGs    # Errors  Last Runtime    Last Run
-------------------------  -----  ---------  --------  ----------  --------------  -------------------
/opt/airflow/dags/main.py   2930  0.01s             1           0  0.16s           2026-05-21T10:23:12
================================================================================
[2026-05-21T10:24:13.637+0000] {manager.py:878} INFO - 
================================================================================
DAG File Processing Stats

File Path                    PID  Runtime      # DAGs    # Errors  Last Runtime    Last Run
-------------------------  -----  ---------  --------  ----------  --------------  -------------------
/opt/airflow/dags/main.py   2938  0.01s             1           0  0.17s           2026-05-21T10:23:43
================================================================================
[2026-05-21T10:24:43.990+0000] {manager.py:878} INFO - 
================================================================================
DAG File Processing Stats

File Path                    PID  Runtime      # DAGs    # Errors  Last Runtime    Last Run
-------------------------  -----  ---------  --------  ----------  --------------  -------------------
/opt/airflow/dags/main.py   2946  0.00s             1           0  0.18s           2026-05-21T10:24:13
================================================================================
[2026-05-21T10:25:14.322+0000] {manager.py:878} INFO - 
================================================================================
DAG File Processing Stats

File Path                    PID  Runtime      # DAGs    # Errors  Last Runtime    Last Run
-------------------------  -----  ---------  --------  ----------  --------------  -------------------
/opt/airflow/dags/main.py   2953  0.01s             1           0  0.17s           2026-05-21T10:24:44
================================================================================
[2026-05-21T10:25:44.634+0000] {manager.py:878} INFO - 
================================================================================
DAG File Processing Stats

File Path                    PID  Runtime      # DAGs    # Errors  Last Runtime    Last Run
-------------------------  -----  ---------  --------  ----------  --------------  -------------------
/opt/airflow/dags/main.py   2960  0.00s             1           0  0.19s           2026-05-21T10:25:14
================================================================================
[2026-05-21T10:26:15.059+0000] {manager.py:878} INFO - 
================================================================================
DAG File Processing Stats

File Path                    PID  Runtime      # DAGs    # Errors  Last Runtime    Last Run
-------------------------  -----  ---------  --------  ----------  --------------  -------------------
/opt/airflow/dags/main.py   2967  0.00s             1           0  0.19s           2026-05-21T10:25:44
================================================================================
[2026-05-21T10:26:45.419+0000] {manager.py:878} INFO - 
================================================================================
DAG File Processing Stats

File Path                    PID  Runtime      # DAGs    # Errors  Last Runtime    Last Run
-------------------------  -----  ---------  --------  ----------  --------------  -------------------
/opt/airflow/dags/main.py   2974  0.01s             1           0  0.16s           2026-05-21T10:26:15
================================================================================
[2026-05-21T10:26:47.440+0000] {manager.py:737} INFO - Searching for files in /opt/airflow/dags
[2026-05-21T10:26:47.504+0000] {manager.py:740} INFO - There are 1 files in /opt/airflow/dags
[2026-05-21T10:27:15.864+0000] {manager.py:878} INFO - 
================================================================================
DAG File Processing Stats

File Path                    PID  Runtime      # DAGs    # Errors  Last Runtime    Last Run
-------------------------  -----  ---------  --------  ----------  --------------  -------------------
/opt/airflow/dags/main.py   2981  0.01s             1           0  0.17s           2026-05-21T10:26:45
================================================================================
[2026-05-21T10:27:46.274+0000] {manager.py:878} INFO - 
================================================================================
DAG File Processing Stats

File Path                    PID  Runtime      # DAGs    # Errors  Last Runtime    Last Run
-------------------------  -----  ---------  --------  ----------  --------------  -------------------
/opt/airflow/dags/main.py   2988  0.01s             1           0  0.16s           2026-05-21T10:27:16
================================================================================
[2026-05-21T10:28:16.741+0000] {manager.py:878} INFO - 
================================================================================
DAG File Processing Stats

File Path                    PID  Runtime      # DAGs    # Errors  Last Runtime    Last Run
-------------------------  -----  ---------  --------  ----------  --------------  -------------------
/opt/airflow/dags/main.py   2995  0.01s             1           0  0.17s           2026-05-21T10:27:46
================================================================================
[2026-05-21T10:28:47.005+0000] {manager.py:878} INFO - 
================================================================================
DAG File Processing Stats

File Path                    PID  Runtime      # DAGs    # Errors  Last Runtime    Last Run
-------------------------  -----  ---------  --------  ----------  --------------  -------------------
/opt/airflow/dags/main.py   3002  0.00s             1           0  0.19s           2026-05-21T10:28:16
================================================================================
[2026-05-21T10:29:17.349+0000] {manager.py:878} INFO - 
================================================================================
DAG File Processing Stats

File Path                    PID  Runtime      # DAGs    # Errors  Last Runtime    Last Run
-------------------------  -----  ---------  --------  ----------  --------------  -------------------
/opt/airflow/dags/main.py   3009  0.01s             1           0  0.16s           2026-05-21T10:28:47
================================================================================
[2026-05-21T10:29:47.747+0000] {manager.py:878} INFO - 
================================================================================
DAG File Processing Stats

File Path                    PID  Runtime      # DAGs    # Errors  Last Runtime    Last Run
-------------------------  -----  ---------  --------  ----------  --------------  -------------------
/opt/airflow/dags/main.py   3016  0.00s             1           0  0.17s           2026-05-21T10:29:17
================================================================================
[2026-05-21T10:30:18.144+0000] {manager.py:878} INFO - 
================================================================================
DAG File Processing Stats

File Path                    PID  Runtime      # DAGs    # Errors  Last Runtime    Last Run
-------------------------  -----  ---------  --------  ----------  --------------  -------------------
/opt/airflow/dags/main.py   3023  0.01s             1           0  0.16s           2026-05-21T10:29:47
================================================================================
[2026-05-21T10:30:48.520+0000] {manager.py:878} INFO - 
================================================================================
DAG File Processing Stats

File Path                    PID  Runtime      # DAGs    # Errors  Last Runtime    Last Run
-------------------------  -----  ---------  --------  ----------  --------------  -------------------
/opt/airflow/dags/main.py   3030  0.00s             1           0  0.17s           2026-05-21T10:30:18
================================================================================
[2026-05-21T10:31:18.890+0000] {manager.py:878} INFO - 
================================================================================
DAG File Processing Stats

File Path                    PID  Runtime      # DAGs    # Errors  Last Runtime    Last Run
-------------------------  -----  ---------  --------  ----------  --------------  -------------------
/opt/airflow/dags/main.py   3037  0.00s             1           0  0.15s           2026-05-21T10:30:48
================================================================================
[2026-05-21T10:31:48.322+0000] {manager.py:737} INFO - Searching for files in /opt/airflow/dags
[2026-05-21T10:31:48.460+0000] {manager.py:740} INFO - There are 1 files in /opt/airflow/dags
[2026-05-21T10:31:49.521+0000] {manager.py:878} INFO - 
================================================================================
DAG File Processing Stats

File Path                    PID  Runtime      # DAGs    # Errors  Last Runtime    Last Run
-------------------------  -----  ---------  --------  ----------  --------------  -------------------
/opt/airflow/dags/main.py   3045  0.01s             1           0  0.15s           2026-05-21T10:31:19
================================================================================
[2026-05-21T10:32:19.873+0000] {manager.py:878} INFO - 
================================================================================
DAG File Processing Stats

File Path                    PID  Runtime      # DAGs    # Errors  Last Runtime    Last Run
-------------------------  -----  ---------  --------  ----------  --------------  -------------------
/opt/airflow/dags/main.py   3052  0.01s             1           0  0.15s           2026-05-21T10:31:49
================================================================================
[2026-05-21T10:32:50.282+0000] {manager.py:878} INFO - 
================================================================================
DAG File Processing Stats

File Path                    PID  Runtime      # DAGs    # Errors  Last Runtime    Last Run
-------------------------  -----  ---------  --------  ----------  --------------  -------------------
/opt/airflow/dags/main.py   3059  0.00s             1           0  0.16s           2026-05-21T10:32:20
================================================================================
[2026-05-21T10:33:20.629+0000] {manager.py:878} INFO - 
================================================================================
DAG File Processing Stats

File Path                    PID  Runtime      # DAGs    # Errors  Last Runtime    Last Run
-------------------------  -----  ---------  --------  ----------  --------------  -------------------
/opt/airflow/dags/main.py   3066  0.01s             1           0  0.14s           2026-05-21T10:32:50
================================================================================
[2026-05-21T10:33:51.021+0000] {manager.py:878} INFO - 
================================================================================
DAG File Processing Stats

File Path                    PID  Runtime      # DAGs    # Errors  Last Runtime    Last Run
-------------------------  -----  ---------  --------  ----------  --------------  -------------------
/opt/airflow/dags/main.py   3073  0.00s             1           0  0.17s           2026-05-21T10:33:20
================================================================================
[2026-05-21T10:34:21.449+0000] {manager.py:878} INFO - 
================================================================================
DAG File Processing Stats

File Path                    PID  Runtime      # DAGs    # Errors  Last Runtime    Last Run
-------------------------  -----  ---------  --------  ----------  --------------  -------------------
/opt/airflow/dags/main.py   3080  0.01s             1           0  0.16s           2026-05-21T10:33:51
================================================================================
[2026-05-21T10:34:51.823+0000] {manager.py:878} INFO - 
================================================================================
DAG File Processing Stats

File Path                    PID  Runtime      # DAGs    # Errors  Last Runtime    Last Run
-------------------------  -----  ---------  --------  ----------  --------------  -------------------
/opt/airflow/dags/main.py   3087  0.01s             1           0  0.16s           2026-05-21T10:34:21
================================================================================
[2026-05-21T10:35:22.220+0000] {manager.py:878} INFO - 
================================================================================
DAG File Processing Stats

File Path                    PID  Runtime      # DAGs    # Errors  Last Runtime    Last Run
-------------------------  -----  ---------  --------  ----------  --------------  -------------------
/opt/airflow/dags/main.py   3094  0.00s             1           0  0.16s           2026-05-21T10:34:51
================================================================================
[2026-05-21T10:35:52.661+0000] {manager.py:878} INFO - 
================================================================================
DAG File Processing Stats

File Path                    PID  Runtime      # DAGs    # Errors  Last Runtime    Last Run
-------------------------  -----  ---------  --------  ----------  --------------  -------------------
/opt/airflow/dags/main.py   3101  0.01s             1           0  0.16s           2026-05-21T10:35:22
================================================================================
[2026-05-21T10:36:23.061+0000] {manager.py:878} INFO - 
================================================================================
DAG File Processing Stats

File Path                    PID  Runtime      # DAGs    # Errors  Last Runtime    Last Run
-------------------------  -----  ---------  --------  ----------  --------------  -------------------
/opt/airflow/dags/main.py   3109  0.00s             1           0  0.16s           2026-05-21T10:35:52
================================================================================
[2026-05-21T10:36:48.381+0000] {manager.py:737} INFO - Searching for files in /opt/airflow/dags
[2026-05-21T10:36:48.430+0000] {manager.py:740} INFO - There are 1 files in /opt/airflow/dags
[2026-05-21T10:36:53.549+0000] {manager.py:878} INFO - 
================================================================================
DAG File Processing Stats

File Path                    PID  Runtime      # DAGs    # Errors  Last Runtime    Last Run
-------------------------  -----  ---------  --------  ----------  --------------  -------------------
/opt/airflow/dags/main.py   3121  0.01s             1           0  0.17s           2026-05-21T10:36:23
================================================================================
[2026-05-21T10:37:23.982+0000] {manager.py:878} INFO - 
================================================================================
DAG File Processing Stats

File Path                    PID  Runtime      # DAGs    # Errors  Last Runtime    Last Run
-------------------------  -----  ---------  --------  ----------  --------------  -------------------
/opt/airflow/dags/main.py   3128  0.01s             1           0  0.17s           2026-05-21T10:36:53
================================================================================
[2026-05-21T10:37:54.419+0000] {manager.py:878} INFO - 
================================================================================
DAG File Processing Stats

File Path                    PID  Runtime      # DAGs    # Errors  Last Runtime    Last Run
-------------------------  -----  ---------  --------  ----------  --------------  -------------------
/opt/airflow/dags/main.py   3135  0.01s             1           0  0.16s           2026-05-21T10:37:24
================================================================================
[2026-05-21T10:38:24.846+0000] {manager.py:878} INFO - 
================================================================================
DAG File Processing Stats

File Path                    PID  Runtime      # DAGs    # Errors  Last Runtime    Last Run
-------------------------  -----  ---------  --------  ----------  --------------  -------------------
/opt/airflow/dags/main.py   3142  0.01s             1           0  0.18s           2026-05-21T10:37:54
================================================================================
[2026-05-21T10:38:55.237+0000] {manager.py:878} INFO - 
================================================================================
DAG File Processing Stats

File Path                    PID  Runtime      # DAGs    # Errors  Last Runtime    Last Run
-------------------------  -----  ---------  --------  ----------  --------------  -------------------
/opt/airflow/dags/main.py   3149  0.01s             1           0  0.15s           2026-05-21T10:38:24
================================================================================
[2026-05-21T10:39:25.692+0000] {manager.py:878} INFO - 
================================================================================
DAG File Processing Stats

File Path                    PID  Runtime      # DAGs    # Errors  Last Runtime    Last Run
-------------------------  -----  ---------  --------  ----------  --------------  -------------------
/opt/airflow/dags/main.py   3156  0.01s             1           0  0.16s           2026-05-21T10:38:55
================================================================================
[2026-05-21T10:39:56.005+0000] {manager.py:878} INFO - 
================================================================================
DAG File Processing Stats

File Path                    PID  Runtime      # DAGs    # Errors  Last Runtime    Last Run
-------------------------  -----  ---------  --------  ----------  --------------  -------------------
/opt/airflow/dags/main.py   3164  0.00s             1           0  0.15s           2026-05-21T10:39:25
================================================================================
[2026-05-21T10:40:26.440+0000] {manager.py:878} INFO - 
================================================================================
DAG File Processing Stats

File Path                    PID  Runtime      # DAGs    # Errors  Last Runtime    Last Run
-------------------------  -----  ---------  --------  ----------  --------------  -------------------
/opt/airflow/dags/main.py   3171  0.01s             1           0  0.15s           2026-05-21T10:39:56
================================================================================
[2026-05-21T10:40:56.660+0000] {manager.py:878} INFO - 
================================================================================
DAG File Processing Stats

File Path                    PID  Runtime      # DAGs    # Errors  Last Runtime    Last Run
-------------------------  -----  ---------  --------  ----------  --------------  -------------------
/opt/airflow/dags/main.py   3178  0.00s             1           0  0.17s           2026-05-21T10:40:26
================================================================================
[2026-05-21T10:41:27.025+0000] {manager.py:878} INFO - 
================================================================================
DAG File Processing Stats

File Path                    PID  Runtime      # DAGs    # Errors  Last Runtime    Last Run
-------------------------  -----  ---------  --------  ----------  --------------  -------------------
/opt/airflow/dags/main.py   3185  0.01s             1           0  0.15s           2026-05-21T10:40:56
================================================================================
[2026-05-21T10:41:49.285+0000] {manager.py:737} INFO - Searching for files in /opt/airflow/dags
[2026-05-21T10:41:49.347+0000] {manager.py:740} INFO - There are 1 files in /opt/airflow/dags
[2026-05-21T10:41:57.465+0000] {manager.py:878} INFO - 
================================================================================
DAG File Processing Stats

File Path                    PID  Runtime      # DAGs    # Errors  Last Runtime    Last Run
-------------------------  -----  ---------  --------  ----------  --------------  -------------------
/opt/airflow/dags/main.py   3192  0.01s             1           0  0.16s           2026-05-21T10:41:27
================================================================================
[2026-05-21T10:42:27.810+0000] {manager.py:878} INFO - 
================================================================================
DAG File Processing Stats

File Path                    PID  Runtime      # DAGs    # Errors  Last Runtime    Last Run
-------------------------  -----  ---------  --------  ----------  --------------  -------------------
/opt/airflow/dags/main.py   3199  0.00s             1           0  0.16s           2026-05-21T10:41:57
================================================================================
[2026-05-21T10:42:58.223+0000] {manager.py:878} INFO - 
================================================================================
DAG File Processing Stats

File Path                    PID  Runtime      # DAGs    # Errors  Last Runtime    Last Run
-------------------------  -----  ---------  --------  ----------  --------------  -------------------
/opt/airflow/dags/main.py   3206  0.00s             1           0  0.16s           2026-05-21T10:42:27
================================================================================
[2026-05-21T10:43:28.564+0000] {manager.py:878} INFO - 
================================================================================
DAG File Processing Stats

File Path                    PID  Runtime      # DAGs    # Errors  Last Runtime    Last Run
-------------------------  -----  ---------  --------  ----------  --------------  -------------------
/opt/airflow/dags/main.py   3213  0.00s             1           0  0.14s           2026-05-21T10:42:58
================================================================================
[2026-05-21T10:43:59.067+0000] {manager.py:878} INFO - 
================================================================================
DAG File Processing Stats

File Path                    PID  Runtime      # DAGs    # Errors  Last Runtime    Last Run
-------------------------  -----  ---------  --------  ----------  --------------  -------------------
/opt/airflow/dags/main.py   3220  0.01s             1           0  0.14s           2026-05-21T10:43:28
================================================================================
[2026-05-21T10:44:29.458+0000] {manager.py:878} INFO - 
================================================================================
DAG File Processing Stats

File Path                    PID  Runtime      # DAGs    # Errors  Last Runtime    Last Run
-------------------------  -----  ---------  --------  ----------  --------------  -------------------
/opt/airflow/dags/main.py   3227  0.00s             1           0  0.17s           2026-05-21T10:43:59
================================================================================
[2026-05-21T10:44:59.814+0000] {manager.py:878} INFO - 
================================================================================
DAG File Processing Stats

File Path                    PID  Runtime      # DAGs    # Errors  Last Runtime    Last Run
-------------------------  -----  ---------  --------  ----------  --------------  -------------------
/opt/airflow/dags/main.py   3234  0.00s             1           0  0.16s           2026-05-21T10:44:29
================================================================================
[2026-05-21T10:45:30.180+0000] {manager.py:878} INFO - 
================================================================================
DAG File Processing Stats

File Path                    PID  Runtime      # DAGs    # Errors  Last Runtime    Last Run
-------------------------  -----  ---------  --------  ----------  --------------  -------------------
/opt/airflow/dags/main.py   3241  0.00s             1           0  0.15s           2026-05-21T10:44:59
================================================================================
[2026-05-21T10:46:00.679+0000] {manager.py:878} INFO - 
================================================================================
DAG File Processing Stats

File Path                    PID  Runtime      # DAGs    # Errors  Last Runtime    Last Run
-------------------------  -----  ---------  --------  ----------  --------------  -------------------
/opt/airflow/dags/main.py   3248  0.00s             1           0  0.17s           2026-05-21T10:45:30
================================================================================
[2026-05-21T10:46:31.085+0000] {manager.py:878} INFO - 
================================================================================
DAG File Processing Stats

File Path                    PID  Runtime      # DAGs    # Errors  Last Runtime    Last Run
-------------------------  -----  ---------  --------  ----------  --------------  -------------------
/opt/airflow/dags/main.py   3255  0.01s             1           0  0.16s           2026-05-21T10:46:00
================================================================================
[2026-05-21T10:46:49.323+0000] {manager.py:737} INFO - Searching for files in /opt/airflow/dags
[2026-05-21T10:46:49.375+0000] {manager.py:740} INFO - There are 1 files in /opt/airflow/dags
[2026-05-21T10:47:01.584+0000] {manager.py:878} INFO - 
================================================================================
DAG File Processing Stats

File Path                    PID  Runtime      # DAGs    # Errors  Last Runtime    Last Run
-------------------------  -----  ---------  --------  ----------  --------------  -------------------
/opt/airflow/dags/main.py   3262  0.01s             1           0  0.17s           2026-05-21T10:46:31
================================================================================
[2026-05-21T10:47:31.983+0000] {manager.py:878} INFO - 
================================================================================
DAG File Processing Stats

File Path                    PID  Runtime      # DAGs    # Errors  Last Runtime    Last Run
-------------------------  -----  ---------  --------  ----------  --------------  -------------------
/opt/airflow/dags/main.py   3269  0.01s             1           0  0.15s           2026-05-21T10:47:01
================================================================================
[2026-05-21T10:48:02.348+0000] {manager.py:878} INFO - 
================================================================================
DAG File Processing Stats

File Path                    PID  Runtime      # DAGs    # Errors  Last Runtime    Last Run
-------------------------  -----  ---------  --------  ----------  --------------  -------------------
/opt/airflow/dags/main.py   3276  0.00s             1           0  0.16s           2026-05-21T10:47:32
================================================================================
[2026-05-21T10:48:32.827+0000] {manager.py:878} INFO - 
================================================================================
DAG File Processing Stats

File Path                    PID  Runtime      # DAGs    # Errors  Last Runtime    Last Run
-------------------------  -----  ---------  --------  ----------  --------------  -------------------
/opt/airflow/dags/main.py   3283  0.01s             1           0  0.14s           2026-05-21T10:48:02
================================================================================
[2026-05-21T10:49:03.118+0000] {manager.py:878} INFO - 
================================================================================
DAG File Processing Stats

File Path                    PID  Runtime      # DAGs    # Errors  Last Runtime    Last Run
-------------------------  -----  ---------  --------  ----------  --------------  -------------------
/opt/airflow/dags/main.py   3290  0.01s             1           0  0.16s           2026-05-21T10:48:32
================================================================================
[2026-05-21T10:49:33.467+0000] {manager.py:878} INFO - 
================================================================================
DAG File Processing Stats

File Path                    PID  Runtime      # DAGs    # Errors  Last Runtime    Last Run
-------------------------  -----  ---------  --------  ----------  --------------  -------------------
/opt/airflow/dags/main.py   3297  0.00s             1           0  0.16s           2026-05-21T10:49:03
================================================================================
[2026-05-21T10:50:03.854+0000] {manager.py:878} INFO - 
================================================================================
DAG File Processing Stats

File Path                    PID  Runtime      # DAGs    # Errors  Last Runtime    Last Run
-------------------------  -----  ---------  --------  ----------  --------------  -------------------
/opt/airflow/dags/main.py   3304  0.00s             1           0  0.15s           2026-05-21T10:49:33
================================================================================
[2026-05-21T10:50:34.237+0000] {manager.py:878} INFO - 
================================================================================
DAG File Processing Stats

File Path                    PID  Runtime      # DAGs    # Errors  Last Runtime    Last Run
-------------------------  -----  ---------  --------  ----------  --------------  -------------------
/opt/airflow/dags/main.py   3311  0.01s             1           0  0.14s           2026-05-21T10:50:03
================================================================================
[2026-05-21T10:51:04.539+0000] {manager.py:878} INFO - 
================================================================================
DAG File Processing Stats

File Path                    PID  Runtime      # DAGs    # Errors  Last Runtime    Last Run
-------------------------  -----  ---------  --------  ----------  --------------  -------------------
/opt/airflow/dags/main.py   3318  0.00s             1           0  0.15s           2026-05-21T10:50:34
================================================================================
[2026-05-21T10:51:34.903+0000] {manager.py:878} INFO - 
================================================================================
DAG File Processing Stats

File Path                    PID  Runtime      # DAGs    # Errors  Last Runtime    Last Run
-------------------------  -----  ---------  --------  ----------  --------------  -------------------
/opt/airflow/dags/main.py   3325  0.01s             1           0  0.15s           2026-05-21T10:51:04
================================================================================
[2026-05-21T10:51:50.050+0000] {manager.py:737} INFO - Searching for files in /opt/airflow/dags
[2026-05-21T10:51:50.188+0000] {manager.py:740} INFO - There are 1 files in /opt/airflow/dags
[2026-05-21T10:52:05.370+0000] {manager.py:878} INFO - 
================================================================================
DAG File Processing Stats

File Path                    PID  Runtime      # DAGs    # Errors  Last Runtime    Last Run
-------------------------  -----  ---------  --------  ----------  --------------  -------------------
/opt/airflow/dags/main.py   3332  0.00s             1           0  0.15s           2026-05-21T10:51:35
================================================================================
[2026-05-21T10:52:35.770+0000] {manager.py:878} INFO - 
================================================================================
DAG File Processing Stats

File Path                    PID  Runtime      # DAGs    # Errors  Last Runtime    Last Run
-------------------------  -----  ---------  --------  ----------  --------------  -------------------
/opt/airflow/dags/main.py   3339  0.00s             1           0  0.14s           2026-05-21T10:52:05
================================================================================
[2026-05-21T10:53:06.128+0000] {manager.py:878} INFO - 
================================================================================
DAG File Processing Stats

File Path                    PID  Runtime      # DAGs    # Errors  Last Runtime    Last Run
-------------------------  -----  ---------  --------  ----------  --------------  -------------------
/opt/airflow/dags/main.py   3346  0.00s             1           0  0.15s           2026-05-21T10:52:35
================================================================================
[2026-05-21T10:53:36.468+0000] {manager.py:878} INFO - 
================================================================================
DAG File Processing Stats

File Path                    PID  Runtime      # DAGs    # Errors  Last Runtime    Last Run
-------------------------  -----  ---------  --------  ----------  --------------  -------------------
/opt/airflow/dags/main.py   3353  0.01s             1           0  0.14s           2026-05-21T10:53:06
================================================================================
[2026-05-21T10:54:06.892+0000] {manager.py:878} INFO - 
================================================================================
DAG File Processing Stats

File Path                    PID  Runtime      # DAGs    # Errors  Last Runtime    Last Run
-------------------------  -----  ---------  --------  ----------  --------------  -------------------
/opt/airflow/dags/main.py   3360  0.00s             1           0  0.15s           2026-05-21T10:53:36
================================================================================
[2026-05-21T10:54:37.302+0000] {manager.py:878} INFO - 
================================================================================
DAG File Processing Stats

File Path                    PID  Runtime      # DAGs    # Errors  Last Runtime    Last Run
-------------------------  -----  ---------  --------  ----------  --------------  -------------------
/opt/airflow/dags/main.py   3367  0.01s             1           0  0.15s           2026-05-21T10:54:07
================================================================================
[2026-05-21T10:55:07.662+0000] {manager.py:878} INFO - 
================================================================================
DAG File Processing Stats

File Path                    PID  Runtime      # DAGs    # Errors  Last Runtime    Last Run
-------------------------  -----  ---------  --------  ----------  --------------  -------------------
/opt/airflow/dags/main.py   3374  0.00s             1           0  0.15s           2026-05-21T10:54:37
================================================================================
[2026-05-21T10:55:38.042+0000] {manager.py:878} INFO - 
================================================================================
DAG File Processing Stats

File Path                    PID  Runtime      # DAGs    # Errors  Last Runtime    Last Run
-------------------------  -----  ---------  --------  ----------  --------------  -------------------
/opt/airflow/dags/main.py   3381  0.00s             1           0  0.17s           2026-05-21T10:55:07
================================================================================
[2026-05-21T10:56:08.476+0000] {manager.py:878} INFO - 
================================================================================
DAG File Processing Stats

File Path                    PID  Runtime      # DAGs    # Errors  Last Runtime    Last Run
-------------------------  -----  ---------  --------  ----------  --------------  -------------------
/opt/airflow/dags/main.py   3388  0.01s             1           0  0.16s           2026-05-21T10:55:38
================================================================================
[2026-05-21T10:56:38.841+0000] {manager.py:878} INFO - 
================================================================================
DAG File Processing Stats

File Path                    PID  Runtime      # DAGs    # Errors  Last Runtime    Last Run
-------------------------  -----  ---------  --------  ----------  --------------  -------------------
/opt/airflow/dags/main.py   3395  0.00s             1           0  0.15s           2026-05-21T10:56:08
================================================================================
[2026-05-21T10:56:50.106+0000] {manager.py:737} INFO - Searching for files in /opt/airflow/dags
[2026-05-21T10:56:50.180+0000] {manager.py:740} INFO - There are 1 files in /opt/airflow/dags
[2026-05-21T10:57:09.278+0000] {manager.py:878} INFO - 
================================================================================
DAG File Processing Stats

File Path                    PID  Runtime      # DAGs    # Errors  Last Runtime    Last Run
-------------------------  -----  ---------  --------  ----------  --------------  -------------------
/opt/airflow/dags/main.py   3402  0.01s             1           0  0.17s           2026-05-21T10:56:39
================================================================================
[2026-05-21T10:57:39.665+0000] {manager.py:878} INFO - 
================================================================================
DAG File Processing Stats

File Path                    PID  Runtime      # DAGs    # Errors  Last Runtime    Last Run
-------------------------  -----  ---------  --------  ----------  --------------  -------------------
/opt/airflow/dags/main.py   3409  0.00s             1           0  0.18s           2026-05-21T10:57:09
================================================================================
[2026-05-21T10:58:10.077+0000] {manager.py:878} INFO - 
================================================================================
DAG File Processing Stats

File Path                    PID  Runtime      # DAGs    # Errors  Last Runtime    Last Run
-------------------------  -----  ---------  --------  ----------  --------------  -------------------
/opt/airflow/dags/main.py   3416  0.01s             1           0  0.17s           2026-05-21T10:57:39
================================================================================
[2026-05-21T10:58:40.401+0000] {manager.py:878} INFO - 
================================================================================
DAG File Processing Stats

File Path                    PID  Runtime      # DAGs    # Errors  Last Runtime    Last Run
-------------------------  -----  ---------  --------  ----------  --------------  -------------------
/opt/airflow/dags/main.py   3423  0.00s             1           0  0.17s           2026-05-21T10:58:10
================================================================================
[2026-05-21T10:59:10.872+0000] {manager.py:878} INFO - 
================================================================================
DAG File Processing Stats

File Path                    PID  Runtime      # DAGs    # Errors  Last Runtime    Last Run
-------------------------  -----  ---------  --------  ----------  --------------  -------------------
/opt/airflow/dags/main.py   3430  0.01s             1           0  0.17s           2026-05-21T10:58:40
================================================================================
[2026-05-21T10:59:41.208+0000] {manager.py:878} INFO - 
================================================================================
DAG File Processing Stats

File Path                    PID  Runtime      # DAGs    # Errors  Last Runtime    Last Run
-------------------------  -----  ---------  --------  ----------  --------------  -------------------
/opt/airflow/dags/main.py   3437  0.01s             1           0  0.17s           2026-05-21T10:59:11
================================================================================
[2026-05-21T11:00:11.689+0000] {manager.py:878} INFO - 
================================================================================
DAG File Processing Stats

File Path                    PID  Runtime      # DAGs    # Errors  Last Runtime    Last Run
-------------------------  -----  ---------  --------  ----------  --------------  -------------------
/opt/airflow/dags/main.py   3444  0.00s             1           0  0.17s           2026-05-21T10:59:41
================================================================================
[2026-05-21T11:00:42.007+0000] {manager.py:878} INFO - 
================================================================================
DAG File Processing Stats

File Path                    PID  Runtime      # DAGs    # Errors  Last Runtime    Last Run
-------------------------  -----  ---------  --------  ----------  --------------  -------------------
/opt/airflow/dags/main.py   3451  0.00s             1           0  0.16s           2026-05-21T11:00:11
================================================================================
[2026-05-21T11:01:12.476+0000] {manager.py:878} INFO - 
================================================================================
DAG File Processing Stats

File Path                    PID  Runtime      # DAGs    # Errors  Last Runtime    Last Run
-------------------------  -----  ---------  --------  ----------  --------------  -------------------
/opt/airflow/dags/main.py   3458  0.00s             1           0  0.15s           2026-05-21T11:00:42
================================================================================
[2026-05-21T11:01:42.892+0000] {manager.py:878} INFO - 
================================================================================
DAG File Processing Stats

File Path                    PID  Runtime      # DAGs    # Errors  Last Runtime    Last Run
-------------------------  -----  ---------  --------  ----------  --------------  -------------------
/opt/airflow/dags/main.py   3465  0.01s             1           0  0.16s           2026-05-21T11:01:12
================================================================================
[2026-05-21T11:01:50.136+0000] {manager.py:737} INFO - Searching for files in /opt/airflow/dags
[2026-05-21T11:01:50.301+0000] {manager.py:740} INFO - There are 1 files in /opt/airflow/dags
[2026-05-21T11:02:13.304+0000] {manager.py:878} INFO - 
================================================================================
DAG File Processing Stats

File Path                    PID  Runtime      # DAGs    # Errors  Last Runtime    Last Run
-------------------------  -----  ---------  --------  ----------  --------------  -------------------
/opt/airflow/dags/main.py   3472  0.00s             1           0  0.17s           2026-05-21T11:01:43
================================================================================
[2026-05-21T11:02:43.697+0000] {manager.py:878} INFO - 
================================================================================
DAG File Processing Stats

File Path                    PID  Runtime      # DAGs    # Errors  Last Runtime    Last Run
-------------------------  -----  ---------  --------  ----------  --------------  -------------------
/opt/airflow/dags/main.py   3479  0.01s             1           0  0.18s           2026-05-21T11:02:13
================================================================================
[2026-05-21T11:03:14.079+0000] {manager.py:878} INFO - 
================================================================================
DAG File Processing Stats

File Path                    PID  Runtime      # DAGs    # Errors  Last Runtime    Last Run
-------------------------  -----  ---------  --------  ----------  --------------  -------------------
/opt/airflow/dags/main.py   3486  0.01s             1           0  0.15s           2026-05-21T11:02:43
================================================================================
[2026-05-21T11:03:44.474+0000] {manager.py:878} INFO - 
================================================================================
DAG File Processing Stats

File Path                    PID  Runtime      # DAGs    # Errors  Last Runtime    Last Run
-------------------------  -----  ---------  --------  ----------  --------------  -------------------
/opt/airflow/dags/main.py   3493  0.01s             1           0  0.16s           2026-05-21T11:03:14
================================================================================
[2026-05-21T11:04:14.853+0000] {manager.py:878} INFO - 
================================================================================
DAG File Processing Stats

File Path                    PID  Runtime      # DAGs    # Errors  Last Runtime    Last Run
-------------------------  -----  ---------  --------  ----------  --------------  -------------------
/opt/airflow/dags/main.py   3500  0.01s             1           0  0.15s           2026-05-21T11:03:44
================================================================================
[2026-05-21T11:04:45.225+0000] {manager.py:878} INFO - 
================================================================================
DAG File Processing Stats

File Path                    PID  Runtime      # DAGs    # Errors  Last Runtime    Last Run
-------------------------  -----  ---------  --------  ----------  --------------  -------------------
/opt/airflow/dags/main.py   3508  0.01s             1           0  0.16s           2026-05-21T11:04:15
================================================================================
[2026-05-21T11:05:15.619+0000] {manager.py:878} INFO - 
================================================================================
DAG File Processing Stats

File Path                    PID  Runtime      # DAGs    # Errors  Last Runtime    Last Run
-------------------------  -----  ---------  --------  ----------  --------------  -------------------
/opt/airflow/dags/main.py   3516  0.00s             1           0  0.17s           2026-05-21T11:04:45
================================================================================
[2026-05-21T11:05:45.889+0000] {manager.py:878} INFO - 
================================================================================
DAG File Processing Stats

File Path                    PID  Runtime      # DAGs    # Errors  Last Runtime    Last Run
-------------------------  -----  ---------  --------  ----------  --------------  -------------------
/opt/airflow/dags/main.py   3523  0.01s             1           0  0.16s           2026-05-21T11:05:15
================================================================================
[2026-05-21T11:06:16.275+0000] {manager.py:878} INFO - 
================================================================================
DAG File Processing Stats

File Path                    PID  Runtime      # DAGs    # Errors  Last Runtime    Last Run
-------------------------  -----  ---------  --------  ----------  --------------  -------------------
/opt/airflow/dags/main.py   3530  0.01s             1           0  0.15s           2026-05-21T11:05:46
================================================================================
[2026-05-21T11:06:46.708+0000] {manager.py:878} INFO - 
================================================================================
DAG File Processing Stats

File Path                    PID  Runtime      # DAGs    # Errors  Last Runtime    Last Run
-------------------------  -----  ---------  --------  ----------  --------------  -------------------
/opt/airflow/dags/main.py   3537  0.01s             1           0  0.15s           2026-05-21T11:06:16
================================================================================
[2026-05-21T11:06:50.759+0000] {manager.py:737} INFO - Searching for files in /opt/airflow/dags
[2026-05-21T11:06:50.819+0000] {manager.py:740} INFO - There are 1 files in /opt/airflow/dags
[2026-05-21T11:07:17.122+0000] {manager.py:878} INFO - 
================================================================================
DAG File Processing Stats

File Path                    PID  Runtime      # DAGs    # Errors  Last Runtime    Last Run
-------------------------  -----  ---------  --------  ----------  --------------  -------------------
/opt/airflow/dags/main.py   3544  0.01s             1           0  0.16s           2026-05-21T11:06:46
================================================================================
[2026-05-21T11:07:47.430+0000] {manager.py:878} INFO - 
================================================================================
DAG File Processing Stats

File Path                    PID  Runtime      # DAGs    # Errors  Last Runtime    Last Run
-------------------------  -----  ---------  --------  ----------  --------------  -------------------
/opt/airflow/dags/main.py   3551  0.00s             1           0  0.16s           2026-05-21T11:07:17
================================================================================
[2026-05-21T11:08:17.881+0000] {manager.py:878} INFO - 
================================================================================
DAG File Processing Stats

File Path                    PID  Runtime      # DAGs    # Errors  Last Runtime    Last Run
-------------------------  -----  ---------  --------  ----------  --------------  -------------------
/opt/airflow/dags/main.py   3558  0.01s             1           0  0.16s           2026-05-21T11:07:47
================================================================================
[2026-05-21T11:08:48.269+0000] {manager.py:878} INFO - 
================================================================================
DAG File Processing Stats

File Path                    PID  Runtime      # DAGs    # Errors  Last Runtime    Last Run
-------------------------  -----  ---------  --------  ----------  --------------  -------------------
/opt/airflow/dags/main.py   3565  0.01s             1           0  0.15s           2026-05-21T11:08:18
================================================================================
[2026-05-21T11:09:18.705+0000] {manager.py:878} INFO - 
================================================================================
DAG File Processing Stats

File Path                    PID  Runtime      # DAGs    # Errors  Last Runtime    Last Run
-------------------------  -----  ---------  --------  ----------  --------------  -------------------
/opt/airflow/dags/main.py   3572  0.01s             1           0  0.18s           2026-05-21T11:08:48
================================================================================
[2026-05-21T11:09:49.015+0000] {manager.py:878} INFO - 
================================================================================
DAG File Processing Stats

File Path                    PID  Runtime      # DAGs    # Errors  Last Runtime    Last Run
-------------------------  -----  ---------  --------  ----------  --------------  -------------------
/opt/airflow/dags/main.py   3579  0.00s             1           0  0.16s           2026-05-21T11:09:18
================================================================================
[2026-05-21T11:10:19.477+0000] {manager.py:878} INFO - 
================================================================================
DAG File Processing Stats

File Path                    PID  Runtime      # DAGs    # Errors  Last Runtime    Last Run
-------------------------  -----  ---------  --------  ----------  --------------  -------------------
/opt/airflow/dags/main.py   3586  0.00s             1           0  0.15s           2026-05-21T11:09:49
================================================================================
[2026-05-21T11:10:49.836+0000] {manager.py:878} INFO - 
================================================================================
DAG File Processing Stats

File Path                    PID  Runtime      # DAGs    # Errors  Last Runtime    Last Run
-------------------------  -----  ---------  --------  ----------  --------------  -------------------
/opt/airflow/dags/main.py   3593  0.01s             1           0  0.15s           2026-05-21T11:10:19
================================================================================
[2026-05-21T11:11:20.241+0000] {manager.py:878} INFO - 
================================================================================
DAG File Processing Stats

File Path                    PID  Runtime      # DAGs    # Errors  Last Runtime    Last Run
-------------------------  -----  ---------  --------  ----------  --------------  -------------------
/opt/airflow/dags/main.py   3600  0.01s             1           0  0.15s           2026-05-21T11:10:49
================================================================================
[2026-05-21T11:11:50.608+0000] {manager.py:878} INFO - 
================================================================================
DAG File Processing Stats

File Path                    PID  Runtime      # DAGs    # Errors  Last Runtime    Last Run
-------------------------  -----  ---------  --------  ----------  --------------  -------------------
/opt/airflow/dags/main.py   3607  0.00s             1           0  0.18s           2026-05-21T11:11:20
================================================================================
[2026-05-21T11:11:50.769+0000] {manager.py:737} INFO - Searching for files in /opt/airflow/dags
[2026-05-21T11:11:50.822+0000] {manager.py:740} INFO - There are 1 files in /opt/airflow/dags
[2026-05-21T11:12:20.993+0000] {manager.py:878} INFO - 
================================================================================
DAG File Processing Stats

File Path                    PID  Runtime      # DAGs    # Errors  Last Runtime    Last Run
-------------------------  -----  ---------  --------  ----------  --------------  -------------------
/opt/airflow/dags/main.py   3614  0.01s             1           0  0.16s           2026-05-21T11:11:50
================================================================================
[2026-05-21T11:12:51.394+0000] {manager.py:878} INFO - 
================================================================================
DAG File Processing Stats

File Path                    PID  Runtime      # DAGs    # Errors  Last Runtime    Last Run
-------------------------  -----  ---------  --------  ----------  --------------  -------------------
/opt/airflow/dags/main.py   3621  0.01s             1           0  0.17s           2026-05-21T11:12:21
================================================================================
[2026-05-21T13:15:35.266+0000] {manager.py:737} INFO - Searching for files in /opt/airflow/dags
[2026-05-21T13:15:35.570+0000] {manager.py:740} INFO - There are 1 files in /opt/airflow/dags
[2026-05-21T13:15:47.475+0000] {manager.py:878} INFO - 
================================================================================
DAG File Processing Stats

File Path                  PID    Runtime      # DAGs    # Errors  Last Runtime    Last Run
-------------------------  -----  ---------  --------  ----------  --------------  -------------------
/opt/airflow/dags/main.py                           1           0  1.01s           2026-05-21T13:15:36
================================================================================
[2026-05-21T13:16:17.932+0000] {manager.py:878} INFO - 
================================================================================
DAG File Processing Stats

File Path                  PID    Runtime      # DAGs    # Errors  Last Runtime    Last Run
-------------------------  -----  ---------  --------  ----------  --------------  -------------------
/opt/airflow/dags/main.py                           1           0  0.24s           2026-05-21T13:16:07
================================================================================
[2026-05-21T13:16:48.347+0000] {manager.py:878} INFO - 
================================================================================
DAG File Processing Stats

File Path                  PID    Runtime      # DAGs    # Errors  Last Runtime    Last Run
-------------------------  -----  ---------  --------  ----------  --------------  -------------------
/opt/airflow/dags/main.py                           1           0  0.23s           2026-05-21T13:16:37
================================================================================
[2026-05-21T13:17:18.886+0000] {manager.py:878} INFO - 
================================================================================
DAG File Processing Stats

File Path                  PID    Runtime      # DAGs    # Errors  Last Runtime    Last Run
-------------------------  -----  ---------  --------  ----------  --------------  -------------------
/opt/airflow/dags/main.py                           1           0  0.39s           2026-05-21T13:17:08
================================================================================
[2026-05-21T13:17:49.620+0000] {manager.py:878} INFO - 
================================================================================
DAG File Processing Stats

File Path                  PID    Runtime      # DAGs    # Errors  Last Runtime    Last Run
-------------------------  -----  ---------  --------  ----------  --------------  -------------------
/opt/airflow/dags/main.py                           1           0  0.46s           2026-05-21T13:17:38
================================================================================
[2026-05-21T13:18:20.080+0000] {manager.py:878} INFO - 
================================================================================
DAG File Processing Stats

File Path                  PID    Runtime      # DAGs    # Errors  Last Runtime    Last Run
-------------------------  -----  ---------  --------  ----------  --------------  -------------------
/opt/airflow/dags/main.py                           1           0  0.32s           2026-05-21T13:18:09
================================================================================
[2026-05-21T13:18:50.619+0000] {manager.py:878} INFO - 
================================================================================
DAG File Processing Stats

File Path                  PID    Runtime      # DAGs    # Errors  Last Runtime    Last Run
-------------------------  -----  ---------  --------  ----------  --------------  -------------------
/opt/airflow/dags/main.py                           1           0  0.25s           2026-05-21T13:18:39
================================================================================
[2026-05-21T13:19:21.054+0000] {manager.py:878} INFO - 
================================================================================
DAG File Processing Stats

File Path                  PID    Runtime      # DAGs    # Errors  Last Runtime    Last Run
-------------------------  -----  ---------  --------  ----------  --------------  -------------------
/opt/airflow/dags/main.py                           1           0  0.33s           2026-05-21T13:19:10
================================================================================
[2026-05-21T13:19:51.665+0000] {manager.py:878} INFO - 
================================================================================
DAG File Processing Stats

File Path                  PID    Runtime      # DAGs    # Errors  Last Runtime    Last Run
-------------------------  -----  ---------  --------  ----------  --------------  -------------------
/opt/airflow/dags/main.py                           1           0  0.41s           2026-05-21T13:19:40
================================================================================
[2026-05-21T13:20:22.193+0000] {manager.py:878} INFO - 
================================================================================
DAG File Processing Stats

File Path                  PID    Runtime      # DAGs    # Errors  Last Runtime    Last Run
-------------------------  -----  ---------  --------  ----------  --------------  -------------------
/opt/airflow/dags/main.py                           1           0  0.23s           2026-05-21T13:20:11
================================================================================
[2026-05-21T13:20:35.341+0000] {manager.py:737} INFO - Searching for files in /opt/airflow/dags
[2026-05-21T13:20:35.499+0000] {manager.py:740} INFO - There are 1 files in /opt/airflow/dags
[2026-05-21T13:20:52.786+0000] {manager.py:878} INFO - 
================================================================================
DAG File Processing Stats

File Path                  PID    Runtime      # DAGs    # Errors  Last Runtime    Last Run
-------------------------  -----  ---------  --------  ----------  --------------  -------------------
/opt/airflow/dags/main.py                           1           0  0.35s           2026-05-21T13:20:41
================================================================================
[2026-05-21T13:21:23.178+0000] {manager.py:878} INFO - 
================================================================================
DAG File Processing Stats

File Path                  PID    Runtime      # DAGs    # Errors  Last Runtime    Last Run
-------------------------  -----  ---------  --------  ----------  --------------  -------------------
/opt/airflow/dags/main.py                           1           0  0.23s           2026-05-21T13:21:12
================================================================================
[2026-05-21T13:21:53.772+0000] {manager.py:878} INFO - 
================================================================================
DAG File Processing Stats

File Path                  PID    Runtime      # DAGs    # Errors  Last Runtime    Last Run
-------------------------  -----  ---------  --------  ----------  --------------  -------------------
/opt/airflow/dags/main.py                           1           0  0.38s           2026-05-21T13:21:42
================================================================================
[2026-05-21T13:22:24.335+0000] {manager.py:878} INFO - 
================================================================================
DAG File Processing Stats

File Path                  PID    Runtime      # DAGs    # Errors  Last Runtime    Last Run
-------------------------  -----  ---------  --------  ----------  --------------  -------------------
/opt/airflow/dags/main.py                           1           0  0.28s           2026-05-21T13:22:13
================================================================================
[2026-05-21T13:22:54.875+0000] {manager.py:878} INFO - 
================================================================================
DAG File Processing Stats

File Path                  PID    Runtime      # DAGs    # Errors  Last Runtime    Last Run
-------------------------  -----  ---------  --------  ----------  --------------  -------------------
/opt/airflow/dags/main.py                           1           0  0.37s           2026-05-21T13:22:44
================================================================================
[2026-05-21T13:23:25.520+0000] {manager.py:878} INFO - 
================================================================================
DAG File Processing Stats

File Path                  PID    Runtime      # DAGs    # Errors  Last Runtime    Last Run
-------------------------  -----  ---------  --------  ----------  --------------  -------------------
/opt/airflow/dags/main.py                           1           0  0.35s           2026-05-21T13:23:14
================================================================================
[2026-05-21T13:23:56.018+0000] {manager.py:878} INFO - 
================================================================================
DAG File Processing Stats

File Path                  PID    Runtime      # DAGs    # Errors  Last Runtime    Last Run
-------------------------  -----  ---------  --------  ----------  --------------  -------------------
/opt/airflow/dags/main.py                           1           0  0.39s           2026-05-21T13:23:45
================================================================================
[2026-05-21T13:24:26.709+0000] {manager.py:878} INFO - 
================================================================================
DAG File Processing Stats

File Path                  PID    Runtime      # DAGs    # Errors  Last Runtime    Last Run
-------------------------  -----  ---------  --------  ----------  --------------  -------------------
/opt/airflow/dags/main.py                           1           0  0.36s           2026-05-21T13:24:15
================================================================================
[2026-05-21T13:24:57.157+0000] {manager.py:878} INFO - 
================================================================================
DAG File Processing Stats

File Path                  PID    Runtime      # DAGs    # Errors  Last Runtime    Last Run
-------------------------  -----  ---------  --------  ----------  --------------  -------------------
/opt/airflow/dags/main.py                           1           0  0.40s           2026-05-21T13:24:46
================================================================================
[2026-05-21T13:25:27.863+0000] {manager.py:878} INFO - 
================================================================================
DAG File Processing Stats

File Path                  PID    Runtime      # DAGs    # Errors  Last Runtime    Last Run
-------------------------  -----  ---------  --------  ----------  --------------  -------------------
/opt/airflow/dags/main.py                           1           0  0.34s           2026-05-21T13:25:16
================================================================================
[2026-05-21T13:25:35.961+0000] {manager.py:737} INFO - Searching for files in /opt/airflow/dags
[2026-05-21T13:25:36.293+0000] {manager.py:740} INFO - There are 1 files in /opt/airflow/dags
[2026-05-21T13:25:58.068+0000] {manager.py:878} INFO - 
================================================================================
DAG File Processing Stats

File Path                  PID    Runtime      # DAGs    # Errors  Last Runtime    Last Run
-------------------------  -----  ---------  --------  ----------  --------------  -------------------
/opt/airflow/dags/main.py                           1           0  0.39s           2026-05-21T13:25:47
================================================================================
[2026-05-21T13:26:28.433+0000] {manager.py:878} INFO - 
================================================================================
DAG File Processing Stats

File Path                  PID    Runtime      # DAGs    # Errors  Last Runtime    Last Run
-------------------------  -----  ---------  --------  ----------  --------------  -------------------
/opt/airflow/dags/main.py                           1           0  0.42s           2026-05-21T13:26:18
================================================================================
[2026-05-21T13:26:58.890+0000] {manager.py:878} INFO - 
================================================================================
DAG File Processing Stats

File Path                  PID    Runtime      # DAGs    # Errors  Last Runtime    Last Run
-------------------------  -----  ---------  --------  ----------  --------------  -------------------
/opt/airflow/dags/main.py                           1           0  0.37s           2026-05-21T13:26:49
================================================================================
[2026-05-21T13:27:29.560+0000] {manager.py:878} INFO - 
================================================================================
DAG File Processing Stats

File Path                  PID    Runtime      # DAGs    # Errors  Last Runtime    Last Run
-------------------------  -----  ---------  --------  ----------  --------------  -------------------
/opt/airflow/dags/main.py                           1           0  0.29s           2026-05-21T13:27:19
================================================================================
[2026-05-21T13:27:59.980+0000] {manager.py:878} INFO - 
================================================================================
DAG File Processing Stats

File Path                  PID    Runtime      # DAGs    # Errors  Last Runtime    Last Run
-------------------------  -----  ---------  --------  ----------  --------------  -------------------
/opt/airflow/dags/main.py                           1           0  0.33s           2026-05-21T13:27:50
================================================================================
[2026-05-21T13:28:30.608+0000] {manager.py:878} INFO - 
================================================================================
DAG File Processing Stats

File Path                  PID    Runtime      # DAGs    # Errors  Last Runtime    Last Run
-------------------------  -----  ---------  --------  ----------  --------------  -------------------
/opt/airflow/dags/main.py                           1           0  0.29s           2026-05-21T13:28:20
================================================================================
[2026-05-21T13:29:01.001+0000] {manager.py:878} INFO - 
================================================================================
DAG File Processing Stats

File Path                  PID    Runtime      # DAGs    # Errors  Last Runtime    Last Run
-------------------------  -----  ---------  --------  ----------  --------------  -------------------
/opt/airflow/dags/main.py                           1           0  0.37s           2026-05-21T13:28:51
================================================================================
[2026-05-21T13:29:31.673+0000] {manager.py:878} INFO - 
================================================================================
DAG File Processing Stats

File Path                  PID    Runtime      # DAGs    # Errors  Last Runtime    Last Run
-------------------------  -----  ---------  --------  ----------  --------------  -------------------
/opt/airflow/dags/main.py                           1           0  0.29s           2026-05-21T13:29:21
================================================================================
[2026-05-21T13:30:02.293+0000] {manager.py:878} INFO - 
================================================================================
DAG File Processing Stats

File Path                  PID    Runtime      # DAGs    # Errors  Last Runtime    Last Run
-------------------------  -----  ---------  --------  ----------  --------------  -------------------
/opt/airflow/dags/main.py                           1           0  0.31s           2026-05-21T13:29:52
================================================================================
[2026-05-21T13:30:32.681+0000] {manager.py:878} INFO - 
================================================================================
DAG File Processing Stats

File Path                  PID    Runtime      # DAGs    # Errors  Last Runtime    Last Run
-------------------------  -----  ---------  --------  ----------  --------------  -------------------
/opt/airflow/dags/main.py                           1           0  0.29s           2026-05-21T13:30:22
================================================================================
[2026-05-21T13:30:35.962+0000] {manager.py:737} INFO - Searching for files in /opt/airflow/dags
[2026-05-21T13:30:36.169+0000] {manager.py:740} INFO - There are 1 files in /opt/airflow/dags
[2026-05-21T13:31:03.023+0000] {manager.py:878} INFO - 
================================================================================
DAG File Processing Stats

File Path                  PID    Runtime      # DAGs    # Errors  Last Runtime    Last Run
-------------------------  -----  ---------  --------  ----------  --------------  -------------------
/opt/airflow/dags/main.py                           1           0  0.40s           2026-05-21T13:30:53
================================================================================
[2026-05-21T13:31:33.093+0000] {manager.py:878} INFO - 
================================================================================
DAG File Processing Stats

File Path                  PID    Runtime      # DAGs    # Errors  Last Runtime    Last Run
-------------------------  -----  ---------  --------  ----------  --------------  -------------------
/opt/airflow/dags/main.py                           1           0  0.34s           2026-05-21T13:31:23
================================================================================
[2026-05-21T13:32:03.454+0000] {manager.py:878} INFO - 
================================================================================
DAG File Processing Stats

File Path                  PID    Runtime      # DAGs    # Errors  Last Runtime    Last Run
-------------------------  -----  ---------  --------  ----------  --------------  -------------------
/opt/airflow/dags/main.py                           1           0  0.34s           2026-05-21T13:31:54
================================================================================
[2026-05-21T13:32:33.850+0000] {manager.py:878} INFO - 
================================================================================
DAG File Processing Stats

File Path                  PID    Runtime      # DAGs    # Errors  Last Runtime    Last Run
-------------------------  -----  ---------  --------  ----------  --------------  -------------------
/opt/airflow/dags/main.py                           1           0  0.35s           2026-05-21T13:32:25
================================================================================
[2026-05-21T13:33:04.220+0000] {manager.py:878} INFO - 
================================================================================
DAG File Processing Stats

File Path                  PID    Runtime      # DAGs    # Errors  Last Runtime    Last Run
-------------------------  -----  ---------  --------  ----------  --------------  -------------------
/opt/airflow/dags/main.py                           1           0  0.29s           2026-05-21T13:32:55
================================================================================
[2026-05-21T13:33:34.829+0000] {manager.py:878} INFO - 
================================================================================
DAG File Processing Stats

File Path                  PID    Runtime      # DAGs    # Errors  Last Runtime    Last Run
-------------------------  -----  ---------  --------  ----------  --------------  -------------------
/opt/airflow/dags/main.py                           1           0  0.33s           2026-05-21T13:33:25
================================================================================
[2026-05-21T13:34:05.248+0000] {manager.py:878} INFO - 
================================================================================
DAG File Processing Stats

File Path                  PID    Runtime      # DAGs    # Errors  Last Runtime    Last Run
-------------------------  -----  ---------  --------  ----------  --------------  -------------------
/opt/airflow/dags/main.py                           1           0  0.29s           2026-05-21T13:33:56
================================================================================
[2026-05-21T13:34:35.807+0000] {manager.py:878} INFO - 
================================================================================
DAG File Processing Stats

File Path                  PID    Runtime      # DAGs    # Errors  Last Runtime    Last Run
-------------------------  -----  ---------  --------  ----------  --------------  -------------------
/opt/airflow/dags/main.py                           1           0  0.31s           2026-05-21T13:34:26
================================================================================
[2026-05-21T13:35:06.279+0000] {manager.py:878} INFO - 
================================================================================
DAG File Processing Stats

File Path                  PID    Runtime      # DAGs    # Errors  Last Runtime    Last Run
-------------------------  -----  ---------  --------  ----------  --------------  -------------------
/opt/airflow/dags/main.py                           1           0  0.30s           2026-05-21T13:34:57
================================================================================
[2026-05-21T13:35:36.038+0000] {manager.py:737} INFO - Searching for files in /opt/airflow/dags
[2026-05-21T13:35:36.238+0000] {manager.py:740} INFO - There are 1 files in /opt/airflow/dags
[2026-05-21T13:35:36.811+0000] {manager.py:878} INFO - 
================================================================================
DAG File Processing Stats

File Path                  PID    Runtime      # DAGs    # Errors  Last Runtime    Last Run
-------------------------  -----  ---------  --------  ----------  --------------  -------------------
/opt/airflow/dags/main.py                           1           0  0.29s           2026-05-21T13:35:27
================================================================================
[2026-05-21T13:36:07.182+0000] {manager.py:878} INFO - 
================================================================================
DAG File Processing Stats

File Path                  PID    Runtime      # DAGs    # Errors  Last Runtime    Last Run
-------------------------  -----  ---------  --------  ----------  --------------  -------------------
/opt/airflow/dags/main.py                           1           0  0.33s           2026-05-21T13:35:58
================================================================================
[2026-05-21T13:36:37.865+0000] {manager.py:878} INFO - 
================================================================================
DAG File Processing Stats

File Path                  PID    Runtime      # DAGs    # Errors  Last Runtime    Last Run
-------------------------  -----  ---------  --------  ----------  --------------  -------------------
/opt/airflow/dags/main.py                           1           0  0.31s           2026-05-21T13:36:28
================================================================================
[2026-05-21T13:37:08.308+0000] {manager.py:878} INFO - 
================================================================================
DAG File Processing Stats

File Path                  PID    Runtime      # DAGs    # Errors  Last Runtime    Last Run
-------------------------  -----  ---------  --------  ----------  --------------  -------------------
/opt/airflow/dags/main.py                           1           0  0.29s           2026-05-21T13:36:59
================================================================================
[2026-05-21T13:37:38.935+0000] {manager.py:878} INFO - 
================================================================================
DAG File Processing Stats

File Path                  PID    Runtime      # DAGs    # Errors  Last Runtime    Last Run
-------------------------  -----  ---------  --------  ----------  --------------  -------------------
/opt/airflow/dags/main.py                           1           0  0.30s           2026-05-21T13:37:29
================================================================================
[2026-05-21T13:38:09.349+0000] {manager.py:878} INFO - 
================================================================================
DAG File Processing Stats

File Path                  PID    Runtime      # DAGs    # Errors  Last Runtime    Last Run
-------------------------  -----  ---------  --------  ----------  --------------  -------------------
/opt/airflow/dags/main.py                           1           0  0.30s           2026-05-21T13:38:00
================================================================================
[2026-05-21T13:38:40.006+0000] {manager.py:878} INFO - 
================================================================================
DAG File Processing Stats

File Path                  PID    Runtime      # DAGs    # Errors  Last Runtime    Last Run
-------------------------  -----  ---------  --------  ----------  --------------  -------------------
/opt/airflow/dags/main.py                           1           0  0.25s           2026-05-21T13:38:30
================================================================================
[2026-05-21T13:39:10.448+0000] {manager.py:878} INFO - 
================================================================================
DAG File Processing Stats

File Path                  PID    Runtime      # DAGs    # Errors  Last Runtime    Last Run
-------------------------  -----  ---------  --------  ----------  --------------  -------------------
/opt/airflow/dags/main.py                           1           0  0.31s           2026-05-21T13:39:01
================================================================================
[2026-05-21T13:39:41.101+0000] {manager.py:878} INFO - 
================================================================================
DAG File Processing Stats

File Path                  PID    Runtime      # DAGs    # Errors  Last Runtime    Last Run
-------------------------  -----  ---------  --------  ----------  --------------  -------------------
/opt/airflow/dags/main.py                           1           0  0.29s           2026-05-21T13:39:32
================================================================================
[2026-05-21T13:40:11.497+0000] {manager.py:878} INFO - 
================================================================================
DAG File Processing Stats

File Path                  PID    Runtime      # DAGs    # Errors  Last Runtime    Last Run
-------------------------  -----  ---------  --------  ----------  --------------  -------------------
/opt/airflow/dags/main.py                           1           0  0.42s           2026-05-21T13:40:02
================================================================================
[2026-05-21T13:40:36.155+0000] {manager.py:737} INFO - Searching for files in /opt/airflow/dags
[2026-05-21T13:40:36.370+0000] {manager.py:740} INFO - There are 1 files in /opt/airflow/dags
[2026-05-21T13:40:41.567+0000] {manager.py:878} INFO - 
================================================================================
DAG File Processing Stats

File Path                  PID    Runtime      # DAGs    # Errors  Last Runtime    Last Run
-------------------------  -----  ---------  --------  ----------  --------------  -------------------
/opt/airflow/dags/main.py                           1           0  0.35s           2026-05-21T13:40:33
================================================================================
[2026-05-21T13:41:11.923+0000] {manager.py:878} INFO - 
================================================================================
DAG File Processing Stats

File Path                  PID    Runtime      # DAGs    # Errors  Last Runtime    Last Run
-------------------------  -----  ---------  --------  ----------  --------------  -------------------
/opt/airflow/dags/main.py                           1           0  0.38s           2026-05-21T13:41:04
================================================================================
[2026-05-21T13:41:42.017+0000] {manager.py:878} INFO - 
================================================================================
DAG File Processing Stats

File Path                  PID    Runtime      # DAGs    # Errors  Last Runtime    Last Run
-------------------------  -----  ---------  --------  ----------  --------------  -------------------
/opt/airflow/dags/main.py                           1           0  0.45s           2026-05-21T13:41:34
================================================================================
[2026-05-21T13:42:12.357+0000] {manager.py:878} INFO - 
================================================================================
DAG File Processing Stats

File Path                  PID    Runtime      # DAGs    # Errors  Last Runtime    Last Run
-------------------------  -----  ---------  --------  ----------  --------------  -------------------
/opt/airflow/dags/main.py                           1           0  0.37s           2026-05-21T13:42:05
================================================================================
[2026-05-21T13:42:42.392+0000] {manager.py:878} INFO - 
================================================================================
DAG File Processing Stats

File Path                  PID    Runtime      # DAGs    # Errors  Last Runtime    Last Run
-------------------------  -----  ---------  --------  ----------  --------------  -------------------
/opt/airflow/dags/main.py                           1           0  0.32s           2026-05-21T13:42:36
================================================================================
[2026-05-21T13:43:12.703+0000] {manager.py:878} INFO - 
================================================================================
DAG File Processing Stats

File Path                  PID    Runtime      # DAGs    # Errors  Last Runtime    Last Run
-------------------------  -----  ---------  --------  ----------  --------------  -------------------
/opt/airflow/dags/main.py                           1           0  0.37s           2026-05-21T13:43:06
================================================================================
[2026-05-21T13:43:43.111+0000] {manager.py:878} INFO - 
================================================================================
DAG File Processing Stats

File Path                  PID    Runtime      # DAGs    # Errors  Last Runtime    Last Run
-------------------------  -----  ---------  --------  ----------  --------------  -------------------
/opt/airflow/dags/main.py                           1           0  0.28s           2026-05-21T13:43:37
================================================================================
[2026-05-21T13:44:13.684+0000] {manager.py:878} INFO - 
================================================================================
DAG File Processing Stats

File Path                  PID    Runtime      # DAGs    # Errors  Last Runtime    Last Run
-------------------------  -----  ---------  --------  ----------  --------------  -------------------
/opt/airflow/dags/main.py                           1           0  0.31s           2026-05-21T13:44:07
================================================================================
[2026-05-21T13:44:44.119+0000] {manager.py:878} INFO - 
================================================================================
DAG File Processing Stats

File Path                  PID    Runtime      # DAGs    # Errors  Last Runtime    Last Run
-------------------------  -----  ---------  --------  ----------  --------------  -------------------
/opt/airflow/dags/main.py                           1           0  0.39s           2026-05-21T13:44:38
================================================================================
[2026-05-21T13:45:14.155+0000] {manager.py:878} INFO - 
================================================================================
DAG File Processing Stats

File Path                  PID    Runtime      # DAGs    # Errors  Last Runtime    Last Run
-------------------------  -----  ---------  --------  ----------  --------------  -------------------
/opt/airflow/dags/main.py                           1           0  0.33s           2026-05-21T13:45:09
================================================================================
[2026-05-21T13:45:36.370+0000] {manager.py:737} INFO - Searching for files in /opt/airflow/dags
[2026-05-21T13:45:36.667+0000] {manager.py:740} INFO - There are 1 files in /opt/airflow/dags
[2026-05-21T13:45:44.831+0000] {manager.py:878} INFO - 
================================================================================
DAG File Processing Stats

File Path                  PID    Runtime      # DAGs    # Errors  Last Runtime    Last Run
-------------------------  -----  ---------  --------  ----------  --------------  -------------------
/opt/airflow/dags/main.py                           1           0  0.33s           2026-05-21T13:45:40
================================================================================
[2026-05-21T13:46:15.452+0000] {manager.py:878} INFO - 
================================================================================
DAG File Processing Stats

File Path                  PID    Runtime      # DAGs    # Errors  Last Runtime    Last Run
-------------------------  -----  ---------  --------  ----------  --------------  -------------------
/opt/airflow/dags/main.py                           1           0  0.37s           2026-05-21T13:46:10
================================================================================
[2026-05-21T13:46:45.872+0000] {manager.py:878} INFO - 
================================================================================
DAG File Processing Stats

File Path                  PID    Runtime      # DAGs    # Errors  Last Runtime    Last Run
-------------------------  -----  ---------  --------  ----------  --------------  -------------------
/opt/airflow/dags/main.py                           1           0  0.28s           2026-05-21T13:46:41
================================================================================
[2026-05-21T13:47:16.422+0000] {manager.py:878} INFO - 
================================================================================
DAG File Processing Stats

File Path                  PID    Runtime      # DAGs    # Errors  Last Runtime    Last Run
-------------------------  -----  ---------  --------  ----------  --------------  -------------------
/opt/airflow/dags/main.py                           1           0  0.32s           2026-05-21T13:47:11
================================================================================
[2026-05-21T13:47:46.844+0000] {manager.py:878} INFO - 
================================================================================
DAG File Processing Stats

File Path                  PID    Runtime      # DAGs    # Errors  Last Runtime    Last Run
-------------------------  -----  ---------  --------  ----------  --------------  -------------------
/opt/airflow/dags/main.py                           1           0  0.26s           2026-05-21T13:47:41
================================================================================
[2026-05-21T13:48:17.393+0000] {manager.py:878} INFO - 
================================================================================
DAG File Processing Stats

File Path                  PID    Runtime      # DAGs    # Errors  Last Runtime    Last Run
-------------------------  -----  ---------  --------  ----------  --------------  -------------------
/opt/airflow/dags/main.py                           1           0  0.34s           2026-05-21T13:48:12
================================================================================
[2026-05-21T13:48:47.912+0000] {manager.py:878} INFO - 
================================================================================
DAG File Processing Stats

File Path                  PID    Runtime      # DAGs    # Errors  Last Runtime    Last Run
-------------------------  -----  ---------  --------  ----------  --------------  -------------------
/opt/airflow/dags/main.py                           1           0  0.40s           2026-05-21T13:48:43
================================================================================
[2026-05-21T13:49:18.586+0000] {manager.py:878} INFO - 
================================================================================
DAG File Processing Stats

File Path                  PID    Runtime      # DAGs    # Errors  Last Runtime    Last Run
-------------------------  -----  ---------  --------  ----------  --------------  -------------------
/opt/airflow/dags/main.py                           1           0  0.45s           2026-05-21T13:49:13
================================================================================
[2026-05-21T13:49:49.161+0000] {manager.py:878} INFO - 
================================================================================
DAG File Processing Stats

File Path                  PID    Runtime      # DAGs    # Errors  Last Runtime    Last Run
-------------------------  -----  ---------  --------  ----------  --------------  -------------------
/opt/airflow/dags/main.py                           1           0  0.41s           2026-05-21T13:49:44
================================================================================
[2026-05-21T13:50:19.753+0000] {manager.py:878} INFO - 
================================================================================
DAG File Processing Stats

File Path                  PID    Runtime      # DAGs    # Errors  Last Runtime    Last Run
-------------------------  -----  ---------  --------  ----------  --------------  -------------------
/opt/airflow/dags/main.py                           1           0  0.35s           2026-05-21T13:50:14
================================================================================
[2026-05-21T13:50:36.996+0000] {manager.py:737} INFO - Searching for files in /opt/airflow/dags
[2026-05-21T13:50:37.418+0000] {manager.py:740} INFO - There are 1 files in /opt/airflow/dags
[2026-05-21T13:50:50.050+0000] {manager.py:878} INFO - 
================================================================================
DAG File Processing Stats

File Path                  PID    Runtime      # DAGs    # Errors  Last Runtime    Last Run
-------------------------  -----  ---------  --------  ----------  --------------  -------------------
/opt/airflow/dags/main.py                           1           0  0.39s           2026-05-21T13:50:45
================================================================================
[2026-05-21T13:51:20.381+0000] {manager.py:878} INFO - 
================================================================================
DAG File Processing Stats

File Path                  PID    Runtime      # DAGs    # Errors  Last Runtime    Last Run
-------------------------  -----  ---------  --------  ----------  --------------  -------------------
/opt/airflow/dags/main.py                           1           0  0.32s           2026-05-21T13:51:16
================================================================================
[2026-05-21T13:51:50.855+0000] {manager.py:878} INFO - 
================================================================================
DAG File Processing Stats

File Path                  PID    Runtime      # DAGs    # Errors  Last Runtime    Last Run
-------------------------  -----  ---------  --------  ----------  --------------  -------------------
/opt/airflow/dags/main.py                           1           0  0.28s           2026-05-21T13:51:47
================================================================================
[2026-05-21T13:52:21.459+0000] {manager.py:878} INFO - 
================================================================================
DAG File Processing Stats

File Path                  PID    Runtime      # DAGs    # Errors  Last Runtime    Last Run
-------------------------  -----  ---------  --------  ----------  --------------  -------------------
/opt/airflow/dags/main.py                           1           0  0.34s           2026-05-21T13:52:17
================================================================================
[2026-05-21T13:52:51.989+0000] {manager.py:878} INFO - 
================================================================================
DAG File Processing Stats

File Path                  PID    Runtime      # DAGs    # Errors  Last Runtime    Last Run
-------------------------  -----  ---------  --------  ----------  --------------  -------------------
/opt/airflow/dags/main.py                           1           0  0.31s           2026-05-21T13:52:48
================================================================================
[2026-05-21T13:53:22.570+0000] {manager.py:878} INFO - 
================================================================================
DAG File Processing Stats

File Path                  PID    Runtime      # DAGs    # Errors  Last Runtime    Last Run
-------------------------  -----  ---------  --------  ----------  --------------  -------------------
/opt/airflow/dags/main.py                           1           0  0.43s           2026-05-21T13:53:18
================================================================================
[2026-05-21T13:53:53.181+0000] {manager.py:878} INFO - 
================================================================================
DAG File Processing Stats

File Path                  PID    Runtime      # DAGs    # Errors  Last Runtime    Last Run
-------------------------  -----  ---------  --------  ----------  --------------  -------------------
/opt/airflow/dags/main.py                           1           0  0.34s           2026-05-21T13:53:49
================================================================================
[2026-05-21T13:54:23.677+0000] {manager.py:878} INFO - 
================================================================================
DAG File Processing Stats

File Path                  PID    Runtime      # DAGs    # Errors  Last Runtime    Last Run
-------------------------  -----  ---------  --------  ----------  --------------  -------------------
/opt/airflow/dags/main.py                           1           0  0.44s           2026-05-21T13:54:19
================================================================================
[2026-05-21T13:54:54.388+0000] {manager.py:878} INFO - 
================================================================================
DAG File Processing Stats

File Path                  PID    Runtime      # DAGs    # Errors  Last Runtime    Last Run
-------------------------  -----  ---------  --------  ----------  --------------  -------------------
/opt/airflow/dags/main.py                           1           0  0.34s           2026-05-21T13:54:50
================================================================================
[2026-05-21T13:55:24.814+0000] {manager.py:878} INFO - 
================================================================================
DAG File Processing Stats

File Path                  PID    Runtime      # DAGs    # Errors  Last Runtime    Last Run
-------------------------  -----  ---------  --------  ----------  --------------  -------------------
/opt/airflow/dags/main.py                           1           0  0.25s           2026-05-21T13:55:20
================================================================================
[2026-05-21T13:55:37.190+0000] {manager.py:737} INFO - Searching for files in /opt/airflow/dags
[2026-05-21T13:55:37.310+0000] {manager.py:740} INFO - There are 1 files in /opt/airflow/dags
[2026-05-21T13:55:55.188+0000] {manager.py:878} INFO - 
================================================================================
DAG File Processing Stats

File Path                  PID    Runtime      # DAGs    # Errors  Last Runtime    Last Run
-------------------------  -----  ---------  --------  ----------  --------------  -------------------
/opt/airflow/dags/main.py                           1           0  0.36s           2026-05-21T13:55:51
================================================================================
[2026-05-21T13:56:25.334+0000] {manager.py:878} INFO - 
================================================================================
DAG File Processing Stats

File Path                  PID    Runtime      # DAGs    # Errors  Last Runtime    Last Run
-------------------------  -----  ---------  --------  ----------  --------------  -------------------
/opt/airflow/dags/main.py                           1           0  0.44s           2026-05-21T13:56:22
================================================================================
[2026-05-21T13:56:55.763+0000] {manager.py:878} INFO - 
================================================================================
DAG File Processing Stats

File Path                  PID    Runtime      # DAGs    # Errors  Last Runtime    Last Run
-------------------------  -----  ---------  --------  ----------  --------------  -------------------
/opt/airflow/dags/main.py                           1           0  0.43s           2026-05-21T13:56:53
================================================================================
[2026-05-21T13:57:25.946+0000] {manager.py:878} INFO - 
================================================================================
DAG File Processing Stats

File Path                  PID    Runtime      # DAGs    # Errors  Last Runtime    Last Run
-------------------------  -----  ---------  --------  ----------  --------------  -------------------
/opt/airflow/dags/main.py                           1           0  0.39s           2026-05-21T13:57:23
================================================================================
[2026-05-21T13:57:56.350+0000] {manager.py:878} INFO - 
================================================================================
DAG File Processing Stats

File Path                  PID    Runtime      # DAGs    # Errors  Last Runtime    Last Run
-------------------------  -----  ---------  --------  ----------  --------------  -------------------
/opt/airflow/dags/main.py                           1           0  0.23s           2026-05-21T13:57:54
================================================================================
[2026-05-21T13:58:26.929+0000] {manager.py:878} INFO - 
================================================================================
DAG File Processing Stats

File Path                  PID    Runtime      # DAGs    # Errors  Last Runtime    Last Run
-------------------------  -----  ---------  --------  ----------  --------------  -------------------
/opt/airflow/dags/main.py                           1           0  0.31s           2026-05-21T13:58:25
================================================================================
[2026-05-21T13:58:57.423+0000] {manager.py:878} INFO - 
================================================================================
DAG File Processing Stats

File Path                  PID    Runtime      # DAGs    # Errors  Last Runtime    Last Run
-------------------------  -----  ---------  --------  ----------  --------------  -------------------
/opt/airflow/dags/main.py                           1           0  0.28s           2026-05-21T13:58:55
================================================================================
[2026-05-21T13:59:27.977+0000] {manager.py:878} INFO - 
================================================================================
DAG File Processing Stats

File Path                  PID    Runtime      # DAGs    # Errors  Last Runtime    Last Run
-------------------------  -----  ---------  --------  ----------  --------------  -------------------
/opt/airflow/dags/main.py                           1           0  0.25s           2026-05-21T13:59:26
================================================================================
[2026-05-21T13:59:58.493+0000] {manager.py:878} INFO - 
================================================================================
DAG File Processing Stats

File Path                  PID    Runtime      # DAGs    # Errors  Last Runtime    Last Run
-------------------------  -----  ---------  --------  ----------  --------------  -------------------
/opt/airflow/dags/main.py                           1           0  0.41s           2026-05-21T13:59:56
================================================================================
[2026-05-21T14:00:29.150+0000] {manager.py:878} INFO - 
================================================================================
DAG File Processing Stats

File Path                  PID    Runtime      # DAGs    # Errors  Last Runtime    Last Run
-------------------------  -----  ---------  --------  ----------  --------------  -------------------
/opt/airflow/dags/main.py                           1           0  0.36s           2026-05-21T14:00:27
================================================================================
[2026-05-21T14:00:37.239+0000] {manager.py:737} INFO - Searching for files in /opt/airflow/dags
[2026-05-21T14:00:37.362+0000] {manager.py:740} INFO - There are 1 files in /opt/airflow/dags
[2026-05-21T14:00:59.762+0000] {manager.py:878} INFO - 
================================================================================
DAG File Processing Stats

File Path                  PID    Runtime      # DAGs    # Errors  Last Runtime    Last Run
-------------------------  -----  ---------  --------  ----------  --------------  -------------------
/opt/airflow/dags/main.py                           1           0  0.32s           2026-05-21T14:00:58
================================================================================
[2026-05-21T14:01:30.413+0000] {manager.py:878} INFO - 
================================================================================
DAG File Processing Stats

File Path                  PID    Runtime      # DAGs    # Errors  Last Runtime    Last Run
-------------------------  -----  ---------  --------  ----------  --------------  -------------------
/opt/airflow/dags/main.py                           1           0  0.40s           2026-05-21T14:01:28
================================================================================
[2026-05-21T14:02:00.978+0000] {manager.py:878} INFO - 
================================================================================
DAG File Processing Stats

File Path                  PID    Runtime      # DAGs    # Errors  Last Runtime    Last Run
-------------------------  -----  ---------  --------  ----------  --------------  -------------------
/opt/airflow/dags/main.py                           1           0  0.36s           2026-05-21T14:01:59
================================================================================
[2026-05-21T14:02:31.542+0000] {manager.py:878} INFO - 
================================================================================
DAG File Processing Stats

File Path                  PID    Runtime      # DAGs    # Errors  Last Runtime    Last Run
-------------------------  -----  ---------  --------  ----------  --------------  -------------------
/opt/airflow/dags/main.py                           1           0  0.29s           2026-05-21T14:02:29
================================================================================
[2026-05-21T14:03:01.980+0000] {manager.py:878} INFO - 
================================================================================
DAG File Processing Stats

File Path                  PID    Runtime      # DAGs    # Errors  Last Runtime    Last Run
-------------------------  -----  ---------  --------  ----------  --------------  -------------------
/opt/airflow/dags/main.py                           1           0  0.36s           2026-05-21T14:03:00
================================================================================
[2026-05-21T14:03:32.631+0000] {manager.py:878} INFO - 
================================================================================
DAG File Processing Stats

File Path                  PID    Runtime      # DAGs    # Errors  Last Runtime    Last Run
-------------------------  -----  ---------  --------  ----------  --------------  -------------------
/opt/airflow/dags/main.py                           1           0  0.39s           2026-05-21T14:03:30
================================================================================
[2026-05-21T14:04:03.085+0000] {manager.py:878} INFO - 
================================================================================
DAG File Processing Stats

File Path                  PID    Runtime      # DAGs    # Errors  Last Runtime    Last Run
-------------------------  -----  ---------  --------  ----------  --------------  -------------------
/opt/airflow/dags/main.py                           1           0  0.27s           2026-05-21T14:04:01
================================================================================
[2026-05-21T14:04:33.633+0000] {manager.py:878} INFO - 
================================================================================
DAG File Processing Stats

File Path                  PID    Runtime      # DAGs    # Errors  Last Runtime    Last Run
-------------------------  -----  ---------  --------  ----------  --------------  -------------------
/opt/airflow/dags/main.py                           1           0  0.37s           2026-05-21T14:04:31
================================================================================
[2026-05-21T14:05:04.162+0000] {manager.py:878} INFO - 
================================================================================
DAG File Processing Stats

File Path                  PID    Runtime      # DAGs    # Errors  Last Runtime    Last Run
-------------------------  -----  ---------  --------  ----------  --------------  -------------------
/opt/airflow/dags/main.py                           1           0  0.37s           2026-05-21T14:05:02
================================================================================
[2026-05-21T14:05:34.702+0000] {manager.py:878} INFO - 
================================================================================
DAG File Processing Stats

File Path                  PID    Runtime      # DAGs    # Errors  Last Runtime    Last Run
-------------------------  -----  ---------  --------  ----------  --------------  -------------------
/opt/airflow/dags/main.py                           1           0  0.38s           2026-05-21T14:05:32
================================================================================
[2026-05-21T14:05:37.736+0000] {manager.py:737} INFO - Searching for files in /opt/airflow/dags
[2026-05-21T14:05:37.937+0000] {manager.py:740} INFO - There are 1 files in /opt/airflow/dags
[2026-05-21T14:06:05.365+0000] {manager.py:878} INFO - 
================================================================================
DAG File Processing Stats

File Path                  PID    Runtime      # DAGs    # Errors  Last Runtime    Last Run
-------------------------  -----  ---------  --------  ----------  --------------  -------------------
/opt/airflow/dags/main.py                           1           0  0.35s           2026-05-21T14:06:03
================================================================================
[2026-05-21T14:06:36.016+0000] {manager.py:878} INFO - 
================================================================================
DAG File Processing Stats

File Path                  PID    Runtime      # DAGs    # Errors  Last Runtime    Last Run
-------------------------  -----  ---------  --------  ----------  --------------  -------------------
/opt/airflow/dags/main.py                           1           0  0.33s           2026-05-21T14:06:34
================================================================================
[2026-05-21T14:07:06.435+0000] {manager.py:878} INFO - 
================================================================================
DAG File Processing Stats

File Path                  PID    Runtime      # DAGs    # Errors  Last Runtime    Last Run
-------------------------  -----  ---------  --------  ----------  --------------  -------------------
/opt/airflow/dags/main.py                           1           0  0.27s           2026-05-21T14:07:04
================================================================================
[2026-05-21T14:07:37.059+0000] {manager.py:878} INFO - 
================================================================================
DAG File Processing Stats

File Path                  PID    Runtime      # DAGs    # Errors  Last Runtime    Last Run
-------------------------  -----  ---------  --------  ----------  --------------  -------------------
/opt/airflow/dags/main.py                           1           0  0.34s           2026-05-21T14:07:35
================================================================================
[2026-05-21T14:08:07.526+0000] {manager.py:878} INFO - 
================================================================================
DAG File Processing Stats

File Path                  PID    Runtime      # DAGs    # Errors  Last Runtime    Last Run
-------------------------  -----  ---------  --------  ----------  --------------  -------------------
/opt/airflow/dags/main.py                           1           0  0.41s           2026-05-21T14:08:05
================================================================================
[2026-05-21T14:08:37.552+0000] {manager.py:878} INFO - 
================================================================================
DAG File Processing Stats

File Path                  PID    Runtime      # DAGs    # Errors  Last Runtime    Last Run
-------------------------  -----  ---------  --------  ----------  --------------  -------------------
/opt/airflow/dags/main.py                           1           0  0.28s           2026-05-21T14:08:36
================================================================================
[2026-05-21T14:09:07.923+0000] {manager.py:878} INFO - 
================================================================================
DAG File Processing Stats

File Path                  PID    Runtime      # DAGs    # Errors  Last Runtime    Last Run
-------------------------  -----  ---------  --------  ----------  --------------  -------------------
/opt/airflow/dags/main.py                           1           0  0.33s           2026-05-21T14:09:06
================================================================================
[2026-05-21T14:09:38.378+0000] {manager.py:878} INFO - 
================================================================================
DAG File Processing Stats

File Path                  PID    Runtime      # DAGs    # Errors  Last Runtime    Last Run
-------------------------  -----  ---------  --------  ----------  --------------  -------------------
/opt/airflow/dags/main.py                           1           0  0.40s           2026-05-21T14:09:37
================================================================================
[2026-05-21T14:10:09.083+0000] {manager.py:878} INFO - 
================================================================================
DAG File Processing Stats

File Path                  PID    Runtime      # DAGs    # Errors  Last Runtime    Last Run
-------------------------  -----  ---------  --------  ----------  --------------  -------------------
/opt/airflow/dags/main.py                           1           0  0.42s           2026-05-21T14:10:08
================================================================================
[2026-05-21T14:10:38.457+0000] {manager.py:737} INFO - Searching for files in /opt/airflow/dags
[2026-05-21T14:10:38.788+0000] {manager.py:740} INFO - There are 1 files in /opt/airflow/dags
[2026-05-21T14:10:39.229+0000] {manager.py:878} INFO - 
================================================================================
DAG File Processing Stats

File Path                  PID    Runtime      # DAGs    # Errors  Last Runtime    Last Run
-------------------------  -----  ---------  --------  ----------  --------------  -------------------
/opt/airflow/dags/main.py                           1           0  0.35s           2026-05-21T14:10:39
================================================================================
[2026-05-21T14:11:09.307+0000] {manager.py:878} INFO - 
================================================================================
DAG File Processing Stats

File Path                    PID  Runtime      # DAGs    # Errors  Last Runtime    Last Run
-------------------------  -----  ---------  --------  ----------  --------------  -------------------
/opt/airflow/dags/main.py   4404  0.02s             1           0  0.35s           2026-05-21T14:10:39
================================================================================
[2026-05-21T14:11:40.016+0000] {manager.py:878} INFO - 
================================================================================
DAG File Processing Stats

File Path                    PID  Runtime      # DAGs    # Errors  Last Runtime    Last Run
-------------------------  -----  ---------  --------  ----------  --------------  -------------------
/opt/airflow/dags/main.py   4411  0.01s             1           0  0.37s           2026-05-21T14:11:09
================================================================================
[2026-05-21T14:12:10.398+0000] {manager.py:878} INFO - 
================================================================================
DAG File Processing Stats

File Path                  PID    Runtime      # DAGs    # Errors  Last Runtime    Last Run
-------------------------  -----  ---------  --------  ----------  --------------  -------------------
/opt/airflow/dags/main.py                           1           0  0.40s           2026-05-21T14:11:40
================================================================================
[2026-05-21T14:12:40.513+0000] {manager.py:878} INFO - 
================================================================================
DAG File Processing Stats

File Path                  PID    Runtime      # DAGs    # Errors  Last Runtime    Last Run
-------------------------  -----  ---------  --------  ----------  --------------  -------------------
/opt/airflow/dags/main.py                           1           0  0.37s           2026-05-21T14:12:11
================================================================================
[2026-05-21T14:13:10.900+0000] {manager.py:878} INFO - 
================================================================================
DAG File Processing Stats

File Path                  PID    Runtime      # DAGs    # Errors  Last Runtime    Last Run
-------------------------  -----  ---------  --------  ----------  --------------  -------------------
/opt/airflow/dags/main.py                           1           0  0.40s           2026-05-21T14:12:41
================================================================================
[2026-05-21T14:13:41.339+0000] {manager.py:878} INFO - 
================================================================================
DAG File Processing Stats

File Path                  PID    Runtime      # DAGs    # Errors  Last Runtime    Last Run
-------------------------  -----  ---------  --------  ----------  --------------  -------------------
/opt/airflow/dags/main.py                           1           0  0.34s           2026-05-21T14:13:12
================================================================================
[2026-05-21T14:14:12.036+0000] {manager.py:878} INFO - 
================================================================================
DAG File Processing Stats

File Path                  PID    Runtime      # DAGs    # Errors  Last Runtime    Last Run
-------------------------  -----  ---------  --------  ----------  --------------  -------------------
/opt/airflow/dags/main.py                           1           0  0.42s           2026-05-21T14:13:42
================================================================================
[2026-05-21T14:14:42.564+0000] {manager.py:878} INFO - 
================================================================================
DAG File Processing Stats

File Path                  PID    Runtime      # DAGs    # Errors  Last Runtime    Last Run
-------------------------  -----  ---------  --------  ----------  --------------  -------------------
/opt/airflow/dags/main.py                           1           0  0.38s           2026-05-21T14:14:13
================================================================================
[2026-05-21T14:15:13.215+0000] {manager.py:878} INFO - 
================================================================================
DAG File Processing Stats

File Path                  PID    Runtime      # DAGs    # Errors  Last Runtime    Last Run
-------------------------  -----  ---------  --------  ----------  --------------  -------------------
/opt/airflow/dags/main.py                           1           0  0.30s           2026-05-21T14:14:43
================================================================================
[2026-05-21T14:15:38.575+0000] {manager.py:737} INFO - Searching for files in /opt/airflow/dags
[2026-05-21T14:15:38.908+0000] {manager.py:740} INFO - There are 1 files in /opt/airflow/dags
[2026-05-21T14:15:44.023+0000] {manager.py:878} INFO - 
================================================================================
DAG File Processing Stats

File Path                  PID    Runtime      # DAGs    # Errors  Last Runtime    Last Run
-------------------------  -----  ---------  --------  ----------  --------------  -------------------
/opt/airflow/dags/main.py                           1           0  0.22s           2026-05-21T14:15:14
================================================================================
[2026-05-21T14:16:14.463+0000] {manager.py:878} INFO - 
================================================================================
DAG File Processing Stats

File Path                  PID    Runtime      # DAGs    # Errors  Last Runtime    Last Run
-------------------------  -----  ---------  --------  ----------  --------------  -------------------
/opt/airflow/dags/main.py                           1           0  0.25s           2026-05-21T14:15:45
================================================================================
[2026-05-21T14:16:45.032+0000] {manager.py:878} INFO - 
================================================================================
DAG File Processing Stats

File Path                  PID    Runtime      # DAGs    # Errors  Last Runtime    Last Run
-------------------------  -----  ---------  --------  ----------  --------------  -------------------
/opt/airflow/dags/main.py                           1           0  0.43s           2026-05-21T14:16:15
================================================================================
[2026-05-21T14:17:15.670+0000] {manager.py:878} INFO - 
================================================================================
DAG File Processing Stats

File Path                  PID    Runtime      # DAGs    # Errors  Last Runtime    Last Run
-------------------------  -----  ---------  --------  ----------  --------------  -------------------
/opt/airflow/dags/main.py                           1           0  0.31s           2026-05-21T14:16:46
================================================================================
[2026-05-21T14:17:46.109+0000] {manager.py:878} INFO - 
================================================================================
DAG File Processing Stats

File Path                  PID    Runtime      # DAGs    # Errors  Last Runtime    Last Run
-------------------------  -----  ---------  --------  ----------  --------------  -------------------
/opt/airflow/dags/main.py                           1           0  0.37s           2026-05-21T14:17:17
================================================================================
[2026-05-21T14:18:16.826+0000] {manager.py:878} INFO - 
================================================================================
DAG File Processing Stats

File Path                  PID    Runtime      # DAGs    # Errors  Last Runtime    Last Run
-------------------------  -----  ---------  --------  ----------  --------------  -------------------
/opt/airflow/dags/main.py                           1           0  0.38s           2026-05-21T14:17:47
================================================================================
[2026-05-21T14:18:47.261+0000] {manager.py:878} INFO - 
================================================================================
DAG File Processing Stats

File Path                  PID    Runtime      # DAGs    # Errors  Last Runtime    Last Run
-------------------------  -----  ---------  --------  ----------  --------------  -------------------
/opt/airflow/dags/main.py                           1           0  0.38s           2026-05-21T14:18:18
================================================================================
[2026-05-21T14:19:17.993+0000] {manager.py:878} INFO - 
================================================================================
DAG File Processing Stats

File Path                  PID    Runtime      # DAGs    # Errors  Last Runtime    Last Run
-------------------------  -----  ---------  --------  ----------  --------------  -------------------
/opt/airflow/dags/main.py                           1           0  0.34s           2026-05-21T14:18:48
================================================================================
[2026-05-21T14:19:48.457+0000] {manager.py:878} INFO - 
================================================================================
DAG File Processing Stats

File Path                  PID    Runtime      # DAGs    # Errors  Last Runtime    Last Run
-------------------------  -----  ---------  --------  ----------  --------------  -------------------
/opt/airflow/dags/main.py                           1           0  0.38s           2026-05-21T14:19:19
================================================================================
[2026-05-21T14:20:19.141+0000] {manager.py:878} INFO - 
================================================================================
DAG File Processing Stats

File Path                  PID    Runtime      # DAGs    # Errors  Last Runtime    Last Run
-------------------------  -----  ---------  --------  ----------  --------------  -------------------
/opt/airflow/dags/main.py                           1           0  0.46s           2026-05-21T14:19:49
================================================================================
[2026-05-21T14:20:38.880+0000] {manager.py:737} INFO - Searching for files in /opt/airflow/dags
[2026-05-21T14:20:39.208+0000] {manager.py:740} INFO - There are 1 files in /opt/airflow/dags
[2026-05-21T14:20:49.371+0000] {manager.py:878} INFO - 
================================================================================
DAG File Processing Stats

File Path                  PID    Runtime      # DAGs    # Errors  Last Runtime    Last Run
-------------------------  -----  ---------  --------  ----------  --------------  -------------------
/opt/airflow/dags/main.py                           1           0  0.47s           2026-05-21T14:20:20
================================================================================
[2026-05-21T14:21:19.472+0000] {manager.py:878} INFO - 
================================================================================
DAG File Processing Stats

File Path                  PID    Runtime      # DAGs    # Errors  Last Runtime    Last Run
-------------------------  -----  ---------  --------  ----------  --------------  -------------------
/opt/airflow/dags/main.py                           1           0  0.41s           2026-05-21T14:20:51
================================================================================
[2026-05-21T14:21:49.847+0000] {manager.py:878} INFO - 
================================================================================
DAG File Processing Stats

File Path                  PID    Runtime      # DAGs    # Errors  Last Runtime    Last Run
-------------------------  -----  ---------  --------  ----------  --------------  -------------------
/opt/airflow/dags/main.py                           1           0  0.30s           2026-05-21T14:21:21
================================================================================
[2026-05-21T14:22:20.514+0000] {manager.py:878} INFO - 
================================================================================
DAG File Processing Stats

File Path                  PID    Runtime      # DAGs    # Errors  Last Runtime    Last Run
-------------------------  -----  ---------  --------  ----------  --------------  -------------------
/opt/airflow/dags/main.py                           1           0  0.37s           2026-05-21T14:21:52
================================================================================
[2026-05-21T14:22:50.993+0000] {manager.py:878} INFO - 
================================================================================
DAG File Processing Stats

File Path                  PID    Runtime      # DAGs    # Errors  Last Runtime    Last Run
-------------------------  -----  ---------  --------  ----------  --------------  -------------------
/opt/airflow/dags/main.py                           1           0  0.33s           2026-05-21T14:22:22
================================================================================
[2026-05-21T14:23:21.624+0000] {manager.py:878} INFO - 
================================================================================
DAG File Processing Stats

File Path                  PID    Runtime      # DAGs    # Errors  Last Runtime    Last Run
-------------------------  -----  ---------  --------  ----------  --------------  -------------------
/opt/airflow/dags/main.py                           1           0  0.38s           2026-05-21T14:22:53
================================================================================
[2026-05-21T14:23:52.087+0000] {manager.py:878} INFO - 
================================================================================
DAG File Processing Stats

File Path                  PID    Runtime      # DAGs    # Errors  Last Runtime    Last Run
-------------------------  -----  ---------  --------  ----------  --------------  -------------------
/opt/airflow/dags/main.py                           1           0  0.27s           2026-05-21T14:23:23
================================================================================
[2026-05-21T14:24:22.621+0000] {manager.py:878} INFO - 
================================================================================
DAG File Processing Stats

File Path                  PID    Runtime      # DAGs    # Errors  Last Runtime    Last Run
-------------------------  -----  ---------  --------  ----------  --------------  -------------------
/opt/airflow/dags/main.py                           1           0  0.33s           2026-05-21T14:23:54
================================================================================
[2026-05-21T14:24:53.202+0000] {manager.py:878} INFO - 
================================================================================
DAG File Processing Stats

File Path                  PID    Runtime      # DAGs    # Errors  Last Runtime    Last Run
-------------------------  -----  ---------  --------  ----------  --------------  -------------------
/opt/airflow/dags/main.py                           1           0  0.40s           2026-05-21T14:24:25
================================================================================
[2026-05-21T14:25:23.848+0000] {manager.py:878} INFO - 
================================================================================
DAG File Processing Stats

File Path                  PID    Runtime      # DAGs    # Errors  Last Runtime    Last Run
-------------------------  -----  ---------  --------  ----------  --------------  -------------------
/opt/airflow/dags/main.py                           1           0  0.36s           2026-05-21T14:24:55
================================================================================
[2026-05-21T14:25:39.160+0000] {manager.py:737} INFO - Searching for files in /opt/airflow/dags
[2026-05-21T14:25:39.399+0000] {manager.py:740} INFO - There are 1 files in /opt/airflow/dags
[2026-05-21T14:25:54.637+0000] {manager.py:878} INFO - 
================================================================================
DAG File Processing Stats

File Path                  PID    Runtime      # DAGs    # Errors  Last Runtime    Last Run
-------------------------  -----  ---------  --------  ----------  --------------  -------------------
/opt/airflow/dags/main.py                           1           0  0.39s           2026-05-21T14:25:26
================================================================================
[2026-05-21T14:26:25.072+0000] {manager.py:878} INFO - 
================================================================================
DAG File Processing Stats

File Path                  PID    Runtime      # DAGs    # Errors  Last Runtime    Last Run
-------------------------  -----  ---------  --------  ----------  --------------  -------------------
/opt/airflow/dags/main.py                           1           0  0.39s           2026-05-21T14:25:57
================================================================================
[2026-05-21T14:26:55.796+0000] {manager.py:878} INFO - 
================================================================================
DAG File Processing Stats

File Path                  PID    Runtime      # DAGs    # Errors  Last Runtime    Last Run
-------------------------  -----  ---------  --------  ----------  --------------  -------------------
/opt/airflow/dags/main.py                           1           0  0.41s           2026-05-21T14:26:27
================================================================================
[2026-05-21T14:27:26.279+0000] {manager.py:878} INFO - 
================================================================================
DAG File Processing Stats

File Path                  PID    Runtime      # DAGs    # Errors  Last Runtime    Last Run
-------------------------  -----  ---------  --------  ----------  --------------  -------------------
/opt/airflow/dags/main.py                           1           0  0.31s           2026-05-21T14:26:58
================================================================================
[2026-05-21T14:27:56.873+0000] {manager.py:878} INFO - 
================================================================================
DAG File Processing Stats

File Path                  PID    Runtime      # DAGs    # Errors  Last Runtime    Last Run
-------------------------  -----  ---------  --------  ----------  --------------  -------------------
/opt/airflow/dags/main.py                           1           0  0.29s           2026-05-21T14:27:28
================================================================================
[2026-05-21T14:28:27.325+0000] {manager.py:878} INFO - 
================================================================================
DAG File Processing Stats

File Path                  PID    Runtime      # DAGs    # Errors  Last Runtime    Last Run
-------------------------  -----  ---------  --------  ----------  --------------  -------------------
/opt/airflow/dags/main.py                           1           0  0.40s           2026-05-21T14:27:59
================================================================================
[2026-05-21T14:28:58.026+0000] {manager.py:878} INFO - 
================================================================================
DAG File Processing Stats

File Path                  PID    Runtime      # DAGs    # Errors  Last Runtime    Last Run
-------------------------  -----  ---------  --------  ----------  --------------  -------------------
/opt/airflow/dags/main.py                           1           0  0.40s           2026-05-21T14:28:29
================================================================================
[2026-05-21T14:29:28.484+0000] {manager.py:878} INFO - 
================================================================================
DAG File Processing Stats

File Path                  PID    Runtime      # DAGs    # Errors  Last Runtime    Last Run
-------------------------  -----  ---------  --------  ----------  --------------  -------------------
/opt/airflow/dags/main.py                           1           0  0.39s           2026-05-21T14:29:00
================================================================================
[2026-05-21T14:29:59.207+0000] {manager.py:878} INFO - 
================================================================================
DAG File Processing Stats

File Path                  PID    Runtime      # DAGs    # Errors  Last Runtime    Last Run
-------------------------  -----  ---------  --------  ----------  --------------  -------------------
/opt/airflow/dags/main.py                           1           0  0.40s           2026-05-21T14:29:30
================================================================================
[2026-05-21T14:30:29.688+0000] {manager.py:878} INFO - 
================================================================================
DAG File Processing Stats

File Path                  PID    Runtime      # DAGs    # Errors  Last Runtime    Last Run
-------------------------  -----  ---------  --------  ----------  --------------  -------------------
/opt/airflow/dags/main.py                           1           0  0.39s           2026-05-21T14:30:01
================================================================================
[2026-05-21T14:30:39.275+0000] {manager.py:737} INFO - Searching for files in /opt/airflow/dags
[2026-05-21T14:30:39.605+0000] {manager.py:740} INFO - There are 1 files in /opt/airflow/dags
[2026-05-21T17:30:55.064+0000] {manager.py:737} INFO - Searching for files in /opt/airflow/dags
[2026-05-21T17:30:55.445+0000] {manager.py:740} INFO - There are 1 files in /opt/airflow/dags
[2026-05-21T17:30:55.542+0000] {manager.py:878} INFO - 
================================================================================
DAG File Processing Stats

File Path                    PID  Runtime      # DAGs    # Errors  Last Runtime    Last Run
-------------------------  -----  ---------  --------  ----------  --------------  -------------------
/opt/airflow/dags/main.py   4689  0.01s             1           0  0.44s           2026-05-21T14:30:32
================================================================================
[2026-05-22T09:33:56.804+0000] {manager.py:737} INFO - Searching for files in /opt/airflow/dags
[2026-05-22T09:33:57.478+0000] {manager.py:740} INFO - There are 1 files in /opt/airflow/dags
[2026-05-22T09:34:06.960+0000] {manager.py:878} INFO - 
================================================================================
DAG File Processing Stats

File Path                  PID    Runtime      # DAGs    # Errors  Last Runtime    Last Run
-------------------------  -----  ---------  --------  ----------  --------------  -------------------
/opt/airflow/dags/main.py                           1           0  1.31s           2026-05-22T09:33:58
================================================================================
[2026-05-22T09:34:37.298+0000] {manager.py:878} INFO - 
================================================================================
DAG File Processing Stats

File Path                  PID    Runtime      # DAGs    # Errors  Last Runtime    Last Run
-------------------------  -----  ---------  --------  ----------  --------------  -------------------
/opt/airflow/dags/main.py                           1           0  0.31s           2026-05-22T09:34:29
================================================================================
[2026-05-22T09:35:07.687+0000] {manager.py:878} INFO - 
================================================================================
DAG File Processing Stats

File Path                  PID    Runtime      # DAGs    # Errors  Last Runtime    Last Run
-------------------------  -----  ---------  --------  ----------  --------------  -------------------
/opt/airflow/dags/main.py                           1           0  0.30s           2026-05-22T09:34:59
================================================================================
[2026-05-22T09:35:38.008+0000] {manager.py:878} INFO - 
================================================================================
DAG File Processing Stats

File Path                  PID    Runtime      # DAGs    # Errors  Last Runtime    Last Run
-------------------------  -----  ---------  --------  ----------  --------------  -------------------
/opt/airflow/dags/main.py                           1           0  0.26s           2026-05-22T09:35:30
================================================================================
[2026-05-22T09:36:08.431+0000] {manager.py:878} INFO - 
================================================================================
DAG File Processing Stats

File Path                  PID    Runtime      # DAGs    # Errors  Last Runtime    Last Run
-------------------------  -----  ---------  --------  ----------  --------------  -------------------
/opt/airflow/dags/main.py                           1           0  0.39s           2026-05-22T09:36:00
================================================================================
[2026-05-22T09:36:39.052+0000] {manager.py:878} INFO - 
================================================================================
DAG File Processing Stats

File Path                  PID    Runtime      # DAGs    # Errors  Last Runtime    Last Run
-------------------------  -----  ---------  --------  ----------  --------------  -------------------
/opt/airflow/dags/main.py                           1           0  0.28s           2026-05-22T09:36:30
================================================================================
[2026-05-22T09:37:09.371+0000] {manager.py:878} INFO - 
================================================================================
DAG File Processing Stats

File Path                  PID    Runtime      # DAGs    # Errors  Last Runtime    Last Run
-------------------------  -----  ---------  --------  ----------  --------------  -------------------
/opt/airflow/dags/main.py                           1           0  0.30s           2026-05-22T09:37:01
================================================================================
[2026-05-22T09:37:39.937+0000] {manager.py:878} INFO - 
================================================================================
DAG File Processing Stats

File Path                  PID    Runtime      # DAGs    # Errors  Last Runtime    Last Run
-------------------------  -----  ---------  --------  ----------  --------------  -------------------
/opt/airflow/dags/main.py                           1           0  0.26s           2026-05-22T09:37:32
================================================================================
[2026-05-22T09:38:10.499+0000] {manager.py:878} INFO - 
================================================================================
DAG File Processing Stats

File Path                  PID    Runtime      # DAGs    # Errors  Last Runtime    Last Run
-------------------------  -----  ---------  --------  ----------  --------------  -------------------
/opt/airflow/dags/main.py                           1           0  0.41s           2026-05-22T09:38:02
================================================================================
[2026-05-22T09:38:41.104+0000] {manager.py:878} INFO - 
================================================================================
DAG File Processing Stats

File Path                  PID    Runtime      # DAGs    # Errors  Last Runtime    Last Run
-------------------------  -----  ---------  --------  ----------  --------------  -------------------
/opt/airflow/dags/main.py                           1           0  0.37s           2026-05-22T09:38:33
================================================================================
[2026-05-22T09:38:57.297+0000] {manager.py:737} INFO - Searching for files in /opt/airflow/dags
[2026-05-22T09:38:57.618+0000] {manager.py:740} INFO - There are 1 files in /opt/airflow/dags
[2026-05-22T09:39:11.229+0000] {manager.py:878} INFO - 
================================================================================
DAG File Processing Stats

File Path                  PID    Runtime      # DAGs    # Errors  Last Runtime    Last Run
-------------------------  -----  ---------  --------  ----------  --------------  -------------------
/opt/airflow/dags/main.py                           1           0  0.35s           2026-05-22T09:39:04
================================================================================
[2026-05-22T09:39:41.587+0000] {manager.py:878} INFO - 
================================================================================
DAG File Processing Stats

File Path                  PID    Runtime      # DAGs    # Errors  Last Runtime    Last Run
-------------------------  -----  ---------  --------  ----------  --------------  -------------------
/opt/airflow/dags/main.py                           1           0  0.39s           2026-05-22T09:39:34
================================================================================
[2026-05-22T09:40:12.050+0000] {manager.py:878} INFO - 
================================================================================
DAG File Processing Stats

File Path                  PID    Runtime      # DAGs    # Errors  Last Runtime    Last Run
-------------------------  -----  ---------  --------  ----------  --------------  -------------------
/opt/airflow/dags/main.py                           1           0  0.41s           2026-05-22T09:40:05
================================================================================
[2026-05-22T09:40:42.763+0000] {manager.py:878} INFO - 
================================================================================
DAG File Processing Stats

File Path                  PID    Runtime      # DAGs    # Errors  Last Runtime    Last Run
-------------------------  -----  ---------  --------  ----------  --------------  -------------------
/opt/airflow/dags/main.py                           1           0  0.40s           2026-05-22T09:40:35
================================================================================
[2026-05-22T09:41:13.220+0000] {manager.py:878} INFO - 
================================================================================
DAG File Processing Stats

File Path                  PID    Runtime      # DAGs    # Errors  Last Runtime    Last Run
-------------------------  -----  ---------  --------  ----------  --------------  -------------------
/opt/airflow/dags/main.py                           1           0  0.45s           2026-05-22T09:41:06
================================================================================
[2026-05-22T09:41:43.363+0000] {manager.py:878} INFO - 
================================================================================
DAG File Processing Stats

File Path                  PID    Runtime      # DAGs    # Errors  Last Runtime    Last Run
-------------------------  -----  ---------  --------  ----------  --------------  -------------------
/opt/airflow/dags/main.py                           1           0  0.39s           2026-05-22T09:41:37
================================================================================
[2026-05-22T09:42:13.758+0000] {manager.py:878} INFO - 
================================================================================
DAG File Processing Stats

File Path                  PID    Runtime      # DAGs    # Errors  Last Runtime    Last Run
-------------------------  -----  ---------  --------  ----------  --------------  -------------------
/opt/airflow/dags/main.py                           1           0  0.38s           2026-05-22T09:42:08
================================================================================
[2026-05-22T09:42:43.796+0000] {manager.py:878} INFO - 
================================================================================
DAG File Processing Stats

File Path                  PID    Runtime      # DAGs    # Errors  Last Runtime    Last Run
-------------------------  -----  ---------  --------  ----------  --------------  -------------------
/opt/airflow/dags/main.py                           1           0  0.28s           2026-05-22T09:42:38
================================================================================
[2026-05-22T09:43:14.146+0000] {manager.py:878} INFO - 
================================================================================
DAG File Processing Stats

File Path                  PID    Runtime      # DAGs    # Errors  Last Runtime    Last Run
-------------------------  -----  ---------  --------  ----------  --------------  -------------------
/opt/airflow/dags/main.py                           1           0  0.36s           2026-05-22T09:43:09
================================================================================
[2026-05-22T09:43:44.591+0000] {manager.py:878} INFO - 
================================================================================
DAG File Processing Stats

File Path                  PID    Runtime      # DAGs    # Errors  Last Runtime    Last Run
-------------------------  -----  ---------  --------  ----------  --------------  -------------------
/opt/airflow/dags/main.py                           1           0  0.37s           2026-05-22T09:43:39
================================================================================
[2026-05-22T09:43:57.729+0000] {manager.py:737} INFO - Searching for files in /opt/airflow/dags
[2026-05-22T09:43:57.871+0000] {manager.py:740} INFO - There are 1 files in /opt/airflow/dags
[2026-05-22T09:44:15.238+0000] {manager.py:878} INFO - 
================================================================================
DAG File Processing Stats

File Path                  PID    Runtime      # DAGs    # Errors  Last Runtime    Last Run
-------------------------  -----  ---------  --------  ----------  --------------  -------------------
/opt/airflow/dags/main.py                           1           0  0.34s           2026-05-22T09:44:10
================================================================================
[2026-05-22T09:44:45.820+0000] {manager.py:878} INFO - 
================================================================================
DAG File Processing Stats

File Path                  PID    Runtime      # DAGs    # Errors  Last Runtime    Last Run
-------------------------  -----  ---------  --------  ----------  --------------  -------------------
/opt/airflow/dags/main.py                           1           0  0.37s           2026-05-22T09:44:40
================================================================================
[2026-05-22T09:45:16.304+0000] {manager.py:878} INFO - 
================================================================================
DAG File Processing Stats

File Path                  PID    Runtime      # DAGs    # Errors  Last Runtime    Last Run
-------------------------  -----  ---------  --------  ----------  --------------  -------------------
/opt/airflow/dags/main.py                           1           0  0.36s           2026-05-22T09:45:11
================================================================================
[2026-05-22T09:45:46.902+0000] {manager.py:878} INFO - 
================================================================================
DAG File Processing Stats

File Path                  PID    Runtime      # DAGs    # Errors  Last Runtime    Last Run
-------------------------  -----  ---------  --------  ----------  --------------  -------------------
/opt/airflow/dags/main.py                           1           0  0.29s           2026-05-22T09:45:41
================================================================================
[2026-05-22T09:46:17.353+0000] {manager.py:878} INFO - 
================================================================================
DAG File Processing Stats

File Path                  PID    Runtime      # DAGs    # Errors  Last Runtime    Last Run
-------------------------  -----  ---------  --------  ----------  --------------  -------------------
/opt/airflow/dags/main.py                           1           0  0.32s           2026-05-22T09:46:12
================================================================================
[2026-05-22T09:53:46.972+0000] {manager.py:737} INFO - Searching for files in /opt/airflow/dags
[2026-05-22T09:53:47.179+0000] {manager.py:740} INFO - There are 1 files in /opt/airflow/dags
[2026-05-22T09:53:54.032+0000] {manager.py:878} INFO - 
================================================================================
DAG File Processing Stats

File Path                  PID    Runtime      # DAGs    # Errors  Last Runtime    Last Run
-------------------------  -----  ---------  --------  ----------  --------------  -------------------
/opt/airflow/dags/main.py                           1           0  0.89s           2026-05-22T09:53:48
================================================================================
[2026-05-22T09:54:24.351+0000] {manager.py:878} INFO - 
================================================================================
DAG File Processing Stats

File Path                  PID    Runtime      # DAGs    # Errors  Last Runtime    Last Run
-------------------------  -----  ---------  --------  ----------  --------------  -------------------
/opt/airflow/dags/main.py                           1           0  0.20s           2026-05-22T09:54:18
================================================================================
[2026-05-22T09:54:54.610+0000] {manager.py:878} INFO - 
================================================================================
DAG File Processing Stats

File Path                  PID    Runtime      # DAGs    # Errors  Last Runtime    Last Run
-------------------------  -----  ---------  --------  ----------  --------------  -------------------
/opt/airflow/dags/main.py                           1           0  0.24s           2026-05-22T09:54:48
================================================================================
[2026-05-22T12:55:17.664+0000] {manager.py:737} INFO - Searching for files in /opt/airflow/dags
[2026-05-22T12:55:17.986+0000] {manager.py:740} INFO - There are 1 files in /opt/airflow/dags
[2026-05-22T16:58:59.747+0000] {manager.py:878} INFO - 
================================================================================
DAG File Processing Stats

File Path                  PID    Runtime      # DAGs    # Errors  Last Runtime    Last Run
-------------------------  -----  ---------  --------  ----------  --------------  -------------------
/opt/airflow/dags/main.py                           1           0  0.75s           2026-05-22T12:55:18
================================================================================
[2026-05-22T16:58:59.805+0000] {manager.py:737} INFO - Searching for files in /opt/airflow/dags
[2026-05-22T16:58:59.976+0000] {manager.py:740} INFO - There are 1 files in /opt/airflow/dags
[2026-05-26T09:48:04.835+0000] {manager.py:470} INFO - Processing files using up to 2 processes at a time 
[2026-05-26T09:48:04.836+0000] {manager.py:471} INFO - Process each file at most once every 30 seconds
[2026-05-26T09:48:04.837+0000] {manager.py:472} INFO - Checking for new files in /opt/airflow/dags every 300 seconds
[2026-05-26T09:48:04.839+0000] {manager.py:737} INFO - Searching for files in /opt/airflow/dags
[2026-05-26T09:48:05.030+0000] {manager.py:740} INFO - There are 1 files in /opt/airflow/dags
[2026-05-26T09:48:12.429+0000] {manager.py:878} INFO - 
================================================================================
DAG File Processing Stats

File Path                  PID    Runtime      # DAGs    # Errors  Last Runtime    Last Run
-------------------------  -----  ---------  --------  ----------  --------------  -------------------
/opt/airflow/dags/main.py                           0           1  0.28s           2026-05-26T09:48:05
================================================================================
[2026-05-26T09:48:42.647+0000] {manager.py:878} INFO - 
================================================================================
DAG File Processing Stats

File Path                  PID    Runtime      # DAGs    # Errors  Last Runtime    Last Run
-------------------------  -----  ---------  --------  ----------  --------------  -------------------
/opt/airflow/dags/main.py                           0           1  0.16s           2026-05-26T09:48:35
================================================================================
[2026-05-26T09:49:13.002+0000] {manager.py:878} INFO - 
================================================================================
DAG File Processing Stats

File Path                  PID    Runtime      # DAGs    # Errors  Last Runtime    Last Run
-------------------------  -----  ---------  --------  ----------  --------------  -------------------
/opt/airflow/dags/main.py                           0           1  0.14s           2026-05-26T09:49:06
================================================================================
[2026-05-26T09:49:43.375+0000] {manager.py:878} INFO - 
================================================================================
DAG File Processing Stats

File Path                  PID    Runtime      # DAGs    # Errors  Last Runtime    Last Run
-------------------------  -----  ---------  --------  ----------  --------------  -------------------
/opt/airflow/dags/main.py                           0           1  0.13s           2026-05-26T09:49:36
================================================================================
[2026-05-26T09:50:13.746+0000] {manager.py:878} INFO - 
================================================================================
DAG File Processing Stats

File Path                  PID    Runtime      # DAGs    # Errors  Last Runtime    Last Run
-------------------------  -----  ---------  --------  ----------  --------------  -------------------
/opt/airflow/dags/main.py                           0           1  0.16s           2026-05-26T09:50:06
================================================================================
[2026-05-26T09:50:44.126+0000] {manager.py:878} INFO - 
================================================================================
DAG File Processing Stats

File Path                  PID    Runtime      # DAGs    # Errors  Last Runtime    Last Run
-------------------------  -----  ---------  --------  ----------  --------------  -------------------
/opt/airflow/dags/main.py                           0           1  0.15s           2026-05-26T09:50:37
================================================================================
[2026-05-26T09:51:14.423+0000] {manager.py:878} INFO - 
================================================================================
DAG File Processing Stats

File Path                  PID    Runtime      # DAGs    # Errors  Last Runtime    Last Run
-------------------------  -----  ---------  --------  ----------  --------------  -------------------
/opt/airflow/dags/main.py                           2           0  0.43s           2026-05-26T09:51:07
================================================================================
[2026-05-26T09:51:45.109+0000] {manager.py:878} INFO - 
================================================================================
DAG File Processing Stats

File Path                  PID    Runtime      # DAGs    # Errors  Last Runtime    Last Run
-------------------------  -----  ---------  --------  ----------  --------------  -------------------
/opt/airflow/dags/main.py                           2           0  0.23s           2026-05-26T09:51:38
================================================================================
[2026-05-26T09:52:15.571+0000] {manager.py:878} INFO - 
================================================================================
DAG File Processing Stats

File Path                  PID    Runtime      # DAGs    # Errors  Last Runtime    Last Run
-------------------------  -----  ---------  --------  ----------  --------------  -------------------
/opt/airflow/dags/main.py                           2           0  0.25s           2026-05-26T09:52:08
================================================================================
[2026-05-26T09:52:46.047+0000] {manager.py:878} INFO - 
================================================================================
DAG File Processing Stats

File Path                  PID    Runtime      # DAGs    # Errors  Last Runtime    Last Run
-------------------------  -----  ---------  --------  ----------  --------------  -------------------
/opt/airflow/dags/main.py                           2           0  0.21s           2026-05-26T09:52:39
================================================================================
[2026-05-26T09:53:05.244+0000] {manager.py:737} INFO - Searching for files in /opt/airflow/dags
[2026-05-26T09:53:05.468+0000] {manager.py:740} INFO - There are 1 files in /opt/airflow/dags
[2026-05-26T09:53:16.581+0000] {manager.py:878} INFO - 
================================================================================
DAG File Processing Stats

File Path                  PID    Runtime      # DAGs    # Errors  Last Runtime    Last Run
-------------------------  -----  ---------  --------  ----------  --------------  -------------------
/opt/airflow/dags/main.py                           2           0  0.22s           2026-05-26T09:53:09
================================================================================
[2026-05-26T09:53:47.027+0000] {manager.py:878} INFO - 
================================================================================
DAG File Processing Stats

File Path                  PID    Runtime      # DAGs    # Errors  Last Runtime    Last Run
-------------------------  -----  ---------  --------  ----------  --------------  -------------------
/opt/airflow/dags/main.py                           2           0  0.25s           2026-05-26T09:53:40
================================================================================
[2026-05-26T09:54:17.358+0000] {manager.py:878} INFO - 
================================================================================
DAG File Processing Stats

File Path                  PID    Runtime      # DAGs    # Errors  Last Runtime    Last Run
-------------------------  -----  ---------  --------  ----------  --------------  -------------------
/opt/airflow/dags/main.py                           2           0  0.23s           2026-05-26T09:54:10
================================================================================
[2026-05-26T09:54:47.813+0000] {manager.py:878} INFO - 
================================================================================
DAG File Processing Stats

File Path                  PID    Runtime      # DAGs    # Errors  Last Runtime    Last Run
-------------------------  -----  ---------  --------  ----------  --------------  -------------------
/opt/airflow/dags/main.py                           2           0  0.24s           2026-05-26T09:54:40
================================================================================
[2026-05-26T09:55:18.118+0000] {manager.py:878} INFO - 
================================================================================
DAG File Processing Stats

File Path                  PID    Runtime      # DAGs    # Errors  Last Runtime    Last Run
-------------------------  -----  ---------  --------  ----------  --------------  -------------------
/opt/airflow/dags/main.py                           2           0  0.23s           2026-05-26T09:55:11
================================================================================
[2026-05-26T09:55:48.522+0000] {manager.py:878} INFO - 
================================================================================
DAG File Processing Stats

File Path                  PID    Runtime      # DAGs    # Errors  Last Runtime    Last Run
-------------------------  -----  ---------  --------  ----------  --------------  -------------------
/opt/airflow/dags/main.py                           2           0  0.22s           2026-05-26T09:55:41
================================================================================
[2026-05-26T09:56:18.827+0000] {manager.py:878} INFO - 
================================================================================
DAG File Processing Stats

File Path                  PID    Runtime      # DAGs    # Errors  Last Runtime    Last Run
-------------------------  -----  ---------  --------  ----------  --------------  -------------------
/opt/airflow/dags/main.py                           2           0  0.22s           2026-05-26T09:56:11
================================================================================
[2026-05-26T09:56:49.220+0000] {manager.py:878} INFO - 
================================================================================
DAG File Processing Stats

File Path                  PID    Runtime      # DAGs    # Errors  Last Runtime    Last Run
-------------------------  -----  ---------  --------  ----------  --------------  -------------------
/opt/airflow/dags/main.py                           2           0  0.21s           2026-05-26T09:56:42
================================================================================
[2026-05-26T09:57:19.501+0000] {manager.py:878} INFO - 
================================================================================
DAG File Processing Stats

File Path                  PID    Runtime      # DAGs    # Errors  Last Runtime    Last Run
-------------------------  -----  ---------  --------  ----------  --------------  -------------------
/opt/airflow/dags/main.py                           2           0  0.22s           2026-05-26T09:57:12
================================================================================
[2026-05-26T09:57:49.933+0000] {manager.py:878} INFO - 
================================================================================
DAG File Processing Stats

File Path                  PID    Runtime      # DAGs    # Errors  Last Runtime    Last Run
-------------------------  -----  ---------  --------  ----------  --------------  -------------------
/opt/airflow/dags/main.py                           2           0  0.22s           2026-05-26T09:57:42
================================================================================
[2026-05-26T09:58:06.100+0000] {manager.py:737} INFO - Searching for files in /opt/airflow/dags
[2026-05-26T09:58:06.235+0000] {manager.py:740} INFO - There are 1 files in /opt/airflow/dags
[2026-05-26T09:58:20.403+0000] {manager.py:878} INFO - 
================================================================================
DAG File Processing Stats

File Path                  PID    Runtime      # DAGs    # Errors  Last Runtime    Last Run
-------------------------  -----  ---------  --------  ----------  --------------  -------------------
/opt/airflow/dags/main.py                           2           0  0.22s           2026-05-26T09:58:13
================================================================================
[2026-05-26T09:58:50.851+0000] {manager.py:878} INFO - 
================================================================================
DAG File Processing Stats

File Path                  PID    Runtime      # DAGs    # Errors  Last Runtime    Last Run
-------------------------  -----  ---------  --------  ----------  --------------  -------------------
/opt/airflow/dags/main.py                           2           0  0.22s           2026-05-26T09:58:43
================================================================================
[2026-05-26T09:59:21.185+0000] {manager.py:878} INFO - 
================================================================================
DAG File Processing Stats

File Path                  PID    Runtime      # DAGs    # Errors  Last Runtime    Last Run
-------------------------  -----  ---------  --------  ----------  --------------  -------------------
/opt/airflow/dags/main.py                           2           0  0.21s           2026-05-26T09:59:14
================================================================================
[2026-05-26T09:59:51.593+0000] {manager.py:878} INFO - 
================================================================================
DAG File Processing Stats

File Path                  PID    Runtime      # DAGs    # Errors  Last Runtime    Last Run
-------------------------  -----  ---------  --------  ----------  --------------  -------------------
/opt/airflow/dags/main.py                           2           0  0.21s           2026-05-26T09:59:44
================================================================================
[2026-05-26T11:03:22.392+0000] {manager.py:878} INFO - 
================================================================================
DAG File Processing Stats

File Path                  PID    Runtime      # DAGs    # Errors  Last Runtime    Last Run
-------------------------  -----  ---------  --------  ----------  --------------  -------------------
/opt/airflow/dags/main.py                           2           0  0.21s           2026-05-26T10:00:15
================================================================================
[2026-05-26T11:03:22.475+0000] {manager.py:737} INFO - Searching for files in /opt/airflow/dags
[2026-05-26T11:03:25.087+0000] {manager.py:740} INFO - There are 1 files in /opt/airflow/dags
[2026-05-26T11:03:52.475+0000] {manager.py:878} INFO - 
================================================================================
DAG File Processing Stats

File Path                  PID    Runtime      # DAGs    # Errors  Last Runtime    Last Run
-------------------------  -----  ---------  --------  ----------  --------------  -------------------
/opt/airflow/dags/main.py                           2           0  1.13s           2026-05-26T11:03:26
================================================================================
[2026-05-26T11:04:22.668+0000] {manager.py:878} INFO - 
================================================================================
DAG File Processing Stats

File Path                  PID    Runtime      # DAGs    # Errors  Last Runtime    Last Run
-------------------------  -----  ---------  --------  ----------  --------------  -------------------
/opt/airflow/dags/main.py                           2           0  0.37s           2026-05-26T11:03:56
================================================================================
[2026-05-26T11:04:53.190+0000] {manager.py:878} INFO - 
================================================================================
DAG File Processing Stats

File Path                  PID    Runtime      # DAGs    # Errors  Last Runtime    Last Run
-------------------------  -----  ---------  --------  ----------  --------------  -------------------
/opt/airflow/dags/main.py                           2           0  0.32s           2026-05-26T11:04:27
================================================================================
[2026-05-26T11:05:23.401+0000] {manager.py:878} INFO - 
================================================================================
DAG File Processing Stats

File Path                  PID    Runtime      # DAGs    # Errors  Last Runtime    Last Run
-------------------------  -----  ---------  --------  ----------  --------------  -------------------
/opt/airflow/dags/main.py                           2           0  0.51s           2026-05-26T11:04:58
================================================================================
[2026-05-26T11:05:54.285+0000] {manager.py:878} INFO - 
================================================================================
DAG File Processing Stats

File Path                  PID    Runtime      # DAGs    # Errors  Last Runtime    Last Run
-------------------------  -----  ---------  --------  ----------  --------------  -------------------
/opt/airflow/dags/main.py                           2           0  0.56s           2026-05-26T11:05:29
================================================================================
[2026-05-26T11:06:24.320+0000] {manager.py:878} INFO - 
================================================================================
DAG File Processing Stats

File Path                  PID    Runtime      # DAGs    # Errors  Last Runtime    Last Run
-------------------------  -----  ---------  --------  ----------  --------------  -------------------
/opt/airflow/dags/main.py                           2           0  0.63s           2026-05-26T11:06:00
================================================================================
[2026-05-26T11:06:54.671+0000] {manager.py:878} INFO - 
================================================================================
DAG File Processing Stats

File Path                  PID    Runtime      # DAGs    # Errors  Last Runtime    Last Run
-------------------------  -----  ---------  --------  ----------  --------------  -------------------
/opt/airflow/dags/main.py                           2           0  0.39s           2026-05-26T11:06:30
================================================================================
[2026-05-26T11:07:24.819+0000] {manager.py:878} INFO - 
================================================================================
DAG File Processing Stats

File Path                  PID    Runtime      # DAGs    # Errors  Last Runtime    Last Run
-------------------------  -----  ---------  --------  ----------  --------------  -------------------
/opt/airflow/dags/main.py                           2           0  0.39s           2026-05-26T11:07:01
================================================================================
[2026-05-26T11:07:55.235+0000] {manager.py:878} INFO - 
================================================================================
DAG File Processing Stats

File Path                  PID    Runtime      # DAGs    # Errors  Last Runtime    Last Run
-------------------------  -----  ---------  --------  ----------  --------------  -------------------
/opt/airflow/dags/main.py                           2           0  0.61s           2026-05-26T11:07:32
================================================================================
[2026-05-26T11:08:22.521+0000] {manager.py:737} INFO - Searching for files in /opt/airflow/dags
[2026-05-26T11:08:23.046+0000] {manager.py:740} INFO - There are 1 files in /opt/airflow/dags
[2026-05-26T11:08:26.099+0000] {manager.py:878} INFO - 
================================================================================
DAG File Processing Stats

File Path                  PID    Runtime      # DAGs    # Errors  Last Runtime    Last Run
-------------------------  -----  ---------  --------  ----------  --------------  -------------------
/opt/airflow/dags/main.py                           2           0  0.50s           2026-05-26T11:08:03
================================================================================
[2026-05-26T11:08:56.491+0000] {manager.py:878} INFO - 
================================================================================
DAG File Processing Stats

File Path                  PID    Runtime      # DAGs    # Errors  Last Runtime    Last Run
-------------------------  -----  ---------  --------  ----------  --------------  -------------------
/opt/airflow/dags/main.py                           2           0  0.40s           2026-05-26T11:08:34
================================================================================
[2026-05-26T11:09:26.702+0000] {manager.py:878} INFO - 
================================================================================
DAG File Processing Stats

File Path                  PID    Runtime      # DAGs    # Errors  Last Runtime    Last Run
-------------------------  -----  ---------  --------  ----------  --------------  -------------------
/opt/airflow/dags/main.py                           2           0  0.46s           2026-05-26T11:09:05
================================================================================
[2026-05-26T11:09:57.581+0000] {manager.py:878} INFO - 
================================================================================
DAG File Processing Stats

File Path                  PID    Runtime      # DAGs    # Errors  Last Runtime    Last Run
-------------------------  -----  ---------  --------  ----------  --------------  -------------------
/opt/airflow/dags/main.py                           2           0  0.55s           2026-05-26T11:09:36
================================================================================
[2026-05-26T11:10:28.011+0000] {manager.py:878} INFO - 
================================================================================
DAG File Processing Stats

File Path                  PID    Runtime      # DAGs    # Errors  Last Runtime    Last Run
-------------------------  -----  ---------  --------  ----------  --------------  -------------------
/opt/airflow/dags/main.py                           2           0  0.46s           2026-05-26T11:10:07
================================================================================
[2026-05-26T11:10:58.177+0000] {manager.py:878} INFO - 
================================================================================
DAG File Processing Stats

File Path                  PID    Runtime      # DAGs    # Errors  Last Runtime    Last Run
-------------------------  -----  ---------  --------  ----------  --------------  -------------------
/opt/airflow/dags/main.py                           2           0  0.41s           2026-05-26T11:10:37
================================================================================
[2026-05-26T11:11:28.527+0000] {manager.py:878} INFO - 
================================================================================
DAG File Processing Stats

File Path                  PID    Runtime      # DAGs    # Errors  Last Runtime    Last Run
-------------------------  -----  ---------  --------  ----------  --------------  -------------------
/opt/airflow/dags/main.py                           2           0  0.44s           2026-05-26T11:11:08
================================================================================
[2026-05-26T11:11:58.802+0000] {manager.py:878} INFO - 
================================================================================
DAG File Processing Stats

File Path                  PID    Runtime      # DAGs    # Errors  Last Runtime    Last Run
-------------------------  -----  ---------  --------  ----------  --------------  -------------------
/opt/airflow/dags/main.py                           2           0  0.54s           2026-05-26T11:11:39
================================================================================
[2026-05-26T11:12:29.673+0000] {manager.py:878} INFO - 
================================================================================
DAG File Processing Stats

File Path                  PID    Runtime      # DAGs    # Errors  Last Runtime    Last Run
-------------------------  -----  ---------  --------  ----------  --------------  -------------------
/opt/airflow/dags/main.py                           2           0  0.60s           2026-05-26T11:12:10
================================================================================
[2026-05-26T11:13:00.109+0000] {manager.py:878} INFO - 
================================================================================
DAG File Processing Stats

File Path                  PID    Runtime      # DAGs    # Errors  Last Runtime    Last Run
-------------------------  -----  ---------  --------  ----------  --------------  -------------------
/opt/airflow/dags/main.py                           2           0  0.54s           2026-05-26T11:12:41
================================================================================
[2026-05-26T11:13:22.830+0000] {manager.py:737} INFO - Searching for files in /opt/airflow/dags
[2026-05-26T11:13:23.158+0000] {manager.py:740} INFO - There are 1 files in /opt/airflow/dags
[2026-05-26T11:13:30.274+0000] {manager.py:878} INFO - 
================================================================================
DAG File Processing Stats

File Path                  PID    Runtime      # DAGs    # Errors  Last Runtime    Last Run
-------------------------  -----  ---------  --------  ----------  --------------  -------------------
/opt/airflow/dags/main.py                           2           0  0.35s           2026-05-26T11:13:12
================================================================================
[2026-05-26T11:14:00.659+0000] {manager.py:878} INFO - 
================================================================================
DAG File Processing Stats

File Path                  PID    Runtime      # DAGs    # Errors  Last Runtime    Last Run
-------------------------  -----  ---------  --------  ----------  --------------  -------------------
/opt/airflow/dags/main.py                           2           0  0.49s           2026-05-26T11:13:42
================================================================================
[2026-05-26T11:14:31.009+0000] {manager.py:878} INFO - 
================================================================================
DAG File Processing Stats

File Path                  PID    Runtime      # DAGs    # Errors  Last Runtime    Last Run
-------------------------  -----  ---------  --------  ----------  --------------  -------------------
/opt/airflow/dags/main.py                           2           0  0.58s           2026-05-26T11:14:13
================================================================================
[2026-05-26T11:15:01.453+0000] {manager.py:878} INFO - 
================================================================================
DAG File Processing Stats

File Path                  PID    Runtime      # DAGs    # Errors  Last Runtime    Last Run
-------------------------  -----  ---------  --------  ----------  --------------  -------------------
/opt/airflow/dags/main.py                           2           0  0.50s           2026-05-26T11:14:44
================================================================================
[2026-05-26T11:15:31.608+0000] {manager.py:878} INFO - 
================================================================================
DAG File Processing Stats

File Path                  PID    Runtime      # DAGs    # Errors  Last Runtime    Last Run
-------------------------  -----  ---------  --------  ----------  --------------  -------------------
/opt/airflow/dags/main.py                           2           0  0.34s           2026-05-26T11:15:15
================================================================================
[2026-05-26T11:16:01.968+0000] {manager.py:878} INFO - 
================================================================================
DAG File Processing Stats

File Path                  PID    Runtime      # DAGs    # Errors  Last Runtime    Last Run
-------------------------  -----  ---------  --------  ----------  --------------  -------------------
/opt/airflow/dags/main.py                           2           0  0.51s           2026-05-26T11:15:46
================================================================================
[2026-05-26T11:16:32.325+0000] {manager.py:878} INFO - 
================================================================================
DAG File Processing Stats

File Path                  PID    Runtime      # DAGs    # Errors  Last Runtime    Last Run
-------------------------  -----  ---------  --------  ----------  --------------  -------------------
/opt/airflow/dags/main.py                           2           0  0.51s           2026-05-26T11:16:17
================================================================================
[2026-05-26T11:17:02.665+0000] {manager.py:878} INFO - 
================================================================================
DAG File Processing Stats

File Path                  PID    Runtime      # DAGs    # Errors  Last Runtime    Last Run
-------------------------  -----  ---------  --------  ----------  --------------  -------------------
/opt/airflow/dags/main.py                           2           0  0.52s           2026-05-26T11:16:48
================================================================================
[2026-05-26T11:17:32.995+0000] {manager.py:878} INFO - 
================================================================================
DAG File Processing Stats

File Path                  PID    Runtime      # DAGs    # Errors  Last Runtime    Last Run
-------------------------  -----  ---------  --------  ----------  --------------  -------------------
/opt/airflow/dags/main.py                           2           0  0.53s           2026-05-26T11:17:18
================================================================================
[2026-05-26T11:18:03.417+0000] {manager.py:878} INFO - 
================================================================================
DAG File Processing Stats

File Path                  PID    Runtime      # DAGs    # Errors  Last Runtime    Last Run
-------------------------  -----  ---------  --------  ----------  --------------  -------------------
/opt/airflow/dags/main.py                           2           0  0.49s           2026-05-26T11:17:49
================================================================================
[2026-05-26T11:18:23.110+0000] {manager.py:737} INFO - Searching for files in /opt/airflow/dags
[2026-05-26T11:18:23.455+0000] {manager.py:740} INFO - There are 1 files in /opt/airflow/dags
[2026-05-26T11:18:33.618+0000] {manager.py:878} INFO - 
================================================================================
DAG File Processing Stats

File Path                  PID    Runtime      # DAGs    # Errors  Last Runtime    Last Run
-------------------------  -----  ---------  --------  ----------  --------------  -------------------
/opt/airflow/dags/main.py                           2           0  0.41s           2026-05-26T11:18:20
================================================================================
[2026-05-26T11:19:04.019+0000] {manager.py:878} INFO - 
================================================================================
DAG File Processing Stats

File Path                  PID    Runtime      # DAGs    # Errors  Last Runtime    Last Run
-------------------------  -----  ---------  --------  ----------  --------------  -------------------
/opt/airflow/dags/main.py                           2           0  0.39s           2026-05-26T11:18:51
================================================================================
[2026-05-26T11:19:34.082+0000] {manager.py:878} INFO - 
================================================================================
DAG File Processing Stats

File Path                  PID    Runtime      # DAGs    # Errors  Last Runtime    Last Run
-------------------------  -----  ---------  --------  ----------  --------------  -------------------
/opt/airflow/dags/main.py                           2           0  0.36s           2026-05-26T11:19:21
================================================================================
[2026-05-26T11:20:04.410+0000] {manager.py:878} INFO - 
================================================================================
DAG File Processing Stats

File Path                  PID    Runtime      # DAGs    # Errors  Last Runtime    Last Run
-------------------------  -----  ---------  --------  ----------  --------------  -------------------
/opt/airflow/dags/main.py                           2           0  0.46s           2026-05-26T11:19:52
================================================================================
[2026-05-26T11:20:34.899+0000] {manager.py:878} INFO - 
================================================================================
DAG File Processing Stats

File Path                  PID    Runtime      # DAGs    # Errors  Last Runtime    Last Run
-------------------------  -----  ---------  --------  ----------  --------------  -------------------
/opt/airflow/dags/main.py                           2           0  0.54s           2026-05-26T11:20:23
================================================================================
[2026-05-26T11:21:05.196+0000] {manager.py:878} INFO - 
================================================================================
DAG File Processing Stats

File Path                  PID    Runtime      # DAGs    # Errors  Last Runtime    Last Run
-------------------------  -----  ---------  --------  ----------  --------------  -------------------
/opt/airflow/dags/main.py                           2           0  0.47s           2026-05-26T11:20:54
================================================================================
[2026-05-26T11:21:35.211+0000] {manager.py:878} INFO - 
================================================================================
DAG File Processing Stats

File Path                  PID    Runtime      # DAGs    # Errors  Last Runtime    Last Run
-------------------------  -----  ---------  --------  ----------  --------------  -------------------
/opt/airflow/dags/main.py                           2           0  0.64s           2026-05-26T11:21:25
================================================================================
[2026-05-26T11:22:05.547+0000] {manager.py:878} INFO - 
================================================================================
DAG File Processing Stats

File Path                  PID    Runtime      # DAGs    # Errors  Last Runtime    Last Run
-------------------------  -----  ---------  --------  ----------  --------------  -------------------
/opt/airflow/dags/main.py                           2           0  0.57s           2026-05-26T11:21:55
================================================================================
[2026-05-26T11:22:35.909+0000] {manager.py:878} INFO - 
================================================================================
DAG File Processing Stats

File Path                  PID    Runtime      # DAGs    # Errors  Last Runtime    Last Run
-------------------------  -----  ---------  --------  ----------  --------------  -------------------
/opt/airflow/dags/main.py                           2           0  0.64s           2026-05-26T11:22:26
================================================================================
[2026-05-26T11:23:06.408+0000] {manager.py:878} INFO - 
================================================================================
DAG File Processing Stats

File Path                  PID    Runtime      # DAGs    # Errors  Last Runtime    Last Run
-------------------------  -----  ---------  --------  ----------  --------------  -------------------
/opt/airflow/dags/main.py                           2           0  0.52s           2026-05-26T11:22:57
================================================================================
[2026-05-26T11:23:23.583+0000] {manager.py:737} INFO - Searching for files in /opt/airflow/dags
[2026-05-26T11:23:24.061+0000] {manager.py:740} INFO - There are 1 files in /opt/airflow/dags
[2026-05-26T11:23:36.876+0000] {manager.py:878} INFO - 
================================================================================
DAG File Processing Stats

File Path                  PID    Runtime      # DAGs    # Errors  Last Runtime    Last Run
-------------------------  -----  ---------  --------  ----------  --------------  -------------------
/opt/airflow/dags/main.py                           2           0  0.58s           2026-05-26T11:23:28
================================================================================
[2026-05-26T11:24:06.884+0000] {manager.py:878} INFO - 
================================================================================
DAG File Processing Stats

File Path                  PID    Runtime      # DAGs    # Errors  Last Runtime    Last Run
-------------------------  -----  ---------  --------  ----------  --------------  -------------------
/opt/airflow/dags/main.py                           2           0  0.62s           2026-05-26T11:23:59
================================================================================
[2026-05-26T11:24:37.222+0000] {manager.py:878} INFO - 
================================================================================
DAG File Processing Stats

File Path                  PID    Runtime      # DAGs    # Errors  Last Runtime    Last Run
-------------------------  -----  ---------  --------  ----------  --------------  -------------------
/opt/airflow/dags/main.py                           2           0  0.54s           2026-05-26T11:24:30
================================================================================
[2026-05-26T11:25:07.494+0000] {manager.py:878} INFO - 
================================================================================
DAG File Processing Stats

File Path                  PID    Runtime      # DAGs    # Errors  Last Runtime    Last Run
-------------------------  -----  ---------  --------  ----------  --------------  -------------------
/opt/airflow/dags/main.py                           2           0  0.54s           2026-05-26T11:25:01
================================================================================
[2026-05-26T11:25:38.292+0000] {manager.py:878} INFO - 
================================================================================
DAG File Processing Stats

File Path                  PID    Runtime      # DAGs    # Errors  Last Runtime    Last Run
-------------------------  -----  ---------  --------  ----------  --------------  -------------------
/opt/airflow/dags/main.py                           2           0  0.59s           2026-05-26T11:25:32
================================================================================
[2026-05-26T11:26:08.752+0000] {manager.py:878} INFO - 
================================================================================
DAG File Processing Stats

File Path                  PID    Runtime      # DAGs    # Errors  Last Runtime    Last Run
-------------------------  -----  ---------  --------  ----------  --------------  -------------------
/opt/airflow/dags/main.py                           2           0  0.32s           2026-05-26T11:26:02
================================================================================
[2026-05-26T11:26:39.283+0000] {manager.py:878} INFO - 
================================================================================
DAG File Processing Stats

File Path                  PID    Runtime      # DAGs    # Errors  Last Runtime    Last Run
-------------------------  -----  ---------  --------  ----------  --------------  -------------------
/opt/airflow/dags/main.py                           2           0  0.35s           2026-05-26T11:26:33
================================================================================
[2026-05-26T11:27:09.766+0000] {manager.py:878} INFO - 
================================================================================
DAG File Processing Stats

File Path                  PID    Runtime      # DAGs    # Errors  Last Runtime    Last Run
-------------------------  -----  ---------  --------  ----------  --------------  -------------------
/opt/airflow/dags/main.py                           2           0  0.42s           2026-05-26T11:27:03
================================================================================
[2026-05-26T11:27:40.364+0000] {manager.py:878} INFO - 
================================================================================
DAG File Processing Stats

File Path                  PID    Runtime      # DAGs    # Errors  Last Runtime    Last Run
-------------------------  -----  ---------  --------  ----------  --------------  -------------------
/opt/airflow/dags/main.py                           2           0  0.44s           2026-05-26T11:27:34
================================================================================
[2026-05-26T11:28:10.861+0000] {manager.py:878} INFO - 
================================================================================
DAG File Processing Stats

File Path                  PID    Runtime      # DAGs    # Errors  Last Runtime    Last Run
-------------------------  -----  ---------  --------  ----------  --------------  -------------------
/opt/airflow/dags/main.py                           2           0  0.37s           2026-05-26T11:28:05
================================================================================
[2026-05-26T11:28:24.000+0000] {manager.py:737} INFO - Searching for files in /opt/airflow/dags
[2026-05-26T11:28:24.596+0000] {manager.py:740} INFO - There are 1 files in /opt/airflow/dags
[2026-05-26T11:28:41.304+0000] {manager.py:878} INFO - 
================================================================================
DAG File Processing Stats

File Path                  PID    Runtime      # DAGs    # Errors  Last Runtime    Last Run
-------------------------  -----  ---------  --------  ----------  --------------  -------------------
/opt/airflow/dags/main.py                           2           0  0.49s           2026-05-26T11:28:36
================================================================================
[2026-05-26T11:29:11.653+0000] {manager.py:878} INFO - 
================================================================================
DAG File Processing Stats

File Path                  PID    Runtime      # DAGs    # Errors  Last Runtime    Last Run
-------------------------  -----  ---------  --------  ----------  --------------  -------------------
/opt/airflow/dags/main.py                           2           0  0.35s           2026-05-26T11:29:06
================================================================================
[2026-05-26T11:29:41.871+0000] {manager.py:878} INFO - 
================================================================================
DAG File Processing Stats

File Path                  PID    Runtime      # DAGs    # Errors  Last Runtime    Last Run
-------------------------  -----  ---------  --------  ----------  --------------  -------------------
/opt/airflow/dags/main.py                           2           0  0.54s           2026-05-26T11:29:37
================================================================================
[2026-05-26T11:30:12.166+0000] {manager.py:878} INFO - 
================================================================================
DAG File Processing Stats

File Path                  PID    Runtime      # DAGs    # Errors  Last Runtime    Last Run
-------------------------  -----  ---------  --------  ----------  --------------  -------------------
/opt/airflow/dags/main.py                           2           0  0.43s           2026-05-26T11:30:08
================================================================================
[2026-05-26T11:30:42.259+0000] {manager.py:878} INFO - 
================================================================================
DAG File Processing Stats

File Path                  PID    Runtime      # DAGs    # Errors  Last Runtime    Last Run
-------------------------  -----  ---------  --------  ----------  --------------  -------------------
/opt/airflow/dags/main.py                           2           0  0.40s           2026-05-26T11:30:39
================================================================================
[2026-05-26T11:31:12.589+0000] {manager.py:878} INFO - 
================================================================================
DAG File Processing Stats

File Path                  PID    Runtime      # DAGs    # Errors  Last Runtime    Last Run
-------------------------  -----  ---------  --------  ----------  --------------  -------------------
/opt/airflow/dags/main.py                           2           0  0.59s           2026-05-26T11:31:10
================================================================================
[2026-05-26T11:31:42.890+0000] {manager.py:878} INFO - 
================================================================================
DAG File Processing Stats

File Path                  PID    Runtime      # DAGs    # Errors  Last Runtime    Last Run
-------------------------  -----  ---------  --------  ----------  --------------  -------------------
/opt/airflow/dags/main.py                           2           0  0.40s           2026-05-26T11:31:40
================================================================================
[2026-05-26T11:32:13.226+0000] {manager.py:878} INFO - 
================================================================================
DAG File Processing Stats

File Path                  PID    Runtime      # DAGs    # Errors  Last Runtime    Last Run
-------------------------  -----  ---------  --------  ----------  --------------  -------------------
/opt/airflow/dags/main.py                           2           0  0.45s           2026-05-26T11:32:11
================================================================================
[2026-05-26T11:32:43.514+0000] {manager.py:878} INFO - 
================================================================================
DAG File Processing Stats

File Path                  PID    Runtime      # DAGs    # Errors  Last Runtime    Last Run
-------------------------  -----  ---------  --------  ----------  --------------  -------------------
/opt/airflow/dags/main.py                           2           0  0.46s           2026-05-26T11:32:42
================================================================================
[2026-05-26T11:33:13.574+0000] {manager.py:878} INFO - 
================================================================================
DAG File Processing Stats

File Path                  PID    Runtime      # DAGs    # Errors  Last Runtime    Last Run
-------------------------  -----  ---------  --------  ----------  --------------  -------------------
/opt/airflow/dags/main.py                           2           0  0.65s           2026-05-26T11:33:13
================================================================================
[2026-05-26T11:33:24.600+0000] {manager.py:737} INFO - Searching for files in /opt/airflow/dags
[2026-05-26T11:33:24.955+0000] {manager.py:740} INFO - There are 1 files in /opt/airflow/dags
[2026-05-26T11:33:44.298+0000] {manager.py:878} INFO - 
================================================================================
DAG File Processing Stats

File Path                    PID  Runtime      # DAGs    # Errors  Last Runtime    Last Run
-------------------------  -----  ---------  --------  ----------  --------------  -------------------
/opt/airflow/dags/main.py    647  0.01s             2           0  0.65s           2026-05-26T11:33:13
================================================================================
[2026-05-26T11:34:14.678+0000] {manager.py:878} INFO - 
================================================================================
DAG File Processing Stats

File Path                  PID    Runtime      # DAGs    # Errors  Last Runtime    Last Run
-------------------------  -----  ---------  --------  ----------  --------------  -------------------
/opt/airflow/dags/main.py                           2           0  0.63s           2026-05-26T11:33:44
================================================================================
[2026-05-26T11:34:45.066+0000] {manager.py:878} INFO - 
================================================================================
DAG File Processing Stats

File Path                  PID    Runtime      # DAGs    # Errors  Last Runtime    Last Run
-------------------------  -----  ---------  --------  ----------  --------------  -------------------
/opt/airflow/dags/main.py                           2           0  0.49s           2026-05-26T11:34:15
================================================================================
[2026-05-26T11:35:15.542+0000] {manager.py:878} INFO - 
================================================================================
DAG File Processing Stats

File Path                  PID    Runtime      # DAGs    # Errors  Last Runtime    Last Run
-------------------------  -----  ---------  --------  ----------  --------------  -------------------
/opt/airflow/dags/main.py                           2           0  0.49s           2026-05-26T11:34:46
================================================================================
[2026-05-26T11:35:45.696+0000] {manager.py:878} INFO - 
================================================================================
DAG File Processing Stats

File Path                  PID    Runtime      # DAGs    # Errors  Last Runtime    Last Run
-------------------------  -----  ---------  --------  ----------  --------------  -------------------
/opt/airflow/dags/main.py                           2           0  0.39s           2026-05-26T11:35:17
================================================================================
[2026-05-26T11:36:16.014+0000] {manager.py:878} INFO - 
================================================================================
DAG File Processing Stats

File Path                  PID    Runtime      # DAGs    # Errors  Last Runtime    Last Run
-------------------------  -----  ---------  --------  ----------  --------------  -------------------
/opt/airflow/dags/main.py                           2           0  0.49s           2026-05-26T11:35:48
================================================================================
[2026-05-26T11:36:46.342+0000] {manager.py:878} INFO - 
================================================================================
DAG File Processing Stats

File Path                  PID    Runtime      # DAGs    # Errors  Last Runtime    Last Run
-------------------------  -----  ---------  --------  ----------  --------------  -------------------
/opt/airflow/dags/main.py                           2           0  0.49s           2026-05-26T11:36:19
================================================================================
[2026-05-26T11:37:16.744+0000] {manager.py:878} INFO - 
================================================================================
DAG File Processing Stats

File Path                  PID    Runtime      # DAGs    # Errors  Last Runtime    Last Run
-------------------------  -----  ---------  --------  ----------  --------------  -------------------
/opt/airflow/dags/main.py                           2           0  0.36s           2026-05-26T11:36:49
================================================================================
[2026-05-26T11:37:47.458+0000] {manager.py:878} INFO - 
================================================================================
DAG File Processing Stats

File Path                  PID    Runtime      # DAGs    # Errors  Last Runtime    Last Run
-------------------------  -----  ---------  --------  ----------  --------------  -------------------
/opt/airflow/dags/main.py                           2           0  0.37s           2026-05-26T11:37:20
================================================================================
[2026-05-26T11:38:17.898+0000] {manager.py:878} INFO - 
================================================================================
DAG File Processing Stats

File Path                  PID    Runtime      # DAGs    # Errors  Last Runtime    Last Run
-------------------------  -----  ---------  --------  ----------  --------------  -------------------
/opt/airflow/dags/main.py                           2           0  0.47s           2026-05-26T11:37:50
================================================================================
[2026-05-26T11:38:24.977+0000] {manager.py:737} INFO - Searching for files in /opt/airflow/dags
[2026-05-26T11:38:25.495+0000] {manager.py:740} INFO - There are 1 files in /opt/airflow/dags
[2026-05-26T11:38:48.829+0000] {manager.py:878} INFO - 
================================================================================
DAG File Processing Stats

File Path                  PID    Runtime      # DAGs    # Errors  Last Runtime    Last Run
-------------------------  -----  ---------  --------  ----------  --------------  -------------------
/opt/airflow/dags/main.py                           2           0  0.62s           2026-05-26T11:38:22
================================================================================
[2026-05-26T11:39:19.234+0000] {manager.py:878} INFO - 
================================================================================
DAG File Processing Stats

File Path                  PID    Runtime      # DAGs    # Errors  Last Runtime    Last Run
-------------------------  -----  ---------  --------  ----------  --------------  -------------------
/opt/airflow/dags/main.py                           2           0  0.43s           2026-05-26T11:38:53
================================================================================
[2026-05-26T11:39:49.455+0000] {manager.py:878} INFO - 
================================================================================
DAG File Processing Stats

File Path                  PID    Runtime      # DAGs    # Errors  Last Runtime    Last Run
-------------------------  -----  ---------  --------  ----------  --------------  -------------------
/opt/airflow/dags/main.py                           2           0  0.45s           2026-05-26T11:39:24
================================================================================
[2026-05-26T11:40:19.861+0000] {manager.py:878} INFO - 
================================================================================
DAG File Processing Stats

File Path                  PID    Runtime      # DAGs    # Errors  Last Runtime    Last Run
-------------------------  -----  ---------  --------  ----------  --------------  -------------------
/opt/airflow/dags/main.py                           2           0  0.54s           2026-05-26T11:39:55
================================================================================
[2026-05-26T11:40:50.210+0000] {manager.py:878} INFO - 
================================================================================
DAG File Processing Stats

File Path                  PID    Runtime      # DAGs    # Errors  Last Runtime    Last Run
-------------------------  -----  ---------  --------  ----------  --------------  -------------------
/opt/airflow/dags/main.py                           2           0  0.44s           2026-05-26T11:40:25
================================================================================
[2026-05-26T11:41:20.470+0000] {manager.py:878} INFO - 
================================================================================
DAG File Processing Stats

File Path                  PID    Runtime      # DAGs    # Errors  Last Runtime    Last Run
-------------------------  -----  ---------  --------  ----------  --------------  -------------------
/opt/airflow/dags/main.py                           2           0  0.35s           2026-05-26T11:40:56
================================================================================
[2026-05-26T11:41:51.036+0000] {manager.py:878} INFO - 
================================================================================
DAG File Processing Stats

File Path                  PID    Runtime      # DAGs    # Errors  Last Runtime    Last Run
-------------------------  -----  ---------  --------  ----------  --------------  -------------------
/opt/airflow/dags/main.py                           2           0  0.40s           2026-05-26T11:41:27
================================================================================
[2026-05-26T11:42:21.380+0000] {manager.py:878} INFO - 
================================================================================
DAG File Processing Stats

File Path                  PID    Runtime      # DAGs    # Errors  Last Runtime    Last Run
-------------------------  -----  ---------  --------  ----------  --------------  -------------------
/opt/airflow/dags/main.py                           2           0  0.72s           2026-05-26T11:41:58
================================================================================
[2026-05-26T11:42:51.812+0000] {manager.py:878} INFO - 
================================================================================
DAG File Processing Stats

File Path                  PID    Runtime      # DAGs    # Errors  Last Runtime    Last Run
-------------------------  -----  ---------  --------  ----------  --------------  -------------------
/opt/airflow/dags/main.py                           2           0  0.40s           2026-05-26T11:42:28
================================================================================
[2026-05-26T11:43:22.475+0000] {manager.py:878} INFO - 
================================================================================
DAG File Processing Stats

File Path                  PID    Runtime      # DAGs    # Errors  Last Runtime    Last Run
-------------------------  -----  ---------  --------  ----------  --------------  -------------------
/opt/airflow/dags/main.py                           2           0  0.52s           2026-05-26T11:42:59
================================================================================
[2026-05-26T11:43:25.513+0000] {manager.py:737} INFO - Searching for files in /opt/airflow/dags
[2026-05-26T11:43:26.188+0000] {manager.py:740} INFO - There are 1 files in /opt/airflow/dags
[2026-05-26T11:43:52.486+0000] {manager.py:878} INFO - 
================================================================================
DAG File Processing Stats

File Path                  PID    Runtime      # DAGs    # Errors  Last Runtime    Last Run
-------------------------  -----  ---------  --------  ----------  --------------  -------------------
/opt/airflow/dags/main.py                           2           0  0.37s           2026-05-26T11:43:30
================================================================================
[2026-05-26T11:44:22.671+0000] {manager.py:878} INFO - 
================================================================================
DAG File Processing Stats

File Path                  PID    Runtime      # DAGs    # Errors  Last Runtime    Last Run
-------------------------  -----  ---------  --------  ----------  --------------  -------------------
/opt/airflow/dags/main.py                           2           0  0.42s           2026-05-26T11:44:01
================================================================================
[2026-05-26T11:44:53.070+0000] {manager.py:878} INFO - 
================================================================================
DAG File Processing Stats

File Path                  PID    Runtime      # DAGs    # Errors  Last Runtime    Last Run
-------------------------  -----  ---------  --------  ----------  --------------  -------------------
/opt/airflow/dags/main.py                           2           0  0.49s           2026-05-26T11:44:32
================================================================================
[2026-05-26T11:45:23.395+0000] {manager.py:878} INFO - 
================================================================================
DAG File Processing Stats

File Path                  PID    Runtime      # DAGs    # Errors  Last Runtime    Last Run
-------------------------  -----  ---------  --------  ----------  --------------  -------------------
/opt/airflow/dags/main.py                           2           0  0.53s           2026-05-26T11:45:03
================================================================================
[2026-05-26T11:45:53.748+0000] {manager.py:878} INFO - 
================================================================================
DAG File Processing Stats

File Path                  PID    Runtime      # DAGs    # Errors  Last Runtime    Last Run
-------------------------  -----  ---------  --------  ----------  --------------  -------------------
/opt/airflow/dags/main.py                           2           0  0.44s           2026-05-26T11:45:33
================================================================================
[2026-05-26T11:46:24.074+0000] {manager.py:878} INFO - 
================================================================================
DAG File Processing Stats

File Path                  PID    Runtime      # DAGs    # Errors  Last Runtime    Last Run
-------------------------  -----  ---------  --------  ----------  --------------  -------------------
/opt/airflow/dags/main.py                           2           0  0.53s           2026-05-26T11:46:04
================================================================================
[2026-05-26T11:46:54.916+0000] {manager.py:878} INFO - 
================================================================================
DAG File Processing Stats

File Path                  PID    Runtime      # DAGs    # Errors  Last Runtime    Last Run
-------------------------  -----  ---------  --------  ----------  --------------  -------------------
/opt/airflow/dags/main.py                           2           0  0.47s           2026-05-26T11:46:35
================================================================================
[2026-05-26T11:47:25.315+0000] {manager.py:878} INFO - 
================================================================================
DAG File Processing Stats

File Path                  PID    Runtime      # DAGs    # Errors  Last Runtime    Last Run
-------------------------  -----  ---------  --------  ----------  --------------  -------------------
/opt/airflow/dags/main.py                           2           0  0.33s           2026-05-26T11:47:06
================================================================================
[2026-05-26T11:47:55.977+0000] {manager.py:878} INFO - 
================================================================================
DAG File Processing Stats

File Path                  PID    Runtime      # DAGs    # Errors  Last Runtime    Last Run
-------------------------  -----  ---------  --------  ----------  --------------  -------------------
/opt/airflow/dags/main.py                           2           0  0.55s           2026-05-26T11:47:37
================================================================================
[2026-05-26T11:48:25.570+0000] {manager.py:737} INFO - Searching for files in /opt/airflow/dags
[2026-05-26T11:48:25.860+0000] {manager.py:740} INFO - There are 1 files in /opt/airflow/dags
[2026-05-26T11:48:26.884+0000] {manager.py:878} INFO - 
================================================================================
DAG File Processing Stats

File Path                  PID    Runtime      # DAGs    # Errors  Last Runtime    Last Run
-------------------------  -----  ---------  --------  ----------  --------------  -------------------
/opt/airflow/dags/main.py                           2           0  0.46s           2026-05-26T11:48:07
================================================================================
[2026-05-26T11:48:57.274+0000] {manager.py:878} INFO - 
================================================================================
DAG File Processing Stats

File Path                  PID    Runtime      # DAGs    # Errors  Last Runtime    Last Run
-------------------------  -----  ---------  --------  ----------  --------------  -------------------
/opt/airflow/dags/main.py                           2           0  0.46s           2026-05-26T11:48:38
================================================================================
[2026-05-26T11:49:27.426+0000] {manager.py:878} INFO - 
================================================================================
DAG File Processing Stats

File Path                  PID    Runtime      # DAGs    # Errors  Last Runtime    Last Run
-------------------------  -----  ---------  --------  ----------  --------------  -------------------
/opt/airflow/dags/main.py                           2           0  0.42s           2026-05-26T11:49:09
================================================================================
[2026-05-26T11:49:57.780+0000] {manager.py:878} INFO - 
================================================================================
DAG File Processing Stats

File Path                  PID    Runtime      # DAGs    # Errors  Last Runtime    Last Run
-------------------------  -----  ---------  --------  ----------  --------------  -------------------
/opt/airflow/dags/main.py                           2           0  0.45s           2026-05-26T11:49:40
================================================================================
[2026-05-26T11:50:28.163+0000] {manager.py:878} INFO - 
================================================================================
DAG File Processing Stats

File Path                  PID    Runtime      # DAGs    # Errors  Last Runtime    Last Run
-------------------------  -----  ---------  --------  ----------  --------------  -------------------
/opt/airflow/dags/main.py                           2           0  0.55s           2026-05-26T11:50:10
================================================================================
[2026-05-26T11:50:58.941+0000] {manager.py:878} INFO - 
================================================================================
DAG File Processing Stats

File Path                  PID    Runtime      # DAGs    # Errors  Last Runtime    Last Run
-------------------------  -----  ---------  --------  ----------  --------------  -------------------
/opt/airflow/dags/main.py                           2           0  0.44s           2026-05-26T11:50:41
================================================================================
[2026-05-26T11:51:29.319+0000] {manager.py:878} INFO - 
================================================================================
DAG File Processing Stats

File Path                  PID    Runtime      # DAGs    # Errors  Last Runtime    Last Run
-------------------------  -----  ---------  --------  ----------  --------------  -------------------
/opt/airflow/dags/main.py                           2           0  0.38s           2026-05-26T11:51:12
================================================================================
[2026-05-26T11:51:59.620+0000] {manager.py:878} INFO - 
================================================================================
DAG File Processing Stats

File Path                  PID    Runtime      # DAGs    # Errors  Last Runtime    Last Run
-------------------------  -----  ---------  --------  ----------  --------------  -------------------
/opt/airflow/dags/main.py                           2           0  0.56s           2026-05-26T11:51:43
================================================================================
[2026-05-26T11:52:30.426+0000] {manager.py:878} INFO - 
================================================================================
DAG File Processing Stats

File Path                  PID    Runtime      # DAGs    # Errors  Last Runtime    Last Run
-------------------------  -----  ---------  --------  ----------  --------------  -------------------
/opt/airflow/dags/main.py                           2           0  0.48s           2026-05-26T11:52:14
================================================================================
[2026-05-26T11:53:00.837+0000] {manager.py:878} INFO - 
================================================================================
DAG File Processing Stats

File Path                  PID    Runtime      # DAGs    # Errors  Last Runtime    Last Run
-------------------------  -----  ---------  --------  ----------  --------------  -------------------
/opt/airflow/dags/main.py                           2           0  0.52s           2026-05-26T11:52:45
================================================================================
[2026-05-26T11:53:25.584+0000] {manager.py:737} INFO - Searching for files in /opt/airflow/dags
[2026-05-26T11:53:26.155+0000] {manager.py:740} INFO - There are 1 files in /opt/airflow/dags
[2026-05-26T11:53:31.242+0000] {manager.py:878} INFO - 
================================================================================
DAG File Processing Stats

File Path                  PID    Runtime      # DAGs    # Errors  Last Runtime    Last Run
-------------------------  -----  ---------  --------  ----------  --------------  -------------------
/opt/airflow/dags/main.py                           2           0  0.47s           2026-05-26T11:53:15
================================================================================
[2026-05-26T11:54:01.651+0000] {manager.py:878} INFO - 
================================================================================
DAG File Processing Stats

File Path                  PID    Runtime      # DAGs    # Errors  Last Runtime    Last Run
-------------------------  -----  ---------  --------  ----------  --------------  -------------------
/opt/airflow/dags/main.py                           2           0  0.59s           2026-05-26T11:53:47
================================================================================
[2026-05-26T11:54:31.978+0000] {manager.py:878} INFO - 
================================================================================
DAG File Processing Stats

File Path                  PID    Runtime      # DAGs    # Errors  Last Runtime    Last Run
-------------------------  -----  ---------  --------  ----------  --------------  -------------------
/opt/airflow/dags/main.py                           2           0  0.48s           2026-05-26T11:54:17
================================================================================
[2026-05-26T11:55:02.363+0000] {manager.py:878} INFO - 
================================================================================
DAG File Processing Stats

File Path                  PID    Runtime      # DAGs    # Errors  Last Runtime    Last Run
-------------------------  -----  ---------  --------  ----------  --------------  -------------------
/opt/airflow/dags/main.py                           2           0  0.46s           2026-05-26T11:54:48
================================================================================
[2026-05-26T11:55:32.665+0000] {manager.py:878} INFO - 
================================================================================
DAG File Processing Stats

File Path                  PID    Runtime      # DAGs    # Errors  Last Runtime    Last Run
-------------------------  -----  ---------  --------  ----------  --------------  -------------------
/opt/airflow/dags/main.py                           2           0  0.53s           2026-05-26T11:55:19
================================================================================
[2026-05-26T11:56:03.020+0000] {manager.py:878} INFO - 
================================================================================
DAG File Processing Stats

File Path                  PID    Runtime      # DAGs    # Errors  Last Runtime    Last Run
-------------------------  -----  ---------  --------  ----------  --------------  -------------------
/opt/airflow/dags/main.py                           2           0  0.46s           2026-05-26T11:55:50
================================================================================
[2026-05-26T11:56:33.190+0000] {manager.py:878} INFO - 
================================================================================
DAG File Processing Stats

File Path                  PID    Runtime      # DAGs    # Errors  Last Runtime    Last Run
-------------------------  -----  ---------  --------  ----------  --------------  -------------------
/opt/airflow/dags/main.py                           2           0  0.43s           2026-05-26T11:56:21
================================================================================
[2026-05-26T11:57:03.515+0000] {manager.py:878} INFO - 
================================================================================
DAG File Processing Stats

File Path                  PID    Runtime      # DAGs    # Errors  Last Runtime    Last Run
-------------------------  -----  ---------  --------  ----------  --------------  -------------------
/opt/airflow/dags/main.py                           2           0  0.49s           2026-05-26T11:56:51
================================================================================
[2026-05-26T11:57:33.757+0000] {manager.py:878} INFO - 
================================================================================
DAG File Processing Stats

File Path                  PID    Runtime      # DAGs    # Errors  Last Runtime    Last Run
-------------------------  -----  ---------  --------  ----------  --------------  -------------------
/opt/airflow/dags/main.py                           2           0  0.44s           2026-05-26T11:57:22
================================================================================
[2026-05-26T11:58:04.672+0000] {manager.py:878} INFO - 
================================================================================
DAG File Processing Stats

File Path                  PID    Runtime      # DAGs    # Errors  Last Runtime    Last Run
-------------------------  -----  ---------  --------  ----------  --------------  -------------------
/opt/airflow/dags/main.py                           2           0  0.52s           2026-05-26T11:57:53
================================================================================
[2026-05-26T11:58:26.006+0000] {manager.py:737} INFO - Searching for files in /opt/airflow/dags
[2026-05-26T11:58:26.321+0000] {manager.py:740} INFO - There are 1 files in /opt/airflow/dags
[2026-05-26T11:58:35.453+0000] {manager.py:878} INFO - 
================================================================================
DAG File Processing Stats

File Path                  PID    Runtime      # DAGs    # Errors  Last Runtime    Last Run
-------------------------  -----  ---------  --------  ----------  --------------  -------------------
/opt/airflow/dags/main.py                           2           0  0.49s           2026-05-26T11:58:24
================================================================================
[2026-05-26T11:59:05.928+0000] {manager.py:878} INFO - 
================================================================================
DAG File Processing Stats

File Path                  PID    Runtime      # DAGs    # Errors  Last Runtime    Last Run
-------------------------  -----  ---------  --------  ----------  --------------  -------------------
/opt/airflow/dags/main.py                           2           0  0.50s           2026-05-26T11:58:55
================================================================================
[2026-05-26T11:59:36.030+0000] {manager.py:878} INFO - 
================================================================================
DAG File Processing Stats

File Path                  PID    Runtime      # DAGs    # Errors  Last Runtime    Last Run
-------------------------  -----  ---------  --------  ----------  --------------  -------------------
/opt/airflow/dags/main.py                           2           0  0.36s           2026-05-26T11:59:25
================================================================================
[2026-05-26T12:00:06.391+0000] {manager.py:878} INFO - 
================================================================================
DAG File Processing Stats

File Path                  PID    Runtime      # DAGs    # Errors  Last Runtime    Last Run
-------------------------  -----  ---------  --------  ----------  --------------  -------------------
/opt/airflow/dags/main.py                           2           0  0.46s           2026-05-26T11:59:56
================================================================================
[2026-05-26T12:00:36.692+0000] {manager.py:878} INFO - 
================================================================================
DAG File Processing Stats

File Path                  PID    Runtime      # DAGs    # Errors  Last Runtime    Last Run
-------------------------  -----  ---------  --------  ----------  --------------  -------------------
/opt/airflow/dags/main.py                           2           0  0.47s           2026-05-26T12:00:27
================================================================================
[2026-05-26T12:01:07.000+0000] {manager.py:878} INFO - 
================================================================================
DAG File Processing Stats

File Path                  PID    Runtime      # DAGs    # Errors  Last Runtime    Last Run
-------------------------  -----  ---------  --------  ----------  --------------  -------------------
/opt/airflow/dags/main.py                           2           0  0.43s           2026-05-26T12:00:58
================================================================================
[2026-05-26T12:01:37.338+0000] {manager.py:878} INFO - 
================================================================================
DAG File Processing Stats

File Path                  PID    Runtime      # DAGs    # Errors  Last Runtime    Last Run
-------------------------  -----  ---------  --------  ----------  --------------  -------------------
/opt/airflow/dags/main.py                           2           0  0.48s           2026-05-26T12:01:29
================================================================================
[2026-05-26T12:02:07.676+0000] {manager.py:878} INFO - 
================================================================================
DAG File Processing Stats

File Path                  PID    Runtime      # DAGs    # Errors  Last Runtime    Last Run
-------------------------  -----  ---------  --------  ----------  --------------  -------------------
/opt/airflow/dags/main.py                           2           0  0.38s           2026-05-26T12:01:59
================================================================================
[2026-05-26T12:02:37.732+0000] {manager.py:878} INFO - 
================================================================================
DAG File Processing Stats

File Path                  PID    Runtime      # DAGs    # Errors  Last Runtime    Last Run
-------------------------  -----  ---------  --------  ----------  --------------  -------------------
/opt/airflow/dags/main.py                           2           0  0.41s           2026-05-26T12:02:30
================================================================================
[2026-05-26T12:03:08.118+0000] {manager.py:878} INFO - 
================================================================================
DAG File Processing Stats

File Path                  PID    Runtime      # DAGs    # Errors  Last Runtime    Last Run
-------------------------  -----  ---------  --------  ----------  --------------  -------------------
/opt/airflow/dags/main.py                           2           0  0.61s           2026-05-26T12:03:01
================================================================================
[2026-05-26T12:03:26.278+0000] {manager.py:737} INFO - Searching for files in /opt/airflow/dags
[2026-05-26T12:03:26.576+0000] {manager.py:740} INFO - There are 1 files in /opt/airflow/dags
[2026-05-26T12:03:38.177+0000] {manager.py:878} INFO - 
================================================================================
DAG File Processing Stats

File Path                  PID    Runtime      # DAGs    # Errors  Last Runtime    Last Run
-------------------------  -----  ---------  --------  ----------  --------------  -------------------
/opt/airflow/dags/main.py                           2           0  0.42s           2026-05-26T12:03:32
================================================================================
[2026-05-26T12:04:08.544+0000] {manager.py:878} INFO - 
================================================================================
DAG File Processing Stats

File Path                  PID    Runtime      # DAGs    # Errors  Last Runtime    Last Run
-------------------------  -----  ---------  --------  ----------  --------------  -------------------
/opt/airflow/dags/main.py                           2           0  0.56s           2026-05-26T12:04:02
================================================================================
[2026-05-26T12:04:38.912+0000] {manager.py:878} INFO - 
================================================================================
DAG File Processing Stats

File Path                  PID    Runtime      # DAGs    # Errors  Last Runtime    Last Run
-------------------------  -----  ---------  --------  ----------  --------------  -------------------
/opt/airflow/dags/main.py                           2           0  0.54s           2026-05-26T12:04:33
================================================================================
[2026-05-26T12:05:09.183+0000] {manager.py:878} INFO - 
================================================================================
DAG File Processing Stats

File Path                  PID    Runtime      # DAGs    # Errors  Last Runtime    Last Run
-------------------------  -----  ---------  --------  ----------  --------------  -------------------
/opt/airflow/dags/main.py                           2           0  0.37s           2026-05-26T12:05:04
================================================================================
[2026-05-26T12:05:39.461+0000] {manager.py:878} INFO - 
================================================================================
DAG File Processing Stats

File Path                  PID    Runtime      # DAGs    # Errors  Last Runtime    Last Run
-------------------------  -----  ---------  --------  ----------  --------------  -------------------
/opt/airflow/dags/main.py                           2           0  0.63s           2026-05-26T12:05:35
================================================================================
[2026-05-26T12:06:09.822+0000] {manager.py:878} INFO - 
================================================================================
DAG File Processing Stats

File Path                  PID    Runtime      # DAGs    # Errors  Last Runtime    Last Run
-------------------------  -----  ---------  --------  ----------  --------------  -------------------
/opt/airflow/dags/main.py                           2           0  0.45s           2026-05-26T12:06:06
================================================================================
[2026-05-26T12:06:40.113+0000] {manager.py:878} INFO - 
================================================================================
DAG File Processing Stats

File Path                  PID    Runtime      # DAGs    # Errors  Last Runtime    Last Run
-------------------------  -----  ---------  --------  ----------  --------------  -------------------
/opt/airflow/dags/main.py                           2           0  0.51s           2026-05-26T12:06:37
================================================================================
[2026-05-26T12:07:11.012+0000] {manager.py:878} INFO - 
================================================================================
DAG File Processing Stats

File Path                  PID    Runtime      # DAGs    # Errors  Last Runtime    Last Run
-------------------------  -----  ---------  --------  ----------  --------------  -------------------
/opt/airflow/dags/main.py                           2           0  0.57s           2026-05-26T12:07:07
================================================================================
[2026-05-26T12:07:41.450+0000] {manager.py:878} INFO - 
================================================================================
DAG File Processing Stats

File Path                  PID    Runtime      # DAGs    # Errors  Last Runtime    Last Run
-------------------------  -----  ---------  --------  ----------  --------------  -------------------
/opt/airflow/dags/main.py                           2           0  0.36s           2026-05-26T12:07:38
================================================================================
[2026-05-26T12:08:12.160+0000] {manager.py:878} INFO - 
================================================================================
DAG File Processing Stats

File Path                  PID    Runtime      # DAGs    # Errors  Last Runtime    Last Run
-------------------------  -----  ---------  --------  ----------  --------------  -------------------
/opt/airflow/dags/main.py                           2           0  0.62s           2026-05-26T12:08:09
================================================================================
[2026-05-26T12:08:26.335+0000] {manager.py:737} INFO - Searching for files in /opt/airflow/dags
[2026-05-26T12:08:26.923+0000] {manager.py:740} INFO - There are 1 files in /opt/airflow/dags
[2026-05-26T12:08:42.225+0000] {manager.py:878} INFO - 
================================================================================
DAG File Processing Stats

File Path                  PID    Runtime      # DAGs    # Errors  Last Runtime    Last Run
-------------------------  -----  ---------  --------  ----------  --------------  -------------------
/opt/airflow/dags/main.py                           2           0  0.50s           2026-05-26T12:08:40
================================================================================
[2026-05-26T12:09:12.518+0000] {manager.py:878} INFO - 
================================================================================
DAG File Processing Stats

File Path                  PID    Runtime      # DAGs    # Errors  Last Runtime    Last Run
-------------------------  -----  ---------  --------  ----------  --------------  -------------------
/opt/airflow/dags/main.py                           2           0  0.44s           2026-05-26T12:09:11
================================================================================
[2026-05-26T12:09:43.371+0000] {manager.py:878} INFO - 
================================================================================
DAG File Processing Stats

File Path                  PID    Runtime      # DAGs    # Errors  Last Runtime    Last Run
-------------------------  -----  ---------  --------  ----------  --------------  -------------------
/opt/airflow/dags/main.py                           2           0  0.53s           2026-05-26T12:09:42
================================================================================
[2026-05-26T12:10:13.756+0000] {manager.py:878} INFO - 
================================================================================
DAG File Processing Stats

File Path                  PID    Runtime      # DAGs    # Errors  Last Runtime    Last Run
-------------------------  -----  ---------  --------  ----------  --------------  -------------------
/opt/airflow/dags/main.py                           2           0  0.47s           2026-05-26T12:10:13
================================================================================
[2026-05-26T12:10:43.995+0000] {manager.py:878} INFO - 
================================================================================
DAG File Processing Stats

File Path                  PID    Runtime      # DAGs    # Errors  Last Runtime    Last Run
-------------------------  -----  ---------  --------  ----------  --------------  -------------------
/opt/airflow/dags/main.py                           2           0  0.45s           2026-05-26T12:10:43
================================================================================
[2026-05-26T12:11:14.418+0000] {manager.py:878} INFO - 
================================================================================
DAG File Processing Stats

File Path                    PID  Runtime      # DAGs    # Errors  Last Runtime    Last Run
-------------------------  -----  ---------  --------  ----------  --------------  -------------------
/opt/airflow/dags/main.py   1173  0.02s             2           0  0.45s           2026-05-26T12:10:43
================================================================================
[2026-05-26T12:11:45.350+0000] {manager.py:878} INFO - 
================================================================================
DAG File Processing Stats

File Path                    PID  Runtime      # DAGs    # Errors  Last Runtime    Last Run
-------------------------  -----  ---------  --------  ----------  --------------  -------------------
/opt/airflow/dags/main.py   1180  0.01s             2           0  0.56s           2026-05-26T12:11:14
================================================================================
[2026-05-26T12:12:15.803+0000] {manager.py:878} INFO - 
================================================================================
DAG File Processing Stats

File Path                    PID  Runtime      # DAGs    # Errors  Last Runtime    Last Run
-------------------------  -----  ---------  --------  ----------  --------------  -------------------
/opt/airflow/dags/main.py   1187  0.01s             2           0  0.40s           2026-05-26T12:11:45
================================================================================
[2026-05-26T12:12:46.469+0000] {manager.py:878} INFO - 
================================================================================
DAG File Processing Stats

File Path                    PID  Runtime      # DAGs    # Errors  Last Runtime    Last Run
-------------------------  -----  ---------  --------  ----------  --------------  -------------------
/opt/airflow/dags/main.py   1194  0.01s             2           0  0.51s           2026-05-26T12:12:16
================================================================================
[2026-05-26T12:13:16.945+0000] {manager.py:878} INFO - 
================================================================================
DAG File Processing Stats

File Path                    PID  Runtime      # DAGs    # Errors  Last Runtime    Last Run
-------------------------  -----  ---------  --------  ----------  --------------  -------------------
/opt/airflow/dags/main.py   1201  0.01s             2           0  0.44s           2026-05-26T12:12:46
================================================================================
[2026-05-26T12:13:26.382+0000] {manager.py:737} INFO - Searching for files in /opt/airflow/dags
[2026-05-26T12:13:26.755+0000] {manager.py:740} INFO - There are 1 files in /opt/airflow/dags
[2026-05-26T12:13:47.004+0000] {manager.py:878} INFO - 
================================================================================
DAG File Processing Stats

File Path                  PID    Runtime      # DAGs    # Errors  Last Runtime    Last Run
-------------------------  -----  ---------  --------  ----------  --------------  -------------------
/opt/airflow/dags/main.py                           2           0  0.36s           2026-05-26T12:13:17
================================================================================
[2026-05-26T12:14:17.317+0000] {manager.py:878} INFO - 
================================================================================
DAG File Processing Stats

File Path                  PID    Runtime      # DAGs    # Errors  Last Runtime    Last Run
-------------------------  -----  ---------  --------  ----------  --------------  -------------------
/opt/airflow/dags/main.py                           2           0  0.47s           2026-05-26T12:13:48
================================================================================
[2026-05-26T12:14:47.672+0000] {manager.py:878} INFO - 
================================================================================
DAG File Processing Stats

File Path                  PID    Runtime      # DAGs    # Errors  Last Runtime    Last Run
-------------------------  -----  ---------  --------  ----------  --------------  -------------------
/opt/airflow/dags/main.py                           2           0  0.46s           2026-05-26T12:14:18
================================================================================
[2026-05-26T12:15:17.970+0000] {manager.py:878} INFO - 
================================================================================
DAG File Processing Stats

File Path                  PID    Runtime      # DAGs    # Errors  Last Runtime    Last Run
-------------------------  -----  ---------  --------  ----------  --------------  -------------------
/opt/airflow/dags/main.py                           2           0  0.52s           2026-05-26T12:14:49
================================================================================
[2026-05-26T12:15:48.816+0000] {manager.py:878} INFO - 
================================================================================
DAG File Processing Stats

File Path                  PID    Runtime      # DAGs    # Errors  Last Runtime    Last Run
-------------------------  -----  ---------  --------  ----------  --------------  -------------------
/opt/airflow/dags/main.py                           2           0  0.46s           2026-05-26T12:15:20
================================================================================
[2026-05-26T12:16:19.206+0000] {manager.py:878} INFO - 
================================================================================
DAG File Processing Stats

File Path                  PID    Runtime      # DAGs    # Errors  Last Runtime    Last Run
-------------------------  -----  ---------  --------  ----------  --------------  -------------------
/opt/airflow/dags/main.py                           2           0  0.38s           2026-05-26T12:15:51
================================================================================
[2026-05-26T12:16:49.848+0000] {manager.py:878} INFO - 
================================================================================
DAG File Processing Stats

File Path                  PID    Runtime      # DAGs    # Errors  Last Runtime    Last Run
-------------------------  -----  ---------  --------  ----------  --------------  -------------------
/opt/airflow/dags/main.py                           2           0  0.45s           2026-05-26T12:16:21
================================================================================
[2026-05-26T12:17:20.249+0000] {manager.py:878} INFO - 
================================================================================
DAG File Processing Stats

File Path                  PID    Runtime      # DAGs    # Errors  Last Runtime    Last Run
-------------------------  -----  ---------  --------  ----------  --------------  -------------------
/opt/airflow/dags/main.py                           2           0  0.46s           2026-05-26T12:16:52
================================================================================
[2026-05-26T12:17:50.366+0000] {manager.py:878} INFO - 
================================================================================
DAG File Processing Stats

File Path                  PID    Runtime      # DAGs    # Errors  Last Runtime    Last Run
-------------------------  -----  ---------  --------  ----------  --------------  -------------------
/opt/airflow/dags/main.py                           2           0  0.43s           2026-05-26T12:17:23
================================================================================
[2026-05-26T12:18:20.727+0000] {manager.py:878} INFO - 
================================================================================
DAG File Processing Stats

File Path                  PID    Runtime      # DAGs    # Errors  Last Runtime    Last Run
-------------------------  -----  ---------  --------  ----------  --------------  -------------------
/opt/airflow/dags/main.py                           2           0  0.44s           2026-05-26T12:17:53
================================================================================
[2026-05-26T12:18:26.797+0000] {manager.py:737} INFO - Searching for files in /opt/airflow/dags
[2026-05-26T12:18:27.300+0000] {manager.py:740} INFO - There are 1 files in /opt/airflow/dags
[2026-05-26T12:18:51.596+0000] {manager.py:878} INFO - 
================================================================================
DAG File Processing Stats

File Path                  PID    Runtime      # DAGs    # Errors  Last Runtime    Last Run
-------------------------  -----  ---------  --------  ----------  --------------  -------------------
/opt/airflow/dags/main.py                           2           0  0.59s           2026-05-26T12:18:24
================================================================================
[2026-05-26T12:19:21.967+0000] {manager.py:878} INFO - 
================================================================================
DAG File Processing Stats

File Path                  PID    Runtime      # DAGs    # Errors  Last Runtime    Last Run
-------------------------  -----  ---------  --------  ----------  --------------  -------------------
/opt/airflow/dags/main.py                           2           0  0.42s           2026-05-26T12:18:56
================================================================================
[2026-05-26T12:19:52.310+0000] {manager.py:878} INFO - 
================================================================================
DAG File Processing Stats

File Path                  PID    Runtime      # DAGs    # Errors  Last Runtime    Last Run
-------------------------  -----  ---------  --------  ----------  --------------  -------------------
/opt/airflow/dags/main.py                           2           0  0.55s           2026-05-26T12:19:27
================================================================================
[2026-05-26T12:20:23.129+0000] {manager.py:878} INFO - 
================================================================================
DAG File Processing Stats

File Path                  PID    Runtime      # DAGs    # Errors  Last Runtime    Last Run
-------------------------  -----  ---------  --------  ----------  --------------  -------------------
/opt/airflow/dags/main.py                           2           0  0.59s           2026-05-26T12:19:58
================================================================================
[2026-05-26T12:20:53.654+0000] {manager.py:878} INFO - 
================================================================================
DAG File Processing Stats

File Path                  PID    Runtime      # DAGs    # Errors  Last Runtime    Last Run
-------------------------  -----  ---------  --------  ----------  --------------  -------------------
/opt/airflow/dags/main.py                           2           0  0.56s           2026-05-26T12:20:28
================================================================================
[2026-05-26T12:21:23.978+0000] {manager.py:878} INFO - 
================================================================================
DAG File Processing Stats

File Path                  PID    Runtime      # DAGs    # Errors  Last Runtime    Last Run
-------------------------  -----  ---------  --------  ----------  --------------  -------------------
/opt/airflow/dags/main.py                           2           0  0.50s           2026-05-26T12:20:59
================================================================================
[2026-05-26T12:21:54.357+0000] {manager.py:878} INFO - 
================================================================================
DAG File Processing Stats

File Path                  PID    Runtime      # DAGs    # Errors  Last Runtime    Last Run
-------------------------  -----  ---------  --------  ----------  --------------  -------------------
/opt/airflow/dags/main.py                           2           0  0.42s           2026-05-26T12:21:30
================================================================================
[2026-05-26T12:22:24.739+0000] {manager.py:878} INFO - 
================================================================================
DAG File Processing Stats

File Path                  PID    Runtime      # DAGs    # Errors  Last Runtime    Last Run
-------------------------  -----  ---------  --------  ----------  --------------  -------------------
/opt/airflow/dags/main.py                           2           0  0.56s           2026-05-26T12:22:01
================================================================================
[2026-05-26T12:22:55.583+0000] {manager.py:878} INFO - 
================================================================================
DAG File Processing Stats

File Path                  PID    Runtime      # DAGs    # Errors  Last Runtime    Last Run
-------------------------  -----  ---------  --------  ----------  --------------  -------------------
/opt/airflow/dags/main.py                           2           0  0.59s           2026-05-26T12:22:32
================================================================================
[2026-05-26T12:23:26.093+0000] {manager.py:878} INFO - 
================================================================================
DAG File Processing Stats

File Path                  PID    Runtime      # DAGs    # Errors  Last Runtime    Last Run
-------------------------  -----  ---------  --------  ----------  --------------  -------------------
/opt/airflow/dags/main.py                           2           0  0.56s           2026-05-26T12:23:03
================================================================================
[2026-05-26T12:23:27.109+0000] {manager.py:737} INFO - Searching for files in /opt/airflow/dags
[2026-05-26T12:23:27.589+0000] {manager.py:740} INFO - There are 1 files in /opt/airflow/dags
[2026-05-26T12:23:56.407+0000] {manager.py:878} INFO - 
================================================================================
DAG File Processing Stats

File Path                  PID    Runtime      # DAGs    # Errors  Last Runtime    Last Run
-------------------------  -----  ---------  --------  ----------  --------------  -------------------
/opt/airflow/dags/main.py                           2           0  0.44s           2026-05-26T12:23:34
================================================================================
[2026-05-26T12:24:26.806+0000] {manager.py:878} INFO - 
================================================================================
DAG File Processing Stats

File Path                  PID    Runtime      # DAGs    # Errors  Last Runtime    Last Run
-------------------------  -----  ---------  --------  ----------  --------------  -------------------
/opt/airflow/dags/main.py                           2           0  0.35s           2026-05-26T12:24:04
================================================================================
[2026-05-26T15:07:24.130+0000] {manager.py:737} INFO - Searching for files in /opt/airflow/dags
[2026-05-26T15:07:25.008+0000] {manager.py:740} INFO - There are 1 files in /opt/airflow/dags
[2026-05-26T15:07:39.285+0000] {manager.py:878} INFO - 
================================================================================
DAG File Processing Stats

File Path                  PID    Runtime      # DAGs    # Errors  Last Runtime    Last Run
-------------------------  -----  ---------  --------  ----------  --------------  -------------------
/opt/airflow/dags/main.py                           2           0  1.61s           2026-05-26T15:07:26
================================================================================
[2026-05-26T15:08:09.298+0000] {manager.py:878} INFO - 
================================================================================
DAG File Processing Stats

File Path                  PID    Runtime      # DAGs    # Errors  Last Runtime    Last Run
-------------------------  -----  ---------  --------  ----------  --------------  -------------------
/opt/airflow/dags/main.py                           2           0  0.33s           2026-05-26T15:07:57
================================================================================
[2026-05-26T15:08:39.476+0000] {manager.py:878} INFO - 
================================================================================
DAG File Processing Stats

File Path                  PID    Runtime      # DAGs    # Errors  Last Runtime    Last Run
-------------------------  -----  ---------  --------  ----------  --------------  -------------------
/opt/airflow/dags/main.py                           2           0  0.33s           2026-05-26T15:08:27
================================================================================
[2026-05-26T15:09:09.519+0000] {manager.py:878} INFO - 
================================================================================
DAG File Processing Stats

File Path                  PID    Runtime      # DAGs    # Errors  Last Runtime    Last Run
-------------------------  -----  ---------  --------  ----------  --------------  -------------------
/opt/airflow/dags/main.py                           2           0  0.43s           2026-05-26T15:08:58
================================================================================
[2026-05-26T15:09:39.889+0000] {manager.py:878} INFO - 
================================================================================
DAG File Processing Stats

File Path                  PID    Runtime      # DAGs    # Errors  Last Runtime    Last Run
-------------------------  -----  ---------  --------  ----------  --------------  -------------------
/opt/airflow/dags/main.py                           2           0  0.30s           2026-05-26T15:09:29
================================================================================
[2026-05-26T15:10:10.480+0000] {manager.py:878} INFO - 
================================================================================
DAG File Processing Stats

File Path                  PID    Runtime      # DAGs    # Errors  Last Runtime    Last Run
-------------------------  -----  ---------  --------  ----------  --------------  -------------------
/opt/airflow/dags/main.py                           2           0  0.49s           2026-05-26T15:09:59
================================================================================
[2026-05-26T15:10:41.093+0000] {manager.py:878} INFO - 
================================================================================
DAG File Processing Stats

File Path                  PID    Runtime      # DAGs    # Errors  Last Runtime    Last Run
-------------------------  -----  ---------  --------  ----------  --------------  -------------------
/opt/airflow/dags/main.py                           2           0  0.58s           2026-05-26T15:10:30
================================================================================
[2026-05-26T15:11:11.737+0000] {manager.py:878} INFO - 
================================================================================
DAG File Processing Stats

File Path                  PID    Runtime      # DAGs    # Errors  Last Runtime    Last Run
-------------------------  -----  ---------  --------  ----------  --------------  -------------------
/opt/airflow/dags/main.py                           2           0  0.54s           2026-05-26T15:11:00
================================================================================
[2026-05-26T15:11:41.751+0000] {manager.py:878} INFO - 
================================================================================
DAG File Processing Stats

File Path                  PID    Runtime      # DAGs    # Errors  Last Runtime    Last Run
-------------------------  -----  ---------  --------  ----------  --------------  -------------------
/opt/airflow/dags/main.py                           2           0  0.61s           2026-05-26T15:11:31
================================================================================
[2026-05-26T15:12:12.148+0000] {manager.py:878} INFO - 
================================================================================
DAG File Processing Stats

File Path                  PID    Runtime      # DAGs    # Errors  Last Runtime    Last Run
-------------------------  -----  ---------  --------  ----------  --------------  -------------------
/opt/airflow/dags/main.py                           2           0  0.62s           2026-05-26T15:12:02
================================================================================
[2026-05-26T15:12:24.288+0000] {manager.py:737} INFO - Searching for files in /opt/airflow/dags
[2026-05-26T15:12:24.546+0000] {manager.py:740} INFO - There are 1 files in /opt/airflow/dags
[2026-05-26T15:12:42.361+0000] {manager.py:878} INFO - 
================================================================================
DAG File Processing Stats

File Path                  PID    Runtime      # DAGs    # Errors  Last Runtime    Last Run
-------------------------  -----  ---------  --------  ----------  --------------  -------------------
/opt/airflow/dags/main.py                           2           0  0.52s           2026-05-26T15:12:33
================================================================================
[2026-05-26T15:13:12.446+0000] {manager.py:878} INFO - 
================================================================================
DAG File Processing Stats

File Path                  PID    Runtime      # DAGs    # Errors  Last Runtime    Last Run
-------------------------  -----  ---------  --------  ----------  --------------  -------------------
/opt/airflow/dags/main.py                           2           0  0.69s           2026-05-26T15:13:04
================================================================================
[2026-05-26T15:13:42.809+0000] {manager.py:878} INFO - 
================================================================================
DAG File Processing Stats

File Path                  PID    Runtime      # DAGs    # Errors  Last Runtime    Last Run
-------------------------  -----  ---------  --------  ----------  --------------  -------------------
/opt/airflow/dags/main.py                           2           0  0.51s           2026-05-26T15:13:35
================================================================================
[2026-05-26T15:14:13.512+0000] {manager.py:878} INFO - 
================================================================================
DAG File Processing Stats

File Path                  PID    Runtime      # DAGs    # Errors  Last Runtime    Last Run
-------------------------  -----  ---------  --------  ----------  --------------  -------------------
/opt/airflow/dags/main.py                           2           0  0.55s           2026-05-26T15:14:05
================================================================================
[2026-05-26T15:14:44.148+0000] {manager.py:878} INFO - 
================================================================================
DAG File Processing Stats

File Path                  PID    Runtime      # DAGs    # Errors  Last Runtime    Last Run
-------------------------  -----  ---------  --------  ----------  --------------  -------------------
/opt/airflow/dags/main.py                           2           0  0.41s           2026-05-26T15:14:36
================================================================================
[2026-05-26T15:15:14.679+0000] {manager.py:878} INFO - 
================================================================================
DAG File Processing Stats

File Path                  PID    Runtime      # DAGs    # Errors  Last Runtime    Last Run
-------------------------  -----  ---------  --------  ----------  --------------  -------------------
/opt/airflow/dags/main.py                           2           0  0.35s           2026-05-26T15:15:06
================================================================================
[2026-05-26T15:15:45.228+0000] {manager.py:878} INFO - 
================================================================================
DAG File Processing Stats

File Path                  PID    Runtime      # DAGs    # Errors  Last Runtime    Last Run
-------------------------  -----  ---------  --------  ----------  --------------  -------------------
/opt/airflow/dags/main.py                           2           0  0.56s           2026-05-26T15:15:37
================================================================================
[2026-05-26T15:16:15.574+0000] {manager.py:878} INFO - 
================================================================================
DAG File Processing Stats

File Path                  PID    Runtime      # DAGs    # Errors  Last Runtime    Last Run
-------------------------  -----  ---------  --------  ----------  --------------  -------------------
/opt/airflow/dags/main.py                           2           0  0.50s           2026-05-26T15:16:08
================================================================================
[2026-05-26T15:16:45.061+0000] {manager.py:452} INFO - Exiting gracefully upon receiving signal 15
[2026-05-26T15:27:49.013+0000] {manager.py:470} INFO - Processing files using up to 2 processes at a time 
[2026-05-26T15:27:49.015+0000] {manager.py:471} INFO - Process each file at most once every 30 seconds
[2026-05-26T15:27:49.017+0000] {manager.py:472} INFO - Checking for new files in /opt/airflow/dags every 300 seconds
[2026-05-26T15:27:49.019+0000] {manager.py:737} INFO - Searching for files in /opt/airflow/dags
[2026-05-26T15:27:49.234+0000] {manager.py:740} INFO - There are 1 files in /opt/airflow/dags
[2026-05-26T15:27:49.412+0000] {manager.py:878} INFO - 
================================================================================
DAG File Processing Stats

File Path                    PID  Runtime      # DAGs    # Errors  Last Runtime    Last Run
-------------------------  -----  ---------  --------  ----------  --------------  ----------
/opt/airflow/dags/main.py     59  0.09s             0           0
================================================================================
[2026-05-26T15:28:19.438+0000] {manager.py:878} INFO - 
================================================================================
DAG File Processing Stats

File Path                  PID    Runtime      # DAGs    # Errors  Last Runtime    Last Run
-------------------------  -----  ---------  --------  ----------  --------------  -------------------
/opt/airflow/dags/main.py                           2           0  0.85s           2026-05-26T15:27:50
================================================================================
[2026-05-26T15:28:49.989+0000] {manager.py:878} INFO - 
================================================================================
DAG File Processing Stats

File Path                  PID    Runtime      # DAGs    # Errors  Last Runtime    Last Run
-------------------------  -----  ---------  --------  ----------  --------------  -------------------
/opt/airflow/dags/main.py                           2           0  0.54s           2026-05-26T15:28:21
================================================================================
[2026-05-26T15:29:20.209+0000] {manager.py:878} INFO - 
================================================================================
DAG File Processing Stats

File Path                  PID    Runtime      # DAGs    # Errors  Last Runtime    Last Run
-------------------------  -----  ---------  --------  ----------  --------------  -------------------
/opt/airflow/dags/main.py                           2           0  0.47s           2026-05-26T15:28:51
================================================================================
[2026-05-26T15:29:51.065+0000] {manager.py:878} INFO - 
================================================================================
DAG File Processing Stats

File Path                  PID    Runtime      # DAGs    # Errors  Last Runtime    Last Run
-------------------------  -----  ---------  --------  ----------  --------------  -------------------
/opt/airflow/dags/main.py                           2           0  0.56s           2026-05-26T15:29:22
================================================================================
[2026-05-26T15:32:01.562+0000] {manager.py:470} INFO - Processing files using up to 2 processes at a time 
[2026-05-26T15:32:01.564+0000] {manager.py:471} INFO - Process each file at most once every 30 seconds
[2026-05-26T15:32:01.566+0000] {manager.py:472} INFO - Checking for new files in /opt/airflow/dags every 300 seconds
[2026-05-26T15:32:01.568+0000] {manager.py:737} INFO - Searching for files in /opt/airflow/dags
[2026-05-26T15:32:01.971+0000] {manager.py:740} INFO - There are 1 files in /opt/airflow/dags
[2026-05-26T15:32:02.118+0000] {manager.py:878} INFO - 
================================================================================
DAG File Processing Stats

File Path                    PID  Runtime      # DAGs    # Errors  Last Runtime    Last Run
-------------------------  -----  ---------  --------  ----------  --------------  ----------
/opt/airflow/dags/main.py     64  0.07s             0           0
================================================================================
[2026-05-26T15:32:32.420+0000] {manager.py:878} INFO - 
================================================================================
DAG File Processing Stats

File Path                  PID    Runtime      # DAGs    # Errors  Last Runtime    Last Run
-------------------------  -----  ---------  --------  ----------  --------------  -------------------
/opt/airflow/dags/main.py                           2           0  0.47s           2026-05-26T15:32:02
================================================================================
[2026-05-26T15:33:02.552+0000] {manager.py:878} INFO - 
================================================================================
DAG File Processing Stats

File Path                  PID    Runtime      # DAGs    # Errors  Last Runtime    Last Run
-------------------------  -----  ---------  --------  ----------  --------------  -------------------
/opt/airflow/dags/main.py                           2           0  0.40s           2026-05-26T15:32:33
================================================================================
[2026-05-26T15:33:32.921+0000] {manager.py:878} INFO - 
================================================================================
DAG File Processing Stats

File Path                  PID    Runtime      # DAGs    # Errors  Last Runtime    Last Run
-------------------------  -----  ---------  --------  ----------  --------------  -------------------
/opt/airflow/dags/main.py                           2           0  0.52s           2026-05-26T15:33:04
================================================================================
[2026-05-26T15:34:03.098+0000] {manager.py:878} INFO - 
================================================================================
DAG File Processing Stats

File Path                  PID    Runtime      # DAGs    # Errors  Last Runtime    Last Run
-------------------------  -----  ---------  --------  ----------  --------------  -------------------
/opt/airflow/dags/main.py                           2           0  0.40s           2026-05-26T15:33:34
================================================================================
[2026-05-26T15:34:33.364+0000] {manager.py:878} INFO - 
================================================================================
DAG File Processing Stats

File Path                  PID    Runtime      # DAGs    # Errors  Last Runtime    Last Run
-------------------------  -----  ---------  --------  ----------  --------------  -------------------
/opt/airflow/dags/main.py                           2           0  0.51s           2026-05-26T15:34:05
================================================================================
[2026-05-26T15:35:03.680+0000] {manager.py:878} INFO - 
================================================================================
DAG File Processing Stats

File Path                  PID    Runtime      # DAGs    # Errors  Last Runtime    Last Run
-------------------------  -----  ---------  --------  ----------  --------------  -------------------
/opt/airflow/dags/main.py                           2           0  0.45s           2026-05-26T15:34:36
================================================================================
[2026-05-26T15:35:34.042+0000] {manager.py:878} INFO - 
================================================================================
DAG File Processing Stats

File Path                  PID    Runtime      # DAGs    # Errors  Last Runtime    Last Run
-------------------------  -----  ---------  --------  ----------  --------------  -------------------
/opt/airflow/dags/main.py                           2           0  0.52s           2026-05-26T15:35:07
================================================================================
[2026-05-26T15:36:04.400+0000] {manager.py:878} INFO - 
================================================================================
DAG File Processing Stats

File Path                  PID    Runtime      # DAGs    # Errors  Last Runtime    Last Run
-------------------------  -----  ---------  --------  ----------  --------------  -------------------
/opt/airflow/dags/main.py                           2           0  0.57s           2026-05-26T15:35:38
================================================================================
[2026-05-26T15:56:07.276+0000] {manager.py:878} INFO - 
================================================================================
DAG File Processing Stats

File Path                    PID  Runtime      # DAGs    # Errors  Last Runtime    Last Run
-------------------------  -----  ---------  --------  ----------  --------------  -------------------
/opt/airflow/dags/main.py    134  0.05s             2           0  0.37s           2026-05-26T15:36:08
================================================================================
[2026-05-26T15:56:07.350+0000] {manager.py:737} INFO - Searching for files in /opt/airflow/dags
[2026-05-26T15:56:07.989+0000] {manager.py:740} INFO - There are 1 files in /opt/airflow/dags
[2026-05-26T15:56:37.382+0000] {manager.py:878} INFO - 
================================================================================
DAG File Processing Stats

File Path                  PID    Runtime      # DAGs    # Errors  Last Runtime    Last Run
-------------------------  -----  ---------  --------  ----------  --------------  -------------------
/opt/airflow/dags/main.py                           2           0  1.03s           2026-05-26T15:56:08
================================================================================
[2026-05-26T15:57:07.544+0000] {manager.py:878} INFO - 
================================================================================
DAG File Processing Stats

File Path                  PID    Runtime      # DAGs    # Errors  Last Runtime    Last Run
-------------------------  -----  ---------  --------  ----------  --------------  -------------------
/opt/airflow/dags/main.py                           2           0  0.26s           2026-05-26T15:56:38
================================================================================
[2026-05-26T15:57:37.950+0000] {manager.py:878} INFO - 
================================================================================
DAG File Processing Stats

File Path                  PID    Runtime      # DAGs    # Errors  Last Runtime    Last Run
-------------------------  -----  ---------  --------  ----------  --------------  -------------------
/opt/airflow/dags/main.py                           2           0  0.25s           2026-05-26T15:57:09
================================================================================
[2026-05-26T15:59:36.210+0000] {manager.py:470} INFO - Processing files using up to 2 processes at a time 
[2026-05-26T15:59:36.211+0000] {manager.py:471} INFO - Process each file at most once every 30 seconds
[2026-05-26T15:59:36.212+0000] {manager.py:472} INFO - Checking for new files in /opt/airflow/dags every 300 seconds
[2026-05-26T15:59:36.213+0000] {manager.py:737} INFO - Searching for files in /opt/airflow/dags
[2026-05-26T15:59:36.397+0000] {manager.py:740} INFO - There are 1 files in /opt/airflow/dags
[2026-05-26T15:59:47.575+0000] {manager.py:878} INFO - 
================================================================================
DAG File Processing Stats

File Path                  PID    Runtime      # DAGs    # Errors  Last Runtime    Last Run
-------------------------  -----  ---------  --------  ----------  --------------  -------------------
/opt/airflow/dags/main.py                           2           0  0.30s           2026-05-26T15:59:36
================================================================================
[2026-05-26T16:00:18.065+0000] {manager.py:878} INFO - 
================================================================================
DAG File Processing Stats

File Path                  PID    Runtime      # DAGs    # Errors  Last Runtime    Last Run
-------------------------  -----  ---------  --------  ----------  --------------  -------------------
/opt/airflow/dags/main.py                           2           0  0.24s           2026-05-26T16:00:07
================================================================================
[2026-05-26T16:00:48.503+0000] {manager.py:878} INFO - 
================================================================================
DAG File Processing Stats

File Path                  PID    Runtime      # DAGs    # Errors  Last Runtime    Last Run
-------------------------  -----  ---------  --------  ----------  --------------  -------------------
/opt/airflow/dags/main.py                           2           0  0.22s           2026-05-26T16:00:37
================================================================================
[2026-05-26T16:01:18.794+0000] {manager.py:878} INFO - 
================================================================================
DAG File Processing Stats

File Path                  PID    Runtime      # DAGs    # Errors  Last Runtime    Last Run
-------------------------  -----  ---------  --------  ----------  --------------  -------------------
/opt/airflow/dags/main.py                           2           0  0.22s           2026-05-26T16:01:07
================================================================================
[2026-05-26T16:01:49.260+0000] {manager.py:878} INFO - 
================================================================================
DAG File Processing Stats

File Path                  PID    Runtime      # DAGs    # Errors  Last Runtime    Last Run
-------------------------  -----  ---------  --------  ----------  --------------  -------------------
/opt/airflow/dags/main.py                           2           0  0.23s           2026-05-26T16:01:38
================================================================================
[2026-05-26T16:23:22.992+0000] {manager.py:470} INFO - Processing files using up to 2 processes at a time 
[2026-05-26T16:23:22.994+0000] {manager.py:471} INFO - Process each file at most once every 30 seconds
[2026-05-26T16:23:22.996+0000] {manager.py:472} INFO - Checking for new files in /opt/airflow/dags every 300 seconds
[2026-05-26T16:23:22.998+0000] {manager.py:737} INFO - Searching for files in /opt/airflow/dags
[2026-05-26T16:23:23.371+0000] {manager.py:740} INFO - There are 1 files in /opt/airflow/dags
[2026-05-26T16:23:23.489+0000] {manager.py:878} INFO - 
================================================================================
DAG File Processing Stats

File Path                    PID  Runtime      # DAGs    # Errors  Last Runtime    Last Run
-------------------------  -----  ---------  --------  ----------  --------------  ----------
/opt/airflow/dags/main.py     52  0.06s             0           0
================================================================================
[2026-05-26T16:23:53.645+0000] {manager.py:878} INFO - 
================================================================================
DAG File Processing Stats

File Path                  PID    Runtime      # DAGs    # Errors  Last Runtime    Last Run
-------------------------  -----  ---------  --------  ----------  --------------  -------------------
/opt/airflow/dags/main.py                           2           0  1.52s           2026-05-26T16:23:24
================================================================================
[2026-05-26T16:24:24.264+0000] {manager.py:878} INFO - 
================================================================================
DAG File Processing Stats

File Path                  PID    Runtime      # DAGs    # Errors  Last Runtime    Last Run
-------------------------  -----  ---------  --------  ----------  --------------  -------------------
/opt/airflow/dags/main.py                           2           0  0.24s           2026-05-26T16:23:55
================================================================================
[2026-05-26T16:24:54.745+0000] {manager.py:878} INFO - 
================================================================================
DAG File Processing Stats

File Path                  PID    Runtime      # DAGs    # Errors  Last Runtime    Last Run
-------------------------  -----  ---------  --------  ----------  --------------  -------------------
/opt/airflow/dags/main.py                           2           0  0.23s           2026-05-26T16:24:25
================================================================================
[2026-05-26T16:25:25.309+0000] {manager.py:878} INFO - 
================================================================================
DAG File Processing Stats

File Path                  PID    Runtime      # DAGs    # Errors  Last Runtime    Last Run
-------------------------  -----  ---------  --------  ----------  --------------  -------------------
/opt/airflow/dags/main.py                           2           0  0.22s           2026-05-26T16:24:56
================================================================================
[2026-05-26T16:25:55.639+0000] {manager.py:878} INFO - 
================================================================================
DAG File Processing Stats

File Path                  PID    Runtime      # DAGs    # Errors  Last Runtime    Last Run
-------------------------  -----  ---------  --------  ----------  --------------  -------------------
/opt/airflow/dags/main.py                           2           0  0.20s           2026-05-26T16:25:26
================================================================================
[2026-05-26T16:26:26.113+0000] {manager.py:878} INFO - 
================================================================================
DAG File Processing Stats

File Path                  PID    Runtime      # DAGs    # Errors  Last Runtime    Last Run
-------------------------  -----  ---------  --------  ----------  --------------  -------------------
/opt/airflow/dags/main.py                           2           0  0.23s           2026-05-26T16:25:56
================================================================================
[2026-05-26T16:26:56.534+0000] {manager.py:878} INFO - 
================================================================================
DAG File Processing Stats

File Path                  PID    Runtime      # DAGs    # Errors  Last Runtime    Last Run
-------------------------  -----  ---------  --------  ----------  --------------  -------------------
/opt/airflow/dags/main.py                           2           0  0.20s           2026-05-26T16:26:27
================================================================================
[2026-05-26T16:27:27.002+0000] {manager.py:878} INFO - 
================================================================================
DAG File Processing Stats

File Path                  PID    Runtime      # DAGs    # Errors  Last Runtime    Last Run
-------------------------  -----  ---------  --------  ----------  --------------  -------------------
/opt/airflow/dags/main.py                           2           0  0.24s           2026-05-26T16:26:57
================================================================================
[2026-05-26T16:27:57.324+0000] {manager.py:878} INFO - 
================================================================================
DAG File Processing Stats

File Path                  PID    Runtime      # DAGs    # Errors  Last Runtime    Last Run
-------------------------  -----  ---------  --------  ----------  --------------  -------------------
/opt/airflow/dags/main.py                           2           0  0.22s           2026-05-26T16:27:28
================================================================================
[2026-05-26T16:28:23.886+0000] {manager.py:737} INFO - Searching for files in /opt/airflow/dags
[2026-05-26T16:28:24.003+0000] {manager.py:740} INFO - There are 1 files in /opt/airflow/dags
[2026-05-26T16:28:28.072+0000] {manager.py:878} INFO - 
================================================================================
DAG File Processing Stats

File Path                  PID    Runtime      # DAGs    # Errors  Last Runtime    Last Run
-------------------------  -----  ---------  --------  ----------  --------------  -------------------
/opt/airflow/dags/main.py                           2           0  0.21s           2026-05-26T16:27:58
================================================================================
[2026-05-26T16:28:58.425+0000] {manager.py:878} INFO - 
================================================================================
DAG File Processing Stats

File Path                  PID    Runtime      # DAGs    # Errors  Last Runtime    Last Run
-------------------------  -----  ---------  --------  ----------  --------------  -------------------
/opt/airflow/dags/main.py                           2           0  0.21s           2026-05-26T16:28:29
================================================================================
[2026-05-26T16:29:28.747+0000] {manager.py:878} INFO - 
================================================================================
DAG File Processing Stats

File Path                  PID    Runtime      # DAGs    # Errors  Last Runtime    Last Run
-------------------------  -----  ---------  --------  ----------  --------------  -------------------
/opt/airflow/dags/main.py                           2           0  0.21s           2026-05-26T16:28:59
================================================================================
[2026-05-26T16:29:59.252+0000] {manager.py:878} INFO - 
================================================================================
DAG File Processing Stats

File Path                  PID    Runtime      # DAGs    # Errors  Last Runtime    Last Run
-------------------------  -----  ---------  --------  ----------  --------------  -------------------
/opt/airflow/dags/main.py                           2           0  0.23s           2026-05-26T16:29:30
================================================================================
[2026-05-26T16:30:56.693+0000] {manager.py:470} INFO - Processing files using up to 2 processes at a time 
[2026-05-26T16:30:56.694+0000] {manager.py:471} INFO - Process each file at most once every 30 seconds
[2026-05-26T16:30:56.695+0000] {manager.py:472} INFO - Checking for new files in /opt/airflow/dags every 300 seconds
[2026-05-26T16:30:56.697+0000] {manager.py:737} INFO - Searching for files in /opt/airflow/dags
[2026-05-26T16:30:56.813+0000] {manager.py:740} INFO - There are 1 files in /opt/airflow/dags
[2026-05-26T16:30:56.887+0000] {manager.py:878} INFO - 
================================================================================
DAG File Processing Stats

File Path                    PID  Runtime      # DAGs    # Errors  Last Runtime    Last Run
-------------------------  -----  ---------  --------  ----------  --------------  ----------
/opt/airflow/dags/main.py     52  0.04s             0           0
================================================================================
[2026-05-26T16:31:27.094+0000] {manager.py:878} INFO - 
================================================================================
DAG File Processing Stats

File Path                  PID    Runtime      # DAGs    # Errors  Last Runtime    Last Run
-------------------------  -----  ---------  --------  ----------  --------------  -------------------
/opt/airflow/dags/main.py                           2           0  0.47s           2026-05-26T16:30:57
================================================================================
[2026-05-26T16:31:57.886+0000] {manager.py:878} INFO - 
================================================================================
DAG File Processing Stats

File Path                    PID  Runtime      # DAGs    # Errors  Last Runtime    Last Run
-------------------------  -----  ---------  --------  ----------  --------------  -------------------
/opt/airflow/dags/main.py     67  0.01s             2           0  0.22s           2026-05-26T16:31:27
================================================================================
[2026-05-26T16:32:28.316+0000] {manager.py:878} INFO - 
================================================================================
DAG File Processing Stats

File Path                    PID  Runtime      # DAGs    # Errors  Last Runtime    Last Run
-------------------------  -----  ---------  --------  ----------  --------------  -------------------
/opt/airflow/dags/main.py     74  0.01s             2           0  0.21s           2026-05-26T16:31:58
================================================================================
[2026-05-26T17:34:11.302+0000] {manager.py:737} INFO - Searching for files in /opt/airflow/dags
[2026-05-26T17:34:11.612+0000] {manager.py:740} INFO - There are 1 files in /opt/airflow/dags
[2026-05-26T17:34:15.726+0000] {manager.py:878} INFO - 
================================================================================
DAG File Processing Stats

File Path                  PID    Runtime      # DAGs    # Errors  Last Runtime    Last Run
-------------------------  -----  ---------  --------  ----------  --------------  -------------------
/opt/airflow/dags/main.py                           2           0  0.48s           2026-05-26T17:34:12
================================================================================
[2026-05-26T17:34:46.401+0000] {manager.py:878} INFO - 
================================================================================
DAG File Processing Stats

File Path                  PID    Runtime      # DAGs    # Errors  Last Runtime    Last Run
-------------------------  -----  ---------  --------  ----------  --------------  -------------------
/opt/airflow/dags/main.py                           2           0  0.31s           2026-05-26T17:34:42
================================================================================
[2026-05-26T17:35:16.901+0000] {manager.py:878} INFO - 
================================================================================
DAG File Processing Stats

File Path                  PID    Runtime      # DAGs    # Errors  Last Runtime    Last Run
-------------------------  -----  ---------  --------  ----------  --------------  -------------------
/opt/airflow/dags/main.py                           2           0  0.33s           2026-05-26T17:35:13
================================================================================
[2026-05-26T17:35:47.456+0000] {manager.py:878} INFO - 
================================================================================
DAG File Processing Stats

File Path                  PID    Runtime      # DAGs    # Errors  Last Runtime    Last Run
-------------------------  -----  ---------  --------  ----------  --------------  -------------------
/opt/airflow/dags/main.py                           2           0  0.39s           2026-05-26T17:35:43
================================================================================
[2026-05-26T17:36:17.645+0000] {manager.py:878} INFO - 
================================================================================
DAG File Processing Stats

File Path                  PID    Runtime      # DAGs    # Errors  Last Runtime    Last Run
-------------------------  -----  ---------  --------  ----------  --------------  -------------------
/opt/airflow/dags/main.py                           2           0  0.39s           2026-05-26T17:36:14
================================================================================
[2026-05-26T17:36:48.047+0000] {manager.py:878} INFO - 
================================================================================
DAG File Processing Stats

File Path                  PID    Runtime      # DAGs    # Errors  Last Runtime    Last Run
-------------------------  -----  ---------  --------  ----------  --------------  -------------------
/opt/airflow/dags/main.py                           2           0  0.54s           2026-05-26T17:36:45
================================================================================
[2026-05-26T17:37:18.053+0000] {manager.py:878} INFO - 
================================================================================
DAG File Processing Stats

File Path                  PID    Runtime      # DAGs    # Errors  Last Runtime    Last Run
-------------------------  -----  ---------  --------  ----------  --------------  -------------------
/opt/airflow/dags/main.py                           2           0  0.58s           2026-05-26T17:37:16
================================================================================
[2026-05-26T17:37:48.960+0000] {manager.py:878} INFO - 
================================================================================
DAG File Processing Stats

File Path                  PID    Runtime      # DAGs    # Errors  Last Runtime    Last Run
-------------------------  -----  ---------  --------  ----------  --------------  -------------------
/opt/airflow/dags/main.py                           2           0  0.55s           2026-05-26T17:37:46
================================================================================
[2026-05-26T17:38:19.406+0000] {manager.py:878} INFO - 
================================================================================
DAG File Processing Stats

File Path                  PID    Runtime      # DAGs    # Errors  Last Runtime    Last Run
-------------------------  -----  ---------  --------  ----------  --------------  -------------------
/opt/airflow/dags/main.py                           2           0  0.52s           2026-05-26T17:38:17
================================================================================
[2026-05-26T17:38:49.707+0000] {manager.py:878} INFO - 
================================================================================
DAG File Processing Stats

File Path                  PID    Runtime      # DAGs    # Errors  Last Runtime    Last Run
-------------------------  -----  ---------  --------  ----------  --------------  -------------------
/opt/airflow/dags/main.py                           2           0  0.40s           2026-05-26T17:38:48
================================================================================
[2026-05-26T17:39:11.583+0000] {manager.py:737} INFO - Searching for files in /opt/airflow/dags
[2026-05-26T17:39:12.077+0000] {manager.py:740} INFO - There are 1 files in /opt/airflow/dags
[2026-05-26T17:39:20.230+0000] {manager.py:878} INFO - 
================================================================================
DAG File Processing Stats

File Path                  PID    Runtime      # DAGs    # Errors  Last Runtime    Last Run
-------------------------  -----  ---------  --------  ----------  --------------  -------------------
/opt/airflow/dags/main.py                           2           0  0.35s           2026-05-26T17:39:19
================================================================================
[2026-05-26T17:39:50.950+0000] {manager.py:878} INFO - 
================================================================================
DAG File Processing Stats

File Path                  PID    Runtime      # DAGs    # Errors  Last Runtime    Last Run
-------------------------  -----  ---------  --------  ----------  --------------  -------------------
/opt/airflow/dags/main.py                           2           0  0.47s           2026-05-26T17:39:50
================================================================================
[2026-05-26T17:40:21.444+0000] {manager.py:878} INFO - 
================================================================================
DAG File Processing Stats

File Path                  PID    Runtime      # DAGs    # Errors  Last Runtime    Last Run
-------------------------  -----  ---------  --------  ----------  --------------  -------------------
/opt/airflow/dags/main.py                           2           0  0.44s           2026-05-26T17:40:20
================================================================================
[2026-05-26T17:40:52.080+0000] {manager.py:878} INFO - 
================================================================================
DAG File Processing Stats

File Path                  PID    Runtime      # DAGs    # Errors  Last Runtime    Last Run
-------------------------  -----  ---------  --------  ----------  --------------  -------------------
/opt/airflow/dags/main.py                           2           0  0.46s           2026-05-26T17:40:51
================================================================================
[2026-05-26T17:41:22.617+0000] {manager.py:878} INFO - 
================================================================================
DAG File Processing Stats

File Path                  PID    Runtime      # DAGs    # Errors  Last Runtime    Last Run
-------------------------  -----  ---------  --------  ----------  --------------  -------------------
/opt/airflow/dags/main.py                           2           0  0.51s           2026-05-26T17:41:21
================================================================================
[2026-05-26T17:41:53.327+0000] {manager.py:878} INFO - 
================================================================================
DAG File Processing Stats

File Path                  PID    Runtime      # DAGs    # Errors  Last Runtime    Last Run
-------------------------  -----  ---------  --------  ----------  --------------  -------------------
/opt/airflow/dags/main.py                           2           0  0.46s           2026-05-26T17:41:52
================================================================================
[2026-05-26T17:42:23.811+0000] {manager.py:878} INFO - 
================================================================================
DAG File Processing Stats

File Path                  PID    Runtime      # DAGs    # Errors  Last Runtime    Last Run
-------------------------  -----  ---------  --------  ----------  --------------  -------------------
/opt/airflow/dags/main.py                           2           0  0.42s           2026-05-26T17:42:23
================================================================================
[2026-05-26T17:42:54.432+0000] {manager.py:878} INFO - 
================================================================================
DAG File Processing Stats

File Path                  PID    Runtime      # DAGs    # Errors  Last Runtime    Last Run
-------------------------  -----  ---------  --------  ----------  --------------  -------------------
/opt/airflow/dags/main.py                           2           0  0.44s           2026-05-26T17:42:53
================================================================================
[2026-05-26T17:43:24.939+0000] {manager.py:878} INFO - 
================================================================================
DAG File Processing Stats

File Path                  PID    Runtime      # DAGs    # Errors  Last Runtime    Last Run
-------------------------  -----  ---------  --------  ----------  --------------  -------------------
/opt/airflow/dags/main.py                           2           0  0.58s           2026-05-26T17:43:24
================================================================================
[2026-05-26T17:43:55.269+0000] {manager.py:878} INFO - 
================================================================================
DAG File Processing Stats

File Path                    PID  Runtime      # DAGs    # Errors  Last Runtime    Last Run
-------------------------  -----  ---------  --------  ----------  --------------  -------------------
/opt/airflow/dags/main.py    214  0.50s             2           0  0.58s           2026-05-26T17:43:24
================================================================================
[2026-05-26T17:44:11.612+0000] {manager.py:737} INFO - Searching for files in /opt/airflow/dags
[2026-05-26T17:44:12.082+0000] {manager.py:740} INFO - There are 1 files in /opt/airflow/dags
[2026-05-26T17:44:25.682+0000] {manager.py:878} INFO - 
================================================================================
DAG File Processing Stats

File Path                    PID  Runtime      # DAGs    # Errors  Last Runtime    Last Run
-------------------------  -----  ---------  --------  ----------  --------------  -------------------
/opt/airflow/dags/main.py    221  0.01s             2           0  0.63s           2026-05-26T17:43:55
================================================================================
[2026-05-26T17:44:56.048+0000] {manager.py:878} INFO - 
================================================================================
DAG File Processing Stats

File Path                  PID    Runtime      # DAGs    # Errors  Last Runtime    Last Run
-------------------------  -----  ---------  --------  ----------  --------------  -------------------
/opt/airflow/dags/main.py                           2           0  0.49s           2026-05-26T17:44:26
================================================================================
[2026-05-26T17:45:26.428+0000] {manager.py:878} INFO - 
================================================================================
DAG File Processing Stats

File Path                  PID    Runtime      # DAGs    # Errors  Last Runtime    Last Run
-------------------------  -----  ---------  --------  ----------  --------------  -------------------
/opt/airflow/dags/main.py                           2           0  0.53s           2026-05-26T17:44:57
================================================================================
[2026-05-26T17:45:56.820+0000] {manager.py:878} INFO - 
================================================================================
DAG File Processing Stats

File Path                  PID    Runtime      # DAGs    # Errors  Last Runtime    Last Run
-------------------------  -----  ---------  --------  ----------  --------------  -------------------
/opt/airflow/dags/main.py                           2           0  0.46s           2026-05-26T17:45:27
================================================================================
[2026-05-26T17:46:27.171+0000] {manager.py:878} INFO - 
================================================================================
DAG File Processing Stats

File Path                  PID    Runtime      # DAGs    # Errors  Last Runtime    Last Run
-------------------------  -----  ---------  --------  ----------  --------------  -------------------
/opt/airflow/dags/main.py                           2           0  0.49s           2026-05-26T17:45:58
================================================================================
[2026-05-26T17:46:57.600+0000] {manager.py:878} INFO - 
================================================================================
DAG File Processing Stats

File Path                  PID    Runtime      # DAGs    # Errors  Last Runtime    Last Run
-------------------------  -----  ---------  --------  ----------  --------------  -------------------
/opt/airflow/dags/main.py                           2           0  0.49s           2026-05-26T17:46:29
================================================================================
[2026-05-26T17:47:27.955+0000] {manager.py:878} INFO - 
================================================================================
DAG File Processing Stats

File Path                  PID    Runtime      # DAGs    # Errors  Last Runtime    Last Run
-------------------------  -----  ---------  --------  ----------  --------------  -------------------
/opt/airflow/dags/main.py                           2           0  0.46s           2026-05-26T17:47:00
================================================================================
[2026-05-26T17:47:58.353+0000] {manager.py:878} INFO - 
================================================================================
DAG File Processing Stats

File Path                  PID    Runtime      # DAGs    # Errors  Last Runtime    Last Run
-------------------------  -----  ---------  --------  ----------  --------------  -------------------
/opt/airflow/dags/main.py                           2           0  0.34s           2026-05-26T17:47:31
================================================================================
[2026-05-26T17:48:29.056+0000] {manager.py:878} INFO - 
================================================================================
DAG File Processing Stats

File Path                  PID    Runtime      # DAGs    # Errors  Last Runtime    Last Run
-------------------------  -----  ---------  --------  ----------  --------------  -------------------
/opt/airflow/dags/main.py                           2           0  0.44s           2026-05-26T17:48:01
================================================================================
[2026-05-26T17:48:59.542+0000] {manager.py:878} INFO - 
================================================================================
DAG File Processing Stats

File Path                  PID    Runtime      # DAGs    # Errors  Last Runtime    Last Run
-------------------------  -----  ---------  --------  ----------  --------------  -------------------
/opt/airflow/dags/main.py                           2           0  0.46s           2026-05-26T17:48:32
================================================================================
[2026-05-26T17:49:12.037+0000] {manager.py:737} INFO - Searching for files in /opt/airflow/dags
[2026-05-26T17:49:12.720+0000] {manager.py:740} INFO - There are 1 files in /opt/airflow/dags
[2026-05-26T17:49:30.017+0000] {manager.py:878} INFO - 
================================================================================
DAG File Processing Stats

File Path                  PID    Runtime      # DAGs    # Errors  Last Runtime    Last Run
-------------------------  -----  ---------  --------  ----------  --------------  -------------------
/opt/airflow/dags/main.py                           2           0  0.51s           2026-05-26T17:49:03
================================================================================
[2026-05-26T17:50:00.466+0000] {manager.py:878} INFO - 
================================================================================
DAG File Processing Stats

File Path                  PID    Runtime      # DAGs    # Errors  Last Runtime    Last Run
-------------------------  -----  ---------  --------  ----------  --------------  -------------------
/opt/airflow/dags/main.py                           2           0  0.47s           2026-05-26T17:49:34
================================================================================
[2026-05-26T17:50:30.790+0000] {manager.py:878} INFO - 
================================================================================
DAG File Processing Stats

File Path                  PID    Runtime      # DAGs    # Errors  Last Runtime    Last Run
-------------------------  -----  ---------  --------  ----------  --------------  -------------------
/opt/airflow/dags/main.py                           2           0  0.49s           2026-05-26T17:50:05
================================================================================
[2026-05-26T17:51:01.693+0000] {manager.py:878} INFO - 
================================================================================
DAG File Processing Stats

File Path                  PID    Runtime      # DAGs    # Errors  Last Runtime    Last Run
-------------------------  -----  ---------  --------  ----------  --------------  -------------------
/opt/airflow/dags/main.py                           2           0  0.51s           2026-05-26T17:50:36
================================================================================
[2026-05-26T17:51:32.083+0000] {manager.py:878} INFO - 
================================================================================
DAG File Processing Stats

File Path                  PID    Runtime      # DAGs    # Errors  Last Runtime    Last Run
-------------------------  -----  ---------  --------  ----------  --------------  -------------------
/opt/airflow/dags/main.py                           2           0  0.38s           2026-05-26T17:51:07
================================================================================
[2026-05-26T17:52:02.270+0000] {manager.py:878} INFO - 
================================================================================
DAG File Processing Stats

File Path                  PID    Runtime      # DAGs    # Errors  Last Runtime    Last Run
-------------------------  -----  ---------  --------  ----------  --------------  -------------------
/opt/airflow/dags/main.py                           2           0  0.41s           2026-05-26T17:51:37
================================================================================
[2026-05-26T17:52:32.673+0000] {manager.py:878} INFO - 
================================================================================
DAG File Processing Stats

File Path                  PID    Runtime      # DAGs    # Errors  Last Runtime    Last Run
-------------------------  -----  ---------  --------  ----------  --------------  -------------------
/opt/airflow/dags/main.py                           2           0  0.49s           2026-05-26T17:52:08
================================================================================
[2026-05-26T17:53:03.037+0000] {manager.py:878} INFO - 
================================================================================
DAG File Processing Stats

File Path                  PID    Runtime      # DAGs    # Errors  Last Runtime    Last Run
-------------------------  -----  ---------  --------  ----------  --------------  -------------------
/opt/airflow/dags/main.py                           2           0  0.50s           2026-05-26T17:52:39
================================================================================
[2026-05-26T17:53:33.926+0000] {manager.py:878} INFO - 
================================================================================
DAG File Processing Stats

File Path                  PID    Runtime      # DAGs    # Errors  Last Runtime    Last Run
-------------------------  -----  ---------  --------  ----------  --------------  -------------------
/opt/airflow/dags/main.py                           2           0  0.57s           2026-05-26T17:53:10
================================================================================
[2026-05-26T17:54:04.399+0000] {manager.py:878} INFO - 
================================================================================
DAG File Processing Stats

File Path                  PID    Runtime      # DAGs    # Errors  Last Runtime    Last Run
-------------------------  -----  ---------  --------  ----------  --------------  -------------------
/opt/airflow/dags/main.py                           2           0  0.43s           2026-05-26T17:53:41
================================================================================
[2026-05-26T17:54:12.495+0000] {manager.py:737} INFO - Searching for files in /opt/airflow/dags
[2026-05-26T17:54:12.899+0000] {manager.py:740} INFO - There are 1 files in /opt/airflow/dags
[2026-05-26T17:54:35.216+0000] {manager.py:878} INFO - 
================================================================================
DAG File Processing Stats

File Path                  PID    Runtime      # DAGs    # Errors  Last Runtime    Last Run
-------------------------  -----  ---------  --------  ----------  --------------  -------------------
/opt/airflow/dags/main.py                           2           0  0.61s           2026-05-26T17:54:12
================================================================================
[2026-05-26T17:55:05.637+0000] {manager.py:878} INFO - 
================================================================================
DAG File Processing Stats

File Path                  PID    Runtime      # DAGs    # Errors  Last Runtime    Last Run
-------------------------  -----  ---------  --------  ----------  --------------  -------------------
/opt/airflow/dags/main.py                           2           0  0.52s           2026-05-26T17:54:43
================================================================================
[2026-05-26T17:55:36.036+0000] {manager.py:878} INFO - 
================================================================================
DAG File Processing Stats

File Path                  PID    Runtime      # DAGs    # Errors  Last Runtime    Last Run
-------------------------  -----  ---------  --------  ----------  --------------  -------------------
/opt/airflow/dags/main.py                           2           0  0.65s           2026-05-26T17:55:14
================================================================================
[2026-05-26T17:56:06.549+0000] {manager.py:878} INFO - 
================================================================================
DAG File Processing Stats

File Path                  PID    Runtime      # DAGs    # Errors  Last Runtime    Last Run
-------------------------  -----  ---------  --------  ----------  --------------  -------------------
/opt/airflow/dags/main.py                           2           0  0.50s           2026-05-26T17:55:45
================================================================================
[2026-05-26T17:56:36.827+0000] {manager.py:878} INFO - 
================================================================================
DAG File Processing Stats

File Path                  PID    Runtime      # DAGs    # Errors  Last Runtime    Last Run
-------------------------  -----  ---------  --------  ----------  --------------  -------------------
/opt/airflow/dags/main.py                           2           0  0.54s           2026-05-26T17:56:16
================================================================================
[2026-05-26T17:57:07.219+0000] {manager.py:878} INFO - 
================================================================================
DAG File Processing Stats

File Path                  PID    Runtime      # DAGs    # Errors  Last Runtime    Last Run
-------------------------  -----  ---------  --------  ----------  --------------  -------------------
/opt/airflow/dags/main.py                           2           0  0.41s           2026-05-26T17:56:47
================================================================================
[2026-05-26T17:57:37.502+0000] {manager.py:878} INFO - 
================================================================================
DAG File Processing Stats

File Path                  PID    Runtime      # DAGs    # Errors  Last Runtime    Last Run
-------------------------  -----  ---------  --------  ----------  --------------  -------------------
/opt/airflow/dags/main.py                           2           0  0.47s           2026-05-26T17:57:18
================================================================================
[2026-05-26T17:58:08.447+0000] {manager.py:878} INFO - 
================================================================================
DAG File Processing Stats

File Path                  PID    Runtime      # DAGs    # Errors  Last Runtime    Last Run
-------------------------  -----  ---------  --------  ----------  --------------  -------------------
/opt/airflow/dags/main.py                           2           0  0.52s           2026-05-26T17:57:49
================================================================================
[2026-05-26T17:58:38.897+0000] {manager.py:878} INFO - 
================================================================================
DAG File Processing Stats

File Path                  PID    Runtime      # DAGs    # Errors  Last Runtime    Last Run
-------------------------  -----  ---------  --------  ----------  --------------  -------------------
/opt/airflow/dags/main.py                           2           0  0.48s           2026-05-26T17:58:20
================================================================================
[2026-05-26T17:59:09.289+0000] {manager.py:878} INFO - 
================================================================================
DAG File Processing Stats

File Path                  PID    Runtime      # DAGs    # Errors  Last Runtime    Last Run
-------------------------  -----  ---------  --------  ----------  --------------  -------------------
/opt/airflow/dags/main.py                           2           0  0.63s           2026-05-26T17:58:51
================================================================================
[2026-05-26T17:59:13.343+0000] {manager.py:737} INFO - Searching for files in /opt/airflow/dags
[2026-05-26T17:59:13.919+0000] {manager.py:740} INFO - There are 1 files in /opt/airflow/dags
[2026-05-26T17:59:39.338+0000] {manager.py:878} INFO - 
================================================================================
DAG File Processing Stats

File Path                  PID    Runtime      # DAGs    # Errors  Last Runtime    Last Run
-------------------------  -----  ---------  --------  ----------  --------------  -------------------
/opt/airflow/dags/main.py                           2           0  0.46s           2026-05-26T17:59:22
================================================================================
[2026-05-26T18:00:09.629+0000] {manager.py:878} INFO - 
================================================================================
DAG File Processing Stats

File Path                  PID    Runtime      # DAGs    # Errors  Last Runtime    Last Run
-------------------------  -----  ---------  --------  ----------  --------------  -------------------
/opt/airflow/dags/main.py                           2           0  0.46s           2026-05-26T17:59:53
================================================================================
[2026-05-26T18:00:40.474+0000] {manager.py:878} INFO - 
================================================================================
DAG File Processing Stats

File Path                  PID    Runtime      # DAGs    # Errors  Last Runtime    Last Run
-------------------------  -----  ---------  --------  ----------  --------------  -------------------
/opt/airflow/dags/main.py                           2           0  0.55s           2026-05-26T18:00:24
================================================================================
[2026-05-26T18:01:10.847+0000] {manager.py:878} INFO - 
================================================================================
DAG File Processing Stats

File Path                  PID    Runtime      # DAGs    # Errors  Last Runtime    Last Run
-------------------------  -----  ---------  --------  ----------  --------------  -------------------
/opt/airflow/dags/main.py                           2           0  0.42s           2026-05-26T18:00:55
================================================================================
[2026-05-26T18:01:40.859+0000] {manager.py:878} INFO - 
================================================================================
DAG File Processing Stats

File Path                  PID    Runtime      # DAGs    # Errors  Last Runtime    Last Run
-------------------------  -----  ---------  --------  ----------  --------------  -------------------
/opt/airflow/dags/main.py                           2           0  0.32s           2026-05-26T18:01:25
================================================================================
[2026-05-26T18:02:11.218+0000] {manager.py:878} INFO - 
================================================================================
DAG File Processing Stats

File Path                  PID    Runtime      # DAGs    # Errors  Last Runtime    Last Run
-------------------------  -----  ---------  --------  ----------  --------------  -------------------
/opt/airflow/dags/main.py                           2           0  0.51s           2026-05-26T18:01:56
================================================================================
[2026-05-26T18:02:41.754+0000] {manager.py:878} INFO - 
================================================================================
DAG File Processing Stats

File Path                  PID    Runtime      # DAGs    # Errors  Last Runtime    Last Run
-------------------------  -----  ---------  --------  ----------  --------------  -------------------
/opt/airflow/dags/main.py                           2           0  0.54s           2026-05-26T18:02:26
================================================================================
[2026-05-26T18:03:11.986+0000] {manager.py:878} INFO - 
================================================================================
DAG File Processing Stats

File Path                  PID    Runtime      # DAGs    # Errors  Last Runtime    Last Run
-------------------------  -----  ---------  --------  ----------  --------------  -------------------
/opt/airflow/dags/main.py                           2           0  0.51s           2026-05-26T18:02:57
================================================================================
[2026-05-26T18:03:42.247+0000] {manager.py:878} INFO - 
================================================================================
DAG File Processing Stats

File Path                  PID    Runtime      # DAGs    # Errors  Last Runtime    Last Run
-------------------------  -----  ---------  --------  ----------  --------------  -------------------
/opt/airflow/dags/main.py                           2           0  0.47s           2026-05-26T18:03:28
================================================================================
[2026-05-26T18:04:12.600+0000] {manager.py:878} INFO - 
================================================================================
DAG File Processing Stats

File Path                  PID    Runtime      # DAGs    # Errors  Last Runtime    Last Run
-------------------------  -----  ---------  --------  ----------  --------------  -------------------
/opt/airflow/dags/main.py                           2           0  0.52s           2026-05-26T18:03:59
================================================================================
[2026-05-26T18:04:13.614+0000] {manager.py:737} INFO - Searching for files in /opt/airflow/dags
[2026-05-26T18:04:14.176+0000] {manager.py:740} INFO - There are 1 files in /opt/airflow/dags
[2026-05-26T18:04:42.621+0000] {manager.py:878} INFO - 
================================================================================
DAG File Processing Stats

File Path                  PID    Runtime      # DAGs    # Errors  Last Runtime    Last Run
-------------------------  -----  ---------  --------  ----------  --------------  -------------------
/opt/airflow/dags/main.py                           2           0  0.50s           2026-05-26T18:04:30
================================================================================
[2026-05-26T18:05:12.838+0000] {manager.py:878} INFO - 
================================================================================
DAG File Processing Stats

File Path                  PID    Runtime      # DAGs    # Errors  Last Runtime    Last Run
-------------------------  -----  ---------  --------  ----------  --------------  -------------------
/opt/airflow/dags/main.py                           2           0  0.39s           2026-05-26T18:05:01
================================================================================
[2026-05-26T18:05:43.186+0000] {manager.py:878} INFO - 
================================================================================
DAG File Processing Stats

File Path                  PID    Runtime      # DAGs    # Errors  Last Runtime    Last Run
-------------------------  -----  ---------  --------  ----------  --------------  -------------------
/opt/airflow/dags/main.py                           2           0  0.38s           2026-05-26T18:05:32
================================================================================
[2026-05-26T18:06:13.946+0000] {manager.py:878} INFO - 
================================================================================
DAG File Processing Stats

File Path                  PID    Runtime      # DAGs    # Errors  Last Runtime    Last Run
-------------------------  -----  ---------  --------  ----------  --------------  -------------------
/opt/airflow/dags/main.py                           2           0  0.60s           2026-05-26T18:06:03
================================================================================
[2026-05-26T18:06:44.500+0000] {manager.py:878} INFO - 
================================================================================
DAG File Processing Stats

File Path                  PID    Runtime      # DAGs    # Errors  Last Runtime    Last Run
-------------------------  -----  ---------  --------  ----------  --------------  -------------------
/opt/airflow/dags/main.py                           2           0  0.49s           2026-05-26T18:06:33
================================================================================
[2026-05-26T18:07:15.127+0000] {manager.py:878} INFO - 
================================================================================
DAG File Processing Stats

File Path                  PID    Runtime      # DAGs    # Errors  Last Runtime    Last Run
-------------------------  -----  ---------  --------  ----------  --------------  -------------------
/opt/airflow/dags/main.py                           2           0  0.54s           2026-05-26T18:07:04
================================================================================
[2026-05-26T18:07:45.170+0000] {manager.py:878} INFO - 
================================================================================
DAG File Processing Stats

File Path                  PID    Runtime      # DAGs    # Errors  Last Runtime    Last Run
-------------------------  -----  ---------  --------  ----------  --------------  -------------------
/opt/airflow/dags/main.py                           2           0  0.61s           2026-05-26T18:07:35
================================================================================
[2026-05-26T18:08:15.564+0000] {manager.py:878} INFO - 
================================================================================
DAG File Processing Stats

File Path                  PID    Runtime      # DAGs    # Errors  Last Runtime    Last Run
-------------------------  -----  ---------  --------  ----------  --------------  -------------------
/opt/airflow/dags/main.py                           2           0  0.55s           2026-05-26T18:08:05
================================================================================
[2026-05-26T18:08:45.839+0000] {manager.py:878} INFO - 
================================================================================
DAG File Processing Stats

File Path                  PID    Runtime      # DAGs    # Errors  Last Runtime    Last Run
-------------------------  -----  ---------  --------  ----------  --------------  -------------------
/opt/airflow/dags/main.py                           2           0  0.42s           2026-05-26T18:08:36
================================================================================
[2026-05-26T18:09:13.698+0000] {manager.py:737} INFO - Searching for files in /opt/airflow/dags
[2026-05-26T18:09:14.374+0000] {manager.py:740} INFO - There are 1 files in /opt/airflow/dags
[2026-05-26T18:09:16.456+0000] {manager.py:878} INFO - 
================================================================================
DAG File Processing Stats

File Path                  PID    Runtime      # DAGs    # Errors  Last Runtime    Last Run
-------------------------  -----  ---------  --------  ----------  --------------  -------------------
/opt/airflow/dags/main.py                           2           0  0.48s           2026-05-26T18:09:07
================================================================================
[2026-05-26T18:09:46.887+0000] {manager.py:878} INFO - 
================================================================================
DAG File Processing Stats

File Path                  PID    Runtime      # DAGs    # Errors  Last Runtime    Last Run
-------------------------  -----  ---------  --------  ----------  --------------  -------------------
/opt/airflow/dags/main.py                           2           0  0.49s           2026-05-26T18:09:38
================================================================================
[2026-05-26T18:10:17.263+0000] {manager.py:878} INFO - 
================================================================================
DAG File Processing Stats

File Path                  PID    Runtime      # DAGs    # Errors  Last Runtime    Last Run
-------------------------  -----  ---------  --------  ----------  --------------  -------------------
/opt/airflow/dags/main.py                           2           0  0.61s           2026-05-26T18:10:09
================================================================================
[2026-05-26T18:10:47.748+0000] {manager.py:878} INFO - 
================================================================================
DAG File Processing Stats

File Path                  PID    Runtime      # DAGs    # Errors  Last Runtime    Last Run
-------------------------  -----  ---------  --------  ----------  --------------  -------------------
/opt/airflow/dags/main.py                           2           0  0.50s           2026-05-26T18:10:40
================================================================================
[2026-05-26T18:11:18.029+0000] {manager.py:878} INFO - 
================================================================================
DAG File Processing Stats

File Path                  PID    Runtime      # DAGs    # Errors  Last Runtime    Last Run
-------------------------  -----  ---------  --------  ----------  --------------  -------------------
/opt/airflow/dags/main.py                           2           0  0.47s           2026-05-26T18:11:10
================================================================================
[2026-05-26T18:11:48.919+0000] {manager.py:878} INFO - 
================================================================================
DAG File Processing Stats

File Path                  PID    Runtime      # DAGs    # Errors  Last Runtime    Last Run
-------------------------  -----  ---------  --------  ----------  --------------  -------------------
/opt/airflow/dags/main.py                           2           0  0.50s           2026-05-26T18:11:41
================================================================================
[2026-05-26T18:12:19.368+0000] {manager.py:878} INFO - 
================================================================================
DAG File Processing Stats

File Path                  PID    Runtime      # DAGs    # Errors  Last Runtime    Last Run
-------------------------  -----  ---------  --------  ----------  --------------  -------------------
/opt/airflow/dags/main.py                           2           0  0.55s           2026-05-26T18:12:12
================================================================================
[2026-05-26T18:12:49.743+0000] {manager.py:878} INFO - 
================================================================================
DAG File Processing Stats

File Path                  PID    Runtime      # DAGs    # Errors  Last Runtime    Last Run
-------------------------  -----  ---------  --------  ----------  --------------  -------------------
/opt/airflow/dags/main.py                           2           0  0.57s           2026-05-26T18:12:43
================================================================================
[2026-05-26T18:13:20.235+0000] {manager.py:878} INFO - 
================================================================================
DAG File Processing Stats

File Path                  PID    Runtime      # DAGs    # Errors  Last Runtime    Last Run
-------------------------  -----  ---------  --------  ----------  --------------  -------------------
/opt/airflow/dags/main.py                           2           0  0.56s           2026-05-26T18:13:14
================================================================================
[2026-05-26T18:13:50.597+0000] {manager.py:878} INFO - 
================================================================================
DAG File Processing Stats

File Path                  PID    Runtime      # DAGs    # Errors  Last Runtime    Last Run
-------------------------  -----  ---------  --------  ----------  --------------  -------------------
/opt/airflow/dags/main.py                           2           0  0.60s           2026-05-26T18:13:45
================================================================================
[2026-05-26T18:14:13.910+0000] {manager.py:737} INFO - Searching for files in /opt/airflow/dags
[2026-05-26T18:14:14.122+0000] {manager.py:740} INFO - There are 1 files in /opt/airflow/dags
[2026-05-26T18:14:20.702+0000] {manager.py:878} INFO - 
================================================================================
DAG File Processing Stats

File Path                  PID    Runtime      # DAGs    # Errors  Last Runtime    Last Run
-------------------------  -----  ---------  --------  ----------  --------------  -------------------
/opt/airflow/dags/main.py                           2           0  0.48s           2026-05-26T18:14:16
================================================================================
[2026-05-26T18:14:51.088+0000] {manager.py:878} INFO - 
================================================================================
DAG File Processing Stats

File Path                  PID    Runtime      # DAGs    # Errors  Last Runtime    Last Run
-------------------------  -----  ---------  --------  ----------  --------------  -------------------
/opt/airflow/dags/main.py                           2           0  0.39s           2026-05-26T18:14:47
================================================================================
[2026-05-26T18:15:21.789+0000] {manager.py:878} INFO - 
================================================================================
DAG File Processing Stats

File Path                  PID    Runtime      # DAGs    # Errors  Last Runtime    Last Run
-------------------------  -----  ---------  --------  ----------  --------------  -------------------
/opt/airflow/dags/main.py                           2           0  0.49s           2026-05-26T18:15:17
================================================================================
[2026-05-26T18:15:52.273+0000] {manager.py:878} INFO - 
================================================================================
DAG File Processing Stats

File Path                  PID    Runtime      # DAGs    # Errors  Last Runtime    Last Run
-------------------------  -----  ---------  --------  ----------  --------------  -------------------
/opt/airflow/dags/main.py                           2           0  0.47s           2026-05-26T18:15:48
================================================================================
[2026-05-26T18:15:58.824+0000] {manager.py:452} INFO - Exiting gracefully upon receiving signal 15
[2026-05-26T18:17:22.477+0000] {manager.py:470} INFO - Processing files using up to 2 processes at a time 
[2026-05-26T18:17:22.479+0000] {manager.py:471} INFO - Process each file at most once every 30 seconds
[2026-05-26T18:17:22.481+0000] {manager.py:472} INFO - Checking for new files in /opt/airflow/dags every 300 seconds
[2026-05-26T18:17:22.483+0000] {manager.py:737} INFO - Searching for files in /opt/airflow/dags
[2026-05-26T18:17:22.691+0000] {manager.py:740} INFO - There are 1 files in /opt/airflow/dags
[2026-05-26T18:17:22.840+0000] {manager.py:878} INFO - 
================================================================================
DAG File Processing Stats

File Path                    PID  Runtime      # DAGs    # Errors  Last Runtime    Last Run
-------------------------  -----  ---------  --------  ----------  --------------  ----------
/opt/airflow/dags/main.py     59  0.08s             0           0
================================================================================
[2026-05-26T18:17:53.039+0000] {manager.py:878} INFO - 
================================================================================
DAG File Processing Stats

File Path                  PID    Runtime      # DAGs    # Errors  Last Runtime    Last Run
-------------------------  -----  ---------  --------  ----------  --------------  -------------------
/opt/airflow/dags/main.py                           2           0  1.00s           2026-05-26T18:17:23
================================================================================
[2026-05-26T18:18:23.407+0000] {manager.py:878} INFO - 
================================================================================
DAG File Processing Stats

File Path                  PID    Runtime      # DAGs    # Errors  Last Runtime    Last Run
-------------------------  -----  ---------  --------  ----------  --------------  -------------------
/opt/airflow/dags/main.py                           2           0  0.42s           2026-05-26T18:17:54
================================================================================
[2026-05-26T18:18:53.609+0000] {manager.py:878} INFO - 
================================================================================
DAG File Processing Stats

File Path                  PID    Runtime      # DAGs    # Errors  Last Runtime    Last Run
-------------------------  -----  ---------  --------  ----------  --------------  -------------------
/opt/airflow/dags/main.py                           2           0  0.48s           2026-05-26T18:18:25
================================================================================
[2026-05-26T18:19:24.009+0000] {manager.py:878} INFO - 
================================================================================
DAG File Processing Stats

File Path                  PID    Runtime      # DAGs    # Errors  Last Runtime    Last Run
-------------------------  -----  ---------  --------  ----------  --------------  -------------------
/opt/airflow/dags/main.py                           2           0  0.41s           2026-05-26T18:18:56
================================================================================
[2026-05-26T18:19:54.313+0000] {manager.py:878} INFO - 
================================================================================
DAG File Processing Stats

File Path                  PID    Runtime      # DAGs    # Errors  Last Runtime    Last Run
-------------------------  -----  ---------  --------  ----------  --------------  -------------------
/opt/airflow/dags/main.py                           2           0  0.56s           2026-05-26T18:19:27
================================================================================
[2026-05-26T18:20:29.960+0000] {manager.py:878} INFO - 
================================================================================
DAG File Processing Stats

File Path                    PID  Runtime      # DAGs    # Errors  Last Runtime    Last Run
-------------------------  -----  ---------  --------  ----------  --------------  -------------------
/opt/airflow/dags/main.py    107  0.02s             2           0  0.40s           2026-05-26T18:19:57
================================================================================
[2026-05-26T22:42:47.799+0000] {manager.py:737} INFO - Searching for files in /opt/airflow/dags
[2026-05-26T22:42:48.282+0000] {manager.py:740} INFO - There are 1 files in /opt/airflow/dags
[2026-05-26T22:43:04.372+0000] {manager.py:878} INFO - 
================================================================================
DAG File Processing Stats

File Path                  PID    Runtime      # DAGs    # Errors  Last Runtime    Last Run
-------------------------  -----  ---------  --------  ----------  --------------  -------------------
/opt/airflow/dags/main.py                           2           0  1.90s           2026-05-26T22:42:50
================================================================================
[2026-05-26T22:43:34.765+0000] {manager.py:878} INFO - 
================================================================================
DAG File Processing Stats

File Path                  PID    Runtime      # DAGs    # Errors  Last Runtime    Last Run
-------------------------  -----  ---------  --------  ----------  --------------  -------------------
/opt/airflow/dags/main.py                           2           0  0.38s           2026-05-26T22:43:20
================================================================================
[2026-05-26T22:44:05.207+0000] {manager.py:878} INFO - 
================================================================================
DAG File Processing Stats

File Path                  PID    Runtime      # DAGs    # Errors  Last Runtime    Last Run
-------------------------  -----  ---------  --------  ----------  --------------  -------------------
/opt/airflow/dags/main.py                           2           0  0.44s           2026-05-26T22:43:51
================================================================================
[2026-05-26T22:44:35.468+0000] {manager.py:878} INFO - 
================================================================================
DAG File Processing Stats

File Path                  PID    Runtime      # DAGs    # Errors  Last Runtime    Last Run
-------------------------  -----  ---------  --------  ----------  --------------  -------------------
/opt/airflow/dags/main.py                           2           0  0.48s           2026-05-26T22:44:22
================================================================================
[2026-05-26T22:45:05.849+0000] {manager.py:878} INFO - 
================================================================================
DAG File Processing Stats

File Path                  PID    Runtime      # DAGs    # Errors  Last Runtime    Last Run
-------------------------  -----  ---------  --------  ----------  --------------  -------------------
/opt/airflow/dags/main.py                           2           0  0.37s           2026-05-26T22:44:53
================================================================================
[2026-05-26T22:45:36.173+0000] {manager.py:878} INFO - 
================================================================================
DAG File Processing Stats

File Path                  PID    Runtime      # DAGs    # Errors  Last Runtime    Last Run
-------------------------  -----  ---------  --------  ----------  --------------  -------------------
/opt/airflow/dags/main.py                           2           0  0.58s           2026-05-26T22:45:24
================================================================================
[2026-05-26T22:46:04.182+0000] {manager.py:452} INFO - Exiting gracefully upon receiving signal 15
[2026-05-26T22:51:38.537+0000] {manager.py:470} INFO - Processing files using up to 2 processes at a time 
[2026-05-26T22:51:38.539+0000] {manager.py:471} INFO - Process each file at most once every 30 seconds
[2026-05-26T22:51:38.541+0000] {manager.py:472} INFO - Checking for new files in /opt/airflow/dags every 300 seconds
[2026-05-26T22:51:38.543+0000] {manager.py:737} INFO - Searching for files in /opt/airflow/dags
[2026-05-26T22:51:38.941+0000] {manager.py:740} INFO - There are 1 files in /opt/airflow/dags
[2026-05-26T22:51:39.074+0000] {manager.py:878} INFO - 
================================================================================
DAG File Processing Stats

File Path                    PID  Runtime      # DAGs    # Errors  Last Runtime    Last Run
-------------------------  -----  ---------  --------  ----------  --------------  ----------
/opt/airflow/dags/main.py     58  0.08s             0           0
================================================================================
[2026-05-26T22:52:09.092+0000] {manager.py:878} INFO - 
================================================================================
DAG File Processing Stats

File Path                  PID    Runtime      # DAGs    # Errors  Last Runtime    Last Run
-------------------------  -----  ---------  --------  ----------  --------------  -------------------
/opt/airflow/dags/main.py                           2           0  0.78s           2026-05-26T22:51:39
================================================================================
[2026-05-26T22:52:39.746+0000] {manager.py:878} INFO - 
================================================================================
DAG File Processing Stats

File Path                  PID    Runtime      # DAGs    # Errors  Last Runtime    Last Run
-------------------------  -----  ---------  --------  ----------  --------------  -------------------
/opt/airflow/dags/main.py                           2           0  0.54s           2026-05-26T22:52:10
================================================================================
[2026-05-26T22:53:10.408+0000] {manager.py:878} INFO - 
================================================================================
DAG File Processing Stats

File Path                  PID    Runtime      # DAGs    # Errors  Last Runtime    Last Run
-------------------------  -----  ---------  --------  ----------  --------------  -------------------
/opt/airflow/dags/main.py                           2           0  0.51s           2026-05-26T22:52:41
================================================================================
[2026-05-26T22:53:41.022+0000] {manager.py:878} INFO - 
================================================================================
DAG File Processing Stats

File Path                  PID    Runtime      # DAGs    # Errors  Last Runtime    Last Run
-------------------------  -----  ---------  --------  ----------  --------------  -------------------
/opt/airflow/dags/main.py                           2           0  0.53s           2026-05-26T22:53:11
================================================================================
[2026-05-26T22:54:11.701+0000] {manager.py:878} INFO - 
================================================================================
DAG File Processing Stats

File Path                  PID    Runtime      # DAGs    # Errors  Last Runtime    Last Run
-------------------------  -----  ---------  --------  ----------  --------------  -------------------
/opt/airflow/dags/main.py                           2           0  0.52s           2026-05-26T22:53:42
================================================================================
[2026-05-26T22:54:42.236+0000] {manager.py:878} INFO - 
================================================================================
DAG File Processing Stats

File Path                  PID    Runtime      # DAGs    # Errors  Last Runtime    Last Run
-------------------------  -----  ---------  --------  ----------  --------------  -------------------
/opt/airflow/dags/main.py                           2           0  0.42s           2026-05-26T22:54:13
================================================================================
[2026-05-26T22:55:12.845+0000] {manager.py:878} INFO - 
================================================================================
DAG File Processing Stats

File Path                  PID    Runtime      # DAGs    # Errors  Last Runtime    Last Run
-------------------------  -----  ---------  --------  ----------  --------------  -------------------
/opt/airflow/dags/main.py                           2           0  0.52s           2026-05-26T22:54:43
================================================================================
[2026-05-26T22:55:43.540+0000] {manager.py:878} INFO - 
================================================================================
DAG File Processing Stats

File Path                  PID    Runtime      # DAGs    # Errors  Last Runtime    Last Run
-------------------------  -----  ---------  --------  ----------  --------------  -------------------
/opt/airflow/dags/main.py                           2           0  0.61s           2026-05-26T22:55:14
================================================================================
[2026-05-26T22:56:14.225+0000] {manager.py:878} INFO - 
================================================================================
DAG File Processing Stats

File Path                  PID    Runtime      # DAGs    # Errors  Last Runtime    Last Run
-------------------------  -----  ---------  --------  ----------  --------------  -------------------
/opt/airflow/dags/main.py                           2           0  0.43s           2026-05-26T22:55:45
================================================================================
[2026-05-26T22:56:38.640+0000] {manager.py:737} INFO - Searching for files in /opt/airflow/dags
[2026-05-26T22:56:38.860+0000] {manager.py:740} INFO - There are 1 files in /opt/airflow/dags
[2026-05-26T22:56:44.949+0000] {manager.py:878} INFO - 
================================================================================
DAG File Processing Stats

File Path                  PID    Runtime      # DAGs    # Errors  Last Runtime    Last Run
-------------------------  -----  ---------  --------  ----------  --------------  -------------------
/opt/airflow/dags/main.py                           2           0  0.54s           2026-05-26T22:56:15
================================================================================
[2026-05-26T22:57:15.539+0000] {manager.py:878} INFO - 
================================================================================
DAG File Processing Stats

File Path                  PID    Runtime      # DAGs    # Errors  Last Runtime    Last Run
-------------------------  -----  ---------  --------  ----------  --------------  -------------------
/opt/airflow/dags/main.py                           2           0  0.47s           2026-05-26T22:56:46
================================================================================
[2026-05-26T22:57:46.154+0000] {manager.py:878} INFO - 
================================================================================
DAG File Processing Stats

File Path                  PID    Runtime      # DAGs    # Errors  Last Runtime    Last Run
-------------------------  -----  ---------  --------  ----------  --------------  -------------------
/opt/airflow/dags/main.py                           2           0  0.35s           2026-05-26T22:57:16
================================================================================
[2026-05-26T22:58:16.596+0000] {manager.py:878} INFO - 
================================================================================
DAG File Processing Stats

File Path                  PID    Runtime      # DAGs    # Errors  Last Runtime    Last Run
-------------------------  -----  ---------  --------  ----------  --------------  -------------------
/opt/airflow/dags/main.py                           2           0  0.47s           2026-05-26T22:57:47
================================================================================
[2026-05-26T22:58:46.748+0000] {manager.py:878} INFO - 
================================================================================
DAG File Processing Stats

File Path                  PID    Runtime      # DAGs    # Errors  Last Runtime    Last Run
-------------------------  -----  ---------  --------  ----------  --------------  -------------------
/opt/airflow/dags/main.py                           2           0  0.41s           2026-05-26T22:58:18
================================================================================
[2026-05-26T22:59:17.140+0000] {manager.py:878} INFO - 
================================================================================
DAG File Processing Stats

File Path                  PID    Runtime      # DAGs    # Errors  Last Runtime    Last Run
-------------------------  -----  ---------  --------  ----------  --------------  -------------------
/opt/airflow/dags/main.py                           2           0  0.43s           2026-05-26T22:58:49
================================================================================
[2026-05-26T22:59:47.487+0000] {manager.py:878} INFO - 
================================================================================
DAG File Processing Stats

File Path                  PID    Runtime      # DAGs    # Errors  Last Runtime    Last Run
-------------------------  -----  ---------  --------  ----------  --------------  -------------------
/opt/airflow/dags/main.py                           2           0  0.57s           2026-05-26T22:59:20
================================================================================
[2026-05-26T23:00:18.285+0000] {manager.py:878} INFO - 
================================================================================
DAG File Processing Stats

File Path                  PID    Runtime      # DAGs    # Errors  Last Runtime    Last Run
-------------------------  -----  ---------  --------  ----------  --------------  -------------------
/opt/airflow/dags/main.py                           2           0  0.57s           2026-05-26T22:59:51
================================================================================
[2026-05-26T23:00:48.792+0000] {manager.py:878} INFO - 
================================================================================
DAG File Processing Stats

File Path                  PID    Runtime      # DAGs    # Errors  Last Runtime    Last Run
-------------------------  -----  ---------  --------  ----------  --------------  -------------------
/opt/airflow/dags/main.py                           2           0  0.43s           2026-05-26T23:00:21
================================================================================
[2026-05-26T23:01:19.497+0000] {manager.py:878} INFO - 
================================================================================
DAG File Processing Stats

File Path                  PID    Runtime      # DAGs    # Errors  Last Runtime    Last Run
-------------------------  -----  ---------  --------  ----------  --------------  -------------------
/opt/airflow/dags/main.py                           2           0  0.49s           2026-05-26T23:00:52
================================================================================
[2026-05-26T23:01:38.919+0000] {manager.py:737} INFO - Searching for files in /opt/airflow/dags
[2026-05-26T23:01:39.601+0000] {manager.py:740} INFO - There are 1 files in /opt/airflow/dags
[2026-05-26T23:01:49.776+0000] {manager.py:878} INFO - 
================================================================================
DAG File Processing Stats

File Path                  PID    Runtime      # DAGs    # Errors  Last Runtime    Last Run
-------------------------  -----  ---------  --------  ----------  --------------  -------------------
/opt/airflow/dags/main.py                           2           0  0.56s           2026-05-26T23:01:23
================================================================================
[2026-05-26T23:02:20.198+0000] {manager.py:878} INFO - 
================================================================================
DAG File Processing Stats

File Path                  PID    Runtime      # DAGs    # Errors  Last Runtime    Last Run
-------------------------  -----  ---------  --------  ----------  --------------  -------------------
/opt/airflow/dags/main.py                           2           0  0.54s           2026-05-26T23:01:54
================================================================================
[2026-05-26T23:02:50.589+0000] {manager.py:878} INFO - 
================================================================================
DAG File Processing Stats

File Path                  PID    Runtime      # DAGs    # Errors  Last Runtime    Last Run
-------------------------  -----  ---------  --------  ----------  --------------  -------------------
/opt/airflow/dags/main.py                           2           0  0.61s           2026-05-26T23:02:25
================================================================================
[2026-05-26T23:03:21.046+0000] {manager.py:878} INFO - 
================================================================================
DAG File Processing Stats

File Path                  PID    Runtime      # DAGs    # Errors  Last Runtime    Last Run
-------------------------  -----  ---------  --------  ----------  --------------  -------------------
/opt/airflow/dags/main.py                           2           0  0.51s           2026-05-26T23:02:56
================================================================================
[2026-05-26T23:03:51.430+0000] {manager.py:878} INFO - 
================================================================================
DAG File Processing Stats

File Path                  PID    Runtime      # DAGs    # Errors  Last Runtime    Last Run
-------------------------  -----  ---------  --------  ----------  --------------  -------------------
/opt/airflow/dags/main.py                           2           0  0.63s           2026-05-26T23:03:27
================================================================================
[2026-05-26T23:04:21.869+0000] {manager.py:878} INFO - 
================================================================================
DAG File Processing Stats

File Path                  PID    Runtime      # DAGs    # Errors  Last Runtime    Last Run
-------------------------  -----  ---------  --------  ----------  --------------  -------------------
/opt/airflow/dags/main.py                           2           0  0.48s           2026-05-26T23:03:58
================================================================================
[2026-05-26T23:04:52.137+0000] {manager.py:878} INFO - 
================================================================================
DAG File Processing Stats

File Path                  PID    Runtime      # DAGs    # Errors  Last Runtime    Last Run
-------------------------  -----  ---------  --------  ----------  --------------  -------------------
/opt/airflow/dags/main.py                           2           0  0.47s           2026-05-26T23:04:28
================================================================================
[2026-05-26T23:48:52.198+0000] {manager.py:737} INFO - Searching for files in /opt/airflow/dags
[2026-05-26T23:48:52.828+0000] {manager.py:740} INFO - There are 1 files in /opt/airflow/dags
[2026-05-26T23:48:52.859+0000] {manager.py:1203} ERROR - Processor for /opt/airflow/dags/main.py with PID 240 started at 2026-05-26T23:04:59.206082+00:00 has timed out, killing it.
[2026-05-26T23:49:08.254+0000] {manager.py:878} INFO - 
================================================================================
DAG File Processing Stats

File Path                  PID    Runtime      # DAGs    # Errors  Last Runtime    Last Run
-------------------------  -----  ---------  --------  ----------  --------------  -------------------
/opt/airflow/dags/main.py                           0           1  2633.65s        2026-05-26T23:48:52
================================================================================
[2026-05-26T23:49:38.425+0000] {manager.py:878} INFO - 
================================================================================
DAG File Processing Stats

File Path                  PID    Runtime      # DAGs    # Errors  Last Runtime    Last Run
-------------------------  -----  ---------  --------  ----------  --------------  -------------------
/opt/airflow/dags/main.py                           2           0  0.39s           2026-05-26T23:49:23
================================================================================
[2026-05-26T23:50:08.732+0000] {manager.py:878} INFO - 
================================================================================
DAG File Processing Stats

File Path                  PID    Runtime      # DAGs    # Errors  Last Runtime    Last Run
-------------------------  -----  ---------  --------  ----------  --------------  -------------------
/opt/airflow/dags/main.py                           2           0  0.42s           2026-05-26T23:49:53
================================================================================
[2026-05-26T23:50:38.805+0000] {manager.py:878} INFO - 
================================================================================
DAG File Processing Stats

File Path                  PID    Runtime      # DAGs    # Errors  Last Runtime    Last Run
-------------------------  -----  ---------  --------  ----------  --------------  -------------------
/opt/airflow/dags/main.py                           2           0  0.42s           2026-05-26T23:50:24
================================================================================
[2026-05-26T23:51:09.132+0000] {manager.py:878} INFO - 
================================================================================
DAG File Processing Stats

File Path                  PID    Runtime      # DAGs    # Errors  Last Runtime    Last Run
-------------------------  -----  ---------  --------  ----------  --------------  -------------------
/opt/airflow/dags/main.py                           2           0  0.45s           2026-05-26T23:50:55
================================================================================
[2026-05-26T23:51:39.461+0000] {manager.py:878} INFO - 
================================================================================
DAG File Processing Stats

File Path                  PID    Runtime      # DAGs    # Errors  Last Runtime    Last Run
-------------------------  -----  ---------  --------  ----------  --------------  -------------------
/opt/airflow/dags/main.py                           2           0  0.52s           2026-05-26T23:51:26
================================================================================
[2026-05-26T23:52:09.866+0000] {manager.py:878} INFO - 
================================================================================
DAG File Processing Stats

File Path                  PID    Runtime      # DAGs    # Errors  Last Runtime    Last Run
-------------------------  -----  ---------  --------  ----------  --------------  -------------------
/opt/airflow/dags/main.py                           2           0  0.43s           2026-05-26T23:51:57
================================================================================
[2026-05-26T23:52:40.123+0000] {manager.py:878} INFO - 
================================================================================
DAG File Processing Stats

File Path                  PID    Runtime      # DAGs    # Errors  Last Runtime    Last Run
-------------------------  -----  ---------  --------  ----------  --------------  -------------------
/opt/airflow/dags/main.py                           2           0  0.48s           2026-05-26T23:52:28
================================================================================
[2026-05-26T23:53:10.467+0000] {manager.py:878} INFO - 
================================================================================
DAG File Processing Stats

File Path                  PID    Runtime      # DAGs    # Errors  Last Runtime    Last Run
-------------------------  -----  ---------  --------  ----------  --------------  -------------------
/opt/airflow/dags/main.py                           2           0  0.41s           2026-05-26T23:52:58
================================================================================
[2026-05-26T23:53:40.600+0000] {manager.py:878} INFO - 
================================================================================
DAG File Processing Stats

File Path                  PID    Runtime      # DAGs    # Errors  Last Runtime    Last Run
-------------------------  -----  ---------  --------  ----------  --------------  -------------------
/opt/airflow/dags/main.py                           2           0  0.42s           2026-05-26T23:53:29
================================================================================
[2026-05-26T23:53:52.314+0000] {manager.py:737} INFO - Searching for files in /opt/airflow/dags
[2026-05-26T23:53:52.754+0000] {manager.py:740} INFO - There are 1 files in /opt/airflow/dags
[2026-05-26T23:54:11.046+0000] {manager.py:878} INFO - 
================================================================================
DAG File Processing Stats

File Path                  PID    Runtime      # DAGs    # Errors  Last Runtime    Last Run
-------------------------  -----  ---------  --------  ----------  --------------  -------------------
/opt/airflow/dags/main.py                           2           0  0.40s           2026-05-26T23:54:00
================================================================================
[2026-05-26T23:54:41.767+0000] {manager.py:878} INFO - 
================================================================================
DAG File Processing Stats

File Path                  PID    Runtime      # DAGs    # Errors  Last Runtime    Last Run
-------------------------  -----  ---------  --------  ----------  --------------  -------------------
/opt/airflow/dags/main.py                           2           0  0.53s           2026-05-26T23:54:30
================================================================================
[2026-05-26T23:55:12.323+0000] {manager.py:878} INFO - 
================================================================================
DAG File Processing Stats

File Path                  PID    Runtime      # DAGs    # Errors  Last Runtime    Last Run
-------------------------  -----  ---------  --------  ----------  --------------  -------------------
/opt/airflow/dags/main.py                           2           0  0.44s           2026-05-26T23:55:01
================================================================================
[2026-05-26T23:55:42.975+0000] {manager.py:878} INFO - 
================================================================================
DAG File Processing Stats

File Path                  PID    Runtime      # DAGs    # Errors  Last Runtime    Last Run
-------------------------  -----  ---------  --------  ----------  --------------  -------------------
/opt/airflow/dags/main.py                           2           0  0.40s           2026-05-26T23:55:31
================================================================================
[2026-05-26T23:56:13.463+0000] {manager.py:878} INFO - 
================================================================================
DAG File Processing Stats

File Path                  PID    Runtime      # DAGs    # Errors  Last Runtime    Last Run
-------------------------  -----  ---------  --------  ----------  --------------  -------------------
/opt/airflow/dags/main.py                           2           0  0.51s           2026-05-26T23:56:02
================================================================================
[2026-05-26T23:56:43.849+0000] {manager.py:878} INFO - 
================================================================================
DAG File Processing Stats

File Path                  PID    Runtime      # DAGs    # Errors  Last Runtime    Last Run
-------------------------  -----  ---------  --------  ----------  --------------  -------------------
/opt/airflow/dags/main.py                           2           0  0.55s           2026-05-26T23:56:33
================================================================================
[2026-05-26T23:57:14.256+0000] {manager.py:878} INFO - 
================================================================================
DAG File Processing Stats

File Path                  PID    Runtime      # DAGs    # Errors  Last Runtime    Last Run
-------------------------  -----  ---------  --------  ----------  --------------  -------------------
/opt/airflow/dags/main.py                           2           0  0.44s           2026-05-26T23:57:04
================================================================================
[2026-05-26T23:57:44.592+0000] {manager.py:878} INFO - 
================================================================================
DAG File Processing Stats

File Path                  PID    Runtime      # DAGs    # Errors  Last Runtime    Last Run
-------------------------  -----  ---------  --------  ----------  --------------  -------------------
/opt/airflow/dags/main.py                           2           0  0.52s           2026-05-26T23:57:35
================================================================================
[2026-05-26T23:58:15.475+0000] {manager.py:878} INFO - 
================================================================================
DAG File Processing Stats

File Path                  PID    Runtime      # DAGs    # Errors  Last Runtime    Last Run
-------------------------  -----  ---------  --------  ----------  --------------  -------------------
/opt/airflow/dags/main.py                           2           0  0.47s           2026-05-26T23:58:06
================================================================================
[2026-05-26T23:58:45.897+0000] {manager.py:878} INFO - 
================================================================================
DAG File Processing Stats

File Path                  PID    Runtime      # DAGs    # Errors  Last Runtime    Last Run
-------------------------  -----  ---------  --------  ----------  --------------  -------------------
/opt/airflow/dags/main.py                           2           0  0.48s           2026-05-26T23:58:37
================================================================================
[2026-05-26T23:58:52.439+0000] {manager.py:737} INFO - Searching for files in /opt/airflow/dags
[2026-05-26T23:58:52.937+0000] {manager.py:740} INFO - There are 1 files in /opt/airflow/dags
[2026-05-26T23:59:16.280+0000] {manager.py:878} INFO - 
================================================================================
DAG File Processing Stats

File Path                  PID    Runtime      # DAGs    # Errors  Last Runtime    Last Run
-------------------------  -----  ---------  --------  ----------  --------------  -------------------
/opt/airflow/dags/main.py                           2           0  0.41s           2026-05-26T23:59:08
================================================================================
[2026-05-26T23:59:46.428+0000] {manager.py:878} INFO - 
================================================================================
DAG File Processing Stats

File Path                  PID    Runtime      # DAGs    # Errors  Last Runtime    Last Run
-------------------------  -----  ---------  --------  ----------  --------------  -------------------
/opt/airflow/dags/main.py                           2           0  0.42s           2026-05-26T23:59:39
================================================================================
[2026-05-27T00:00:16.817+0000] {manager.py:878} INFO - 
================================================================================
DAG File Processing Stats

File Path                  PID    Runtime      # DAGs    # Errors  Last Runtime    Last Run
-------------------------  -----  ---------  --------  ----------  --------------  -------------------
/opt/airflow/dags/main.py                           2           0  0.54s           2026-05-27T00:00:10
================================================================================
[2026-05-27T00:00:47.190+0000] {manager.py:878} INFO - 
================================================================================
DAG File Processing Stats

File Path                  PID    Runtime      # DAGs    # Errors  Last Runtime    Last Run
-------------------------  -----  ---------  --------  ----------  --------------  -------------------
/opt/airflow/dags/main.py                           2           0  0.53s           2026-05-27T00:00:41
================================================================================
[2026-05-27T00:01:17.650+0000] {manager.py:878} INFO - 
================================================================================
DAG File Processing Stats

File Path                  PID    Runtime      # DAGs    # Errors  Last Runtime    Last Run
-------------------------  -----  ---------  --------  ----------  --------------  -------------------
/opt/airflow/dags/main.py                           2           0  0.47s           2026-05-27T00:01:12
================================================================================
[2026-05-27T00:01:47.859+0000] {manager.py:878} INFO - 
================================================================================
DAG File Processing Stats

File Path                  PID    Runtime      # DAGs    # Errors  Last Runtime    Last Run
-------------------------  -----  ---------  --------  ----------  --------------  -------------------
/opt/airflow/dags/main.py                           2           0  0.42s           2026-05-27T00:01:42
================================================================================
[2026-05-27T00:02:18.844+0000] {manager.py:878} INFO - 
================================================================================
DAG File Processing Stats

File Path                  PID    Runtime      # DAGs    # Errors  Last Runtime    Last Run
-------------------------  -----  ---------  --------  ----------  --------------  -------------------
/opt/airflow/dags/main.py                           2           0  0.62s           2026-05-27T00:02:13
================================================================================
[2026-05-27T00:02:49.200+0000] {manager.py:878} INFO - 
================================================================================
DAG File Processing Stats

File Path                  PID    Runtime      # DAGs    # Errors  Last Runtime    Last Run
-------------------------  -----  ---------  --------  ----------  --------------  -------------------
/opt/airflow/dags/main.py                           2           0  0.55s           2026-05-27T00:02:44
================================================================================
[2026-05-27T00:03:19.530+0000] {manager.py:878} INFO - 
================================================================================
DAG File Processing Stats

File Path                  PID    Runtime      # DAGs    # Errors  Last Runtime    Last Run
-------------------------  -----  ---------  --------  ----------  --------------  -------------------
/opt/airflow/dags/main.py                           2           0  0.49s           2026-05-27T00:03:15
================================================================================
[2026-05-27T00:03:49.927+0000] {manager.py:878} INFO - 
================================================================================
DAG File Processing Stats

File Path                  PID    Runtime      # DAGs    # Errors  Last Runtime    Last Run
-------------------------  -----  ---------  --------  ----------  --------------  -------------------
/opt/airflow/dags/main.py                           2           0  0.39s           2026-05-27T00:03:46
================================================================================
[2026-05-27T00:03:52.970+0000] {manager.py:737} INFO - Searching for files in /opt/airflow/dags
[2026-05-27T00:03:53.482+0000] {manager.py:740} INFO - There are 1 files in /opt/airflow/dags
[2026-05-27T00:04:20.338+0000] {manager.py:878} INFO - 
================================================================================
DAG File Processing Stats

File Path                  PID    Runtime      # DAGs    # Errors  Last Runtime    Last Run
-------------------------  -----  ---------  --------  ----------  --------------  -------------------
/opt/airflow/dags/main.py                           2           0  0.48s           2026-05-27T00:04:17
================================================================================
[2026-05-27T00:04:50.706+0000] {manager.py:878} INFO - 
================================================================================
DAG File Processing Stats

File Path                  PID    Runtime      # DAGs    # Errors  Last Runtime    Last Run
-------------------------  -----  ---------  --------  ----------  --------------  -------------------
/opt/airflow/dags/main.py                           2           0  0.45s           2026-05-27T00:04:48
================================================================================
[2026-05-27T00:05:20.910+0000] {manager.py:878} INFO - 
================================================================================
DAG File Processing Stats

File Path                  PID    Runtime      # DAGs    # Errors  Last Runtime    Last Run
-------------------------  -----  ---------  --------  ----------  --------------  -------------------
/opt/airflow/dags/main.py                           2           0  0.36s           2026-05-27T00:05:18
================================================================================
[2026-05-27T00:05:51.305+0000] {manager.py:878} INFO - 
================================================================================
DAG File Processing Stats

File Path                  PID    Runtime      # DAGs    # Errors  Last Runtime    Last Run
-------------------------  -----  ---------  --------  ----------  --------------  -------------------
/opt/airflow/dags/main.py                           2           0  0.50s           2026-05-27T00:05:49
================================================================================
[2026-05-27T00:06:21.492+0000] {manager.py:878} INFO - 
================================================================================
DAG File Processing Stats

File Path                  PID    Runtime      # DAGs    # Errors  Last Runtime    Last Run
-------------------------  -----  ---------  --------  ----------  --------------  -------------------
/opt/airflow/dags/main.py                           2           0  0.34s           2026-05-27T00:06:20
================================================================================
[2026-05-27T00:06:51.837+0000] {manager.py:878} INFO - 
================================================================================
DAG File Processing Stats

File Path                  PID    Runtime      # DAGs    # Errors  Last Runtime    Last Run
-------------------------  -----  ---------  --------  ----------  --------------  -------------------
/opt/airflow/dags/main.py                           2           0  0.35s           2026-05-27T00:06:50
================================================================================
[2026-05-27T00:07:22.235+0000] {manager.py:878} INFO - 
================================================================================
DAG File Processing Stats

File Path                  PID    Runtime      # DAGs    # Errors  Last Runtime    Last Run
-------------------------  -----  ---------  --------  ----------  --------------  -------------------
/opt/airflow/dags/main.py                           2           0  0.41s           2026-05-27T00:07:21
================================================================================
[2026-05-27T00:07:52.515+0000] {manager.py:878} INFO - 
================================================================================
DAG File Processing Stats

File Path                  PID    Runtime      # DAGs    # Errors  Last Runtime    Last Run
-------------------------  -----  ---------  --------  ----------  --------------  -------------------
/opt/airflow/dags/main.py                           2           0  0.53s           2026-05-27T00:07:52
================================================================================
[2026-05-27T00:08:22.877+0000] {manager.py:878} INFO - 
================================================================================
DAG File Processing Stats

File Path                    PID  Runtime      # DAGs    # Errors  Last Runtime    Last Run
-------------------------  -----  ---------  --------  ----------  --------------  -------------------
/opt/airflow/dags/main.py    514  0.01s             2           0  0.53s           2026-05-27T00:07:52
================================================================================
[2026-05-27T00:08:53.630+0000] {manager.py:737} INFO - Searching for files in /opt/airflow/dags
[2026-05-27T00:08:54.080+0000] {manager.py:740} INFO - There are 1 files in /opt/airflow/dags
[2026-05-27T00:08:54.119+0000] {manager.py:878} INFO - 
================================================================================
DAG File Processing Stats

File Path                    PID  Runtime      # DAGs    # Errors  Last Runtime    Last Run
-------------------------  -----  ---------  --------  ----------  --------------  -------------------
/opt/airflow/dags/main.py    521  0.00s             2           0  0.46s           2026-05-27T00:08:23
================================================================================
[2026-05-27T00:09:24.472+0000] {manager.py:878} INFO - 
================================================================================
DAG File Processing Stats

File Path                  PID    Runtime      # DAGs    # Errors  Last Runtime    Last Run
-------------------------  -----  ---------  --------  ----------  --------------  -------------------
/opt/airflow/dags/main.py                           2           0  0.45s           2026-05-27T00:08:54
================================================================================
[2026-05-27T00:09:54.641+0000] {manager.py:878} INFO - 
================================================================================
DAG File Processing Stats

File Path                  PID    Runtime      # DAGs    # Errors  Last Runtime    Last Run
-------------------------  -----  ---------  --------  ----------  --------------  -------------------
/opt/airflow/dags/main.py                           2           0  0.42s           2026-05-27T00:09:25
================================================================================
[2026-05-27T00:10:25.027+0000] {manager.py:878} INFO - 
================================================================================
DAG File Processing Stats

File Path                  PID    Runtime      # DAGs    # Errors  Last Runtime    Last Run
-------------------------  -----  ---------  --------  ----------  --------------  -------------------
/opt/airflow/dags/main.py                           2           0  0.52s           2026-05-27T00:09:56
================================================================================
[2026-05-27T00:10:55.306+0000] {manager.py:878} INFO - 
================================================================================
DAG File Processing Stats

File Path                  PID    Runtime      # DAGs    # Errors  Last Runtime    Last Run
-------------------------  -----  ---------  --------  ----------  --------------  -------------------
/opt/airflow/dags/main.py                           2           0  0.45s           2026-05-27T00:10:27
================================================================================
[2026-05-27T00:11:25.740+0000] {manager.py:878} INFO - 
================================================================================
DAG File Processing Stats

File Path                  PID    Runtime      # DAGs    # Errors  Last Runtime    Last Run
-------------------------  -----  ---------  --------  ----------  --------------  -------------------
/opt/airflow/dags/main.py                           2           0  0.43s           2026-05-27T00:10:57
================================================================================
[2026-05-27T00:11:56.100+0000] {manager.py:878} INFO - 
================================================================================
DAG File Processing Stats

File Path                  PID    Runtime      # DAGs    # Errors  Last Runtime    Last Run
-------------------------  -----  ---------  --------  ----------  --------------  -------------------
/opt/airflow/dags/main.py                           2           0  0.57s           2026-05-27T00:11:28
================================================================================
[2026-05-27T00:12:26.884+0000] {manager.py:878} INFO - 
================================================================================
DAG File Processing Stats

File Path                  PID    Runtime      # DAGs    # Errors  Last Runtime    Last Run
-------------------------  -----  ---------  --------  ----------  --------------  -------------------
/opt/airflow/dags/main.py                           2           0  0.47s           2026-05-27T00:11:59
================================================================================
[2026-05-27T00:12:57.323+0000] {manager.py:878} INFO - 
================================================================================
DAG File Processing Stats

File Path                  PID    Runtime      # DAGs    # Errors  Last Runtime    Last Run
-------------------------  -----  ---------  --------  ----------  --------------  -------------------
/opt/airflow/dags/main.py                           2           0  0.42s           2026-05-27T00:12:30
================================================================================
[2026-05-27T00:13:27.636+0000] {manager.py:878} INFO - 
================================================================================
DAG File Processing Stats

File Path                  PID    Runtime      # DAGs    # Errors  Last Runtime    Last Run
-------------------------  -----  ---------  --------  ----------  --------------  -------------------
/opt/airflow/dags/main.py                           2           0  0.55s           2026-05-27T00:13:01
================================================================================
[2026-05-27T00:13:54.359+0000] {manager.py:737} INFO - Searching for files in /opt/airflow/dags
[2026-05-27T00:13:54.739+0000] {manager.py:740} INFO - There are 1 files in /opt/airflow/dags
[2026-05-27T00:13:57.790+0000] {manager.py:878} INFO - 
================================================================================
DAG File Processing Stats

File Path                  PID    Runtime      # DAGs    # Errors  Last Runtime    Last Run
-------------------------  -----  ---------  --------  ----------  --------------  -------------------
/opt/airflow/dags/main.py                           2           0  0.48s           2026-05-27T00:13:32
================================================================================
[2026-05-27T00:14:28.156+0000] {manager.py:878} INFO - 
================================================================================
DAG File Processing Stats

File Path                  PID    Runtime      # DAGs    # Errors  Last Runtime    Last Run
-------------------------  -----  ---------  --------  ----------  --------------  -------------------
/opt/airflow/dags/main.py                           2           0  0.51s           2026-05-27T00:14:03
================================================================================
[2026-05-27T00:14:58.437+0000] {manager.py:878} INFO - 
================================================================================
DAG File Processing Stats

File Path                  PID    Runtime      # DAGs    # Errors  Last Runtime    Last Run
-------------------------  -----  ---------  --------  ----------  --------------  -------------------
/opt/airflow/dags/main.py                           2           0  0.38s           2026-05-27T00:14:34
================================================================================
[2026-05-27T00:15:28.790+0000] {manager.py:878} INFO - 
================================================================================
DAG File Processing Stats

File Path                  PID    Runtime      # DAGs    # Errors  Last Runtime    Last Run
-------------------------  -----  ---------  --------  ----------  --------------  -------------------
/opt/airflow/dags/main.py                           2           0  0.39s           2026-05-27T00:15:04
================================================================================
[2026-05-27T00:15:59.166+0000] {manager.py:878} INFO - 
================================================================================
DAG File Processing Stats

File Path                  PID    Runtime      # DAGs    # Errors  Last Runtime    Last Run
-------------------------  -----  ---------  --------  ----------  --------------  -------------------
/opt/airflow/dags/main.py                           2           0  0.40s           2026-05-27T00:15:35
================================================================================
[2026-05-27T00:16:29.460+0000] {manager.py:878} INFO - 
================================================================================
DAG File Processing Stats

File Path                  PID    Runtime      # DAGs    # Errors  Last Runtime    Last Run
-------------------------  -----  ---------  --------  ----------  --------------  -------------------
/opt/airflow/dags/main.py                           2           0  0.52s           2026-05-27T00:16:06
================================================================================
[2026-05-27T00:16:59.827+0000] {manager.py:878} INFO - 
================================================================================
DAG File Processing Stats

File Path                  PID    Runtime      # DAGs    # Errors  Last Runtime    Last Run
-------------------------  -----  ---------  --------  ----------  --------------  -------------------
/opt/airflow/dags/main.py                           2           0  0.40s           2026-05-27T00:16:36
================================================================================
[2026-05-27T00:17:29.969+0000] {manager.py:878} INFO - 
================================================================================
DAG File Processing Stats

File Path                  PID    Runtime      # DAGs    # Errors  Last Runtime    Last Run
-------------------------  -----  ---------  --------  ----------  --------------  -------------------
/opt/airflow/dags/main.py                           2           0  0.39s           2026-05-27T00:17:07
================================================================================
[2026-05-27T00:18:00.404+0000] {manager.py:878} INFO - 
================================================================================
DAG File Processing Stats

File Path                  PID    Runtime      # DAGs    # Errors  Last Runtime    Last Run
-------------------------  -----  ---------  --------  ----------  --------------  -------------------
/opt/airflow/dags/main.py                           2           0  0.49s           2026-05-27T00:17:38
================================================================================
[2026-05-27T00:18:30.754+0000] {manager.py:878} INFO - 
================================================================================
DAG File Processing Stats

File Path                  PID    Runtime      # DAGs    # Errors  Last Runtime    Last Run
-------------------------  -----  ---------  --------  ----------  --------------  -------------------
/opt/airflow/dags/main.py                           2           0  0.53s           2026-05-27T00:18:09
================================================================================
[2026-05-27T00:18:54.510+0000] {manager.py:737} INFO - Searching for files in /opt/airflow/dags
[2026-05-27T00:18:54.955+0000] {manager.py:740} INFO - There are 1 files in /opt/airflow/dags
[2026-05-27T00:19:01.048+0000] {manager.py:878} INFO - 
================================================================================
DAG File Processing Stats

File Path                  PID    Runtime      # DAGs    # Errors  Last Runtime    Last Run
-------------------------  -----  ---------  --------  ----------  --------------  -------------------
/opt/airflow/dags/main.py                           2           0  0.48s           2026-05-27T00:18:40
================================================================================
[2026-05-27T00:19:31.422+0000] {manager.py:878} INFO - 
================================================================================
DAG File Processing Stats

File Path                  PID    Runtime      # DAGs    # Errors  Last Runtime    Last Run
-------------------------  -----  ---------  --------  ----------  --------------  -------------------
/opt/airflow/dags/main.py                           2           0  0.41s           2026-05-27T00:19:11
================================================================================
[2026-05-27T00:20:01.613+0000] {manager.py:878} INFO - 
================================================================================
DAG File Processing Stats

File Path                  PID    Runtime      # DAGs    # Errors  Last Runtime    Last Run
-------------------------  -----  ---------  --------  ----------  --------------  -------------------
/opt/airflow/dags/main.py                           2           0  0.41s           2026-05-27T00:19:42
================================================================================
[2026-05-27T00:20:32.001+0000] {manager.py:878} INFO - 
================================================================================
DAG File Processing Stats

File Path                  PID    Runtime      # DAGs    # Errors  Last Runtime    Last Run
-------------------------  -----  ---------  --------  ----------  --------------  -------------------
/opt/airflow/dags/main.py                           2           0  0.56s           2026-05-27T00:20:12
================================================================================
[2026-05-27T00:21:02.613+0000] {manager.py:878} INFO - 
================================================================================
DAG File Processing Stats

File Path                  PID    Runtime      # DAGs    # Errors  Last Runtime    Last Run
-------------------------  -----  ---------  --------  ----------  --------------  -------------------
/opt/airflow/dags/main.py                           2           0  0.50s           2026-05-27T00:20:43
================================================================================
[2026-05-27T00:21:33.277+0000] {manager.py:878} INFO - 
================================================================================
DAG File Processing Stats

File Path                  PID    Runtime      # DAGs    # Errors  Last Runtime    Last Run
-------------------------  -----  ---------  --------  ----------  --------------  -------------------
/opt/airflow/dags/main.py                           2           0  0.47s           2026-05-27T00:21:14
================================================================================
[2026-05-27T00:22:03.879+0000] {manager.py:878} INFO - 
================================================================================
DAG File Processing Stats

File Path                  PID    Runtime      # DAGs    # Errors  Last Runtime    Last Run
-------------------------  -----  ---------  --------  ----------  --------------  -------------------
/opt/airflow/dags/main.py                           2           0  0.40s           2026-05-27T00:21:44
================================================================================
[2026-05-27T00:22:34.468+0000] {manager.py:878} INFO - 
================================================================================
DAG File Processing Stats

File Path                  PID    Runtime      # DAGs    # Errors  Last Runtime    Last Run
-------------------------  -----  ---------  --------  ----------  --------------  -------------------
/opt/airflow/dags/main.py                           2           0  0.36s           2026-05-27T00:22:15
================================================================================
[2026-05-27T00:23:05.002+0000] {manager.py:878} INFO - 
================================================================================
DAG File Processing Stats

File Path                  PID    Runtime      # DAGs    # Errors  Last Runtime    Last Run
-------------------------  -----  ---------  --------  ----------  --------------  -------------------
/opt/airflow/dags/main.py                           2           0  0.50s           2026-05-27T00:22:46
================================================================================
[2026-05-27T00:23:35.767+0000] {manager.py:878} INFO - 
================================================================================
DAG File Processing Stats

File Path                  PID    Runtime      # DAGs    # Errors  Last Runtime    Last Run
-------------------------  -----  ---------  --------  ----------  --------------  -------------------
/opt/airflow/dags/main.py                           2           0  0.50s           2026-05-27T00:23:16
================================================================================
[2026-05-27T00:23:55.114+0000] {manager.py:737} INFO - Searching for files in /opt/airflow/dags
[2026-05-27T00:23:55.720+0000] {manager.py:740} INFO - There are 1 files in /opt/airflow/dags
[2026-05-27T00:24:05.887+0000] {manager.py:878} INFO - 
================================================================================
DAG File Processing Stats

File Path                  PID    Runtime      # DAGs    # Errors  Last Runtime    Last Run
-------------------------  -----  ---------  --------  ----------  --------------  -------------------
/opt/airflow/dags/main.py                           2           0  0.42s           2026-05-27T00:23:47
================================================================================
[2026-05-27T00:24:36.298+0000] {manager.py:878} INFO - 
================================================================================
DAG File Processing Stats

File Path                  PID    Runtime      # DAGs    # Errors  Last Runtime    Last Run
-------------------------  -----  ---------  --------  ----------  --------------  -------------------
/opt/airflow/dags/main.py                           2           0  0.48s           2026-05-27T00:24:18
================================================================================
[2026-05-27T00:25:06.582+0000] {manager.py:878} INFO - 
================================================================================
DAG File Processing Stats

File Path                  PID    Runtime      # DAGs    # Errors  Last Runtime    Last Run
-------------------------  -----  ---------  --------  ----------  --------------  -------------------
/opt/airflow/dags/main.py                           2           0  0.43s           2026-05-27T00:24:49
================================================================================
[2026-05-27T00:25:36.984+0000] {manager.py:878} INFO - 
================================================================================
DAG File Processing Stats

File Path                  PID    Runtime      # DAGs    # Errors  Last Runtime    Last Run
-------------------------  -----  ---------  --------  ----------  --------------  -------------------
/opt/airflow/dags/main.py                           2           0  0.37s           2026-05-27T00:25:20
================================================================================
[2026-05-27T00:26:07.730+0000] {manager.py:878} INFO - 
================================================================================
DAG File Processing Stats

File Path                  PID    Runtime      # DAGs    # Errors  Last Runtime    Last Run
-------------------------  -----  ---------  --------  ----------  --------------  -------------------
/opt/airflow/dags/main.py                           2           0  0.48s           2026-05-27T00:25:50
================================================================================
[2026-05-27T00:26:38.191+0000] {manager.py:878} INFO - 
================================================================================
DAG File Processing Stats

File Path                  PID    Runtime      # DAGs    # Errors  Last Runtime    Last Run
-------------------------  -----  ---------  --------  ----------  --------------  -------------------
/opt/airflow/dags/main.py                           2           0  0.57s           2026-05-27T00:26:21
================================================================================
[2026-05-27T00:27:08.586+0000] {manager.py:878} INFO - 
================================================================================
DAG File Processing Stats

File Path                  PID    Runtime      # DAGs    # Errors  Last Runtime    Last Run
-------------------------  -----  ---------  --------  ----------  --------------  -------------------
/opt/airflow/dags/main.py                           2           0  0.54s           2026-05-27T00:26:52
================================================================================
[2026-05-27T00:27:39.016+0000] {manager.py:878} INFO - 
================================================================================
DAG File Processing Stats

File Path                  PID    Runtime      # DAGs    # Errors  Last Runtime    Last Run
-------------------------  -----  ---------  --------  ----------  --------------  -------------------
/opt/airflow/dags/main.py                           2           0  0.48s           2026-05-27T00:27:23
================================================================================
[2026-05-27T00:28:09.404+0000] {manager.py:878} INFO - 
================================================================================
DAG File Processing Stats

File Path                  PID    Runtime      # DAGs    # Errors  Last Runtime    Last Run
-------------------------  -----  ---------  --------  ----------  --------------  -------------------
/opt/airflow/dags/main.py                           2           0  0.55s           2026-05-27T00:27:54
================================================================================
[2026-05-27T00:28:39.805+0000] {manager.py:878} INFO - 
================================================================================
DAG File Processing Stats

File Path                  PID    Runtime      # DAGs    # Errors  Last Runtime    Last Run
-------------------------  -----  ---------  --------  ----------  --------------  -------------------
/opt/airflow/dags/main.py                           2           0  0.38s           2026-05-27T00:28:24
================================================================================
[2026-05-27T00:28:55.364+0000] {manager.py:737} INFO - Searching for files in /opt/airflow/dags
[2026-05-27T00:28:56.046+0000] {manager.py:740} INFO - There are 1 files in /opt/airflow/dags
[2026-05-27T00:29:09.867+0000] {manager.py:878} INFO - 
================================================================================
DAG File Processing Stats

File Path                  PID    Runtime      # DAGs    # Errors  Last Runtime    Last Run
-------------------------  -----  ---------  --------  ----------  --------------  -------------------
/opt/airflow/dags/main.py                           2           0  0.56s           2026-05-27T00:28:56
================================================================================
[2026-05-27T00:29:40.727+0000] {manager.py:878} INFO - 
================================================================================
DAG File Processing Stats

File Path                  PID    Runtime      # DAGs    # Errors  Last Runtime    Last Run
-------------------------  -----  ---------  --------  ----------  --------------  -------------------
/opt/airflow/dags/main.py                           2           0  0.46s           2026-05-27T00:29:27
================================================================================
[2026-05-27T00:30:11.156+0000] {manager.py:878} INFO - 
================================================================================
DAG File Processing Stats

File Path                  PID    Runtime      # DAGs    # Errors  Last Runtime    Last Run
-------------------------  -----  ---------  --------  ----------  --------------  -------------------
/opt/airflow/dags/main.py                           2           0  0.50s           2026-05-27T00:29:58
================================================================================
[2026-05-27T00:30:41.553+0000] {manager.py:878} INFO - 
================================================================================
DAG File Processing Stats

File Path                  PID    Runtime      # DAGs    # Errors  Last Runtime    Last Run
-------------------------  -----  ---------  --------  ----------  --------------  -------------------
/opt/airflow/dags/main.py                           2           0  0.55s           2026-05-27T00:30:29
================================================================================
[2026-05-27T00:31:11.966+0000] {manager.py:878} INFO - 
================================================================================
DAG File Processing Stats

File Path                  PID    Runtime      # DAGs    # Errors  Last Runtime    Last Run
-------------------------  -----  ---------  --------  ----------  --------------  -------------------
/opt/airflow/dags/main.py                           2           0  0.33s           2026-05-27T00:31:00
================================================================================
[2026-05-27T00:31:42.555+0000] {manager.py:878} INFO - 
================================================================================
DAG File Processing Stats

File Path                  PID    Runtime      # DAGs    # Errors  Last Runtime    Last Run
-------------------------  -----  ---------  --------  ----------  --------------  -------------------
/opt/airflow/dags/main.py                           2           0  0.51s           2026-05-27T00:31:30
================================================================================
[2026-05-27T00:32:13.175+0000] {manager.py:878} INFO - 
================================================================================
DAG File Processing Stats

File Path                  PID    Runtime      # DAGs    # Errors  Last Runtime    Last Run
-------------------------  -----  ---------  --------  ----------  --------------  -------------------
/opt/airflow/dags/main.py                           2           0  0.56s           2026-05-27T00:32:01
================================================================================
[2026-05-27T00:32:43.769+0000] {manager.py:878} INFO - 
================================================================================
DAG File Processing Stats

File Path                  PID    Runtime      # DAGs    # Errors  Last Runtime    Last Run
-------------------------  -----  ---------  --------  ----------  --------------  -------------------
/opt/airflow/dags/main.py                           2           0  0.48s           2026-05-27T00:32:31
================================================================================
[2026-05-27T00:33:14.338+0000] {manager.py:878} INFO - 
================================================================================
DAG File Processing Stats

File Path                  PID    Runtime      # DAGs    # Errors  Last Runtime    Last Run
-------------------------  -----  ---------  --------  ----------  --------------  -------------------
/opt/airflow/dags/main.py                           2           0  0.56s           2026-05-27T00:33:02
================================================================================
[2026-05-27T00:33:44.562+0000] {manager.py:878} INFO - 
================================================================================
DAG File Processing Stats

File Path                  PID    Runtime      # DAGs    # Errors  Last Runtime    Last Run
-------------------------  -----  ---------  --------  ----------  --------------  -------------------
/opt/airflow/dags/main.py                           2           0  0.43s           2026-05-27T00:33:33
================================================================================
[2026-05-27T00:33:55.686+0000] {manager.py:737} INFO - Searching for files in /opt/airflow/dags
[2026-05-27T00:33:56.287+0000] {manager.py:740} INFO - There are 1 files in /opt/airflow/dags
[2026-05-27T00:34:14.589+0000] {manager.py:878} INFO - 
================================================================================
DAG File Processing Stats

File Path                  PID    Runtime      # DAGs    # Errors  Last Runtime    Last Run
-------------------------  -----  ---------  --------  ----------  --------------  -------------------
/opt/airflow/dags/main.py                           2           0  0.42s           2026-05-27T00:34:04
================================================================================
[2026-05-27T00:34:44.767+0000] {manager.py:878} INFO - 
================================================================================
DAG File Processing Stats

File Path                  PID    Runtime      # DAGs    # Errors  Last Runtime    Last Run
-------------------------  -----  ---------  --------  ----------  --------------  -------------------
/opt/airflow/dags/main.py                           2           0  0.43s           2026-05-27T00:34:35
================================================================================
[2026-05-27T00:35:15.161+0000] {manager.py:878} INFO - 
================================================================================
DAG File Processing Stats

File Path                  PID    Runtime      # DAGs    # Errors  Last Runtime    Last Run
-------------------------  -----  ---------  --------  ----------  --------------  -------------------
/opt/airflow/dags/main.py                           2           0  0.43s           2026-05-27T00:35:06
================================================================================
[2026-05-27T00:35:45.478+0000] {manager.py:878} INFO - 
================================================================================
DAG File Processing Stats

File Path                  PID    Runtime      # DAGs    # Errors  Last Runtime    Last Run
-------------------------  -----  ---------  --------  ----------  --------------  -------------------
/opt/airflow/dags/main.py                           2           0  0.48s           2026-05-27T00:35:37
================================================================================
[2026-05-27T00:36:16.384+0000] {manager.py:878} INFO - 
================================================================================
DAG File Processing Stats

File Path                  PID    Runtime      # DAGs    # Errors  Last Runtime    Last Run
-------------------------  -----  ---------  --------  ----------  --------------  -------------------
/opt/airflow/dags/main.py                           2           0  0.57s           2026-05-27T00:36:08
================================================================================
[2026-05-27T00:36:46.388+0000] {manager.py:878} INFO - 
================================================================================
DAG File Processing Stats

File Path                  PID    Runtime      # DAGs    # Errors  Last Runtime    Last Run
-------------------------  -----  ---------  --------  ----------  --------------  -------------------
/opt/airflow/dags/main.py                           2           0  0.61s           2026-05-27T00:36:39
================================================================================
[2026-05-27T00:37:17.220+0000] {manager.py:878} INFO - 
================================================================================
DAG File Processing Stats

File Path                  PID    Runtime      # DAGs    # Errors  Last Runtime    Last Run
-------------------------  -----  ---------  --------  ----------  --------------  -------------------
/opt/airflow/dags/main.py                           2           0  0.55s           2026-05-27T00:37:10
================================================================================
[2026-05-27T00:37:47.710+0000] {manager.py:878} INFO - 
================================================================================
DAG File Processing Stats

File Path                  PID    Runtime      # DAGs    # Errors  Last Runtime    Last Run
-------------------------  -----  ---------  --------  ----------  --------------  -------------------
/opt/airflow/dags/main.py                           2           0  0.45s           2026-05-27T00:37:40
================================================================================
[2026-05-27T00:38:18.458+0000] {manager.py:878} INFO - 
================================================================================
DAG File Processing Stats

File Path                  PID    Runtime      # DAGs    # Errors  Last Runtime    Last Run
-------------------------  -----  ---------  --------  ----------  --------------  -------------------
/opt/airflow/dags/main.py                           2           0  0.45s           2026-05-27T00:38:11
================================================================================
[2026-05-27T00:38:48.919+0000] {manager.py:878} INFO - 
================================================================================
DAG File Processing Stats

File Path                  PID    Runtime      # DAGs    # Errors  Last Runtime    Last Run
-------------------------  -----  ---------  --------  ----------  --------------  -------------------
/opt/airflow/dags/main.py                           2           0  0.44s           2026-05-27T00:38:42
================================================================================
[2026-05-27T00:38:56.017+0000] {manager.py:737} INFO - Searching for files in /opt/airflow/dags
[2026-05-27T00:38:56.704+0000] {manager.py:740} INFO - There are 1 files in /opt/airflow/dags
[2026-05-27T00:39:19.109+0000] {manager.py:878} INFO - 
================================================================================
DAG File Processing Stats

File Path                  PID    Runtime      # DAGs    # Errors  Last Runtime    Last Run
-------------------------  -----  ---------  --------  ----------  --------------  -------------------
/opt/airflow/dags/main.py                           2           0  0.58s           2026-05-27T00:39:13
================================================================================
[2026-05-27T00:39:49.357+0000] {manager.py:878} INFO - 
================================================================================
DAG File Processing Stats

File Path                  PID    Runtime      # DAGs    # Errors  Last Runtime    Last Run
-------------------------  -----  ---------  --------  ----------  --------------  -------------------
/opt/airflow/dags/main.py                           2           0  0.32s           2026-05-27T00:39:44
================================================================================
[2026-05-27T00:40:19.726+0000] {manager.py:878} INFO - 
================================================================================
DAG File Processing Stats

File Path                  PID    Runtime      # DAGs    # Errors  Last Runtime    Last Run
-------------------------  -----  ---------  --------  ----------  --------------  -------------------
/opt/airflow/dags/main.py                           2           0  0.35s           2026-05-27T00:40:14
================================================================================
[2026-05-27T00:40:50.149+0000] {manager.py:878} INFO - 
================================================================================
DAG File Processing Stats

File Path                  PID    Runtime      # DAGs    # Errors  Last Runtime    Last Run
-------------------------  -----  ---------  --------  ----------  --------------  -------------------
/opt/airflow/dags/main.py                           2           0  0.61s           2026-05-27T00:40:45
================================================================================
[2026-05-27T00:41:20.550+0000] {manager.py:878} INFO - 
================================================================================
DAG File Processing Stats

File Path                  PID    Runtime      # DAGs    # Errors  Last Runtime    Last Run
-------------------------  -----  ---------  --------  ----------  --------------  -------------------
/opt/airflow/dags/main.py                           2           0  0.59s           2026-05-27T00:41:16
================================================================================
[2026-05-27T00:41:50.551+0000] {manager.py:878} INFO - 
================================================================================
DAG File Processing Stats

File Path                  PID    Runtime      # DAGs    # Errors  Last Runtime    Last Run
-------------------------  -----  ---------  --------  ----------  --------------  -------------------
/opt/airflow/dags/main.py                           2           0  0.59s           2026-05-27T00:41:47
================================================================================
[2026-05-27T00:42:20.967+0000] {manager.py:878} INFO - 
================================================================================
DAG File Processing Stats

File Path                  PID    Runtime      # DAGs    # Errors  Last Runtime    Last Run
-------------------------  -----  ---------  --------  ----------  --------------  -------------------
/opt/airflow/dags/main.py                           2           0  0.44s           2026-05-27T00:42:18
================================================================================
[2026-05-27T00:42:51.253+0000] {manager.py:878} INFO - 
================================================================================
DAG File Processing Stats

File Path                  PID    Runtime      # DAGs    # Errors  Last Runtime    Last Run
-------------------------  -----  ---------  --------  ----------  --------------  -------------------
/opt/airflow/dags/main.py                           2           0  0.49s           2026-05-27T00:42:49
================================================================================
[2026-05-27T00:43:21.667+0000] {manager.py:878} INFO - 
================================================================================
DAG File Processing Stats

File Path                  PID    Runtime      # DAGs    # Errors  Last Runtime    Last Run
-------------------------  -----  ---------  --------  ----------  --------------  -------------------
/opt/airflow/dags/main.py                           2           0  0.46s           2026-05-27T00:43:20
================================================================================
[2026-05-27T00:43:51.907+0000] {manager.py:878} INFO - 
================================================================================
DAG File Processing Stats

File Path                  PID    Runtime      # DAGs    # Errors  Last Runtime    Last Run
-------------------------  -----  ---------  --------  ----------  --------------  -------------------
/opt/airflow/dags/main.py                           2           0  0.44s           2026-05-27T00:43:50
================================================================================
[2026-05-27T00:43:56.531+0000] {manager.py:737} INFO - Searching for files in /opt/airflow/dags
[2026-05-27T00:43:56.866+0000] {manager.py:740} INFO - There are 1 files in /opt/airflow/dags
[2026-05-27T00:44:22.259+0000] {manager.py:878} INFO - 
================================================================================
DAG File Processing Stats

File Path                  PID    Runtime      # DAGs    # Errors  Last Runtime    Last Run
-------------------------  -----  ---------  --------  ----------  --------------  -------------------
/opt/airflow/dags/main.py                           2           0  0.48s           2026-05-27T00:44:21
================================================================================
[2026-05-27T00:44:52.614+0000] {manager.py:878} INFO - 
================================================================================
DAG File Processing Stats

File Path                    PID  Runtime      # DAGs    # Errors  Last Runtime    Last Run
-------------------------  -----  ---------  --------  ----------  --------------  -------------------
/opt/airflow/dags/main.py   1028  0.54s             2           0  0.48s           2026-05-27T00:44:21
================================================================================
[2026-05-27T00:45:23.032+0000] {manager.py:878} INFO - 
================================================================================
DAG File Processing Stats

File Path                    PID  Runtime      # DAGs    # Errors  Last Runtime    Last Run
-------------------------  -----  ---------  --------  ----------  --------------  -------------------
/opt/airflow/dags/main.py   1035  0.01s             2           0  0.63s           2026-05-27T00:44:52
================================================================================
[2026-05-27T00:45:53.429+0000] {manager.py:878} INFO - 
================================================================================
DAG File Processing Stats

File Path                  PID    Runtime      # DAGs    # Errors  Last Runtime    Last Run
-------------------------  -----  ---------  --------  ----------  --------------  -------------------
/opt/airflow/dags/main.py                           2           0  0.58s           2026-05-27T00:45:23
================================================================================
[2026-05-27T00:46:23.760+0000] {manager.py:878} INFO - 
================================================================================
DAG File Processing Stats

File Path                  PID    Runtime      # DAGs    # Errors  Last Runtime    Last Run
-------------------------  -----  ---------  --------  ----------  --------------  -------------------
/opt/airflow/dags/main.py                           2           0  0.42s           2026-05-27T00:45:54
================================================================================
[2026-05-27T00:46:54.186+0000] {manager.py:878} INFO - 
================================================================================
DAG File Processing Stats

File Path                  PID    Runtime      # DAGs    # Errors  Last Runtime    Last Run
-------------------------  -----  ---------  --------  ----------  --------------  -------------------
/opt/airflow/dags/main.py                           2           0  0.50s           2026-05-27T00:46:25
================================================================================
[2026-05-27T00:47:24.549+0000] {manager.py:878} INFO - 
================================================================================
DAG File Processing Stats

File Path                  PID    Runtime      # DAGs    # Errors  Last Runtime    Last Run
-------------------------  -----  ---------  --------  ----------  --------------  -------------------
/opt/airflow/dags/main.py                           2           0  0.48s           2026-05-27T00:46:56
================================================================================
[2026-05-27T00:47:55.434+0000] {manager.py:878} INFO - 
================================================================================
DAG File Processing Stats

File Path                  PID    Runtime      # DAGs    # Errors  Last Runtime    Last Run
-------------------------  -----  ---------  --------  ----------  --------------  -------------------
/opt/airflow/dags/main.py                           2           0  0.47s           2026-05-27T00:47:27
================================================================================
[2026-05-27T00:48:25.865+0000] {manager.py:878} INFO - 
================================================================================
DAG File Processing Stats

File Path                  PID    Runtime      # DAGs    # Errors  Last Runtime    Last Run
-------------------------  -----  ---------  --------  ----------  --------------  -------------------
/opt/airflow/dags/main.py                           2           0  0.56s           2026-05-27T00:47:58
================================================================================
[2026-05-27T00:48:56.262+0000] {manager.py:878} INFO - 
================================================================================
DAG File Processing Stats

File Path                  PID    Runtime      # DAGs    # Errors  Last Runtime    Last Run
-------------------------  -----  ---------  --------  ----------  --------------  -------------------
/opt/airflow/dags/main.py                           2           0  0.50s           2026-05-27T00:48:28
================================================================================
[2026-05-27T00:48:57.268+0000] {manager.py:737} INFO - Searching for files in /opt/airflow/dags
[2026-05-27T00:48:57.506+0000] {manager.py:740} INFO - There are 1 files in /opt/airflow/dags
[2026-05-27T00:49:26.279+0000] {manager.py:878} INFO - 
================================================================================
DAG File Processing Stats

File Path                  PID    Runtime      # DAGs    # Errors  Last Runtime    Last Run
-------------------------  -----  ---------  --------  ----------  --------------  -------------------
/opt/airflow/dags/main.py                           2           0  0.38s           2026-05-27T00:48:59
================================================================================
[2026-05-27T00:49:56.656+0000] {manager.py:878} INFO - 
================================================================================
DAG File Processing Stats

File Path                  PID    Runtime      # DAGs    # Errors  Last Runtime    Last Run
-------------------------  -----  ---------  --------  ----------  --------------  -------------------
/opt/airflow/dags/main.py                           2           0  0.33s           2026-05-27T00:49:30
================================================================================
[2026-05-27T00:50:27.099+0000] {manager.py:878} INFO - 
================================================================================
DAG File Processing Stats

File Path                  PID    Runtime      # DAGs    # Errors  Last Runtime    Last Run
-------------------------  -----  ---------  --------  ----------  --------------  -------------------
/opt/airflow/dags/main.py                           2           0  0.40s           2026-05-27T00:50:01
================================================================================
[2026-05-27T00:50:57.850+0000] {manager.py:878} INFO - 
================================================================================
DAG File Processing Stats

File Path                  PID    Runtime      # DAGs    # Errors  Last Runtime    Last Run
-------------------------  -----  ---------  --------  ----------  --------------  -------------------
/opt/airflow/dags/main.py                           2           0  0.44s           2026-05-27T00:50:31
================================================================================
[2026-05-27T00:51:28.343+0000] {manager.py:878} INFO - 
================================================================================
DAG File Processing Stats

File Path                  PID    Runtime      # DAGs    # Errors  Last Runtime    Last Run
-------------------------  -----  ---------  --------  ----------  --------------  -------------------
/opt/airflow/dags/main.py                           2           0  0.43s           2026-05-27T00:51:02
================================================================================
[2026-05-27T00:51:59.058+0000] {manager.py:878} INFO - 
================================================================================
DAG File Processing Stats

File Path                  PID    Runtime      # DAGs    # Errors  Last Runtime    Last Run
-------------------------  -----  ---------  --------  ----------  --------------  -------------------
/opt/airflow/dags/main.py                           2           0  0.46s           2026-05-27T00:51:32
================================================================================
[2026-05-27T00:52:29.592+0000] {manager.py:878} INFO - 
================================================================================
DAG File Processing Stats

File Path                  PID    Runtime      # DAGs    # Errors  Last Runtime    Last Run
-------------------------  -----  ---------  --------  ----------  --------------  -------------------
/opt/airflow/dags/main.py                           2           0  0.52s           2026-05-27T00:52:03
================================================================================
[2026-05-27T00:52:59.849+0000] {manager.py:878} INFO - 
================================================================================
DAG File Processing Stats

File Path                  PID    Runtime      # DAGs    # Errors  Last Runtime    Last Run
-------------------------  -----  ---------  --------  ----------  --------------  -------------------
/opt/airflow/dags/main.py                           2           0  0.47s           2026-05-27T00:52:34
================================================================================
[2026-05-27T00:53:30.814+0000] {manager.py:878} INFO - 
================================================================================
DAG File Processing Stats

File Path                  PID    Runtime      # DAGs    # Errors  Last Runtime    Last Run
-------------------------  -----  ---------  --------  ----------  --------------  -------------------
/opt/airflow/dags/main.py                           2           0  0.51s           2026-05-27T00:53:05
================================================================================
[2026-05-27T00:53:57.664+0000] {manager.py:737} INFO - Searching for files in /opt/airflow/dags
[2026-05-27T00:53:58.167+0000] {manager.py:740} INFO - There are 1 files in /opt/airflow/dags
[2026-05-27T00:54:01.232+0000] {manager.py:878} INFO - 
================================================================================
DAG File Processing Stats

File Path                  PID    Runtime      # DAGs    # Errors  Last Runtime    Last Run
-------------------------  -----  ---------  --------  ----------  --------------  -------------------
/opt/airflow/dags/main.py                           2           0  0.50s           2026-05-27T00:53:36
================================================================================
[2026-05-27T00:54:31.672+0000] {manager.py:878} INFO - 
================================================================================
DAG File Processing Stats

File Path                  PID    Runtime      # DAGs    # Errors  Last Runtime    Last Run
-------------------------  -----  ---------  --------  ----------  --------------  -------------------
/opt/airflow/dags/main.py                           2           0  0.38s           2026-05-27T00:54:07
================================================================================
[2026-05-27T00:55:02.386+0000] {manager.py:878} INFO - 
================================================================================
DAG File Processing Stats

File Path                  PID    Runtime      # DAGs    # Errors  Last Runtime    Last Run
-------------------------  -----  ---------  --------  ----------  --------------  -------------------
/opt/airflow/dags/main.py                           2           0  0.45s           2026-05-27T00:54:38
================================================================================
[2026-05-27T00:55:32.908+0000] {manager.py:878} INFO - 
================================================================================
DAG File Processing Stats

File Path                  PID    Runtime      # DAGs    # Errors  Last Runtime    Last Run
-------------------------  -----  ---------  --------  ----------  --------------  -------------------
/opt/airflow/dags/main.py                           2           0  0.52s           2026-05-27T00:55:09
================================================================================
[2026-05-27T00:56:03.122+0000] {manager.py:878} INFO - 
================================================================================
DAG File Processing Stats

File Path                  PID    Runtime      # DAGs    # Errors  Last Runtime    Last Run
-------------------------  -----  ---------  --------  ----------  --------------  -------------------
/opt/airflow/dags/main.py                           2           0  0.39s           2026-05-27T00:55:39
================================================================================
[2026-05-27T00:56:33.567+0000] {manager.py:878} INFO - 
================================================================================
DAG File Processing Stats

File Path                  PID    Runtime      # DAGs    # Errors  Last Runtime    Last Run
-------------------------  -----  ---------  --------  ----------  --------------  -------------------
/opt/airflow/dags/main.py                           2           0  0.48s           2026-05-27T00:56:10
================================================================================
[2026-05-27T00:57:03.954+0000] {manager.py:878} INFO - 
================================================================================
DAG File Processing Stats

File Path                  PID    Runtime      # DAGs    # Errors  Last Runtime    Last Run
-------------------------  -----  ---------  --------  ----------  --------------  -------------------
/opt/airflow/dags/main.py                           2           0  0.52s           2026-05-27T00:56:41
================================================================================
[2026-05-27T00:57:34.842+0000] {manager.py:878} INFO - 
================================================================================
DAG File Processing Stats

File Path                  PID    Runtime      # DAGs    # Errors  Last Runtime    Last Run
-------------------------  -----  ---------  --------  ----------  --------------  -------------------
/opt/airflow/dags/main.py                           2           0  0.49s           2026-05-27T00:57:12
================================================================================
[2026-05-27T00:58:05.282+0000] {manager.py:878} INFO - 
================================================================================
DAG File Processing Stats

File Path                  PID    Runtime      # DAGs    # Errors  Last Runtime    Last Run
-------------------------  -----  ---------  --------  ----------  --------------  -------------------
/opt/airflow/dags/main.py                           2           0  0.57s           2026-05-27T00:57:43
================================================================================
[2026-05-27T00:58:35.671+0000] {manager.py:878} INFO - 
================================================================================
DAG File Processing Stats

File Path                  PID    Runtime      # DAGs    # Errors  Last Runtime    Last Run
-------------------------  -----  ---------  --------  ----------  --------------  -------------------
/opt/airflow/dags/main.py                           2           0  0.45s           2026-05-27T00:58:14
================================================================================
[2026-05-27T00:58:57.986+0000] {manager.py:737} INFO - Searching for files in /opt/airflow/dags
[2026-05-27T00:58:58.665+0000] {manager.py:740} INFO - There are 1 files in /opt/airflow/dags
[2026-05-27T00:59:05.805+0000] {manager.py:878} INFO - 
================================================================================
DAG File Processing Stats

File Path                  PID    Runtime      # DAGs    # Errors  Last Runtime    Last Run
-------------------------  -----  ---------  --------  ----------  --------------  -------------------
/opt/airflow/dags/main.py                           2           0  0.36s           2026-05-27T00:58:45
================================================================================
[2026-05-27T00:59:36.199+0000] {manager.py:878} INFO - 
================================================================================
DAG File Processing Stats

File Path                  PID    Runtime      # DAGs    # Errors  Last Runtime    Last Run
-------------------------  -----  ---------  --------  ----------  --------------  -------------------
/opt/airflow/dags/main.py                           2           0  0.33s           2026-05-27T00:59:16
================================================================================
[2026-05-27T03:59:54.111+0000] {manager.py:737} INFO - Searching for files in /opt/airflow/dags
[2026-05-27T03:59:54.343+0000] {manager.py:740} INFO - There are 1 files in /opt/airflow/dags
[2026-05-27T12:55:54.715+0000] {manager.py:878} INFO - 
================================================================================
DAG File Processing Stats

File Path                  PID    Runtime      # DAGs    # Errors  Last Runtime    Last Run
-------------------------  -----  ---------  --------  ----------  --------------  -------------------
/opt/airflow/dags/main.py                           2           0  0.43s           2026-05-27T03:59:54
================================================================================
[2026-05-27T12:55:54.787+0000] {manager.py:737} INFO - Searching for files in /opt/airflow/dags
[2026-05-27T12:55:55.252+0000] {manager.py:740} INFO - There are 1 files in /opt/airflow/dags
[2026-05-27T12:56:24.977+0000] {manager.py:878} INFO - 
================================================================================
DAG File Processing Stats

File Path                  PID    Runtime      # DAGs    # Errors  Last Runtime    Last Run
-------------------------  -----  ---------  --------  ----------  --------------  -------------------
/opt/airflow/dags/main.py                           2           0  0.46s           2026-05-27T12:55:55
================================================================================
[2026-05-27T12:56:55.227+0000] {manager.py:878} INFO - 
================================================================================
DAG File Processing Stats

File Path                  PID    Runtime      # DAGs    # Errors  Last Runtime    Last Run
-------------------------  -----  ---------  --------  ----------  --------------  -------------------
/opt/airflow/dags/main.py                           2           0  0.40s           2026-05-27T12:56:26
================================================================================
[2026-05-27T12:57:25.788+0000] {manager.py:878} INFO - 
================================================================================
DAG File Processing Stats

File Path                  PID    Runtime      # DAGs    # Errors  Last Runtime    Last Run
-------------------------  -----  ---------  --------  ----------  --------------  -------------------
/opt/airflow/dags/main.py                           2           0  0.41s           2026-05-27T12:56:57
================================================================================
[2026-05-27T12:57:56.169+0000] {manager.py:878} INFO - 
================================================================================
DAG File Processing Stats

File Path                  PID    Runtime      # DAGs    # Errors  Last Runtime    Last Run
-------------------------  -----  ---------  --------  ----------  --------------  -------------------
/opt/airflow/dags/main.py                           2           0  0.59s           2026-05-27T12:57:27
================================================================================
[2026-05-27T12:58:26.183+0000] {manager.py:878} INFO - 
================================================================================
DAG File Processing Stats

File Path                  PID    Runtime      # DAGs    # Errors  Last Runtime    Last Run
-------------------------  -----  ---------  --------  ----------  --------------  -------------------
/opt/airflow/dags/main.py                           2           0  0.62s           2026-05-27T12:57:58
================================================================================
[2026-05-27T12:58:56.962+0000] {manager.py:878} INFO - 
================================================================================
DAG File Processing Stats

File Path                  PID    Runtime      # DAGs    # Errors  Last Runtime    Last Run
-------------------------  -----  ---------  --------  ----------  --------------  -------------------
/opt/airflow/dags/main.py                           2           0  0.48s           2026-05-27T12:58:29
================================================================================
[2026-05-27T12:59:27.352+0000] {manager.py:878} INFO - 
================================================================================
DAG File Processing Stats

File Path                  PID    Runtime      # DAGs    # Errors  Last Runtime    Last Run
-------------------------  -----  ---------  --------  ----------  --------------  -------------------
/opt/airflow/dags/main.py                           2           0  0.48s           2026-05-27T12:59:00
================================================================================
[2026-05-27T12:59:57.752+0000] {manager.py:878} INFO - 
================================================================================
DAG File Processing Stats

File Path                  PID    Runtime      # DAGs    # Errors  Last Runtime    Last Run
-------------------------  -----  ---------  --------  ----------  --------------  -------------------
/opt/airflow/dags/main.py                           2           0  0.54s           2026-05-27T12:59:31
================================================================================
[2026-05-27T13:00:27.764+0000] {manager.py:878} INFO - 
================================================================================
DAG File Processing Stats

File Path                  PID    Runtime      # DAGs    # Errors  Last Runtime    Last Run
-------------------------  -----  ---------  --------  ----------  --------------  -------------------
/opt/airflow/dags/main.py                           2           0  0.58s           2026-05-27T13:00:02
================================================================================
[2026-05-27T13:00:55.516+0000] {manager.py:737} INFO - Searching for files in /opt/airflow/dags
[2026-05-27T13:00:56.005+0000] {manager.py:740} INFO - There are 1 files in /opt/airflow/dags
[2026-05-27T13:00:58.073+0000] {manager.py:878} INFO - 
================================================================================
DAG File Processing Stats

File Path                  PID    Runtime      # DAGs    # Errors  Last Runtime    Last Run
-------------------------  -----  ---------  --------  ----------  --------------  -------------------
/opt/airflow/dags/main.py                           2           0  0.44s           2026-05-27T13:00:33
================================================================================
[2026-05-27T13:01:28.453+0000] {manager.py:878} INFO - 
================================================================================
DAG File Processing Stats

File Path                  PID    Runtime      # DAGs    # Errors  Last Runtime    Last Run
-------------------------  -----  ---------  --------  ----------  --------------  -------------------
/opt/airflow/dags/main.py                           2           0  0.39s           2026-05-27T13:01:04
================================================================================
[2026-05-27T13:01:58.715+0000] {manager.py:878} INFO - 
================================================================================
DAG File Processing Stats

File Path                  PID    Runtime      # DAGs    # Errors  Last Runtime    Last Run
-------------------------  -----  ---------  --------  ----------  --------------  -------------------
/opt/airflow/dags/main.py                           2           0  0.50s           2026-05-27T13:01:35
================================================================================
[2026-05-27T13:02:29.110+0000] {manager.py:878} INFO - 
================================================================================
DAG File Processing Stats

File Path                  PID    Runtime      # DAGs    # Errors  Last Runtime    Last Run
-------------------------  -----  ---------  --------  ----------  --------------  -------------------
/opt/airflow/dags/main.py                           2           0  0.44s           2026-05-27T13:02:06
================================================================================
[2026-05-27T13:02:59.426+0000] {manager.py:878} INFO - 
================================================================================
DAG File Processing Stats

File Path                  PID    Runtime      # DAGs    # Errors  Last Runtime    Last Run
-------------------------  -----  ---------  --------  ----------  --------------  -------------------
/opt/airflow/dags/main.py                           2           0  0.52s           2026-05-27T13:02:37
================================================================================
[2026-05-27T13:03:30.152+0000] {manager.py:878} INFO - 
================================================================================
DAG File Processing Stats

File Path                  PID    Runtime      # DAGs    # Errors  Last Runtime    Last Run
-------------------------  -----  ---------  --------  ----------  --------------  -------------------
/opt/airflow/dags/main.py                           2           0  0.49s           2026-05-27T13:03:07
================================================================================
[2026-05-27T13:04:00.598+0000] {manager.py:878} INFO - 
================================================================================
DAG File Processing Stats

File Path                  PID    Runtime      # DAGs    # Errors  Last Runtime    Last Run
-------------------------  -----  ---------  --------  ----------  --------------  -------------------
/opt/airflow/dags/main.py                           2           0  0.41s           2026-05-27T13:03:38
================================================================================
[2026-05-27T13:04:30.724+0000] {manager.py:878} INFO - 
================================================================================
DAG File Processing Stats

File Path                  PID    Runtime      # DAGs    # Errors  Last Runtime    Last Run
-------------------------  -----  ---------  --------  ----------  --------------  -------------------
/opt/airflow/dags/main.py                           2           0  0.39s           2026-05-27T13:04:09
================================================================================
[2026-05-27T13:05:01.117+0000] {manager.py:878} INFO - 
================================================================================
DAG File Processing Stats

File Path                  PID    Runtime      # DAGs    # Errors  Last Runtime    Last Run
-------------------------  -----  ---------  --------  ----------  --------------  -------------------
/opt/airflow/dags/main.py                           2           0  0.40s           2026-05-27T13:04:40
================================================================================
[2026-05-27T13:05:31.410+0000] {manager.py:878} INFO - 
================================================================================
DAG File Processing Stats

File Path                  PID    Runtime      # DAGs    # Errors  Last Runtime    Last Run
-------------------------  -----  ---------  --------  ----------  --------------  -------------------
/opt/airflow/dags/main.py                           2           0  0.54s           2026-05-27T13:05:11
================================================================================
[2026-05-27T13:05:56.164+0000] {manager.py:737} INFO - Searching for files in /opt/airflow/dags
[2026-05-27T13:05:56.535+0000] {manager.py:740} INFO - There are 1 files in /opt/airflow/dags
[2026-05-27T13:06:01.626+0000] {manager.py:878} INFO - 
================================================================================
DAG File Processing Stats

File Path                  PID    Runtime      # DAGs    # Errors  Last Runtime    Last Run
-------------------------  -----  ---------  --------  ----------  --------------  -------------------
/opt/airflow/dags/main.py                           2           0  0.51s           2026-05-27T13:05:42
================================================================================
[2026-05-27T13:06:31.975+0000] {manager.py:878} INFO - 
================================================================================
DAG File Processing Stats

File Path                  PID    Runtime      # DAGs    # Errors  Last Runtime    Last Run
-------------------------  -----  ---------  --------  ----------  --------------  -------------------
/opt/airflow/dags/main.py                           2           0  0.46s           2026-05-27T13:06:13
================================================================================
[2026-05-27T13:07:02.244+0000] {manager.py:878} INFO - 
================================================================================
DAG File Processing Stats

File Path                  PID    Runtime      # DAGs    # Errors  Last Runtime    Last Run
-------------------------  -----  ---------  --------  ----------  --------------  -------------------
/opt/airflow/dags/main.py                           2           0  0.45s           2026-05-27T13:06:44
================================================================================
[2026-05-27T13:07:33.147+0000] {manager.py:878} INFO - 
================================================================================
DAG File Processing Stats

File Path                  PID    Runtime      # DAGs    # Errors  Last Runtime    Last Run
-------------------------  -----  ---------  --------  ----------  --------------  -------------------
/opt/airflow/dags/main.py                           2           0  0.56s           2026-05-27T13:07:14
================================================================================
[2026-05-27T13:08:03.559+0000] {manager.py:878} INFO - 
================================================================================
DAG File Processing Stats

File Path                  PID    Runtime      # DAGs    # Errors  Last Runtime    Last Run
-------------------------  -----  ---------  --------  ----------  --------------  -------------------
/opt/airflow/dags/main.py                           2           0  0.53s           2026-05-27T13:07:45
================================================================================
[2026-05-27T13:08:33.916+0000] {manager.py:878} INFO - 
================================================================================
DAG File Processing Stats

File Path                  PID    Runtime      # DAGs    # Errors  Last Runtime    Last Run
-------------------------  -----  ---------  --------  ----------  --------------  -------------------
/opt/airflow/dags/main.py                           2           0  0.61s           2026-05-27T13:08:16
================================================================================
[2026-05-27T13:09:04.389+0000] {manager.py:878} INFO - 
================================================================================
DAG File Processing Stats

File Path                  PID    Runtime      # DAGs    # Errors  Last Runtime    Last Run
-------------------------  -----  ---------  --------  ----------  --------------  -------------------
/opt/airflow/dags/main.py                           2           0  0.37s           2026-05-27T13:08:47
================================================================================
[2026-05-27T13:09:34.928+0000] {manager.py:878} INFO - 
================================================================================
DAG File Processing Stats

File Path                  PID    Runtime      # DAGs    # Errors  Last Runtime    Last Run
-------------------------  -----  ---------  --------  ----------  --------------  -------------------
/opt/airflow/dags/main.py                           2           0  0.41s           2026-05-27T13:09:17
================================================================================
[2026-05-27T13:10:05.438+0000] {manager.py:878} INFO - 
================================================================================
DAG File Processing Stats

File Path                  PID    Runtime      # DAGs    # Errors  Last Runtime    Last Run
-------------------------  -----  ---------  --------  ----------  --------------  -------------------
/opt/airflow/dags/main.py                           2           0  0.44s           2026-05-27T13:09:48
================================================================================
[2026-05-27T13:10:36.096+0000] {manager.py:878} INFO - 
================================================================================
DAG File Processing Stats

File Path                  PID    Runtime      # DAGs    # Errors  Last Runtime    Last Run
-------------------------  -----  ---------  --------  ----------  --------------  -------------------
/opt/airflow/dags/main.py                           2           0  0.42s           2026-05-27T13:10:19
================================================================================
[2026-05-27T13:10:56.371+0000] {manager.py:737} INFO - Searching for files in /opt/airflow/dags
[2026-05-27T13:10:56.716+0000] {manager.py:740} INFO - There are 1 files in /opt/airflow/dags
[2026-05-27T13:11:06.872+0000] {manager.py:878} INFO - 
================================================================================
DAG File Processing Stats

File Path                  PID    Runtime      # DAGs    # Errors  Last Runtime    Last Run
-------------------------  -----  ---------  --------  ----------  --------------  -------------------
/opt/airflow/dags/main.py                           2           0  0.44s           2026-05-27T13:10:49
================================================================================
[2026-05-27T13:11:37.238+0000] {manager.py:878} INFO - 
================================================================================
DAG File Processing Stats

File Path                  PID    Runtime      # DAGs    # Errors  Last Runtime    Last Run
-------------------------  -----  ---------  --------  ----------  --------------  -------------------
/opt/airflow/dags/main.py                           2           0  0.41s           2026-05-27T13:11:20
================================================================================
[2026-05-27T13:12:07.281+0000] {manager.py:878} INFO - 
================================================================================
DAG File Processing Stats

File Path                  PID    Runtime      # DAGs    # Errors  Last Runtime    Last Run
-------------------------  -----  ---------  --------  ----------  --------------  -------------------
/opt/airflow/dags/main.py                           2           0  0.35s           2026-05-27T13:11:51
================================================================================
[2026-05-27T13:12:37.639+0000] {manager.py:878} INFO - 
================================================================================
DAG File Processing Stats

File Path                  PID    Runtime      # DAGs    # Errors  Last Runtime    Last Run
-------------------------  -----  ---------  --------  ----------  --------------  -------------------
/opt/airflow/dags/main.py                           2           0  0.45s           2026-05-27T13:12:21
================================================================================
[2026-05-27T13:13:07.935+0000] {manager.py:878} INFO - 
================================================================================
DAG File Processing Stats

File Path                  PID    Runtime      # DAGs    # Errors  Last Runtime    Last Run
-------------------------  -----  ---------  --------  ----------  --------------  -------------------
/opt/airflow/dags/main.py                           2           0  0.55s           2026-05-27T13:12:52
================================================================================
[2026-05-27T13:13:38.277+0000] {manager.py:878} INFO - 
================================================================================
DAG File Processing Stats

File Path                  PID    Runtime      # DAGs    # Errors  Last Runtime    Last Run
-------------------------  -----  ---------  --------  ----------  --------------  -------------------
/opt/airflow/dags/main.py                           2           0  0.37s           2026-05-27T13:13:23
================================================================================
[2026-05-27T13:14:08.597+0000] {manager.py:878} INFO - 
================================================================================
DAG File Processing Stats

File Path                  PID    Runtime      # DAGs    # Errors  Last Runtime    Last Run
-------------------------  -----  ---------  --------  ----------  --------------  -------------------
/opt/airflow/dags/main.py                           2           0  0.58s           2026-05-27T13:13:54
================================================================================
[2026-05-27T13:14:39.352+0000] {manager.py:878} INFO - 
================================================================================
DAG File Processing Stats

File Path                  PID    Runtime      # DAGs    # Errors  Last Runtime    Last Run
-------------------------  -----  ---------  --------  ----------  --------------  -------------------
/opt/airflow/dags/main.py                           2           0  0.47s           2026-05-27T13:14:25
================================================================================
[2026-05-27T13:15:09.778+0000] {manager.py:878} INFO - 
================================================================================
DAG File Processing Stats

File Path                  PID    Runtime      # DAGs    # Errors  Last Runtime    Last Run
-------------------------  -----  ---------  --------  ----------  --------------  -------------------
/opt/airflow/dags/main.py                           2           0  0.42s           2026-05-27T13:14:55
================================================================================
[2026-05-27T13:15:39.944+0000] {manager.py:878} INFO - 
================================================================================
DAG File Processing Stats

File Path                  PID    Runtime      # DAGs    # Errors  Last Runtime    Last Run
-------------------------  -----  ---------  --------  ----------  --------------  -------------------
/opt/airflow/dags/main.py                           2           0  0.45s           2026-05-27T13:15:26
================================================================================
[2026-05-27T13:15:56.636+0000] {manager.py:737} INFO - Searching for files in /opt/airflow/dags
[2026-05-27T13:15:57.043+0000] {manager.py:740} INFO - There are 1 files in /opt/airflow/dags
[2026-05-27T13:16:10.296+0000] {manager.py:878} INFO - 
================================================================================
DAG File Processing Stats

File Path                  PID    Runtime      # DAGs    # Errors  Last Runtime    Last Run
-------------------------  -----  ---------  --------  ----------  --------------  -------------------
/opt/airflow/dags/main.py                           2           0  0.37s           2026-05-27T13:15:57
================================================================================
[2026-05-27T13:16:40.984+0000] {manager.py:878} INFO - 
================================================================================
DAG File Processing Stats

File Path                  PID    Runtime      # DAGs    # Errors  Last Runtime    Last Run
-------------------------  -----  ---------  --------  ----------  --------------  -------------------
/opt/airflow/dags/main.py                           2           0  0.45s           2026-05-27T13:16:27
================================================================================
[2026-05-27T13:17:11.452+0000] {manager.py:878} INFO - 
================================================================================
DAG File Processing Stats

File Path                  PID    Runtime      # DAGs    # Errors  Last Runtime    Last Run
-------------------------  -----  ---------  --------  ----------  --------------  -------------------
/opt/airflow/dags/main.py                           2           0  0.49s           2026-05-27T13:16:58
================================================================================
[2026-05-27T13:17:41.658+0000] {manager.py:878} INFO - 
================================================================================
DAG File Processing Stats

File Path                  PID    Runtime      # DAGs    # Errors  Last Runtime    Last Run
-------------------------  -----  ---------  --------  ----------  --------------  -------------------
/opt/airflow/dags/main.py                           2           0  0.45s           2026-05-27T13:17:29
================================================================================
[2026-05-27T13:18:12.092+0000] {manager.py:878} INFO - 
================================================================================
DAG File Processing Stats

File Path                  PID    Runtime      # DAGs    # Errors  Last Runtime    Last Run
-------------------------  -----  ---------  --------  ----------  --------------  -------------------
/opt/airflow/dags/main.py                           2           0  0.46s           2026-05-27T13:18:00
================================================================================
[2026-05-27T13:18:42.268+0000] {manager.py:878} INFO - 
================================================================================
DAG File Processing Stats

File Path                  PID    Runtime      # DAGs    # Errors  Last Runtime    Last Run
-------------------------  -----  ---------  --------  ----------  --------------  -------------------
/opt/airflow/dags/main.py                           2           0  0.40s           2026-05-27T13:18:31
================================================================================
[2026-05-27T13:19:12.662+0000] {manager.py:878} INFO - 
================================================================================
DAG File Processing Stats

File Path                  PID    Runtime      # DAGs    # Errors  Last Runtime    Last Run
-------------------------  -----  ---------  --------  ----------  --------------  -------------------
/opt/airflow/dags/main.py                           2           0  0.50s           2026-05-27T13:19:02
================================================================================
[2026-05-27T13:19:43.018+0000] {manager.py:878} INFO - 
================================================================================
DAG File Processing Stats

File Path                  PID    Runtime      # DAGs    # Errors  Last Runtime    Last Run
-------------------------  -----  ---------  --------  ----------  --------------  -------------------
/opt/airflow/dags/main.py                           2           0  0.46s           2026-05-27T13:19:32
================================================================================
[2026-05-27T13:20:13.489+0000] {manager.py:878} INFO - 
================================================================================
DAG File Processing Stats

File Path                  PID    Runtime      # DAGs    # Errors  Last Runtime    Last Run
-------------------------  -----  ---------  --------  ----------  --------------  -------------------
/opt/airflow/dags/main.py                           2           0  0.53s           2026-05-27T13:20:03
================================================================================
[2026-05-27T13:20:43.830+0000] {manager.py:878} INFO - 
================================================================================
DAG File Processing Stats

File Path                  PID    Runtime      # DAGs    # Errors  Last Runtime    Last Run
-------------------------  -----  ---------  --------  ----------  --------------  -------------------
/opt/airflow/dags/main.py                           2           0  0.48s           2026-05-27T13:20:34
================================================================================
[2026-05-27T13:20:56.987+0000] {manager.py:737} INFO - Searching for files in /opt/airflow/dags
[2026-05-27T13:20:57.423+0000] {manager.py:740} INFO - There are 1 files in /opt/airflow/dags
[2026-05-27T13:21:14.258+0000] {manager.py:878} INFO - 
================================================================================
DAG File Processing Stats

File Path                  PID    Runtime      # DAGs    # Errors  Last Runtime    Last Run
-------------------------  -----  ---------  --------  ----------  --------------  -------------------
/opt/airflow/dags/main.py                           2           0  0.61s           2026-05-27T13:21:06
================================================================================
[2026-05-27T13:21:45.003+0000] {manager.py:878} INFO - 
================================================================================
DAG File Processing Stats

File Path                  PID    Runtime      # DAGs    # Errors  Last Runtime    Last Run
-------------------------  -----  ---------  --------  ----------  --------------  -------------------
/opt/airflow/dags/main.py                           2           0  0.54s           2026-05-27T13:21:37
================================================================================
[2026-05-27T13:22:15.046+0000] {manager.py:878} INFO - 
================================================================================
DAG File Processing Stats

File Path                  PID    Runtime      # DAGs    # Errors  Last Runtime    Last Run
-------------------------  -----  ---------  --------  ----------  --------------  -------------------
/opt/airflow/dags/main.py                           2           0  0.65s           2026-05-27T13:22:07
================================================================================
[2026-05-27T13:22:45.821+0000] {manager.py:878} INFO - 
================================================================================
DAG File Processing Stats

File Path                  PID    Runtime      # DAGs    # Errors  Last Runtime    Last Run
-------------------------  -----  ---------  --------  ----------  --------------  -------------------
/opt/airflow/dags/main.py                           2           0  0.52s           2026-05-27T13:22:38
================================================================================
[2026-05-27T13:23:15.896+0000] {manager.py:878} INFO - 
================================================================================
DAG File Processing Stats

File Path                  PID    Runtime      # DAGs    # Errors  Last Runtime    Last Run
-------------------------  -----  ---------  --------  ----------  --------------  -------------------
/opt/airflow/dags/main.py                           2           0  0.65s           2026-05-27T13:23:09
================================================================================
[2026-05-27T13:23:46.751+0000] {manager.py:878} INFO - 
================================================================================
DAG File Processing Stats

File Path                  PID    Runtime      # DAGs    # Errors  Last Runtime    Last Run
-------------------------  -----  ---------  --------  ----------  --------------  -------------------
/opt/airflow/dags/main.py                           2           0  0.46s           2026-05-27T13:23:40
================================================================================
[2026-05-27T13:24:17.197+0000] {manager.py:878} INFO - 
================================================================================
DAG File Processing Stats

File Path                  PID    Runtime      # DAGs    # Errors  Last Runtime    Last Run
-------------------------  -----  ---------  --------  ----------  --------------  -------------------
/opt/airflow/dags/main.py                           2           0  0.42s           2026-05-27T13:24:11
================================================================================
[2026-05-27T13:24:47.416+0000] {manager.py:878} INFO - 
================================================================================
DAG File Processing Stats

File Path                  PID    Runtime      # DAGs    # Errors  Last Runtime    Last Run
-------------------------  -----  ---------  --------  ----------  --------------  -------------------
/opt/airflow/dags/main.py                           2           0  0.44s           2026-05-27T13:24:42
================================================================================
[2026-05-27T13:25:18.326+0000] {manager.py:878} INFO - 
================================================================================
DAG File Processing Stats

File Path                  PID    Runtime      # DAGs    # Errors  Last Runtime    Last Run
-------------------------  -----  ---------  --------  ----------  --------------  -------------------
/opt/airflow/dags/main.py                           2           0  0.58s           2026-05-27T13:25:13
================================================================================
[2026-05-27T13:25:48.741+0000] {manager.py:878} INFO - 
================================================================================
DAG File Processing Stats

File Path                  PID    Runtime      # DAGs    # Errors  Last Runtime    Last Run
-------------------------  -----  ---------  --------  ----------  --------------  -------------------
/opt/airflow/dags/main.py                           2           0  0.57s           2026-05-27T13:25:44
================================================================================
[2026-05-27T13:25:57.358+0000] {manager.py:737} INFO - Searching for files in /opt/airflow/dags
[2026-05-27T13:25:57.673+0000] {manager.py:740} INFO - There are 1 files in /opt/airflow/dags
[2026-05-27T13:26:19.076+0000] {manager.py:878} INFO - 
================================================================================
DAG File Processing Stats

File Path                  PID    Runtime      # DAGs    # Errors  Last Runtime    Last Run
-------------------------  -----  ---------  --------  ----------  --------------  -------------------
/opt/airflow/dags/main.py                           2           0  0.51s           2026-05-27T13:26:15
================================================================================
[2026-05-27T13:26:49.191+0000] {manager.py:878} INFO - 
================================================================================
DAG File Processing Stats

File Path                  PID    Runtime      # DAGs    # Errors  Last Runtime    Last Run
-------------------------  -----  ---------  --------  ----------  --------------  -------------------
/opt/airflow/dags/main.py                           2           0  0.38s           2026-05-27T13:26:46
================================================================================
[2026-05-27T13:27:19.562+0000] {manager.py:878} INFO - 
================================================================================
DAG File Processing Stats

File Path                  PID    Runtime      # DAGs    # Errors  Last Runtime    Last Run
-------------------------  -----  ---------  --------  ----------  --------------  -------------------
/opt/airflow/dags/main.py                           2           0  0.49s           2026-05-27T13:27:17
================================================================================
[2026-05-27T13:27:49.741+0000] {manager.py:878} INFO - 
================================================================================
DAG File Processing Stats

File Path                  PID    Runtime      # DAGs    # Errors  Last Runtime    Last Run
-------------------------  -----  ---------  --------  ----------  --------------  -------------------
/opt/airflow/dags/main.py                           2           0  0.32s           2026-05-27T13:27:47
================================================================================
[2026-05-27T13:28:20.062+0000] {manager.py:878} INFO - 
================================================================================
DAG File Processing Stats

File Path                  PID    Runtime      # DAGs    # Errors  Last Runtime    Last Run
-------------------------  -----  ---------  --------  ----------  --------------  -------------------
/opt/airflow/dags/main.py                           2           0  0.43s           2026-05-27T13:28:18
================================================================================
[2026-05-27T13:28:50.544+0000] {manager.py:878} INFO - 
================================================================================
DAG File Processing Stats

File Path                  PID    Runtime      # DAGs    # Errors  Last Runtime    Last Run
-------------------------  -----  ---------  --------  ----------  --------------  -------------------
/opt/airflow/dags/main.py                           2           0  0.41s           2026-05-27T13:28:48
================================================================================
[2026-05-27T13:29:21.184+0000] {manager.py:878} INFO - 
================================================================================
DAG File Processing Stats

File Path                  PID    Runtime      # DAGs    # Errors  Last Runtime    Last Run
-------------------------  -----  ---------  --------  ----------  --------------  -------------------
/opt/airflow/dags/main.py                           0           1  0.53s           2026-05-27T13:29:13
================================================================================
[2026-05-27T13:29:51.836+0000] {manager.py:878} INFO - 
================================================================================
DAG File Processing Stats

File Path                  PID    Runtime      # DAGs    # Errors  Last Runtime    Last Run
-------------------------  -----  ---------  --------  ----------  --------------  -------------------
/opt/airflow/dags/main.py                           0           1  0.38s           2026-05-27T13:29:43
================================================================================
[2026-05-27T13:30:22.246+0000] {manager.py:878} INFO - 
================================================================================
DAG File Processing Stats

File Path                  PID    Runtime      # DAGs    # Errors  Last Runtime    Last Run
-------------------------  -----  ---------  --------  ----------  --------------  -------------------
/opt/airflow/dags/main.py                           0           1  0.45s           2026-05-27T13:30:14
================================================================================
[2026-05-27T13:30:52.566+0000] {manager.py:878} INFO - 
================================================================================
DAG File Processing Stats

File Path                  PID    Runtime      # DAGs    # Errors  Last Runtime    Last Run
-------------------------  -----  ---------  --------  ----------  --------------  -------------------
/opt/airflow/dags/main.py                           0           1  0.57s           2026-05-27T13:30:46
================================================================================
[2026-05-27T13:30:57.618+0000] {manager.py:737} INFO - Searching for files in /opt/airflow/dags
[2026-05-27T13:30:58.533+0000] {manager.py:740} INFO - There are 1 files in /opt/airflow/dags
[2026-05-27T13:31:22.645+0000] {manager.py:878} INFO - 
================================================================================
DAG File Processing Stats

File Path                  PID    Runtime      # DAGs    # Errors  Last Runtime    Last Run
-------------------------  -----  ---------  --------  ----------  --------------  -------------------
/opt/airflow/dags/main.py                           3           0  0.77s           2026-05-27T13:31:17
================================================================================
[2026-05-27T13:31:52.829+0000] {manager.py:878} INFO - 
================================================================================
DAG File Processing Stats

File Path                  PID    Runtime      # DAGs    # Errors  Last Runtime    Last Run
-------------------------  -----  ---------  --------  ----------  --------------  -------------------
/opt/airflow/dags/main.py                           3           0  0.56s           2026-05-27T13:31:38
================================================================================
[2026-05-27T13:32:23.813+0000] {manager.py:878} INFO - 
================================================================================
DAG File Processing Stats

File Path                  PID    Runtime      # DAGs    # Errors  Last Runtime    Last Run
-------------------------  -----  ---------  --------  ----------  --------------  -------------------
/opt/airflow/dags/main.py                           3           0  0.61s           2026-05-27T13:32:06
================================================================================
[2026-05-27T13:32:53.863+0000] {manager.py:878} INFO - 
================================================================================
DAG File Processing Stats

File Path                  PID    Runtime      # DAGs    # Errors  Last Runtime    Last Run
-------------------------  -----  ---------  --------  ----------  --------------  -------------------
/opt/airflow/dags/main.py                           3           0  0.68s           2026-05-27T13:32:37
================================================================================
[2026-05-27T13:33:24.974+0000] {manager.py:878} INFO - 
================================================================================
DAG File Processing Stats

File Path                  PID    Runtime      # DAGs    # Errors  Last Runtime    Last Run
-------------------------  -----  ---------  --------  ----------  --------------  -------------------
/opt/airflow/dags/main.py                           3           0  0.64s           2026-05-27T13:33:08
================================================================================
[2026-05-27T13:33:55.405+0000] {manager.py:878} INFO - 
================================================================================
DAG File Processing Stats

File Path                  PID    Runtime      # DAGs    # Errors  Last Runtime    Last Run
-------------------------  -----  ---------  --------  ----------  --------------  -------------------
/opt/airflow/dags/main.py                           3           0  0.35s           2026-05-27T13:33:39
================================================================================
[2026-05-27T13:34:26.094+0000] {manager.py:878} INFO - 
================================================================================
DAG File Processing Stats

File Path                  PID    Runtime      # DAGs    # Errors  Last Runtime    Last Run
-------------------------  -----  ---------  --------  ----------  --------------  -------------------
/opt/airflow/dags/main.py                           3           0  0.56s           2026-05-27T13:34:10
================================================================================
[2026-05-27T13:34:56.751+0000] {manager.py:878} INFO - 
================================================================================
DAG File Processing Stats

File Path                  PID    Runtime      # DAGs    # Errors  Last Runtime    Last Run
-------------------------  -----  ---------  --------  ----------  --------------  -------------------
/opt/airflow/dags/main.py                           3           0  0.56s           2026-05-27T13:34:40
================================================================================
[2026-05-27T13:35:27.422+0000] {manager.py:878} INFO - 
================================================================================
DAG File Processing Stats

File Path                  PID    Runtime      # DAGs    # Errors  Last Runtime    Last Run
-------------------------  -----  ---------  --------  ----------  --------------  -------------------
/opt/airflow/dags/main.py                           3           0  0.52s           2026-05-27T13:35:11
================================================================================
[2026-05-27T13:35:57.992+0000] {manager.py:737} INFO - Searching for files in /opt/airflow/dags
[2026-05-27T13:35:58.564+0000] {manager.py:740} INFO - There are 1 files in /opt/airflow/dags
[2026-05-27T13:35:58.597+0000] {manager.py:878} INFO - 
================================================================================
DAG File Processing Stats

File Path                  PID    Runtime      # DAGs    # Errors  Last Runtime    Last Run
-------------------------  -----  ---------  --------  ----------  --------------  -------------------
/opt/airflow/dags/main.py                           3           0  0.53s           2026-05-27T13:35:42
================================================================================
[2026-05-27T13:36:29.048+0000] {manager.py:878} INFO - 
================================================================================
DAG File Processing Stats

File Path                  PID    Runtime      # DAGs    # Errors  Last Runtime    Last Run
-------------------------  -----  ---------  --------  ----------  --------------  -------------------
/opt/airflow/dags/main.py                           3           0  0.48s           2026-05-27T13:36:13
================================================================================
[2026-05-27T13:36:59.436+0000] {manager.py:878} INFO - 
================================================================================
DAG File Processing Stats

File Path                  PID    Runtime      # DAGs    # Errors  Last Runtime    Last Run
-------------------------  -----  ---------  --------  ----------  --------------  -------------------
/opt/airflow/dags/main.py                           3           0  0.66s           2026-05-27T13:36:44
================================================================================
[2026-05-27T13:37:29.914+0000] {manager.py:878} INFO - 
================================================================================
DAG File Processing Stats

File Path                  PID    Runtime      # DAGs    # Errors  Last Runtime    Last Run
-------------------------  -----  ---------  --------  ----------  --------------  -------------------
/opt/airflow/dags/main.py                           3           0  0.36s           2026-05-27T13:37:15
================================================================================
[2026-05-27T13:38:00.525+0000] {manager.py:878} INFO - 
================================================================================
DAG File Processing Stats

File Path                  PID    Runtime      # DAGs    # Errors  Last Runtime    Last Run
-------------------------  -----  ---------  --------  ----------  --------------  -------------------
/opt/airflow/dags/main.py                           3           0  0.52s           2026-05-27T13:37:45
================================================================================
[2026-05-27T13:38:31.183+0000] {manager.py:878} INFO - 
================================================================================
DAG File Processing Stats

File Path                  PID    Runtime      # DAGs    # Errors  Last Runtime    Last Run
-------------------------  -----  ---------  --------  ----------  --------------  -------------------
/opt/airflow/dags/main.py                           3           0  0.49s           2026-05-27T13:38:16
================================================================================
[2026-05-27T13:39:01.822+0000] {manager.py:878} INFO - 
================================================================================
DAG File Processing Stats

File Path                  PID    Runtime      # DAGs    # Errors  Last Runtime    Last Run
-------------------------  -----  ---------  --------  ----------  --------------  -------------------
/opt/airflow/dags/main.py                           3           0  0.56s           2026-05-27T13:38:46
================================================================================
[2026-05-27T13:39:32.509+0000] {manager.py:878} INFO - 
================================================================================
DAG File Processing Stats

File Path                  PID    Runtime      # DAGs    # Errors  Last Runtime    Last Run
-------------------------  -----  ---------  --------  ----------  --------------  -------------------
/opt/airflow/dags/main.py                           3           0  0.52s           2026-05-27T13:39:17
================================================================================
[2026-05-27T13:40:03.113+0000] {manager.py:878} INFO - 
================================================================================
DAG File Processing Stats

File Path                  PID    Runtime      # DAGs    # Errors  Last Runtime    Last Run
-------------------------  -----  ---------  --------  ----------  --------------  -------------------
/opt/airflow/dags/main.py                           3           0  0.48s           2026-05-27T13:39:48
================================================================================
[2026-05-27T13:40:33.787+0000] {manager.py:878} INFO - 
================================================================================
DAG File Processing Stats

File Path                  PID    Runtime      # DAGs    # Errors  Last Runtime    Last Run
-------------------------  -----  ---------  --------  ----------  --------------  -------------------
/opt/airflow/dags/main.py                           3           0  0.55s           2026-05-27T13:40:18
================================================================================
[2026-05-27T13:40:58.373+0000] {manager.py:737} INFO - Searching for files in /opt/airflow/dags
[2026-05-27T13:40:59.058+0000] {manager.py:740} INFO - There are 1 files in /opt/airflow/dags
[2026-05-27T13:41:04.123+0000] {manager.py:878} INFO - 
================================================================================
DAG File Processing Stats

File Path                  PID    Runtime      # DAGs    # Errors  Last Runtime    Last Run
-------------------------  -----  ---------  --------  ----------  --------------  -------------------
/opt/airflow/dags/main.py                           3           0  0.56s           2026-05-27T13:40:49
================================================================================
[2026-05-27T13:41:34.192+0000] {manager.py:878} INFO - 
================================================================================
DAG File Processing Stats

File Path                  PID    Runtime      # DAGs    # Errors  Last Runtime    Last Run
-------------------------  -----  ---------  --------  ----------  --------------  -------------------
/opt/airflow/dags/main.py                           3           0  0.64s           2026-05-27T13:41:21
================================================================================
[2026-05-27T13:42:04.276+0000] {manager.py:878} INFO - 
================================================================================
DAG File Processing Stats

File Path                  PID    Runtime      # DAGs    # Errors  Last Runtime    Last Run
-------------------------  -----  ---------  --------  ----------  --------------  -------------------
/opt/airflow/dags/main.py                           3           0  0.68s           2026-05-27T13:41:52
================================================================================
[2026-05-27T13:42:34.669+0000] {manager.py:878} INFO - 
================================================================================
DAG File Processing Stats

File Path                  PID    Runtime      # DAGs    # Errors  Last Runtime    Last Run
-------------------------  -----  ---------  --------  ----------  --------------  -------------------
/opt/airflow/dags/main.py                           3           0  0.53s           2026-05-27T13:42:22
================================================================================
[2026-05-27T13:43:04.694+0000] {manager.py:878} INFO - 
================================================================================
DAG File Processing Stats

File Path                  PID    Runtime      # DAGs    # Errors  Last Runtime    Last Run
-------------------------  -----  ---------  --------  ----------  --------------  -------------------
/opt/airflow/dags/main.py                           3           0  0.61s           2026-05-27T13:42:53
================================================================================
[2026-05-27T13:43:35.105+0000] {manager.py:878} INFO - 
================================================================================
DAG File Processing Stats

File Path                  PID    Runtime      # DAGs    # Errors  Last Runtime    Last Run
-------------------------  -----  ---------  --------  ----------  --------------  -------------------
/opt/airflow/dags/main.py                           3           0  0.51s           2026-05-27T13:43:24
================================================================================
[2026-05-27T13:44:05.469+0000] {manager.py:878} INFO - 
================================================================================
DAG File Processing Stats

File Path                  PID    Runtime      # DAGs    # Errors  Last Runtime    Last Run
-------------------------  -----  ---------  --------  ----------  --------------  -------------------
/opt/airflow/dags/main.py                           3           0  0.46s           2026-05-27T13:43:55
================================================================================
[2026-05-27T13:44:35.879+0000] {manager.py:878} INFO - 
================================================================================
DAG File Processing Stats

File Path                  PID    Runtime      # DAGs    # Errors  Last Runtime    Last Run
-------------------------  -----  ---------  --------  ----------  --------------  -------------------
/opt/airflow/dags/main.py                           3           0  0.52s           2026-05-27T13:44:26
================================================================================
[2026-05-27T13:45:06.238+0000] {manager.py:878} INFO - 
================================================================================
DAG File Processing Stats

File Path                  PID    Runtime      # DAGs    # Errors  Last Runtime    Last Run
-------------------------  -----  ---------  --------  ----------  --------------  -------------------
/opt/airflow/dags/main.py                           3           0  0.46s           2026-05-27T13:44:57
================================================================================
[2026-05-27T13:45:36.271+0000] {manager.py:878} INFO - 
================================================================================
DAG File Processing Stats

File Path                  PID    Runtime      # DAGs    # Errors  Last Runtime    Last Run
-------------------------  -----  ---------  --------  ----------  --------------  -------------------
/opt/airflow/dags/main.py                           3           0  0.62s           2026-05-27T13:45:28
================================================================================
[2026-05-27T13:45:58.449+0000] {manager.py:737} INFO - Searching for files in /opt/airflow/dags
[2026-05-27T13:45:59.145+0000] {manager.py:740} INFO - There are 1 files in /opt/airflow/dags
[2026-05-27T13:46:06.308+0000] {manager.py:878} INFO - 
================================================================================
DAG File Processing Stats

File Path                  PID    Runtime      # DAGs    # Errors  Last Runtime    Last Run
-------------------------  -----  ---------  --------  ----------  --------------  -------------------
/opt/airflow/dags/main.py                           3           0  0.52s           2026-05-27T13:45:59
================================================================================
[2026-05-27T13:46:36.653+0000] {manager.py:878} INFO - 
================================================================================
DAG File Processing Stats

File Path                  PID    Runtime      # DAGs    # Errors  Last Runtime    Last Run
-------------------------  -----  ---------  --------  ----------  --------------  -------------------
/opt/airflow/dags/main.py                           3           0  0.47s           2026-05-27T13:46:30
================================================================================
[2026-05-27T13:47:07.049+0000] {manager.py:878} INFO - 
================================================================================
DAG File Processing Stats

File Path                  PID    Runtime      # DAGs    # Errors  Last Runtime    Last Run
-------------------------  -----  ---------  --------  ----------  --------------  -------------------
/opt/airflow/dags/main.py                           3           0  0.37s           2026-05-27T13:47:01
================================================================================
[2026-05-27T13:47:37.772+0000] {manager.py:878} INFO - 
================================================================================
DAG File Processing Stats

File Path                  PID    Runtime      # DAGs    # Errors  Last Runtime    Last Run
-------------------------  -----  ---------  --------  ----------  --------------  -------------------
/opt/airflow/dags/main.py                           3           0  0.46s           2026-05-27T13:47:31
================================================================================
[2026-05-27T13:48:08.291+0000] {manager.py:878} INFO - 
================================================================================
DAG File Processing Stats

File Path                  PID    Runtime      # DAGs    # Errors  Last Runtime    Last Run
-------------------------  -----  ---------  --------  ----------  --------------  -------------------
/opt/airflow/dags/main.py                           3           0  0.52s           2026-05-27T13:48:02
================================================================================
[2026-05-27T14:19:05.032+0000] {manager.py:878} INFO - 
================================================================================
DAG File Processing Stats

File Path                  PID    Runtime      # DAGs    # Errors  Last Runtime    Last Run
-------------------------  -----  ---------  --------  ----------  --------------  -------------------
/opt/airflow/dags/main.py                           3           0  0.44s           2026-05-27T13:48:33
================================================================================
[2026-05-27T14:19:05.126+0000] {manager.py:737} INFO - Searching for files in /opt/airflow/dags
[2026-05-27T14:19:06.012+0000] {manager.py:740} INFO - There are 1 files in /opt/airflow/dags
[2026-05-27T14:19:35.216+0000] {manager.py:878} INFO - 
================================================================================
DAG File Processing Stats

File Path                  PID    Runtime      # DAGs    # Errors  Last Runtime    Last Run
-------------------------  -----  ---------  --------  ----------  --------------  -------------------
/opt/airflow/dags/main.py                           3           0  0.92s           2026-05-27T14:19:07
================================================================================
[2026-05-27T14:20:05.586+0000] {manager.py:878} INFO - 
================================================================================
DAG File Processing Stats

File Path                  PID    Runtime      # DAGs    # Errors  Last Runtime    Last Run
-------------------------  -----  ---------  --------  ----------  --------------  -------------------
/opt/airflow/dags/main.py                           3           0  0.36s           2026-05-27T14:19:37
================================================================================
[2026-05-27T14:20:36.006+0000] {manager.py:878} INFO - 
================================================================================
DAG File Processing Stats

File Path                  PID    Runtime      # DAGs    # Errors  Last Runtime    Last Run
-------------------------  -----  ---------  --------  ----------  --------------  -------------------
/opt/airflow/dags/main.py                           3           0  0.31s           2026-05-27T14:20:08
================================================================================
[2026-05-27T14:21:06.346+0000] {manager.py:878} INFO - 
================================================================================
DAG File Processing Stats

File Path                  PID    Runtime      # DAGs    # Errors  Last Runtime    Last Run
-------------------------  -----  ---------  --------  ----------  --------------  -------------------
/opt/airflow/dags/main.py                           3           0  0.70s           2026-05-27T14:20:39
================================================================================
[2026-05-27T14:21:36.725+0000] {manager.py:878} INFO - 
================================================================================
DAG File Processing Stats

File Path                  PID    Runtime      # DAGs    # Errors  Last Runtime    Last Run
-------------------------  -----  ---------  --------  ----------  --------------  -------------------
/opt/airflow/dags/main.py                           3           0  0.55s           2026-05-27T14:21:09
================================================================================
[2026-05-27T14:22:07.018+0000] {manager.py:878} INFO - 
================================================================================
DAG File Processing Stats

File Path                  PID    Runtime      # DAGs    # Errors  Last Runtime    Last Run
-------------------------  -----  ---------  --------  ----------  --------------  -------------------
/opt/airflow/dags/main.py                           3           0  0.44s           2026-05-27T14:21:40
================================================================================
[2026-05-27T14:22:37.116+0000] {manager.py:878} INFO - 
================================================================================
DAG File Processing Stats

File Path                  PID    Runtime      # DAGs    # Errors  Last Runtime    Last Run
-------------------------  -----  ---------  --------  ----------  --------------  -------------------
/opt/airflow/dags/main.py                           3           0  0.65s           2026-05-27T14:22:11
================================================================================
[2026-05-27T14:23:07.173+0000] {manager.py:878} INFO - 
================================================================================
DAG File Processing Stats

File Path                  PID    Runtime      # DAGs    # Errors  Last Runtime    Last Run
-------------------------  -----  ---------  --------  ----------  --------------  -------------------
/opt/airflow/dags/main.py                           3           0  0.69s           2026-05-27T14:22:42
================================================================================
[2026-05-27T14:23:37.516+0000] {manager.py:878} INFO - 
================================================================================
DAG File Processing Stats

File Path                  PID    Runtime      # DAGs    # Errors  Last Runtime    Last Run
-------------------------  -----  ---------  --------  ----------  --------------  -------------------
/opt/airflow/dags/main.py                           3           0  0.46s           2026-05-27T14:23:13
================================================================================
[2026-05-27T14:24:05.828+0000] {manager.py:737} INFO - Searching for files in /opt/airflow/dags
[2026-05-27T14:24:06.516+0000] {manager.py:740} INFO - There are 1 files in /opt/airflow/dags
[2026-05-27T14:24:07.545+0000] {manager.py:878} INFO - 
================================================================================
DAG File Processing Stats

File Path                  PID    Runtime      # DAGs    # Errors  Last Runtime    Last Run
-------------------------  -----  ---------  --------  ----------  --------------  -------------------
/opt/airflow/dags/main.py                           3           0  0.60s           2026-05-27T14:23:44
================================================================================
[2026-05-27T14:24:37.563+0000] {manager.py:878} INFO - 
================================================================================
DAG File Processing Stats

File Path                  PID    Runtime      # DAGs    # Errors  Last Runtime    Last Run
-------------------------  -----  ---------  --------  ----------  --------------  -------------------
/opt/airflow/dags/main.py                           3           0  0.63s           2026-05-27T14:24:16
================================================================================
[2026-05-27T14:25:08.303+0000] {manager.py:878} INFO - 
================================================================================
DAG File Processing Stats

File Path                  PID    Runtime      # DAGs    # Errors  Last Runtime    Last Run
-------------------------  -----  ---------  --------  ----------  --------------  -------------------
/opt/airflow/dags/main.py                           3           0  0.51s           2026-05-27T14:24:47
================================================================================
[2026-05-27T14:25:38.787+0000] {manager.py:878} INFO - 
================================================================================
DAG File Processing Stats

File Path                  PID    Runtime      # DAGs    # Errors  Last Runtime    Last Run
-------------------------  -----  ---------  --------  ----------  --------------  -------------------
/opt/airflow/dags/main.py                           3           0  0.46s           2026-05-27T14:25:17
================================================================================
[2026-05-27T14:26:08.872+0000] {manager.py:878} INFO - 
================================================================================
DAG File Processing Stats

File Path                  PID    Runtime      # DAGs    # Errors  Last Runtime    Last Run
-------------------------  -----  ---------  --------  ----------  --------------  -------------------
/opt/airflow/dags/main.py                           3           0  0.37s           2026-05-27T14:25:48
================================================================================
[2026-05-27T14:26:39.195+0000] {manager.py:878} INFO - 
================================================================================
DAG File Processing Stats

File Path                  PID    Runtime      # DAGs    # Errors  Last Runtime    Last Run
-------------------------  -----  ---------  --------  ----------  --------------  -------------------
/opt/airflow/dags/main.py                           3           0  0.45s           2026-05-27T14:26:19
================================================================================
[2026-05-27T14:27:09.515+0000] {manager.py:878} INFO - 
================================================================================
DAG File Processing Stats

File Path                  PID    Runtime      # DAGs    # Errors  Last Runtime    Last Run
-------------------------  -----  ---------  --------  ----------  --------------  -------------------
/opt/airflow/dags/main.py                           3           0  0.52s           2026-05-27T14:26:50
================================================================================
[2026-05-27T14:27:39.906+0000] {manager.py:878} INFO - 
================================================================================
DAG File Processing Stats

File Path                  PID    Runtime      # DAGs    # Errors  Last Runtime    Last Run
-------------------------  -----  ---------  --------  ----------  --------------  -------------------
/opt/airflow/dags/main.py                           3           0  0.49s           2026-05-27T14:27:21
================================================================================
[2026-05-27T14:28:10.242+0000] {manager.py:878} INFO - 
================================================================================
DAG File Processing Stats

File Path                  PID    Runtime      # DAGs    # Errors  Last Runtime    Last Run
-------------------------  -----  ---------  --------  ----------  --------------  -------------------
/opt/airflow/dags/main.py                           3           0  0.56s           2026-05-27T14:27:52
================================================================================
[2026-05-27T14:28:40.644+0000] {manager.py:878} INFO - 
================================================================================
DAG File Processing Stats

File Path                  PID    Runtime      # DAGs    # Errors  Last Runtime    Last Run
-------------------------  -----  ---------  --------  ----------  --------------  -------------------
/opt/airflow/dags/main.py                           3           0  0.60s           2026-05-27T14:28:23
================================================================================
[2026-05-27T14:29:05.914+0000] {manager.py:737} INFO - Searching for files in /opt/airflow/dags
[2026-05-27T14:29:06.286+0000] {manager.py:740} INFO - There are 1 files in /opt/airflow/dags
[2026-05-27T14:29:11.373+0000] {manager.py:878} INFO - 
================================================================================
DAG File Processing Stats

File Path                  PID    Runtime      # DAGs    # Errors  Last Runtime    Last Run
-------------------------  -----  ---------  --------  ----------  --------------  -------------------
/opt/airflow/dags/main.py                           3           0  0.54s           2026-05-27T14:28:53
================================================================================
[2026-05-27T14:29:41.743+0000] {manager.py:878} INFO - 
================================================================================
DAG File Processing Stats

File Path                  PID    Runtime      # DAGs    # Errors  Last Runtime    Last Run
-------------------------  -----  ---------  --------  ----------  --------------  -------------------
/opt/airflow/dags/main.py                           3           0  0.49s           2026-05-27T14:29:25
================================================================================
[2026-05-27T14:30:12.087+0000] {manager.py:878} INFO - 
================================================================================
DAG File Processing Stats

File Path                  PID    Runtime      # DAGs    # Errors  Last Runtime    Last Run
-------------------------  -----  ---------  --------  ----------  --------------  -------------------
/opt/airflow/dags/main.py                           3           0  0.57s           2026-05-27T14:29:55
================================================================================
[2026-05-27T14:30:42.553+0000] {manager.py:878} INFO - 
================================================================================
DAG File Processing Stats

File Path                  PID    Runtime      # DAGs    # Errors  Last Runtime    Last Run
-------------------------  -----  ---------  --------  ----------  --------------  -------------------
/opt/airflow/dags/main.py                           3           0  0.50s           2026-05-27T14:30:26
================================================================================
[2026-05-27T14:31:12.903+0000] {manager.py:878} INFO - 
================================================================================
DAG File Processing Stats

File Path                  PID    Runtime      # DAGs    # Errors  Last Runtime    Last Run
-------------------------  -----  ---------  --------  ----------  --------------  -------------------
/opt/airflow/dags/main.py                           3           0  0.58s           2026-05-27T14:30:57
================================================================================
[2026-05-27T14:31:43.311+0000] {manager.py:878} INFO - 
================================================================================
DAG File Processing Stats

File Path                  PID    Runtime      # DAGs    # Errors  Last Runtime    Last Run
-------------------------  -----  ---------  --------  ----------  --------------  -------------------
/opt/airflow/dags/main.py                           3           0  0.56s           2026-05-27T14:31:28
================================================================================
[2026-05-27T14:32:13.653+0000] {manager.py:878} INFO - 
================================================================================
DAG File Processing Stats

File Path                  PID    Runtime      # DAGs    # Errors  Last Runtime    Last Run
-------------------------  -----  ---------  --------  ----------  --------------  -------------------
/opt/airflow/dags/main.py                           3           0  0.47s           2026-05-27T14:31:59
================================================================================
[2026-05-27T14:32:43.992+0000] {manager.py:878} INFO - 
================================================================================
DAG File Processing Stats

File Path                  PID    Runtime      # DAGs    # Errors  Last Runtime    Last Run
-------------------------  -----  ---------  --------  ----------  --------------  -------------------
/opt/airflow/dags/main.py                           3           0  0.54s           2026-05-27T14:32:30
================================================================================
[2026-05-27T14:33:14.349+0000] {manager.py:878} INFO - 
================================================================================
DAG File Processing Stats

File Path                  PID    Runtime      # DAGs    # Errors  Last Runtime    Last Run
-------------------------  -----  ---------  --------  ----------  --------------  -------------------
/opt/airflow/dags/main.py                           3           0  0.57s           2026-05-27T14:33:01
================================================================================
[2026-05-27T14:33:44.779+0000] {manager.py:878} INFO - 
================================================================================
DAG File Processing Stats

File Path                  PID    Runtime      # DAGs    # Errors  Last Runtime    Last Run
-------------------------  -----  ---------  --------  ----------  --------------  -------------------
/opt/airflow/dags/main.py                           3           0  0.46s           2026-05-27T14:33:32
================================================================================
[2026-05-27T14:34:06.408+0000] {manager.py:737} INFO - Searching for files in /opt/airflow/dags
[2026-05-27T14:34:06.945+0000] {manager.py:740} INFO - There are 1 files in /opt/airflow/dags
[2026-05-27T14:34:15.066+0000] {manager.py:878} INFO - 
================================================================================
DAG File Processing Stats

File Path                  PID    Runtime      # DAGs    # Errors  Last Runtime    Last Run
-------------------------  -----  ---------  --------  ----------  --------------  -------------------
/opt/airflow/dags/main.py                           3           0  0.45s           2026-05-27T14:34:02
================================================================================
[2026-05-27T14:34:45.455+0000] {manager.py:878} INFO - 
================================================================================
DAG File Processing Stats

File Path                  PID    Runtime      # DAGs    # Errors  Last Runtime    Last Run
-------------------------  -----  ---------  --------  ----------  --------------  -------------------
/opt/airflow/dags/main.py                           3           0  0.51s           2026-05-27T14:34:33
================================================================================
[2026-05-27T14:35:15.757+0000] {manager.py:878} INFO - 
================================================================================
DAG File Processing Stats

File Path                  PID    Runtime      # DAGs    # Errors  Last Runtime    Last Run
-------------------------  -----  ---------  --------  ----------  --------------  -------------------
/opt/airflow/dags/main.py                           3           0  0.48s           2026-05-27T14:35:04
================================================================================
[2026-05-27T14:35:46.158+0000] {manager.py:878} INFO - 
================================================================================
DAG File Processing Stats

File Path                  PID    Runtime      # DAGs    # Errors  Last Runtime    Last Run
-------------------------  -----  ---------  --------  ----------  --------------  -------------------
/opt/airflow/dags/main.py                           3           0  0.59s           2026-05-27T14:35:35
================================================================================
[2026-05-27T14:36:16.516+0000] {manager.py:878} INFO - 
================================================================================
DAG File Processing Stats

File Path                  PID    Runtime      # DAGs    # Errors  Last Runtime    Last Run
-------------------------  -----  ---------  --------  ----------  --------------  -------------------
/opt/airflow/dags/main.py                           3           0  0.50s           2026-05-27T14:36:06
================================================================================
[2026-05-27T14:36:46.943+0000] {manager.py:878} INFO - 
================================================================================
DAG File Processing Stats

File Path                  PID    Runtime      # DAGs    # Errors  Last Runtime    Last Run
-------------------------  -----  ---------  --------  ----------  --------------  -------------------
/opt/airflow/dags/main.py                           3           0  0.51s           2026-05-27T14:36:37
================================================================================
[2026-05-27T14:37:17.283+0000] {manager.py:878} INFO - 
================================================================================
DAG File Processing Stats

File Path                  PID    Runtime      # DAGs    # Errors  Last Runtime    Last Run
-------------------------  -----  ---------  --------  ----------  --------------  -------------------
/opt/airflow/dags/main.py                           3           0  0.60s           2026-05-27T14:37:08
================================================================================
[2026-05-27T14:37:47.680+0000] {manager.py:878} INFO - 
================================================================================
DAG File Processing Stats

File Path                  PID    Runtime      # DAGs    # Errors  Last Runtime    Last Run
-------------------------  -----  ---------  --------  ----------  --------------  -------------------
/opt/airflow/dags/main.py                           3           0  0.57s           2026-05-27T14:37:39
================================================================================
[2026-05-27T14:38:18.008+0000] {manager.py:878} INFO - 
================================================================================
DAG File Processing Stats

File Path                  PID    Runtime      # DAGs    # Errors  Last Runtime    Last Run
-------------------------  -----  ---------  --------  ----------  --------------  -------------------
/opt/airflow/dags/main.py                           3           0  0.46s           2026-05-27T14:38:09
================================================================================
[2026-05-27T14:38:48.403+0000] {manager.py:878} INFO - 
================================================================================
DAG File Processing Stats

File Path                  PID    Runtime      # DAGs    # Errors  Last Runtime    Last Run
-------------------------  -----  ---------  --------  ----------  --------------  -------------------
/opt/airflow/dags/main.py                           3           0  0.44s           2026-05-27T14:38:40
================================================================================
[2026-05-27T14:39:06.601+0000] {manager.py:737} INFO - Searching for files in /opt/airflow/dags
[2026-05-27T14:39:07.381+0000] {manager.py:740} INFO - There are 1 files in /opt/airflow/dags
[2026-05-27T14:39:18.611+0000] {manager.py:878} INFO - 
================================================================================
DAG File Processing Stats

File Path                  PID    Runtime      # DAGs    # Errors  Last Runtime    Last Run
-------------------------  -----  ---------  --------  ----------  --------------  -------------------
/opt/airflow/dags/main.py                           3           0  0.46s           2026-05-27T14:39:11
================================================================================
[2026-05-27T14:39:48.975+0000] {manager.py:878} INFO - 
================================================================================
DAG File Processing Stats

File Path                  PID    Runtime      # DAGs    # Errors  Last Runtime    Last Run
-------------------------  -----  ---------  --------  ----------  --------------  -------------------
/opt/airflow/dags/main.py                           3           0  0.66s           2026-05-27T14:39:43
================================================================================
[2026-05-27T14:40:19.437+0000] {manager.py:878} INFO - 
================================================================================
DAG File Processing Stats

File Path                  PID    Runtime      # DAGs    # Errors  Last Runtime    Last Run
-------------------------  -----  ---------  --------  ----------  --------------  -------------------
/opt/airflow/dags/main.py                           3           0  0.52s           2026-05-27T14:40:13
================================================================================
[2026-05-27T14:40:49.815+0000] {manager.py:878} INFO - 
================================================================================
DAG File Processing Stats

File Path                  PID    Runtime      # DAGs    # Errors  Last Runtime    Last Run
-------------------------  -----  ---------  --------  ----------  --------------  -------------------
/opt/airflow/dags/main.py                           3           0  0.54s           2026-05-27T14:40:44
================================================================================
[2026-05-27T14:41:20.661+0000] {manager.py:878} INFO - 
================================================================================
DAG File Processing Stats

File Path                  PID    Runtime      # DAGs    # Errors  Last Runtime    Last Run
-------------------------  -----  ---------  --------  ----------  --------------  -------------------
/opt/airflow/dags/main.py                           3           0  0.57s           2026-05-27T14:41:15
================================================================================
[2026-05-27T14:41:51.185+0000] {manager.py:878} INFO - 
================================================================================
DAG File Processing Stats

File Path                  PID    Runtime      # DAGs    # Errors  Last Runtime    Last Run
-------------------------  -----  ---------  --------  ----------  --------------  -------------------
/opt/airflow/dags/main.py                           3           0  0.47s           2026-05-27T14:41:46
================================================================================
[2026-05-27T14:42:21.866+0000] {manager.py:878} INFO - 
================================================================================
DAG File Processing Stats

File Path                  PID    Runtime      # DAGs    # Errors  Last Runtime    Last Run
-------------------------  -----  ---------  --------  ----------  --------------  -------------------
/opt/airflow/dags/main.py                           3           0  0.54s           2026-05-27T14:42:17
================================================================================
[2026-05-27T14:42:52.400+0000] {manager.py:878} INFO - 
================================================================================
DAG File Processing Stats

File Path                  PID    Runtime      # DAGs    # Errors  Last Runtime    Last Run
-------------------------  -----  ---------  --------  ----------  --------------  -------------------
/opt/airflow/dags/main.py                           3           0  0.49s           2026-05-27T14:42:47
================================================================================
[2026-05-27T14:43:23.066+0000] {manager.py:878} INFO - 
================================================================================
DAG File Processing Stats

File Path                  PID    Runtime      # DAGs    # Errors  Last Runtime    Last Run
-------------------------  -----  ---------  --------  ----------  --------------  -------------------
/opt/airflow/dags/main.py                           3           0  0.53s           2026-05-27T14:43:18
================================================================================
[2026-05-27T14:43:53.661+0000] {manager.py:878} INFO - 
================================================================================
DAG File Processing Stats

File Path                  PID    Runtime      # DAGs    # Errors  Last Runtime    Last Run
-------------------------  -----  ---------  --------  ----------  --------------  -------------------
/opt/airflow/dags/main.py                           3           0  0.58s           2026-05-27T14:43:48
================================================================================
[2026-05-27T14:44:06.800+0000] {manager.py:737} INFO - Searching for files in /opt/airflow/dags
[2026-05-27T14:44:07.078+0000] {manager.py:740} INFO - There are 1 files in /opt/airflow/dags
[2026-05-27T14:44:23.783+0000] {manager.py:878} INFO - 
================================================================================
DAG File Processing Stats

File Path                  PID    Runtime      # DAGs    # Errors  Last Runtime    Last Run
-------------------------  -----  ---------  --------  ----------  --------------  -------------------
/opt/airflow/dags/main.py                           3           0  0.46s           2026-05-27T14:44:19
================================================================================
[2026-05-27T14:44:54.704+0000] {manager.py:878} INFO - 
================================================================================
DAG File Processing Stats

File Path                  PID    Runtime      # DAGs    # Errors  Last Runtime    Last Run
-------------------------  -----  ---------  --------  ----------  --------------  -------------------
/opt/airflow/dags/main.py                           3           0  0.57s           2026-05-27T14:44:50
================================================================================
[2026-05-27T14:45:25.091+0000] {manager.py:878} INFO - 
================================================================================
DAG File Processing Stats

File Path                  PID    Runtime      # DAGs    # Errors  Last Runtime    Last Run
-------------------------  -----  ---------  --------  ----------  --------------  -------------------
/opt/airflow/dags/main.py                           3           0  0.54s           2026-05-27T14:45:21
================================================================================
[2026-05-27T14:45:55.337+0000] {manager.py:878} INFO - 
================================================================================
DAG File Processing Stats

File Path                  PID    Runtime      # DAGs    # Errors  Last Runtime    Last Run
-------------------------  -----  ---------  --------  ----------  --------------  -------------------
/opt/airflow/dags/main.py                           3           0  0.45s           2026-05-27T14:45:52
================================================================================
[2026-05-27T14:46:26.210+0000] {manager.py:878} INFO - 
================================================================================
DAG File Processing Stats

File Path                  PID    Runtime      # DAGs    # Errors  Last Runtime    Last Run
-------------------------  -----  ---------  --------  ----------  --------------  -------------------
/opt/airflow/dags/main.py                           3           0  0.62s           2026-05-27T14:46:23
================================================================================
[2026-05-27T14:46:56.633+0000] {manager.py:878} INFO - 
================================================================================
DAG File Processing Stats

File Path                  PID    Runtime      # DAGs    # Errors  Last Runtime    Last Run
-------------------------  -----  ---------  --------  ----------  --------------  -------------------
/opt/airflow/dags/main.py                           3           0  0.51s           2026-05-27T14:46:54
================================================================================
[2026-05-27T14:47:26.946+0000] {manager.py:878} INFO - 
================================================================================
DAG File Processing Stats

File Path                  PID    Runtime      # DAGs    # Errors  Last Runtime    Last Run
-------------------------  -----  ---------  --------  ----------  --------------  -------------------
/opt/airflow/dags/main.py                           3           0  0.55s           2026-05-27T14:47:25
================================================================================
[2026-05-27T14:47:57.398+0000] {manager.py:878} INFO - 
================================================================================
DAG File Processing Stats

File Path                  PID    Runtime      # DAGs    # Errors  Last Runtime    Last Run
-------------------------  -----  ---------  --------  ----------  --------------  -------------------
/opt/airflow/dags/main.py                           3           0  0.50s           2026-05-27T14:47:55
================================================================================
[2026-05-27T14:48:27.603+0000] {manager.py:878} INFO - 
================================================================================
DAG File Processing Stats

File Path                  PID    Runtime      # DAGs    # Errors  Last Runtime    Last Run
-------------------------  -----  ---------  --------  ----------  --------------  -------------------
/opt/airflow/dags/main.py                           3           0  0.43s           2026-05-27T14:48:26
================================================================================
[2026-05-27T14:48:58.526+0000] {manager.py:878} INFO - 
================================================================================
DAG File Processing Stats

File Path                  PID    Runtime      # DAGs    # Errors  Last Runtime    Last Run
-------------------------  -----  ---------  --------  ----------  --------------  -------------------
/opt/airflow/dags/main.py                           3           0  0.58s           2026-05-27T14:48:57
================================================================================
[2026-05-27T14:49:07.626+0000] {manager.py:737} INFO - Searching for files in /opt/airflow/dags
[2026-05-27T14:49:08.207+0000] {manager.py:740} INFO - There are 1 files in /opt/airflow/dags
[2026-05-27T14:49:28.899+0000] {manager.py:878} INFO - 
================================================================================
DAG File Processing Stats

File Path                  PID    Runtime      # DAGs    # Errors  Last Runtime    Last Run
-------------------------  -----  ---------  --------  ----------  --------------  -------------------
/opt/airflow/dags/main.py                           3           0  0.43s           2026-05-27T14:49:28
================================================================================
[2026-05-27T14:49:59.254+0000] {manager.py:878} INFO - 
================================================================================
DAG File Processing Stats

File Path                    PID  Runtime      # DAGs    # Errors  Last Runtime    Last Run
-------------------------  -----  ---------  --------  ----------  --------------  -------------------
/opt/airflow/dags/main.py   2420  0.01s             3           0  0.43s           2026-05-27T14:49:28
================================================================================
[2026-05-27T14:50:29.642+0000] {manager.py:878} INFO - 
================================================================================
DAG File Processing Stats

File Path                  PID    Runtime      # DAGs    # Errors  Last Runtime    Last Run
-------------------------  -----  ---------  --------  ----------  --------------  -------------------
/opt/airflow/dags/main.py                           3           0  0.52s           2026-05-27T14:49:59
================================================================================
[2026-05-27T14:51:00.023+0000] {manager.py:878} INFO - 
================================================================================
DAG File Processing Stats

File Path                  PID    Runtime      # DAGs    # Errors  Last Runtime    Last Run
-------------------------  -----  ---------  --------  ----------  --------------  -------------------
/opt/airflow/dags/main.py                           3           0  0.58s           2026-05-27T14:50:30
================================================================================
[2026-05-27T14:51:30.467+0000] {manager.py:878} INFO - 
================================================================================
DAG File Processing Stats

File Path                  PID    Runtime      # DAGs    # Errors  Last Runtime    Last Run
-------------------------  -----  ---------  --------  ----------  --------------  -------------------
/opt/airflow/dags/main.py                           3           0  0.53s           2026-05-27T14:51:01
================================================================================
[2026-05-27T14:52:00.803+0000] {manager.py:878} INFO - 
================================================================================
DAG File Processing Stats

File Path                  PID    Runtime      # DAGs    # Errors  Last Runtime    Last Run
-------------------------  -----  ---------  --------  ----------  --------------  -------------------
/opt/airflow/dags/main.py                           3           0  0.48s           2026-05-27T14:51:32
================================================================================
[2026-05-27T14:52:31.725+0000] {manager.py:878} INFO - 
================================================================================
DAG File Processing Stats

File Path                  PID    Runtime      # DAGs    # Errors  Last Runtime    Last Run
-------------------------  -----  ---------  --------  ----------  --------------  -------------------
/opt/airflow/dags/main.py                           3           0  0.59s           2026-05-27T14:52:03
================================================================================
[2026-05-27T14:53:01.787+0000] {manager.py:878} INFO - 
================================================================================
DAG File Processing Stats

File Path                  PID    Runtime      # DAGs    # Errors  Last Runtime    Last Run
-------------------------  -----  ---------  --------  ----------  --------------  -------------------
/opt/airflow/dags/main.py                           3           0  0.65s           2026-05-27T14:52:34
================================================================================
[2026-05-27T14:53:32.540+0000] {manager.py:878} INFO - 
================================================================================
DAG File Processing Stats

File Path                  PID    Runtime      # DAGs    # Errors  Last Runtime    Last Run
-------------------------  -----  ---------  --------  ----------  --------------  -------------------
/opt/airflow/dags/main.py                           3           0  0.55s           2026-05-27T14:53:05
================================================================================
[2026-05-27T14:54:03.109+0000] {manager.py:878} INFO - 
================================================================================
DAG File Processing Stats

File Path                  PID    Runtime      # DAGs    # Errors  Last Runtime    Last Run
-------------------------  -----  ---------  --------  ----------  --------------  -------------------
/opt/airflow/dags/main.py                           3           0  0.53s           2026-05-27T14:53:36
================================================================================
[2026-05-27T14:54:08.141+0000] {manager.py:737} INFO - Searching for files in /opt/airflow/dags
[2026-05-27T14:54:08.590+0000] {manager.py:740} INFO - There are 1 files in /opt/airflow/dags
[2026-05-27T14:54:33.923+0000] {manager.py:878} INFO - 
================================================================================
DAG File Processing Stats

File Path                  PID    Runtime      # DAGs    # Errors  Last Runtime    Last Run
-------------------------  -----  ---------  --------  ----------  --------------  -------------------
/opt/airflow/dags/main.py                           3           0  0.56s           2026-05-27T14:54:07
================================================================================
[2026-05-27T14:55:03.965+0000] {manager.py:878} INFO - 
================================================================================
DAG File Processing Stats

File Path                  PID    Runtime      # DAGs    # Errors  Last Runtime    Last Run
-------------------------  -----  ---------  --------  ----------  --------------  -------------------
/opt/airflow/dags/main.py                           3           0  0.66s           2026-05-27T14:54:38
================================================================================
[2026-05-27T14:55:34.659+0000] {manager.py:878} INFO - 
================================================================================
DAG File Processing Stats

File Path                  PID    Runtime      # DAGs    # Errors  Last Runtime    Last Run
-------------------------  -----  ---------  --------  ----------  --------------  -------------------
/opt/airflow/dags/main.py                           3           0  0.58s           2026-05-27T14:55:09
================================================================================
[2026-05-27T14:56:05.282+0000] {manager.py:878} INFO - 
================================================================================
DAG File Processing Stats

File Path                  PID    Runtime      # DAGs    # Errors  Last Runtime    Last Run
-------------------------  -----  ---------  --------  ----------  --------------  -------------------
/opt/airflow/dags/main.py                           3           0  0.57s           2026-05-27T14:55:40
================================================================================
[2026-05-27T14:56:35.646+0000] {manager.py:878} INFO - 
================================================================================
DAG File Processing Stats

File Path                  PID    Runtime      # DAGs    # Errors  Last Runtime    Last Run
-------------------------  -----  ---------  --------  ----------  --------------  -------------------
/opt/airflow/dags/main.py                           3           0  0.70s           2026-05-27T14:56:11
================================================================================
[2026-05-27T14:57:06.051+0000] {manager.py:878} INFO - 
================================================================================
DAG File Processing Stats

File Path                  PID    Runtime      # DAGs    # Errors  Last Runtime    Last Run
-------------------------  -----  ---------  --------  ----------  --------------  -------------------
/opt/airflow/dags/main.py                           3           0  0.63s           2026-05-27T14:56:42
================================================================================
[2026-05-27T14:57:36.436+0000] {manager.py:878} INFO - 
================================================================================
DAG File Processing Stats

File Path                  PID    Runtime      # DAGs    # Errors  Last Runtime    Last Run
-------------------------  -----  ---------  --------  ----------  --------------  -------------------
/opt/airflow/dags/main.py                           3           0  0.47s           2026-05-27T14:57:13
================================================================================
[2026-05-27T14:58:06.835+0000] {manager.py:878} INFO - 
================================================================================
DAG File Processing Stats

File Path                  PID    Runtime      # DAGs    # Errors  Last Runtime    Last Run
-------------------------  -----  ---------  --------  ----------  --------------  -------------------
/opt/airflow/dags/main.py                           3           0  0.63s           2026-05-27T14:57:44
================================================================================
[2026-05-27T14:58:37.206+0000] {manager.py:878} INFO - 
================================================================================
DAG File Processing Stats

File Path                  PID    Runtime      # DAGs    # Errors  Last Runtime    Last Run
-------------------------  -----  ---------  --------  ----------  --------------  -------------------
/opt/airflow/dags/main.py                           3           0  0.67s           2026-05-27T14:58:15
================================================================================
[2026-05-27T14:59:07.904+0000] {manager.py:878} INFO - 
================================================================================
DAG File Processing Stats

File Path                  PID    Runtime      # DAGs    # Errors  Last Runtime    Last Run
-------------------------  -----  ---------  --------  ----------  --------------  -------------------
/opt/airflow/dags/main.py                           3           0  0.50s           2026-05-27T14:58:45
================================================================================
[2026-05-27T14:59:08.917+0000] {manager.py:737} INFO - Searching for files in /opt/airflow/dags
[2026-05-27T14:59:09.732+0000] {manager.py:740} INFO - There are 1 files in /opt/airflow/dags
[2026-05-27T14:59:38.140+0000] {manager.py:878} INFO - 
================================================================================
DAG File Processing Stats

File Path                  PID    Runtime      # DAGs    # Errors  Last Runtime    Last Run
-------------------------  -----  ---------  --------  ----------  --------------  -------------------
/opt/airflow/dags/main.py                           3           0  0.41s           2026-05-27T14:59:16
================================================================================
[2026-05-27T15:00:08.497+0000] {manager.py:878} INFO - 
================================================================================
DAG File Processing Stats

File Path                  PID    Runtime      # DAGs    # Errors  Last Runtime    Last Run
-------------------------  -----  ---------  --------  ----------  --------------  -------------------
/opt/airflow/dags/main.py                           3           0  0.57s           2026-05-27T14:59:47
================================================================================
[2026-05-27T15:00:39.273+0000] {manager.py:878} INFO - 
================================================================================
DAG File Processing Stats

File Path                  PID    Runtime      # DAGs    # Errors  Last Runtime    Last Run
-------------------------  -----  ---------  --------  ----------  --------------  -------------------
/opt/airflow/dags/main.py                           3           0  0.61s           2026-05-27T15:00:18
================================================================================
[2026-05-27T15:01:09.880+0000] {manager.py:878} INFO - 
================================================================================
DAG File Processing Stats

File Path                  PID    Runtime      # DAGs    # Errors  Last Runtime    Last Run
-------------------------  -----  ---------  --------  ----------  --------------  -------------------
/opt/airflow/dags/main.py                           3           0  0.50s           2026-05-27T15:00:48
================================================================================
[2026-05-27T15:01:40.576+0000] {manager.py:878} INFO - 
================================================================================
DAG File Processing Stats

File Path                  PID    Runtime      # DAGs    # Errors  Last Runtime    Last Run
-------------------------  -----  ---------  --------  ----------  --------------  -------------------
/opt/airflow/dags/main.py                           3           0  0.50s           2026-05-27T15:01:19
================================================================================
[2026-05-27T15:02:11.196+0000] {manager.py:878} INFO - 
================================================================================
DAG File Processing Stats

File Path                  PID    Runtime      # DAGs    # Errors  Last Runtime    Last Run
-------------------------  -----  ---------  --------  ----------  --------------  -------------------
/opt/airflow/dags/main.py                           3           0  0.48s           2026-05-27T15:01:50
================================================================================
[2026-05-27T15:02:41.893+0000] {manager.py:878} INFO - 
================================================================================
DAG File Processing Stats

File Path                  PID    Runtime      # DAGs    # Errors  Last Runtime    Last Run
-------------------------  -----  ---------  --------  ----------  --------------  -------------------
/opt/airflow/dags/main.py                           3           0  0.50s           2026-05-27T15:02:20
================================================================================
[2026-05-27T15:03:11.943+0000] {manager.py:878} INFO - 
================================================================================
DAG File Processing Stats

File Path                  PID    Runtime      # DAGs    # Errors  Last Runtime    Last Run
-------------------------  -----  ---------  --------  ----------  --------------  -------------------
/opt/airflow/dags/main.py                           3           0  0.64s           2026-05-27T15:02:51
================================================================================
[2026-05-27T15:03:42.108+0000] {manager.py:878} INFO - 
================================================================================
DAG File Processing Stats

File Path                  PID    Runtime      # DAGs    # Errors  Last Runtime    Last Run
-------------------------  -----  ---------  --------  ----------  --------------  -------------------
/opt/airflow/dags/main.py                           3           0  0.77s           2026-05-27T15:03:22
================================================================================
[2026-05-27T15:04:09.423+0000] {manager.py:737} INFO - Searching for files in /opt/airflow/dags
[2026-05-27T15:04:09.949+0000] {manager.py:740} INFO - There are 1 files in /opt/airflow/dags
[2026-05-27T15:04:12.987+0000] {manager.py:878} INFO - 
================================================================================
DAG File Processing Stats

File Path                  PID    Runtime      # DAGs    # Errors  Last Runtime    Last Run
-------------------------  -----  ---------  --------  ----------  --------------  -------------------
/opt/airflow/dags/main.py                           3           0  0.57s           2026-05-27T15:03:53
================================================================================
[2026-05-27T15:04:43.400+0000] {manager.py:878} INFO - 
================================================================================
DAG File Processing Stats

File Path                  PID    Runtime      # DAGs    # Errors  Last Runtime    Last Run
-------------------------  -----  ---------  --------  ----------  --------------  -------------------
/opt/airflow/dags/main.py                           3           0  0.58s           2026-05-27T15:04:24
================================================================================
[2026-05-27T15:05:13.725+0000] {manager.py:878} INFO - 
================================================================================
DAG File Processing Stats

File Path                  PID    Runtime      # DAGs    # Errors  Last Runtime    Last Run
-------------------------  -----  ---------  --------  ----------  --------------  -------------------
/opt/airflow/dags/main.py                           3           0  0.54s           2026-05-27T15:04:55
================================================================================
[2026-05-27T15:05:44.133+0000] {manager.py:878} INFO - 
================================================================================
DAG File Processing Stats

File Path                  PID    Runtime      # DAGs    # Errors  Last Runtime    Last Run
-------------------------  -----  ---------  --------  ----------  --------------  -------------------
/opt/airflow/dags/main.py                           3           0  0.62s           2026-05-27T15:05:26
================================================================================
[2026-05-27T15:06:14.472+0000] {manager.py:878} INFO - 
================================================================================
DAG File Processing Stats

File Path                  PID    Runtime      # DAGs    # Errors  Last Runtime    Last Run
-------------------------  -----  ---------  --------  ----------  --------------  -------------------
/opt/airflow/dags/main.py                           3           0  0.48s           2026-05-27T15:05:57
================================================================================
[2026-05-27T15:06:44.881+0000] {manager.py:878} INFO - 
================================================================================
DAG File Processing Stats

File Path                  PID    Runtime      # DAGs    # Errors  Last Runtime    Last Run
-------------------------  -----  ---------  --------  ----------  --------------  -------------------
/opt/airflow/dags/main.py                           3           0  0.40s           2026-05-27T15:06:28
================================================================================
[2026-05-27T15:07:15.575+0000] {manager.py:878} INFO - 
================================================================================
DAG File Processing Stats

File Path                  PID    Runtime      # DAGs    # Errors  Last Runtime    Last Run
-------------------------  -----  ---------  --------  ----------  --------------  -------------------
/opt/airflow/dags/main.py                           3           0  0.42s           2026-05-27T15:06:58
================================================================================
[2026-05-27T15:07:45.927+0000] {manager.py:878} INFO - 
================================================================================
DAG File Processing Stats

File Path                  PID    Runtime      # DAGs    # Errors  Last Runtime    Last Run
-------------------------  -----  ---------  --------  ----------  --------------  -------------------
/opt/airflow/dags/main.py                           3           0  0.56s           2026-05-27T15:07:29
================================================================================
[2026-05-27T15:08:16.266+0000] {manager.py:878} INFO - 
================================================================================
DAG File Processing Stats

File Path                  PID    Runtime      # DAGs    # Errors  Last Runtime    Last Run
-------------------------  -----  ---------  --------  ----------  --------------  -------------------
/opt/airflow/dags/main.py                           3           0  0.49s           2026-05-27T15:08:00
================================================================================
[2026-05-27T15:08:46.657+0000] {manager.py:878} INFO - 
================================================================================
DAG File Processing Stats

File Path                  PID    Runtime      # DAGs    # Errors  Last Runtime    Last Run
-------------------------  -----  ---------  --------  ----------  --------------  -------------------
/opt/airflow/dags/main.py                           3           0  0.55s           2026-05-27T15:08:31
================================================================================
[2026-05-27T15:09:09.424+0000] {manager.py:737} INFO - Searching for files in /opt/airflow/dags
[2026-05-27T15:09:09.747+0000] {manager.py:740} INFO - There are 1 files in /opt/airflow/dags
[2026-05-27T15:09:16.847+0000] {manager.py:878} INFO - 
================================================================================
DAG File Processing Stats

File Path                  PID    Runtime      # DAGs    # Errors  Last Runtime    Last Run
-------------------------  -----  ---------  --------  ----------  --------------  -------------------
/opt/airflow/dags/main.py                           3           0  0.44s           2026-05-27T15:09:01
================================================================================
[2026-05-27T15:09:47.284+0000] {manager.py:878} INFO - 
================================================================================
DAG File Processing Stats

File Path                  PID    Runtime      # DAGs    # Errors  Last Runtime    Last Run
-------------------------  -----  ---------  --------  ----------  --------------  -------------------
/opt/airflow/dags/main.py                           3           0  0.60s           2026-05-27T15:09:32
================================================================================
[2026-05-27T15:10:17.613+0000] {manager.py:878} INFO - 
================================================================================
DAG File Processing Stats

File Path                  PID    Runtime      # DAGs    # Errors  Last Runtime    Last Run
-------------------------  -----  ---------  --------  ----------  --------------  -------------------
/opt/airflow/dags/main.py                           3           0  0.44s           2026-05-27T15:10:03
================================================================================
[2026-05-27T15:10:48.576+0000] {manager.py:878} INFO - 
================================================================================
DAG File Processing Stats

File Path                  PID    Runtime      # DAGs    # Errors  Last Runtime    Last Run
-------------------------  -----  ---------  --------  ----------  --------------  -------------------
/opt/airflow/dags/main.py                           3           0  0.59s           2026-05-27T15:10:34
================================================================================
[2026-05-27T15:11:18.983+0000] {manager.py:878} INFO - 
================================================================================
DAG File Processing Stats

File Path                  PID    Runtime      # DAGs    # Errors  Last Runtime    Last Run
-------------------------  -----  ---------  --------  ----------  --------------  -------------------
/opt/airflow/dags/main.py                           3           0  0.55s           2026-05-27T15:11:05
================================================================================
[2026-05-27T15:11:49.316+0000] {manager.py:878} INFO - 
================================================================================
DAG File Processing Stats

File Path                  PID    Runtime      # DAGs    # Errors  Last Runtime    Last Run
-------------------------  -----  ---------  --------  ----------  --------------  -------------------
/opt/airflow/dags/main.py                           3           0  0.53s           2026-05-27T15:11:36
================================================================================
[2026-05-27T15:12:19.723+0000] {manager.py:878} INFO - 
================================================================================
DAG File Processing Stats

File Path                  PID    Runtime      # DAGs    # Errors  Last Runtime    Last Run
-------------------------  -----  ---------  --------  ----------  --------------  -------------------
/opt/airflow/dags/main.py                           3           0  0.47s           2026-05-27T15:12:06
================================================================================
[2026-05-27T15:12:50.063+0000] {manager.py:878} INFO - 
================================================================================
DAG File Processing Stats

File Path                  PID    Runtime      # DAGs    # Errors  Last Runtime    Last Run
-------------------------  -----  ---------  --------  ----------  --------------  -------------------
/opt/airflow/dags/main.py                           3           0  0.60s           2026-05-27T15:12:37
================================================================================
[2026-05-27T15:13:20.454+0000] {manager.py:878} INFO - 
================================================================================
DAG File Processing Stats

File Path                  PID    Runtime      # DAGs    # Errors  Last Runtime    Last Run
-------------------------  -----  ---------  --------  ----------  --------------  -------------------
/opt/airflow/dags/main.py                           3           0  0.50s           2026-05-27T15:13:08
================================================================================
[2026-05-27T15:13:50.775+0000] {manager.py:878} INFO - 
================================================================================
DAG File Processing Stats

File Path                  PID    Runtime      # DAGs    # Errors  Last Runtime    Last Run
-------------------------  -----  ---------  --------  ----------  --------------  -------------------
/opt/airflow/dags/main.py                           3           0  0.51s           2026-05-27T15:13:39
================================================================================
[2026-05-27T15:14:09.483+0000] {manager.py:737} INFO - Searching for files in /opt/airflow/dags
[2026-05-27T15:14:10.035+0000] {manager.py:740} INFO - There are 1 files in /opt/airflow/dags
[2026-05-27T15:14:20.828+0000] {manager.py:878} INFO - 
================================================================================
DAG File Processing Stats

File Path                  PID    Runtime      # DAGs    # Errors  Last Runtime    Last Run
-------------------------  -----  ---------  --------  ----------  --------------  -------------------
/opt/airflow/dags/main.py                           3           0  0.62s           2026-05-27T15:14:10
================================================================================
[2026-05-27T15:14:51.576+0000] {manager.py:878} INFO - 
================================================================================
DAG File Processing Stats

File Path                  PID    Runtime      # DAGs    # Errors  Last Runtime    Last Run
-------------------------  -----  ---------  --------  ----------  --------------  -------------------
/opt/airflow/dags/main.py                           3           0  0.47s           2026-05-27T15:14:41
================================================================================
[2026-05-27T15:15:22.014+0000] {manager.py:878} INFO - 
================================================================================
DAG File Processing Stats

File Path                  PID    Runtime      # DAGs    # Errors  Last Runtime    Last Run
-------------------------  -----  ---------  --------  ----------  --------------  -------------------
/opt/airflow/dags/main.py                           3           0  0.50s           2026-05-27T15:15:12
================================================================================
[2026-05-27T15:15:52.232+0000] {manager.py:878} INFO - 
================================================================================
DAG File Processing Stats

File Path                  PID    Runtime      # DAGs    # Errors  Last Runtime    Last Run
-------------------------  -----  ---------  --------  ----------  --------------  -------------------
/opt/airflow/dags/main.py                           3           0  0.46s           2026-05-27T15:15:43
================================================================================
[2026-05-27T15:16:23.105+0000] {manager.py:878} INFO - 
================================================================================
DAG File Processing Stats

File Path                  PID    Runtime      # DAGs    # Errors  Last Runtime    Last Run
-------------------------  -----  ---------  --------  ----------  --------------  -------------------
/opt/airflow/dags/main.py                           3           0  0.53s           2026-05-27T15:16:14
================================================================================
[2026-05-27T15:16:53.520+0000] {manager.py:878} INFO - 
================================================================================
DAG File Processing Stats

File Path                  PID    Runtime      # DAGs    # Errors  Last Runtime    Last Run
-------------------------  -----  ---------  --------  ----------  --------------  -------------------
/opt/airflow/dags/main.py                           3           0  0.57s           2026-05-27T15:16:45
================================================================================
[2026-05-27T15:17:23.864+0000] {manager.py:878} INFO - 
================================================================================
DAG File Processing Stats

File Path                  PID    Runtime      # DAGs    # Errors  Last Runtime    Last Run
-------------------------  -----  ---------  --------  ----------  --------------  -------------------
/opt/airflow/dags/main.py                           3           0  0.64s           2026-05-27T15:17:16
================================================================================
[2026-05-27T15:17:54.311+0000] {manager.py:878} INFO - 
================================================================================
DAG File Processing Stats

File Path                  PID    Runtime      # DAGs    # Errors  Last Runtime    Last Run
-------------------------  -----  ---------  --------  ----------  --------------  -------------------
/opt/airflow/dags/main.py                           3           0  0.24s           2026-05-27T15:17:46
================================================================================
[2026-05-27T15:18:24.576+0000] {manager.py:878} INFO - 
================================================================================
DAG File Processing Stats

File Path                  PID    Runtime      # DAGs    # Errors  Last Runtime    Last Run
-------------------------  -----  ---------  --------  ----------  --------------  -------------------
/opt/airflow/dags/main.py                           3           0  0.27s           2026-05-27T15:18:16
================================================================================
[2026-05-27T15:18:55.070+0000] {manager.py:878} INFO - 
================================================================================
DAG File Processing Stats

File Path                  PID    Runtime      # DAGs    # Errors  Last Runtime    Last Run
-------------------------  -----  ---------  --------  ----------  --------------  -------------------
/opt/airflow/dags/main.py                           3           0  0.27s           2026-05-27T15:18:47
================================================================================
[2026-05-27T15:19:10.209+0000] {manager.py:737} INFO - Searching for files in /opt/airflow/dags
[2026-05-27T15:19:10.359+0000] {manager.py:740} INFO - There are 1 files in /opt/airflow/dags
[2026-05-27T15:19:25.564+0000] {manager.py:878} INFO - 
================================================================================
DAG File Processing Stats

File Path                  PID    Runtime      # DAGs    # Errors  Last Runtime    Last Run
-------------------------  -----  ---------  --------  ----------  --------------  -------------------
/opt/airflow/dags/main.py                           3           0  0.35s           2026-05-27T15:19:17
================================================================================
[2026-05-27T15:19:56.173+0000] {manager.py:878} INFO - 
================================================================================
DAG File Processing Stats

File Path                  PID    Runtime      # DAGs    # Errors  Last Runtime    Last Run
-------------------------  -----  ---------  --------  ----------  --------------  -------------------
/opt/airflow/dags/main.py                           3           0  0.24s           2026-05-27T15:19:48
================================================================================
[2026-05-27T15:20:26.647+0000] {manager.py:878} INFO - 
================================================================================
DAG File Processing Stats

File Path                  PID    Runtime      # DAGs    # Errors  Last Runtime    Last Run
-------------------------  -----  ---------  --------  ----------  --------------  -------------------
/opt/airflow/dags/main.py                           3           0  0.24s           2026-05-27T15:20:18
================================================================================
[2026-05-27T15:20:56.941+0000] {manager.py:878} INFO - 
================================================================================
DAG File Processing Stats

File Path                  PID    Runtime      # DAGs    # Errors  Last Runtime    Last Run
-------------------------  -----  ---------  --------  ----------  --------------  -------------------
/opt/airflow/dags/main.py                           3           0  0.24s           2026-05-27T15:20:49
================================================================================
[2026-05-27T15:21:27.320+0000] {manager.py:878} INFO - 
================================================================================
DAG File Processing Stats

File Path                  PID    Runtime      # DAGs    # Errors  Last Runtime    Last Run
-------------------------  -----  ---------  --------  ----------  --------------  -------------------
/opt/airflow/dags/main.py                           3           0  0.22s           2026-05-27T15:21:19
================================================================================
[2026-05-27T15:21:57.573+0000] {manager.py:878} INFO - 
================================================================================
DAG File Processing Stats

File Path                  PID    Runtime      # DAGs    # Errors  Last Runtime    Last Run
-------------------------  -----  ---------  --------  ----------  --------------  -------------------
/opt/airflow/dags/main.py                           3           0  0.24s           2026-05-27T15:21:49
================================================================================
[2026-05-27T15:22:28.093+0000] {manager.py:878} INFO - 
================================================================================
DAG File Processing Stats

File Path                  PID    Runtime      # DAGs    # Errors  Last Runtime    Last Run
-------------------------  -----  ---------  --------  ----------  --------------  -------------------
/opt/airflow/dags/main.py                           3           0  0.24s           2026-05-27T15:22:20
================================================================================
[2026-05-27T15:22:58.347+0000] {manager.py:878} INFO - 
================================================================================
DAG File Processing Stats

File Path                  PID    Runtime      # DAGs    # Errors  Last Runtime    Last Run
-------------------------  -----  ---------  --------  ----------  --------------  -------------------
/opt/airflow/dags/main.py                           3           0  0.24s           2026-05-27T15:22:50
================================================================================
[2026-05-27T15:23:28.758+0000] {manager.py:878} INFO - 
================================================================================
DAG File Processing Stats

File Path                  PID    Runtime      # DAGs    # Errors  Last Runtime    Last Run
-------------------------  -----  ---------  --------  ----------  --------------  -------------------
/opt/airflow/dags/main.py                           3           0  0.27s           2026-05-27T15:23:20
================================================================================
[2026-05-27T15:23:59.171+0000] {manager.py:878} INFO - 
================================================================================
DAG File Processing Stats

File Path                  PID    Runtime      # DAGs    # Errors  Last Runtime    Last Run
-------------------------  -----  ---------  --------  ----------  --------------  -------------------
/opt/airflow/dags/main.py                           3           0  0.24s           2026-05-27T15:23:51
================================================================================
[2026-05-27T15:24:10.265+0000] {manager.py:737} INFO - Searching for files in /opt/airflow/dags
[2026-05-27T15:24:10.390+0000] {manager.py:740} INFO - There are 1 files in /opt/airflow/dags
[2026-05-27T15:24:29.631+0000] {manager.py:878} INFO - 
================================================================================
DAG File Processing Stats

File Path                  PID    Runtime      # DAGs    # Errors  Last Runtime    Last Run
-------------------------  -----  ---------  --------  ----------  --------------  -------------------
/opt/airflow/dags/main.py                           3           0  0.25s           2026-05-27T15:24:21
================================================================================
[2026-05-27T15:25:00.132+0000] {manager.py:878} INFO - 
================================================================================
DAG File Processing Stats

File Path                  PID    Runtime      # DAGs    # Errors  Last Runtime    Last Run
-------------------------  -----  ---------  --------  ----------  --------------  -------------------
/opt/airflow/dags/main.py                           3           0  0.23s           2026-05-27T15:24:52
================================================================================
[2026-05-27T15:25:30.513+0000] {manager.py:878} INFO - 
================================================================================
DAG File Processing Stats

File Path                  PID    Runtime      # DAGs    # Errors  Last Runtime    Last Run
-------------------------  -----  ---------  --------  ----------  --------------  -------------------
/opt/airflow/dags/main.py                           3           0  0.24s           2026-05-27T15:25:22
================================================================================
[2026-05-27T15:26:01.035+0000] {manager.py:878} INFO - 
================================================================================
DAG File Processing Stats

File Path                  PID    Runtime      # DAGs    # Errors  Last Runtime    Last Run
-------------------------  -----  ---------  --------  ----------  --------------  -------------------
/opt/airflow/dags/main.py                           3           0  0.25s           2026-05-27T15:25:53
================================================================================
[2026-05-27T15:26:31.401+0000] {manager.py:878} INFO - 
================================================================================
DAG File Processing Stats

File Path                  PID    Runtime      # DAGs    # Errors  Last Runtime    Last Run
-------------------------  -----  ---------  --------  ----------  --------------  -------------------
/opt/airflow/dags/main.py                           3           0  0.23s           2026-05-27T15:26:23
================================================================================
[2026-05-27T15:27:01.681+0000] {manager.py:878} INFO - 
================================================================================
DAG File Processing Stats

File Path                  PID    Runtime      # DAGs    # Errors  Last Runtime    Last Run
-------------------------  -----  ---------  --------  ----------  --------------  -------------------
/opt/airflow/dags/main.py                           3           0  0.24s           2026-05-27T15:26:53
================================================================================
[2026-05-27T15:27:32.207+0000] {manager.py:878} INFO - 
================================================================================
DAG File Processing Stats

File Path                  PID    Runtime      # DAGs    # Errors  Last Runtime    Last Run
-------------------------  -----  ---------  --------  ----------  --------------  -------------------
/opt/airflow/dags/main.py                           3           0  0.25s           2026-05-27T15:27:24
================================================================================
[2026-05-27T15:28:02.528+0000] {manager.py:878} INFO - 
================================================================================
DAG File Processing Stats

File Path                  PID    Runtime      # DAGs    # Errors  Last Runtime    Last Run
-------------------------  -----  ---------  --------  ----------  --------------  -------------------
/opt/airflow/dags/main.py                           3           0  0.28s           2026-05-27T15:27:54
================================================================================
[2026-05-27T15:28:33.029+0000] {manager.py:878} INFO - 
================================================================================
DAG File Processing Stats

File Path                  PID    Runtime      # DAGs    # Errors  Last Runtime    Last Run
-------------------------  -----  ---------  --------  ----------  --------------  -------------------
/opt/airflow/dags/main.py                           3           0  0.24s           2026-05-27T15:28:25
================================================================================
[2026-05-27T15:29:03.496+0000] {manager.py:878} INFO - 
================================================================================
DAG File Processing Stats

File Path                  PID    Runtime      # DAGs    # Errors  Last Runtime    Last Run
-------------------------  -----  ---------  --------  ----------  --------------  -------------------
/opt/airflow/dags/main.py                           3           0  0.26s           2026-05-27T15:28:55
================================================================================
[2026-05-27T15:29:10.570+0000] {manager.py:737} INFO - Searching for files in /opt/airflow/dags
[2026-05-27T15:29:10.704+0000] {manager.py:740} INFO - There are 1 files in /opt/airflow/dags
[2026-05-27T15:29:33.974+0000] {manager.py:878} INFO - 
================================================================================
DAG File Processing Stats

File Path                  PID    Runtime      # DAGs    # Errors  Last Runtime    Last Run
-------------------------  -----  ---------  --------  ----------  --------------  -------------------
/opt/airflow/dags/main.py                           3           0  0.23s           2026-05-27T15:29:26
================================================================================
[2026-05-27T15:30:04.359+0000] {manager.py:878} INFO - 
================================================================================
DAG File Processing Stats

File Path                  PID    Runtime      # DAGs    # Errors  Last Runtime    Last Run
-------------------------  -----  ---------  --------  ----------  --------------  -------------------
/opt/airflow/dags/main.py                           3           0  0.25s           2026-05-27T15:29:56
================================================================================
[2026-05-27T15:30:34.696+0000] {manager.py:878} INFO - 
================================================================================
DAG File Processing Stats

File Path                  PID    Runtime      # DAGs    # Errors  Last Runtime    Last Run
-------------------------  -----  ---------  --------  ----------  --------------  -------------------
/opt/airflow/dags/main.py                           3           0  0.27s           2026-05-27T15:30:26
================================================================================
[2026-05-27T15:31:05.143+0000] {manager.py:878} INFO - 
================================================================================
DAG File Processing Stats

File Path                  PID    Runtime      # DAGs    # Errors  Last Runtime    Last Run
-------------------------  -----  ---------  --------  ----------  --------------  -------------------
/opt/airflow/dags/main.py                           3           0  0.29s           2026-05-27T15:30:57
================================================================================
[2026-05-27T15:31:35.435+0000] {manager.py:878} INFO - 
================================================================================
DAG File Processing Stats

File Path                  PID    Runtime      # DAGs    # Errors  Last Runtime    Last Run
-------------------------  -----  ---------  --------  ----------  --------------  -------------------
/opt/airflow/dags/main.py                           3           0  0.25s           2026-05-27T15:31:27
================================================================================
[2026-05-27T15:32:05.811+0000] {manager.py:878} INFO - 
================================================================================
DAG File Processing Stats

File Path                  PID    Runtime      # DAGs    # Errors  Last Runtime    Last Run
-------------------------  -----  ---------  --------  ----------  --------------  -------------------
/opt/airflow/dags/main.py                           3           0  0.29s           2026-05-27T15:31:57
================================================================================
[2026-05-27T15:32:36.200+0000] {manager.py:878} INFO - 
================================================================================
DAG File Processing Stats

File Path                  PID    Runtime      # DAGs    # Errors  Last Runtime    Last Run
-------------------------  -----  ---------  --------  ----------  --------------  -------------------
/opt/airflow/dags/main.py                           3           0  0.28s           2026-05-27T15:32:28
================================================================================
[2026-05-27T15:33:06.548+0000] {manager.py:878} INFO - 
================================================================================
DAG File Processing Stats

File Path                  PID    Runtime      # DAGs    # Errors  Last Runtime    Last Run
-------------------------  -----  ---------  --------  ----------  --------------  -------------------
/opt/airflow/dags/main.py                           3           0  0.26s           2026-05-27T15:32:58
================================================================================
[2026-05-27T15:33:37.049+0000] {manager.py:878} INFO - 
================================================================================
DAG File Processing Stats

File Path                  PID    Runtime      # DAGs    # Errors  Last Runtime    Last Run
-------------------------  -----  ---------  --------  ----------  --------------  -------------------
/opt/airflow/dags/main.py                           3           0  0.24s           2026-05-27T15:33:29
================================================================================
[2026-05-27T15:34:07.512+0000] {manager.py:878} INFO - 
================================================================================
DAG File Processing Stats

File Path                  PID    Runtime      # DAGs    # Errors  Last Runtime    Last Run
-------------------------  -----  ---------  --------  ----------  --------------  -------------------
/opt/airflow/dags/main.py                           3           0  0.23s           2026-05-27T15:33:59
================================================================================
[2026-05-27T15:34:11.537+0000] {manager.py:737} INFO - Searching for files in /opt/airflow/dags
[2026-05-27T15:34:11.704+0000] {manager.py:740} INFO - There are 1 files in /opt/airflow/dags
[2026-05-27T15:34:37.943+0000] {manager.py:878} INFO - 
================================================================================
DAG File Processing Stats

File Path                  PID    Runtime      # DAGs    # Errors  Last Runtime    Last Run
-------------------------  -----  ---------  --------  ----------  --------------  -------------------
/opt/airflow/dags/main.py                           3           0  0.24s           2026-05-27T15:34:30
================================================================================
[2026-05-27T15:35:08.411+0000] {manager.py:878} INFO - 
================================================================================
DAG File Processing Stats

File Path                  PID    Runtime      # DAGs    # Errors  Last Runtime    Last Run
-------------------------  -----  ---------  --------  ----------  --------------  -------------------
/opt/airflow/dags/main.py                           3           0  0.27s           2026-05-27T15:35:00
================================================================================
[2026-05-27T15:35:38.691+0000] {manager.py:878} INFO - 
================================================================================
DAG File Processing Stats

File Path                  PID    Runtime      # DAGs    # Errors  Last Runtime    Last Run
-------------------------  -----  ---------  --------  ----------  --------------  -------------------
/opt/airflow/dags/main.py                           3           0  0.22s           2026-05-27T15:35:30
================================================================================
[2026-05-27T15:36:09.057+0000] {manager.py:878} INFO - 
================================================================================
DAG File Processing Stats

File Path                  PID    Runtime      # DAGs    # Errors  Last Runtime    Last Run
-------------------------  -----  ---------  --------  ----------  --------------  -------------------
/opt/airflow/dags/main.py                           3           0  0.26s           2026-05-27T15:36:01
================================================================================
[2026-05-27T15:36:39.496+0000] {manager.py:878} INFO - 
================================================================================
DAG File Processing Stats

File Path                  PID    Runtime      # DAGs    # Errors  Last Runtime    Last Run
-------------------------  -----  ---------  --------  ----------  --------------  -------------------
/opt/airflow/dags/main.py                           3           0  0.24s           2026-05-27T15:36:31
================================================================================
[2026-05-27T15:37:09.898+0000] {manager.py:878} INFO - 
================================================================================
DAG File Processing Stats

File Path                  PID    Runtime      # DAGs    # Errors  Last Runtime    Last Run
-------------------------  -----  ---------  --------  ----------  --------------  -------------------
/opt/airflow/dags/main.py                           3           0  0.24s           2026-05-27T15:37:02
================================================================================
[2026-05-27T15:37:40.409+0000] {manager.py:878} INFO - 
================================================================================
DAG File Processing Stats

File Path                  PID    Runtime      # DAGs    # Errors  Last Runtime    Last Run
-------------------------  -----  ---------  --------  ----------  --------------  -------------------
/opt/airflow/dags/main.py                           3           0  0.25s           2026-05-27T15:37:32
================================================================================
[2026-05-27T15:38:10.693+0000] {manager.py:878} INFO - 
================================================================================
DAG File Processing Stats

File Path                  PID    Runtime      # DAGs    # Errors  Last Runtime    Last Run
-------------------------  -----  ---------  --------  ----------  --------------  -------------------
/opt/airflow/dags/main.py                           3           0  0.22s           2026-05-27T15:38:02
================================================================================
[2026-05-27T15:38:41.198+0000] {manager.py:878} INFO - 
================================================================================
DAG File Processing Stats

File Path                  PID    Runtime      # DAGs    # Errors  Last Runtime    Last Run
-------------------------  -----  ---------  --------  ----------  --------------  -------------------
/opt/airflow/dags/main.py                           3           0  0.23s           2026-05-27T15:38:33
================================================================================
[2026-05-27T15:39:11.503+0000] {manager.py:878} INFO - 
================================================================================
DAG File Processing Stats

File Path                  PID    Runtime      # DAGs    # Errors  Last Runtime    Last Run
-------------------------  -----  ---------  --------  ----------  --------------  -------------------
/opt/airflow/dags/main.py                           3           0  0.24s           2026-05-27T15:39:03
================================================================================
[2026-05-27T15:39:11.718+0000] {manager.py:737} INFO - Searching for files in /opt/airflow/dags
[2026-05-27T15:39:11.921+0000] {manager.py:740} INFO - There are 1 files in /opt/airflow/dags
[2026-05-27T15:39:41.835+0000] {manager.py:878} INFO - 
================================================================================
DAG File Processing Stats

File Path                  PID    Runtime      # DAGs    # Errors  Last Runtime    Last Run
-------------------------  -----  ---------  --------  ----------  --------------  -------------------
/opt/airflow/dags/main.py                           3           0  0.25s           2026-05-27T15:39:33
================================================================================
[2026-05-27T15:40:12.276+0000] {manager.py:878} INFO - 
================================================================================
DAG File Processing Stats

File Path                  PID    Runtime      # DAGs    # Errors  Last Runtime    Last Run
-------------------------  -----  ---------  --------  ----------  --------------  -------------------
/opt/airflow/dags/main.py                           3           0  0.23s           2026-05-27T15:40:04
================================================================================
[2026-05-27T15:40:42.545+0000] {manager.py:878} INFO - 
================================================================================
DAG File Processing Stats

File Path                  PID    Runtime      # DAGs    # Errors  Last Runtime    Last Run
-------------------------  -----  ---------  --------  ----------  --------------  -------------------
/opt/airflow/dags/main.py                           3           0  0.28s           2026-05-27T15:40:34
================================================================================
[2026-05-27T15:41:12.987+0000] {manager.py:878} INFO - 
================================================================================
DAG File Processing Stats

File Path                  PID    Runtime      # DAGs    # Errors  Last Runtime    Last Run
-------------------------  -----  ---------  --------  ----------  --------------  -------------------
/opt/airflow/dags/main.py                           3           0  0.25s           2026-05-27T15:41:05
================================================================================
[2026-05-27T15:41:43.488+0000] {manager.py:878} INFO - 
================================================================================
DAG File Processing Stats

File Path                  PID    Runtime      # DAGs    # Errors  Last Runtime    Last Run
-------------------------  -----  ---------  --------  ----------  --------------  -------------------
/opt/airflow/dags/main.py                           3           0  0.23s           2026-05-27T15:41:35
================================================================================
[2026-05-27T15:42:13.920+0000] {manager.py:878} INFO - 
================================================================================
DAG File Processing Stats

File Path                  PID    Runtime      # DAGs    # Errors  Last Runtime    Last Run
-------------------------  -----  ---------  --------  ----------  --------------  -------------------
/opt/airflow/dags/main.py                           3           0  0.35s           2026-05-27T15:42:06
================================================================================
[2026-05-27T15:42:44.457+0000] {manager.py:878} INFO - 
================================================================================
DAG File Processing Stats

File Path                  PID    Runtime      # DAGs    # Errors  Last Runtime    Last Run
-------------------------  -----  ---------  --------  ----------  --------------  -------------------
/opt/airflow/dags/main.py                           3           0  0.26s           2026-05-27T15:42:36
================================================================================
[2026-05-27T15:43:14.884+0000] {manager.py:878} INFO - 
================================================================================
DAG File Processing Stats

File Path                  PID    Runtime      # DAGs    # Errors  Last Runtime    Last Run
-------------------------  -----  ---------  --------  ----------  --------------  -------------------
/opt/airflow/dags/main.py                           3           0  0.24s           2026-05-27T15:43:07
================================================================================
[2026-05-27T15:43:45.342+0000] {manager.py:878} INFO - 
================================================================================
DAG File Processing Stats

File Path                  PID    Runtime      # DAGs    # Errors  Last Runtime    Last Run
-------------------------  -----  ---------  --------  ----------  --------------  -------------------
/opt/airflow/dags/main.py                           3           0  0.26s           2026-05-27T15:43:37
================================================================================
[2026-05-27T15:44:11.762+0000] {manager.py:737} INFO - Searching for files in /opt/airflow/dags
[2026-05-27T15:44:12.033+0000] {manager.py:740} INFO - There are 1 files in /opt/airflow/dags
[2026-05-27T15:44:16.080+0000] {manager.py:878} INFO - 
================================================================================
DAG File Processing Stats

File Path                  PID    Runtime      # DAGs    # Errors  Last Runtime    Last Run
-------------------------  -----  ---------  --------  ----------  --------------  -------------------
/opt/airflow/dags/main.py                           3           0  0.24s           2026-05-27T15:44:07
================================================================================
[2026-05-27T15:44:46.374+0000] {manager.py:878} INFO - 
================================================================================
DAG File Processing Stats

File Path                  PID    Runtime      # DAGs    # Errors  Last Runtime    Last Run
-------------------------  -----  ---------  --------  ----------  --------------  -------------------
/opt/airflow/dags/main.py                           3           0  0.24s           2026-05-27T15:44:38
================================================================================
[2026-05-27T15:45:16.814+0000] {manager.py:878} INFO - 
================================================================================
DAG File Processing Stats

File Path                  PID    Runtime      # DAGs    # Errors  Last Runtime    Last Run
-------------------------  -----  ---------  --------  ----------  --------------  -------------------
/opt/airflow/dags/main.py                           3           0  0.25s           2026-05-27T15:45:08
================================================================================
[2026-05-27T15:45:47.144+0000] {manager.py:878} INFO - 
================================================================================
DAG File Processing Stats

File Path                  PID    Runtime      # DAGs    # Errors  Last Runtime    Last Run
-------------------------  -----  ---------  --------  ----------  --------------  -------------------
/opt/airflow/dags/main.py                           3           0  0.23s           2026-05-27T15:45:39
================================================================================
[2026-05-27T15:46:17.556+0000] {manager.py:878} INFO - 
================================================================================
DAG File Processing Stats

File Path                  PID    Runtime      # DAGs    # Errors  Last Runtime    Last Run
-------------------------  -----  ---------  --------  ----------  --------------  -------------------
/opt/airflow/dags/main.py                           3           0  0.23s           2026-05-27T15:46:09
================================================================================
[2026-05-27T15:46:47.822+0000] {manager.py:878} INFO - 
================================================================================
DAG File Processing Stats

File Path                  PID    Runtime      # DAGs    # Errors  Last Runtime    Last Run
-------------------------  -----  ---------  --------  ----------  --------------  -------------------
/opt/airflow/dags/main.py                           3           0  0.24s           2026-05-27T15:46:39
================================================================================
[2026-05-27T15:47:18.362+0000] {manager.py:878} INFO - 
================================================================================
DAG File Processing Stats

File Path                  PID    Runtime      # DAGs    # Errors  Last Runtime    Last Run
-------------------------  -----  ---------  --------  ----------  --------------  -------------------
/opt/airflow/dags/main.py                           3           0  0.24s           2026-05-27T15:47:10
================================================================================
[2026-05-27T15:47:48.779+0000] {manager.py:878} INFO - 
================================================================================
DAG File Processing Stats

File Path                  PID    Runtime      # DAGs    # Errors  Last Runtime    Last Run
-------------------------  -----  ---------  --------  ----------  --------------  -------------------
/opt/airflow/dags/main.py                           3           0  0.25s           2026-05-27T15:47:40
================================================================================
[2026-05-27T15:48:19.101+0000] {manager.py:878} INFO - 
================================================================================
DAG File Processing Stats

File Path                  PID    Runtime      # DAGs    # Errors  Last Runtime    Last Run
-------------------------  -----  ---------  --------  ----------  --------------  -------------------
/opt/airflow/dags/main.py                           3           0  0.27s           2026-05-27T15:48:11
================================================================================
[2026-05-27T15:48:49.572+0000] {manager.py:878} INFO - 
================================================================================
DAG File Processing Stats

File Path                  PID    Runtime      # DAGs    # Errors  Last Runtime    Last Run
-------------------------  -----  ---------  --------  ----------  --------------  -------------------
/opt/airflow/dags/main.py                           3           0  0.24s           2026-05-27T15:48:41
================================================================================
[2026-05-27T15:49:11.766+0000] {manager.py:737} INFO - Searching for files in /opt/airflow/dags
[2026-05-27T15:49:11.913+0000] {manager.py:740} INFO - There are 1 files in /opt/airflow/dags
[2026-05-27T15:49:20.012+0000] {manager.py:878} INFO - 
================================================================================
DAG File Processing Stats

File Path                  PID    Runtime      # DAGs    # Errors  Last Runtime    Last Run
-------------------------  -----  ---------  --------  ----------  --------------  -------------------
/opt/airflow/dags/main.py                           3           0  0.24s           2026-05-27T15:49:12
================================================================================
[2026-05-27T15:49:50.639+0000] {manager.py:878} INFO - 
================================================================================
DAG File Processing Stats

File Path                  PID    Runtime      # DAGs    # Errors  Last Runtime    Last Run
-------------------------  -----  ---------  --------  ----------  --------------  -------------------
/opt/airflow/dags/main.py                           3           0  0.27s           2026-05-27T15:49:42
================================================================================
[2026-05-27T15:50:20.998+0000] {manager.py:878} INFO - 
================================================================================
DAG File Processing Stats

File Path                  PID    Runtime      # DAGs    # Errors  Last Runtime    Last Run
-------------------------  -----  ---------  --------  ----------  --------------  -------------------
/opt/airflow/dags/main.py                           3           0  0.24s           2026-05-27T15:50:13
================================================================================
[2026-05-27T15:50:51.259+0000] {manager.py:878} INFO - 
================================================================================
DAG File Processing Stats

File Path                  PID    Runtime      # DAGs    # Errors  Last Runtime    Last Run
-------------------------  -----  ---------  --------  ----------  --------------  -------------------
/opt/airflow/dags/main.py                           3           0  0.24s           2026-05-27T15:50:43
================================================================================
[2026-05-27T15:51:21.733+0000] {manager.py:878} INFO - 
================================================================================
DAG File Processing Stats

File Path                  PID    Runtime      # DAGs    # Errors  Last Runtime    Last Run
-------------------------  -----  ---------  --------  ----------  --------------  -------------------
/opt/airflow/dags/main.py                           3           0  0.25s           2026-05-27T15:51:13
================================================================================
[2026-05-27T15:51:52.026+0000] {manager.py:878} INFO - 
================================================================================
DAG File Processing Stats

File Path                  PID    Runtime      # DAGs    # Errors  Last Runtime    Last Run
-------------------------  -----  ---------  --------  ----------  --------------  -------------------
/opt/airflow/dags/main.py                           3           0  0.25s           2026-05-27T15:51:44
================================================================================
[2026-05-27T15:52:22.475+0000] {manager.py:878} INFO - 
================================================================================
DAG File Processing Stats

File Path                  PID    Runtime      # DAGs    # Errors  Last Runtime    Last Run
-------------------------  -----  ---------  --------  ----------  --------------  -------------------
/opt/airflow/dags/main.py                           3           0  0.24s           2026-05-27T15:52:14
================================================================================
[2026-05-27T15:52:53.061+0000] {manager.py:878} INFO - 
================================================================================
DAG File Processing Stats

File Path                  PID    Runtime      # DAGs    # Errors  Last Runtime    Last Run
-------------------------  -----  ---------  --------  ----------  --------------  -------------------
/opt/airflow/dags/main.py                           3           0  0.24s           2026-05-27T15:52:45
================================================================================
[2026-05-27T15:53:23.573+0000] {manager.py:878} INFO - 
================================================================================
DAG File Processing Stats

File Path                  PID    Runtime      # DAGs    # Errors  Last Runtime    Last Run
-------------------------  -----  ---------  --------  ----------  --------------  -------------------
/opt/airflow/dags/main.py                           3           0  0.23s           2026-05-27T15:53:15
================================================================================
[2026-05-27T15:53:53.916+0000] {manager.py:878} INFO - 
================================================================================
DAG File Processing Stats

File Path                  PID    Runtime      # DAGs    # Errors  Last Runtime    Last Run
-------------------------  -----  ---------  --------  ----------  --------------  -------------------
/opt/airflow/dags/main.py                           3           0  0.23s           2026-05-27T15:53:46
================================================================================
[2026-05-27T15:54:12.116+0000] {manager.py:737} INFO - Searching for files in /opt/airflow/dags
[2026-05-27T15:54:12.257+0000] {manager.py:740} INFO - There are 1 files in /opt/airflow/dags
[2026-05-27T15:54:24.448+0000] {manager.py:878} INFO - 
================================================================================
DAG File Processing Stats

File Path                  PID    Runtime      # DAGs    # Errors  Last Runtime    Last Run
-------------------------  -----  ---------  --------  ----------  --------------  -------------------
/opt/airflow/dags/main.py                           3           0  0.24s           2026-05-27T15:54:16
================================================================================
[2026-05-27T15:54:55.031+0000] {manager.py:878} INFO - 
================================================================================
DAG File Processing Stats

File Path                  PID    Runtime      # DAGs    # Errors  Last Runtime    Last Run
-------------------------  -----  ---------  --------  ----------  --------------  -------------------
/opt/airflow/dags/main.py                           3           0  0.23s           2026-05-27T15:54:46
================================================================================
[2026-05-27T15:55:25.351+0000] {manager.py:878} INFO - 
================================================================================
DAG File Processing Stats

File Path                  PID    Runtime      # DAGs    # Errors  Last Runtime    Last Run
-------------------------  -----  ---------  --------  ----------  --------------  -------------------
/opt/airflow/dags/main.py                           3           0  0.24s           2026-05-27T15:55:17
================================================================================
[2026-05-27T15:55:55.935+0000] {manager.py:878} INFO - 
================================================================================
DAG File Processing Stats

File Path                  PID    Runtime      # DAGs    # Errors  Last Runtime    Last Run
-------------------------  -----  ---------  --------  ----------  --------------  -------------------
/opt/airflow/dags/main.py                           3           0  0.24s           2026-05-27T15:55:47
================================================================================
[2026-05-27T15:56:26.285+0000] {manager.py:878} INFO - 
================================================================================
DAG File Processing Stats

File Path                  PID    Runtime      # DAGs    # Errors  Last Runtime    Last Run
-------------------------  -----  ---------  --------  ----------  --------------  -------------------
/opt/airflow/dags/main.py                           3           0  0.24s           2026-05-27T15:56:18
================================================================================
[2026-05-27T15:56:56.770+0000] {manager.py:878} INFO - 
================================================================================
DAG File Processing Stats

File Path                  PID    Runtime      # DAGs    # Errors  Last Runtime    Last Run
-------------------------  -----  ---------  --------  ----------  --------------  -------------------
/opt/airflow/dags/main.py                           3           0  0.25s           2026-05-27T15:56:48
================================================================================
[2026-05-27T15:57:27.170+0000] {manager.py:878} INFO - 
================================================================================
DAG File Processing Stats

File Path                  PID    Runtime      # DAGs    # Errors  Last Runtime    Last Run
-------------------------  -----  ---------  --------  ----------  --------------  -------------------
/opt/airflow/dags/main.py                           3           0  0.22s           2026-05-27T15:57:19
================================================================================
[2026-05-27T15:57:57.454+0000] {manager.py:878} INFO - 
================================================================================
DAG File Processing Stats

File Path                  PID    Runtime      # DAGs    # Errors  Last Runtime    Last Run
-------------------------  -----  ---------  --------  ----------  --------------  -------------------
/opt/airflow/dags/main.py                           3           0  0.25s           2026-05-27T15:57:49
================================================================================
[2026-05-27T15:58:23.298+0000] {manager.py:878} INFO - 
================================================================================
DAG File Processing Stats

File Path                  PID    Runtime      # DAGs    # Errors  Last Runtime    Last Run
-------------------------  -----  ---------  --------  ----------  --------------  -------------------
/opt/airflow/dags/main.py                           3           0  -4.38s          2026-05-27T15:58:15
================================================================================
[2026-05-27T15:58:53.623+0000] {manager.py:878} INFO - 
================================================================================
DAG File Processing Stats

File Path                  PID    Runtime      # DAGs    # Errors  Last Runtime    Last Run
-------------------------  -----  ---------  --------  ----------  --------------  -------------------
/opt/airflow/dags/main.py                           3           0  0.27s           2026-05-27T15:58:45
================================================================================
[2026-05-27T15:59:12.766+0000] {manager.py:737} INFO - Searching for files in /opt/airflow/dags
[2026-05-27T15:59:12.923+0000] {manager.py:740} INFO - There are 1 files in /opt/airflow/dags
[2026-05-27T15:59:24.104+0000] {manager.py:878} INFO - 
================================================================================
DAG File Processing Stats

File Path                  PID    Runtime      # DAGs    # Errors  Last Runtime    Last Run
-------------------------  -----  ---------  --------  ----------  --------------  -------------------
/opt/airflow/dags/main.py                           3           0  0.25s           2026-05-27T15:59:16
================================================================================
[2026-05-27T15:59:54.492+0000] {manager.py:878} INFO - 
================================================================================
DAG File Processing Stats

File Path                  PID    Runtime      # DAGs    # Errors  Last Runtime    Last Run
-------------------------  -----  ---------  --------  ----------  --------------  -------------------
/opt/airflow/dags/main.py                           3           0  0.26s           2026-05-27T15:59:46
================================================================================
[2026-05-27T16:00:24.851+0000] {manager.py:878} INFO - 
================================================================================
DAG File Processing Stats

File Path                  PID    Runtime      # DAGs    # Errors  Last Runtime    Last Run
-------------------------  -----  ---------  --------  ----------  --------------  -------------------
/opt/airflow/dags/main.py                           3           0  0.25s           2026-05-27T16:00:16
================================================================================
[2026-05-27T16:00:55.185+0000] {manager.py:878} INFO - 
================================================================================
DAG File Processing Stats

File Path                  PID    Runtime      # DAGs    # Errors  Last Runtime    Last Run
-------------------------  -----  ---------  --------  ----------  --------------  -------------------
/opt/airflow/dags/main.py                           3           0  0.25s           2026-05-27T16:00:47
================================================================================
[2026-05-27T16:01:25.704+0000] {manager.py:878} INFO - 
================================================================================
DAG File Processing Stats

File Path                  PID    Runtime      # DAGs    # Errors  Last Runtime    Last Run
-------------------------  -----  ---------  --------  ----------  --------------  -------------------
/opt/airflow/dags/main.py                           3           0  0.25s           2026-05-27T16:01:17
================================================================================
[2026-05-27T16:01:56.027+0000] {manager.py:878} INFO - 
================================================================================
DAG File Processing Stats

File Path                  PID    Runtime      # DAGs    # Errors  Last Runtime    Last Run
-------------------------  -----  ---------  --------  ----------  --------------  -------------------
/opt/airflow/dags/main.py                           3           0  0.23s           2026-05-27T16:01:48
================================================================================
[2026-05-27T16:02:26.390+0000] {manager.py:878} INFO - 
================================================================================
DAG File Processing Stats

File Path                  PID    Runtime      # DAGs    # Errors  Last Runtime    Last Run
-------------------------  -----  ---------  --------  ----------  --------------  -------------------
/opt/airflow/dags/main.py                           3           0  0.25s           2026-05-27T16:02:18
================================================================================
[2026-05-27T16:02:56.630+0000] {manager.py:878} INFO - 
================================================================================
DAG File Processing Stats

File Path                  PID    Runtime      # DAGs    # Errors  Last Runtime    Last Run
-------------------------  -----  ---------  --------  ----------  --------------  -------------------
/opt/airflow/dags/main.py                           3           0  0.23s           2026-05-27T16:02:48
================================================================================
[2026-05-27T16:03:27.185+0000] {manager.py:878} INFO - 
================================================================================
DAG File Processing Stats

File Path                  PID    Runtime      # DAGs    # Errors  Last Runtime    Last Run
-------------------------  -----  ---------  --------  ----------  --------------  -------------------
/opt/airflow/dags/main.py                           3           0  0.25s           2026-05-27T16:03:19
================================================================================
[2026-05-27T16:03:57.574+0000] {manager.py:878} INFO - 
================================================================================
DAG File Processing Stats

File Path                  PID    Runtime      # DAGs    # Errors  Last Runtime    Last Run
-------------------------  -----  ---------  --------  ----------  --------------  -------------------
/opt/airflow/dags/main.py                           3           0  0.23s           2026-05-27T16:03:49
================================================================================
[2026-05-27T16:04:12.908+0000] {manager.py:737} INFO - Searching for files in /opt/airflow/dags
[2026-05-27T16:04:13.088+0000] {manager.py:740} INFO - There are 1 files in /opt/airflow/dags
[2026-05-27T16:04:27.960+0000] {manager.py:878} INFO - 
================================================================================
DAG File Processing Stats

File Path                  PID    Runtime      # DAGs    # Errors  Last Runtime    Last Run
-------------------------  -----  ---------  --------  ----------  --------------  -------------------
/opt/airflow/dags/main.py                           3           0  0.23s           2026-05-27T16:04:20
================================================================================
[2026-05-27T16:04:58.242+0000] {manager.py:878} INFO - 
================================================================================
DAG File Processing Stats

File Path                  PID    Runtime      # DAGs    # Errors  Last Runtime    Last Run
-------------------------  -----  ---------  --------  ----------  --------------  -------------------
/opt/airflow/dags/main.py                           3           0  0.23s           2026-05-27T16:04:50
================================================================================
[2026-05-27T16:05:28.809+0000] {manager.py:878} INFO - 
================================================================================
DAG File Processing Stats

File Path                  PID    Runtime      # DAGs    # Errors  Last Runtime    Last Run
-------------------------  -----  ---------  --------  ----------  --------------  -------------------
/opt/airflow/dags/main.py                           3           0  0.24s           2026-05-27T16:05:20
================================================================================
[2026-05-27T16:05:59.217+0000] {manager.py:878} INFO - 
================================================================================
DAG File Processing Stats

File Path                  PID    Runtime      # DAGs    # Errors  Last Runtime    Last Run
-------------------------  -----  ---------  --------  ----------  --------------  -------------------
/opt/airflow/dags/main.py                           3           0  0.22s           2026-05-27T16:05:51
================================================================================
[2026-05-27T16:06:29.616+0000] {manager.py:878} INFO - 
================================================================================
DAG File Processing Stats

File Path                  PID    Runtime      # DAGs    # Errors  Last Runtime    Last Run
-------------------------  -----  ---------  --------  ----------  --------------  -------------------
/opt/airflow/dags/main.py                           3           0  0.23s           2026-05-27T16:06:21
================================================================================
[2026-05-27T16:07:00.068+0000] {manager.py:878} INFO - 
================================================================================
DAG File Processing Stats

File Path                  PID    Runtime      # DAGs    # Errors  Last Runtime    Last Run
-------------------------  -----  ---------  --------  ----------  --------------  -------------------
/opt/airflow/dags/main.py                           3           0  0.23s           2026-05-27T16:06:52
================================================================================
[2026-05-27T16:07:30.462+0000] {manager.py:878} INFO - 
================================================================================
DAG File Processing Stats

File Path                  PID    Runtime      # DAGs    # Errors  Last Runtime    Last Run
-------------------------  -----  ---------  --------  ----------  --------------  -------------------
/opt/airflow/dags/main.py                           3           0  0.22s           2026-05-27T16:07:22
================================================================================
[2026-05-27T16:08:00.938+0000] {manager.py:878} INFO - 
================================================================================
DAG File Processing Stats

File Path                  PID    Runtime      # DAGs    # Errors  Last Runtime    Last Run
-------------------------  -----  ---------  --------  ----------  --------------  -------------------
/opt/airflow/dags/main.py                           3           0  0.28s           2026-05-27T16:07:52
================================================================================
[2026-05-27T16:08:31.269+0000] {manager.py:878} INFO - 
================================================================================
DAG File Processing Stats

File Path                  PID    Runtime      # DAGs    # Errors  Last Runtime    Last Run
-------------------------  -----  ---------  --------  ----------  --------------  -------------------
/opt/airflow/dags/main.py                           3           0  0.23s           2026-05-27T16:08:23
================================================================================
[2026-05-27T16:09:01.831+0000] {manager.py:878} INFO - 
================================================================================
DAG File Processing Stats

File Path                  PID    Runtime      # DAGs    # Errors  Last Runtime    Last Run
-------------------------  -----  ---------  --------  ----------  --------------  -------------------
/opt/airflow/dags/main.py                           3           0  0.24s           2026-05-27T16:08:53
================================================================================
[2026-05-27T16:09:12.954+0000] {manager.py:737} INFO - Searching for files in /opt/airflow/dags
[2026-05-27T16:09:13.230+0000] {manager.py:740} INFO - There are 1 files in /opt/airflow/dags
[2026-05-27T16:09:32.497+0000] {manager.py:878} INFO - 
================================================================================
DAG File Processing Stats

File Path                  PID    Runtime      # DAGs    # Errors  Last Runtime    Last Run
-------------------------  -----  ---------  --------  ----------  --------------  -------------------
/opt/airflow/dags/main.py                           3           0  0.25s           2026-05-27T16:09:24
================================================================================
[2026-05-27T16:10:03.086+0000] {manager.py:878} INFO - 
================================================================================
DAG File Processing Stats

File Path                  PID    Runtime      # DAGs    # Errors  Last Runtime    Last Run
-------------------------  -----  ---------  --------  ----------  --------------  -------------------
/opt/airflow/dags/main.py                           3           0  0.26s           2026-05-27T16:09:55
================================================================================
[2026-05-27T16:10:33.506+0000] {manager.py:878} INFO - 
================================================================================
DAG File Processing Stats

File Path                  PID    Runtime      # DAGs    # Errors  Last Runtime    Last Run
-------------------------  -----  ---------  --------  ----------  --------------  -------------------
/opt/airflow/dags/main.py                           3           0  0.23s           2026-05-27T16:10:25
================================================================================
[2026-05-27T16:11:03.996+0000] {manager.py:878} INFO - 
================================================================================
DAG File Processing Stats

File Path                  PID    Runtime      # DAGs    # Errors  Last Runtime    Last Run
-------------------------  -----  ---------  --------  ----------  --------------  -------------------
/opt/airflow/dags/main.py                           3           0  0.24s           2026-05-27T16:10:56
================================================================================
[2026-05-27T16:11:34.383+0000] {manager.py:878} INFO - 
================================================================================
DAG File Processing Stats

File Path                  PID    Runtime      # DAGs    # Errors  Last Runtime    Last Run
-------------------------  -----  ---------  --------  ----------  --------------  -------------------
/opt/airflow/dags/main.py                           3           0  0.26s           2026-05-27T16:11:26
================================================================================
[2026-05-27T16:12:04.984+0000] {manager.py:878} INFO - 
================================================================================
DAG File Processing Stats

File Path                  PID    Runtime      # DAGs    # Errors  Last Runtime    Last Run
-------------------------  -----  ---------  --------  ----------  --------------  -------------------
/opt/airflow/dags/main.py                           3           0  0.25s           2026-05-27T16:11:56
================================================================================
[2026-05-27T16:12:35.384+0000] {manager.py:878} INFO - 
================================================================================
DAG File Processing Stats

File Path                  PID    Runtime      # DAGs    # Errors  Last Runtime    Last Run
-------------------------  -----  ---------  --------  ----------  --------------  -------------------
/opt/airflow/dags/main.py                           3           0  0.23s           2026-05-27T16:12:27
================================================================================
[2026-05-27T16:13:05.909+0000] {manager.py:878} INFO - 
================================================================================
DAG File Processing Stats

File Path                  PID    Runtime      # DAGs    # Errors  Last Runtime    Last Run
-------------------------  -----  ---------  --------  ----------  --------------  -------------------
/opt/airflow/dags/main.py                           3           0  0.23s           2026-05-27T16:12:57
================================================================================
[2026-05-27T16:13:36.320+0000] {manager.py:878} INFO - 
================================================================================
DAG File Processing Stats

File Path                  PID    Runtime      # DAGs    # Errors  Last Runtime    Last Run
-------------------------  -----  ---------  --------  ----------  --------------  -------------------
/opt/airflow/dags/main.py                           3           0  0.24s           2026-05-27T16:13:28
================================================================================
[2026-05-27T16:14:06.849+0000] {manager.py:878} INFO - 
================================================================================
DAG File Processing Stats

File Path                  PID    Runtime      # DAGs    # Errors  Last Runtime    Last Run
-------------------------  -----  ---------  --------  ----------  --------------  -------------------
/opt/airflow/dags/main.py                           3           0  0.24s           2026-05-27T16:13:58
================================================================================
[2026-05-27T16:14:13.911+0000] {manager.py:737} INFO - Searching for files in /opt/airflow/dags
[2026-05-27T16:14:14.034+0000] {manager.py:740} INFO - There are 1 files in /opt/airflow/dags
[2026-05-27T16:14:37.350+0000] {manager.py:878} INFO - 
================================================================================
DAG File Processing Stats

File Path                  PID    Runtime      # DAGs    # Errors  Last Runtime    Last Run
-------------------------  -----  ---------  --------  ----------  --------------  -------------------
/opt/airflow/dags/main.py                           3           0  0.23s           2026-05-27T16:14:29
================================================================================
[2026-05-27T16:15:07.850+0000] {manager.py:878} INFO - 
================================================================================
DAG File Processing Stats

File Path                  PID    Runtime      # DAGs    # Errors  Last Runtime    Last Run
-------------------------  -----  ---------  --------  ----------  --------------  -------------------
/opt/airflow/dags/main.py                           3           0  0.25s           2026-05-27T16:14:59
================================================================================
[2026-05-27T16:15:38.254+0000] {manager.py:878} INFO - 
================================================================================
DAG File Processing Stats

File Path                  PID    Runtime      # DAGs    # Errors  Last Runtime    Last Run
-------------------------  -----  ---------  --------  ----------  --------------  -------------------
/opt/airflow/dags/main.py                           3           0  0.25s           2026-05-27T16:15:30
================================================================================
[2026-05-27T16:16:08.717+0000] {manager.py:878} INFO - 
================================================================================
DAG File Processing Stats

File Path                  PID    Runtime      # DAGs    # Errors  Last Runtime    Last Run
-------------------------  -----  ---------  --------  ----------  --------------  -------------------
/opt/airflow/dags/main.py                           3           0  0.22s           2026-05-27T16:16:00
================================================================================
[2026-05-27T16:16:39.052+0000] {manager.py:878} INFO - 
================================================================================
DAG File Processing Stats

File Path                  PID    Runtime      # DAGs    # Errors  Last Runtime    Last Run
-------------------------  -----  ---------  --------  ----------  --------------  -------------------
/opt/airflow/dags/main.py                           3           0  0.23s           2026-05-27T16:16:31
================================================================================
[2026-05-27T16:17:09.572+0000] {manager.py:878} INFO - 
================================================================================
DAG File Processing Stats

File Path                  PID    Runtime      # DAGs    # Errors  Last Runtime    Last Run
-------------------------  -----  ---------  --------  ----------  --------------  -------------------
/opt/airflow/dags/main.py                           3           0  0.24s           2026-05-27T16:17:01
================================================================================
[2026-05-27T16:17:39.963+0000] {manager.py:878} INFO - 
================================================================================
DAG File Processing Stats

File Path                  PID    Runtime      # DAGs    # Errors  Last Runtime    Last Run
-------------------------  -----  ---------  --------  ----------  --------------  -------------------
/opt/airflow/dags/main.py                           3           0  0.27s           2026-05-27T16:17:32
================================================================================
[2026-05-27T16:18:10.553+0000] {manager.py:878} INFO - 
================================================================================
DAG File Processing Stats

File Path                  PID    Runtime      # DAGs    # Errors  Last Runtime    Last Run
-------------------------  -----  ---------  --------  ----------  --------------  -------------------
/opt/airflow/dags/main.py                           3           0  0.23s           2026-05-27T16:18:02
================================================================================
[2026-05-27T16:18:41.147+0000] {manager.py:878} INFO - 
================================================================================
DAG File Processing Stats

File Path                  PID    Runtime      # DAGs    # Errors  Last Runtime    Last Run
-------------------------  -----  ---------  --------  ----------  --------------  -------------------
/opt/airflow/dags/main.py                           3           0  0.25s           2026-05-27T16:18:33
================================================================================
[2026-05-27T16:19:11.496+0000] {manager.py:878} INFO - 
================================================================================
DAG File Processing Stats

File Path                  PID    Runtime      # DAGs    # Errors  Last Runtime    Last Run
-------------------------  -----  ---------  --------  ----------  --------------  -------------------
/opt/airflow/dags/main.py                           3           0  0.23s           2026-05-27T16:19:03
================================================================================
[2026-05-27T16:19:14.521+0000] {manager.py:737} INFO - Searching for files in /opt/airflow/dags
[2026-05-27T16:19:14.647+0000] {manager.py:740} INFO - There are 1 files in /opt/airflow/dags
[2026-05-27T16:19:42.083+0000] {manager.py:878} INFO - 
================================================================================
DAG File Processing Stats

File Path                  PID    Runtime      # DAGs    # Errors  Last Runtime    Last Run
-------------------------  -----  ---------  --------  ----------  --------------  -------------------
/opt/airflow/dags/main.py                           3           0  0.24s           2026-05-27T16:19:34
================================================================================
[2026-05-27T16:20:12.540+0000] {manager.py:878} INFO - 
================================================================================
DAG File Processing Stats

File Path                  PID    Runtime      # DAGs    # Errors  Last Runtime    Last Run
-------------------------  -----  ---------  --------  ----------  --------------  -------------------
/opt/airflow/dags/main.py                           3           0  0.22s           2026-05-27T16:20:04
================================================================================
[2026-05-27T16:20:42.933+0000] {manager.py:878} INFO - 
================================================================================
DAG File Processing Stats

File Path                  PID    Runtime      # DAGs    # Errors  Last Runtime    Last Run
-------------------------  -----  ---------  --------  ----------  --------------  -------------------
/opt/airflow/dags/main.py                           3           0  0.25s           2026-05-27T16:20:35
================================================================================
[2026-05-27T16:21:13.478+0000] {manager.py:878} INFO - 
================================================================================
DAG File Processing Stats

File Path                  PID    Runtime      # DAGs    # Errors  Last Runtime    Last Run
-------------------------  -----  ---------  --------  ----------  --------------  -------------------
/opt/airflow/dags/main.py                           3           0  0.23s           2026-05-27T16:21:05
================================================================================
[2026-05-27T16:21:43.854+0000] {manager.py:878} INFO - 
================================================================================
DAG File Processing Stats

File Path                  PID    Runtime      # DAGs    # Errors  Last Runtime    Last Run
-------------------------  -----  ---------  --------  ----------  --------------  -------------------
/opt/airflow/dags/main.py                           3           0  0.23s           2026-05-27T16:21:35
================================================================================
[2026-05-27T16:22:14.319+0000] {manager.py:878} INFO - 
================================================================================
DAG File Processing Stats

File Path                  PID    Runtime      # DAGs    # Errors  Last Runtime    Last Run
-------------------------  -----  ---------  --------  ----------  --------------  -------------------
/opt/airflow/dags/main.py                           3           0  0.24s           2026-05-27T16:22:06
================================================================================
[2026-05-27T16:22:44.733+0000] {manager.py:878} INFO - 
================================================================================
DAG File Processing Stats

File Path                  PID    Runtime      # DAGs    # Errors  Last Runtime    Last Run
-------------------------  -----  ---------  --------  ----------  --------------  -------------------
/opt/airflow/dags/main.py                           3           0  0.24s           2026-05-27T16:22:36
================================================================================
[2026-05-27T16:23:15.182+0000] {manager.py:878} INFO - 
================================================================================
DAG File Processing Stats

File Path                  PID    Runtime      # DAGs    # Errors  Last Runtime    Last Run
-------------------------  -----  ---------  --------  ----------  --------------  -------------------
/opt/airflow/dags/main.py                           3           0  0.25s           2026-05-27T16:23:07
================================================================================
[2026-05-27T16:23:45.658+0000] {manager.py:878} INFO - 
================================================================================
DAG File Processing Stats

File Path                  PID    Runtime      # DAGs    # Errors  Last Runtime    Last Run
-------------------------  -----  ---------  --------  ----------  --------------  -------------------
/opt/airflow/dags/main.py                           3           0  0.23s           2026-05-27T16:23:37
================================================================================
[2026-05-27T16:24:14.995+0000] {manager.py:737} INFO - Searching for files in /opt/airflow/dags
[2026-05-27T16:24:15.161+0000] {manager.py:740} INFO - There are 1 files in /opt/airflow/dags
[2026-05-27T16:24:16.185+0000] {manager.py:878} INFO - 
================================================================================
DAG File Processing Stats

File Path                  PID    Runtime      # DAGs    # Errors  Last Runtime    Last Run
-------------------------  -----  ---------  --------  ----------  --------------  -------------------
/opt/airflow/dags/main.py                           3           0  0.26s           2026-05-27T16:24:08
================================================================================
[2026-05-27T16:24:46.560+0000] {manager.py:878} INFO - 
================================================================================
DAG File Processing Stats

File Path                  PID    Runtime      # DAGs    # Errors  Last Runtime    Last Run
-------------------------  -----  ---------  --------  ----------  --------------  -------------------
/opt/airflow/dags/main.py                           3           0  0.25s           2026-05-27T16:24:38
================================================================================
[2026-05-27T16:25:17.078+0000] {manager.py:878} INFO - 
================================================================================
DAG File Processing Stats

File Path                  PID    Runtime      # DAGs    # Errors  Last Runtime    Last Run
-------------------------  -----  ---------  --------  ----------  --------------  -------------------
/opt/airflow/dags/main.py                           3           0  0.23s           2026-05-27T16:25:09
================================================================================
[2026-05-27T16:25:47.380+0000] {manager.py:878} INFO - 
================================================================================
DAG File Processing Stats

File Path                  PID    Runtime      # DAGs    # Errors  Last Runtime    Last Run
-------------------------  -----  ---------  --------  ----------  --------------  -------------------
/opt/airflow/dags/main.py                           3           0  0.23s           2026-05-27T16:25:39
================================================================================
[2026-05-27T16:26:17.949+0000] {manager.py:878} INFO - 
================================================================================
DAG File Processing Stats

File Path                  PID    Runtime      # DAGs    # Errors  Last Runtime    Last Run
-------------------------  -----  ---------  --------  ----------  --------------  -------------------
/opt/airflow/dags/main.py                           3           0  0.24s           2026-05-27T16:26:09
================================================================================
[2026-05-27T16:26:48.345+0000] {manager.py:878} INFO - 
================================================================================
DAG File Processing Stats

File Path                  PID    Runtime      # DAGs    # Errors  Last Runtime    Last Run
-------------------------  -----  ---------  --------  ----------  --------------  -------------------
/opt/airflow/dags/main.py                           3           0  0.24s           2026-05-27T16:26:40
================================================================================
[2026-05-27T16:27:18.810+0000] {manager.py:878} INFO - 
================================================================================
DAG File Processing Stats

File Path                  PID    Runtime      # DAGs    # Errors  Last Runtime    Last Run
-------------------------  -----  ---------  --------  ----------  --------------  -------------------
/opt/airflow/dags/main.py                           3           0  0.23s           2026-05-27T16:27:10
================================================================================
[2026-05-27T16:27:49.273+0000] {manager.py:878} INFO - 
================================================================================
DAG File Processing Stats

File Path                  PID    Runtime      # DAGs    # Errors  Last Runtime    Last Run
-------------------------  -----  ---------  --------  ----------  --------------  -------------------
/opt/airflow/dags/main.py                           3           0  0.25s           2026-05-27T16:27:41
================================================================================
[2026-05-27T16:28:19.757+0000] {manager.py:878} INFO - 
================================================================================
DAG File Processing Stats

File Path                  PID    Runtime      # DAGs    # Errors  Last Runtime    Last Run
-------------------------  -----  ---------  --------  ----------  --------------  -------------------
/opt/airflow/dags/main.py                           3           0  0.25s           2026-05-27T16:28:11
================================================================================
[2026-05-27T16:28:50.220+0000] {manager.py:878} INFO - 
================================================================================
DAG File Processing Stats

File Path                  PID    Runtime      # DAGs    # Errors  Last Runtime    Last Run
-------------------------  -----  ---------  --------  ----------  --------------  -------------------
/opt/airflow/dags/main.py                           3           0  0.23s           2026-05-27T16:28:42
================================================================================
[2026-05-27T16:29:15.628+0000] {manager.py:737} INFO - Searching for files in /opt/airflow/dags
[2026-05-27T16:29:15.752+0000] {manager.py:740} INFO - There are 1 files in /opt/airflow/dags
[2026-05-27T16:29:20.805+0000] {manager.py:878} INFO - 
================================================================================
DAG File Processing Stats

File Path                  PID    Runtime      # DAGs    # Errors  Last Runtime    Last Run
-------------------------  -----  ---------  --------  ----------  --------------  -------------------
/opt/airflow/dags/main.py                           3           0  0.23s           2026-05-27T16:29:12
================================================================================
[2026-05-27T16:29:51.109+0000] {manager.py:878} INFO - 
================================================================================
DAG File Processing Stats

File Path                  PID    Runtime      # DAGs    # Errors  Last Runtime    Last Run
-------------------------  -----  ---------  --------  ----------  --------------  -------------------
/opt/airflow/dags/main.py                           3           0  0.24s           2026-05-27T16:29:43
================================================================================
[2026-05-27T16:30:21.706+0000] {manager.py:878} INFO - 
================================================================================
DAG File Processing Stats

File Path                  PID    Runtime      # DAGs    # Errors  Last Runtime    Last Run
-------------------------  -----  ---------  --------  ----------  --------------  -------------------
/opt/airflow/dags/main.py                           3           0  0.24s           2026-05-27T16:30:13
================================================================================
[2026-05-27T16:30:51.998+0000] {manager.py:878} INFO - 
================================================================================
DAG File Processing Stats

File Path                  PID    Runtime      # DAGs    # Errors  Last Runtime    Last Run
-------------------------  -----  ---------  --------  ----------  --------------  -------------------
/opt/airflow/dags/main.py                           3           0  0.23s           2026-05-27T16:30:44
================================================================================
[2026-05-27T19:31:01.341+0000] {manager.py:737} INFO - Searching for files in /opt/airflow/dags
[2026-05-27T19:31:01.802+0000] {manager.py:740} INFO - There are 1 files in /opt/airflow/dags
[2026-05-28T05:43:47.915+0000] {manager.py:737} INFO - Searching for files in /opt/airflow/dags
[2026-05-28T05:43:49.809+0000] {manager.py:740} INFO - There are 1 files in /opt/airflow/dags
[2026-05-28T05:43:54.316+0000] {manager.py:878} INFO - 
================================================================================
DAG File Processing Stats

File Path                  PID    Runtime      # DAGs    # Errors  Last Runtime    Last Run
-------------------------  -----  ---------  --------  ----------  --------------  -------------------
/opt/airflow/dags/main.py                           3           0  1.35s           2026-05-28T05:43:51
================================================================================
[2026-05-28T05:44:24.862+0000] {manager.py:878} INFO - 
================================================================================
DAG File Processing Stats

File Path                  PID    Runtime      # DAGs    # Errors  Last Runtime    Last Run
-------------------------  -----  ---------  --------  ----------  --------------  -------------------
/opt/airflow/dags/main.py                           3           0  0.54s           2026-05-28T05:44:22
================================================================================
[2026-05-28T05:44:55.433+0000] {manager.py:878} INFO - 
================================================================================
DAG File Processing Stats

File Path                  PID    Runtime      # DAGs    # Errors  Last Runtime    Last Run
-------------------------  -----  ---------  --------  ----------  --------------  -------------------
/opt/airflow/dags/main.py                           3           0  0.42s           2026-05-28T05:44:52
================================================================================
[2026-05-28T05:45:25.550+0000] {manager.py:878} INFO - 
================================================================================
DAG File Processing Stats

File Path                  PID    Runtime      # DAGs    # Errors  Last Runtime    Last Run
-------------------------  -----  ---------  --------  ----------  --------------  -------------------
/opt/airflow/dags/main.py                           3           0  0.46s           2026-05-28T05:45:23
================================================================================
[2026-05-28T05:45:56.337+0000] {manager.py:878} INFO - 
================================================================================
DAG File Processing Stats

File Path                  PID    Runtime      # DAGs    # Errors  Last Runtime    Last Run
-------------------------  -----  ---------  --------  ----------  --------------  -------------------
/opt/airflow/dags/main.py                           3           0  0.54s           2026-05-28T05:45:54
================================================================================
[2026-05-28T05:46:26.707+0000] {manager.py:878} INFO - 
================================================================================
DAG File Processing Stats

File Path                  PID    Runtime      # DAGs    # Errors  Last Runtime    Last Run
-------------------------  -----  ---------  --------  ----------  --------------  -------------------
/opt/airflow/dags/main.py                           3           0  0.47s           2026-05-28T05:46:25
================================================================================
[2026-05-28T05:46:56.884+0000] {manager.py:878} INFO - 
================================================================================
DAG File Processing Stats

File Path                  PID    Runtime      # DAGs    # Errors  Last Runtime    Last Run
-------------------------  -----  ---------  --------  ----------  --------------  -------------------
/opt/airflow/dags/main.py                           3           0  0.41s           2026-05-28T05:46:55
================================================================================
[2026-05-28T05:47:27.234+0000] {manager.py:878} INFO - 
================================================================================
DAG File Processing Stats

File Path                  PID    Runtime      # DAGs    # Errors  Last Runtime    Last Run
-------------------------  -----  ---------  --------  ----------  --------------  -------------------
/opt/airflow/dags/main.py                           3           0  0.52s           2026-05-28T05:47:26
================================================================================
[2026-05-28T05:47:57.525+0000] {manager.py:878} INFO - 
================================================================================
DAG File Processing Stats

File Path                  PID    Runtime      # DAGs    # Errors  Last Runtime    Last Run
-------------------------  -----  ---------  --------  ----------  --------------  -------------------
/opt/airflow/dags/main.py                           3           0  0.43s           2026-05-28T05:47:57
================================================================================
[2026-05-29T07:20:48.063+0000] {manager.py:470} INFO - Processing files using up to 2 processes at a time 
[2026-05-29T07:20:48.065+0000] {manager.py:471} INFO - Process each file at most once every 30 seconds
[2026-05-29T07:20:48.067+0000] {manager.py:472} INFO - Checking for new files in /opt/airflow/dags every 300 seconds
[2026-05-29T07:20:48.069+0000] {manager.py:737} INFO - Searching for files in /opt/airflow/dags
[2026-05-29T07:20:48.362+0000] {manager.py:740} INFO - There are 1 files in /opt/airflow/dags
[2026-05-29T07:20:48.520+0000] {manager.py:878} INFO - 
================================================================================
DAG File Processing Stats

File Path                    PID  Runtime      # DAGs    # Errors  Last Runtime    Last Run
-------------------------  -----  ---------  --------  ----------  --------------  ----------
/opt/airflow/dags/main.py     75  0.08s             0           0
================================================================================
[2026-05-29T07:21:18.762+0000] {manager.py:878} INFO - 
================================================================================
DAG File Processing Stats

File Path                  PID    Runtime      # DAGs    # Errors  Last Runtime    Last Run
-------------------------  -----  ---------  --------  ----------  --------------  -------------------
/opt/airflow/dags/main.py                           3           0  0.45s           2026-05-29T07:20:48
================================================================================
[2026-05-29T07:21:48.899+0000] {manager.py:878} INFO - 
================================================================================
DAG File Processing Stats

File Path                  PID    Runtime      # DAGs    # Errors  Last Runtime    Last Run
-------------------------  -----  ---------  --------  ----------  --------------  -------------------
/opt/airflow/dags/main.py                           3           0  0.45s           2026-05-29T07:21:19
================================================================================
[2026-05-29T07:22:19.157+0000] {manager.py:878} INFO - 
================================================================================
DAG File Processing Stats

File Path                  PID    Runtime      # DAGs    # Errors  Last Runtime    Last Run
-------------------------  -----  ---------  --------  ----------  --------------  -------------------
/opt/airflow/dags/main.py                           3           0  0.44s           2026-05-29T07:21:50
================================================================================
[2026-05-29T07:22:49.442+0000] {manager.py:878} INFO - 
================================================================================
DAG File Processing Stats

File Path                  PID    Runtime      # DAGs    # Errors  Last Runtime    Last Run
-------------------------  -----  ---------  --------  ----------  --------------  -------------------
/opt/airflow/dags/main.py                           3           0  0.57s           2026-05-29T07:22:21
================================================================================
[2026-05-29T07:23:19.466+0000] {manager.py:878} INFO - 
================================================================================
DAG File Processing Stats

File Path                  PID    Runtime      # DAGs    # Errors  Last Runtime    Last Run
-------------------------  -----  ---------  --------  ----------  --------------  -------------------
/opt/airflow/dags/main.py                           3           0  0.66s           2026-05-29T07:22:52
================================================================================
[2026-05-29T07:23:50.220+0000] {manager.py:878} INFO - 
================================================================================
DAG File Processing Stats

File Path                  PID    Runtime      # DAGs    # Errors  Last Runtime    Last Run
-------------------------  -----  ---------  --------  ----------  --------------  -------------------
/opt/airflow/dags/main.py                           3           0  0.55s           2026-05-29T07:23:23
================================================================================
[2026-05-29T07:24:20.680+0000] {manager.py:878} INFO - 
================================================================================
DAG File Processing Stats

File Path                  PID    Runtime      # DAGs    # Errors  Last Runtime    Last Run
-------------------------  -----  ---------  --------  ----------  --------------  -------------------
/opt/airflow/dags/main.py                           3           0  0.50s           2026-05-29T07:23:53
================================================================================
[2026-05-29T07:24:50.897+0000] {manager.py:878} INFO - 
================================================================================
DAG File Processing Stats

File Path                  PID    Runtime      # DAGs    # Errors  Last Runtime    Last Run
-------------------------  -----  ---------  --------  ----------  --------------  -------------------
/opt/airflow/dags/main.py                           3           0  0.46s           2026-05-29T07:24:24
================================================================================
[2026-05-29T07:25:21.838+0000] {manager.py:878} INFO - 
================================================================================
DAG File Processing Stats

File Path                  PID    Runtime      # DAGs    # Errors  Last Runtime    Last Run
-------------------------  -----  ---------  --------  ----------  --------------  -------------------
/opt/airflow/dags/main.py                           3           0  0.59s           2026-05-29T07:24:55
================================================================================
[2026-05-29T07:25:48.178+0000] {manager.py:737} INFO - Searching for files in /opt/airflow/dags
[2026-05-29T07:25:48.552+0000] {manager.py:740} INFO - There are 1 files in /opt/airflow/dags
[2026-05-29T07:25:52.626+0000] {manager.py:878} INFO - 
================================================================================
DAG File Processing Stats

File Path                  PID    Runtime      # DAGs    # Errors  Last Runtime    Last Run
-------------------------  -----  ---------  --------  ----------  --------------  -------------------
/opt/airflow/dags/main.py                           3           0  0.59s           2026-05-29T07:25:26
================================================================================
[2026-05-29T07:26:23.201+0000] {manager.py:878} INFO - 
================================================================================
DAG File Processing Stats

File Path                  PID    Runtime      # DAGs    # Errors  Last Runtime    Last Run
-------------------------  -----  ---------  --------  ----------  --------------  -------------------
/opt/airflow/dags/main.py                           3           0  0.42s           2026-05-29T07:25:57
================================================================================
[2026-05-29T07:26:53.758+0000] {manager.py:878} INFO - 
================================================================================
DAG File Processing Stats

File Path                  PID    Runtime      # DAGs    # Errors  Last Runtime    Last Run
-------------------------  -----  ---------  --------  ----------  --------------  -------------------
/opt/airflow/dags/main.py                           3           0  0.59s           2026-05-29T07:26:27
================================================================================
[2026-05-29T07:27:23.905+0000] {manager.py:878} INFO - 
================================================================================
DAG File Processing Stats

File Path                  PID    Runtime      # DAGs    # Errors  Last Runtime    Last Run
-------------------------  -----  ---------  --------  ----------  --------------  -------------------
/opt/airflow/dags/main.py                           3           0  0.41s           2026-05-29T07:26:58
================================================================================
[2026-05-29T07:27:54.319+0000] {manager.py:878} INFO - 
================================================================================
DAG File Processing Stats

File Path                  PID    Runtime      # DAGs    # Errors  Last Runtime    Last Run
-------------------------  -----  ---------  --------  ----------  --------------  -------------------
/opt/airflow/dags/main.py                           3           0  0.50s           2026-05-29T07:27:29
================================================================================
[2026-05-29T07:28:24.618+0000] {manager.py:878} INFO - 
================================================================================
DAG File Processing Stats

File Path                  PID    Runtime      # DAGs    # Errors  Last Runtime    Last Run
-------------------------  -----  ---------  --------  ----------  --------------  -------------------
/opt/airflow/dags/main.py                           3           0  0.46s           2026-05-29T07:28:00
================================================================================
[2026-05-29T07:28:55.010+0000] {manager.py:878} INFO - 
================================================================================
DAG File Processing Stats

File Path                  PID    Runtime      # DAGs    # Errors  Last Runtime    Last Run
-------------------------  -----  ---------  --------  ----------  --------------  -------------------
/opt/airflow/dags/main.py                           3           0  0.47s           2026-05-29T07:28:31
================================================================================
[2026-05-29T07:29:25.163+0000] {manager.py:878} INFO - 
================================================================================
DAG File Processing Stats

File Path                  PID    Runtime      # DAGs    # Errors  Last Runtime    Last Run
-------------------------  -----  ---------  --------  ----------  --------------  -------------------
/opt/airflow/dags/main.py                           3           0  0.41s           2026-05-29T07:29:01
================================================================================
[2026-05-29T07:29:55.525+0000] {manager.py:878} INFO - 
================================================================================
DAG File Processing Stats

File Path                  PID    Runtime      # DAGs    # Errors  Last Runtime    Last Run
-------------------------  -----  ---------  --------  ----------  --------------  -------------------
/opt/airflow/dags/main.py                           3           0  0.54s           2026-05-29T07:29:32
================================================================================
[2026-05-29T07:30:25.836+0000] {manager.py:878} INFO - 
================================================================================
DAG File Processing Stats

File Path                  PID    Runtime      # DAGs    # Errors  Last Runtime    Last Run
-------------------------  -----  ---------  --------  ----------  --------------  -------------------
/opt/airflow/dags/main.py                           3           0  0.60s           2026-05-29T07:30:03
================================================================================
[2026-05-29T07:30:48.226+0000] {manager.py:737} INFO - Searching for files in /opt/airflow/dags
[2026-05-29T07:30:48.676+0000] {manager.py:740} INFO - There are 1 files in /opt/airflow/dags
[2026-05-29T07:30:56.781+0000] {manager.py:878} INFO - 
================================================================================
DAG File Processing Stats

File Path                  PID    Runtime      # DAGs    # Errors  Last Runtime    Last Run
-------------------------  -----  ---------  --------  ----------  --------------  -------------------
/opt/airflow/dags/main.py                           3           0  0.57s           2026-05-29T07:30:34
================================================================================
[2026-05-29T07:31:27.091+0000] {manager.py:878} INFO - 
================================================================================
DAG File Processing Stats

File Path                  PID    Runtime      # DAGs    # Errors  Last Runtime    Last Run
-------------------------  -----  ---------  --------  ----------  --------------  -------------------
/opt/airflow/dags/main.py                           3           0  0.40s           2026-05-29T07:31:05
================================================================================
[2026-05-29T07:31:57.375+0000] {manager.py:878} INFO - 
================================================================================
DAG File Processing Stats

File Path                  PID    Runtime      # DAGs    # Errors  Last Runtime    Last Run
-------------------------  -----  ---------  --------  ----------  --------------  -------------------
/opt/airflow/dags/main.py                           3           0  0.54s           2026-05-29T07:31:36
================================================================================
[2026-05-29T07:32:28.236+0000] {manager.py:878} INFO - 
================================================================================
DAG File Processing Stats

File Path                  PID    Runtime      # DAGs    # Errors  Last Runtime    Last Run
-------------------------  -----  ---------  --------  ----------  --------------  -------------------
/opt/airflow/dags/main.py                           3           0  0.52s           2026-05-29T07:32:07
================================================================================
[2026-05-29T07:32:58.630+0000] {manager.py:878} INFO - 
================================================================================
DAG File Processing Stats

File Path                  PID    Runtime      # DAGs    # Errors  Last Runtime    Last Run
-------------------------  -----  ---------  --------  ----------  --------------  -------------------
/opt/airflow/dags/main.py                           3           0  0.49s           2026-05-29T07:32:37
================================================================================
[2026-05-29T07:33:28.874+0000] {manager.py:878} INFO - 
================================================================================
DAG File Processing Stats

File Path                  PID    Runtime      # DAGs    # Errors  Last Runtime    Last Run
-------------------------  -----  ---------  --------  ----------  --------------  -------------------
/opt/airflow/dags/main.py                           3           0  0.48s           2026-05-29T07:33:08
================================================================================
[2026-05-29T07:33:59.788+0000] {manager.py:878} INFO - 
================================================================================
DAG File Processing Stats

File Path                  PID    Runtime      # DAGs    # Errors  Last Runtime    Last Run
-------------------------  -----  ---------  --------  ----------  --------------  -------------------
/opt/airflow/dags/main.py                           3           0  0.54s           2026-05-29T07:33:39
================================================================================
[2026-05-29T07:34:30.229+0000] {manager.py:878} INFO - 
================================================================================
DAG File Processing Stats

File Path                  PID    Runtime      # DAGs    # Errors  Last Runtime    Last Run
-------------------------  -----  ---------  --------  ----------  --------------  -------------------
/opt/airflow/dags/main.py                           3           0  0.46s           2026-05-29T07:34:10
================================================================================
[2026-05-29T07:35:00.475+0000] {manager.py:878} INFO - 
================================================================================
DAG File Processing Stats

File Path                  PID    Runtime      # DAGs    # Errors  Last Runtime    Last Run
-------------------------  -----  ---------  --------  ----------  --------------  -------------------
/opt/airflow/dags/main.py                           3           0  0.42s           2026-05-29T07:34:41
================================================================================
[2026-05-29T07:35:30.864+0000] {manager.py:878} INFO - 
================================================================================
DAG File Processing Stats

File Path                  PID    Runtime      # DAGs    # Errors  Last Runtime    Last Run
-------------------------  -----  ---------  --------  ----------  --------------  -------------------
/opt/airflow/dags/main.py                           3           0  0.51s           2026-05-29T07:35:12
================================================================================
[2026-05-29T07:35:49.075+0000] {manager.py:737} INFO - Searching for files in /opt/airflow/dags
[2026-05-29T07:35:49.806+0000] {manager.py:740} INFO - There are 1 files in /opt/airflow/dags
[2026-05-29T07:36:00.990+0000] {manager.py:878} INFO - 
================================================================================
DAG File Processing Stats

File Path                  PID    Runtime      # DAGs    # Errors  Last Runtime    Last Run
-------------------------  -----  ---------  --------  ----------  --------------  -------------------
/opt/airflow/dags/main.py                           3           0  0.62s           2026-05-29T07:35:43
================================================================================
[2026-05-29T07:36:31.005+0000] {manager.py:878} INFO - 
================================================================================
DAG File Processing Stats

File Path                  PID    Runtime      # DAGs    # Errors  Last Runtime    Last Run
-------------------------  -----  ---------  --------  ----------  --------------  -------------------
/opt/airflow/dags/main.py                           3           0  0.60s           2026-05-29T07:36:13
================================================================================
[2026-05-29T07:37:01.798+0000] {manager.py:878} INFO - 
================================================================================
DAG File Processing Stats

File Path                  PID    Runtime      # DAGs    # Errors  Last Runtime    Last Run
-------------------------  -----  ---------  --------  ----------  --------------  -------------------
/opt/airflow/dags/main.py                           3           0  0.61s           2026-05-29T07:36:44
================================================================================
[2026-05-29T07:37:32.227+0000] {manager.py:878} INFO - 
================================================================================
DAG File Processing Stats

File Path                  PID    Runtime      # DAGs    # Errors  Last Runtime    Last Run
-------------------------  -----  ---------  --------  ----------  --------------  -------------------
/opt/airflow/dags/main.py                           3           0  0.42s           2026-05-29T07:37:15
================================================================================
[2026-05-29T07:38:02.844+0000] {manager.py:878} INFO - 
================================================================================
DAG File Processing Stats

File Path                  PID    Runtime      # DAGs    # Errors  Last Runtime    Last Run
-------------------------  -----  ---------  --------  ----------  --------------  -------------------
/opt/airflow/dags/main.py                           3           0  1.04s           2026-05-29T07:37:46
================================================================================
[2026-05-29T07:38:33.257+0000] {manager.py:878} INFO - 
================================================================================
DAG File Processing Stats

File Path                  PID    Runtime      # DAGs    # Errors  Last Runtime    Last Run
-------------------------  -----  ---------  --------  ----------  --------------  -------------------
/opt/airflow/dags/main.py                           3           0  0.51s           2026-05-29T07:38:17
================================================================================
[2026-05-29T07:39:03.626+0000] {manager.py:878} INFO - 
================================================================================
DAG File Processing Stats

File Path                  PID    Runtime      # DAGs    # Errors  Last Runtime    Last Run
-------------------------  -----  ---------  --------  ----------  --------------  -------------------
/opt/airflow/dags/main.py                           3           0  0.53s           2026-05-29T07:38:48
================================================================================
[2026-05-29T07:39:33.687+0000] {manager.py:878} INFO - 
================================================================================
DAG File Processing Stats

File Path                  PID    Runtime      # DAGs    # Errors  Last Runtime    Last Run
-------------------------  -----  ---------  --------  ----------  --------------  -------------------
/opt/airflow/dags/main.py                           3           0  0.67s           2026-05-29T07:39:19
================================================================================
[2026-05-29T07:40:04.427+0000] {manager.py:878} INFO - 
================================================================================
DAG File Processing Stats

File Path                  PID    Runtime      # DAGs    # Errors  Last Runtime    Last Run
-------------------------  -----  ---------  --------  ----------  --------------  -------------------
/opt/airflow/dags/main.py                           3           0  0.49s           2026-05-29T07:39:50
================================================================================
[2026-05-29T07:40:34.477+0000] {manager.py:878} INFO - 
================================================================================
DAG File Processing Stats

File Path                  PID    Runtime      # DAGs    # Errors  Last Runtime    Last Run
-------------------------  -----  ---------  --------  ----------  --------------  -------------------
/opt/airflow/dags/main.py                           3           0  0.64s           2026-05-29T07:40:21
================================================================================
[2026-05-29T07:40:49.632+0000] {manager.py:737} INFO - Searching for files in /opt/airflow/dags
[2026-05-29T07:40:50.362+0000] {manager.py:740} INFO - There are 1 files in /opt/airflow/dags
[2026-05-29T07:41:04.635+0000] {manager.py:878} INFO - 
================================================================================
DAG File Processing Stats

File Path                  PID    Runtime      # DAGs    # Errors  Last Runtime    Last Run
-------------------------  -----  ---------  --------  ----------  --------------  -------------------
/opt/airflow/dags/main.py                           3           0  0.42s           2026-05-29T07:40:51
================================================================================
[2026-05-29T07:41:34.924+0000] {manager.py:878} INFO - 
================================================================================
DAG File Processing Stats

File Path                  PID    Runtime      # DAGs    # Errors  Last Runtime    Last Run
-------------------------  -----  ---------  --------  ----------  --------------  -------------------
/opt/airflow/dags/main.py                           3           0  0.53s           2026-05-29T07:41:22
================================================================================
[2026-05-29T07:42:05.281+0000] {manager.py:878} INFO - 
================================================================================
DAG File Processing Stats

File Path                  PID    Runtime      # DAGs    # Errors  Last Runtime    Last Run
-------------------------  -----  ---------  --------  ----------  --------------  -------------------
/opt/airflow/dags/main.py                           3           0  0.42s           2026-05-29T07:41:53
================================================================================
[2026-05-29T07:42:35.656+0000] {manager.py:878} INFO - 
================================================================================
DAG File Processing Stats

File Path                  PID    Runtime      # DAGs    # Errors  Last Runtime    Last Run
-------------------------  -----  ---------  --------  ----------  --------------  -------------------
/opt/airflow/dags/main.py                           3           0  0.67s           2026-05-29T07:42:24
================================================================================
[2026-05-29T07:43:06.118+0000] {manager.py:878} INFO - 
================================================================================
DAG File Processing Stats

File Path                  PID    Runtime      # DAGs    # Errors  Last Runtime    Last Run
-------------------------  -----  ---------  --------  ----------  --------------  -------------------
/opt/airflow/dags/main.py                           3           0  0.52s           2026-05-29T07:42:55
================================================================================
[2026-05-29T07:43:36.496+0000] {manager.py:878} INFO - 
================================================================================
DAG File Processing Stats

File Path                  PID    Runtime      # DAGs    # Errors  Last Runtime    Last Run
-------------------------  -----  ---------  --------  ----------  --------------  -------------------
/opt/airflow/dags/main.py                           3           0  0.69s           2026-05-29T07:43:26
================================================================================
[2026-05-29T07:44:06.928+0000] {manager.py:878} INFO - 
================================================================================
DAG File Processing Stats

File Path                  PID    Runtime      # DAGs    # Errors  Last Runtime    Last Run
-------------------------  -----  ---------  --------  ----------  --------------  -------------------
/opt/airflow/dags/main.py                           3           0  0.53s           2026-05-29T07:43:57
================================================================================
[2026-05-29T07:44:37.328+0000] {manager.py:878} INFO - 
================================================================================
DAG File Processing Stats

File Path                  PID    Runtime      # DAGs    # Errors  Last Runtime    Last Run
-------------------------  -----  ---------  --------  ----------  --------------  -------------------
/opt/airflow/dags/main.py                           3           0  0.65s           2026-05-29T07:44:28
================================================================================
[2026-05-29T07:45:07.777+0000] {manager.py:878} INFO - 
================================================================================
DAG File Processing Stats

File Path                  PID    Runtime      # DAGs    # Errors  Last Runtime    Last Run
-------------------------  -----  ---------  --------  ----------  --------------  -------------------
/opt/airflow/dags/main.py                           3           0  0.50s           2026-05-29T07:44:59
================================================================================
[2026-05-29T07:45:38.115+0000] {manager.py:878} INFO - 
================================================================================
DAG File Processing Stats

File Path                  PID    Runtime      # DAGs    # Errors  Last Runtime    Last Run
-------------------------  -----  ---------  --------  ----------  --------------  -------------------
/opt/airflow/dags/main.py                           3           0  0.53s           2026-05-29T07:45:30
================================================================================
[2026-05-29T07:45:49.697+0000] {manager.py:737} INFO - Searching for files in /opt/airflow/dags
[2026-05-29T07:45:50.225+0000] {manager.py:740} INFO - There are 1 files in /opt/airflow/dags
[2026-05-29T07:46:08.520+0000] {manager.py:878} INFO - 
================================================================================
DAG File Processing Stats

File Path                  PID    Runtime      # DAGs    # Errors  Last Runtime    Last Run
-------------------------  -----  ---------  --------  ----------  --------------  -------------------
/opt/airflow/dags/main.py                           3           0  0.52s           2026-05-29T07:46:00
================================================================================
[2026-05-29T07:46:38.764+0000] {manager.py:878} INFO - 
================================================================================
DAG File Processing Stats

File Path                  PID    Runtime      # DAGs    # Errors  Last Runtime    Last Run
-------------------------  -----  ---------  --------  ----------  --------------  -------------------
/opt/airflow/dags/main.py                           3           0  0.40s           2026-05-29T07:46:31
================================================================================
[2026-05-29T07:47:09.172+0000] {manager.py:878} INFO - 
================================================================================
DAG File Processing Stats

File Path                  PID    Runtime      # DAGs    # Errors  Last Runtime    Last Run
-------------------------  -----  ---------  --------  ----------  --------------  -------------------
/opt/airflow/dags/main.py                           3           0  0.49s           2026-05-29T07:47:02
================================================================================
[2026-05-29T07:47:39.556+0000] {manager.py:878} INFO - 
================================================================================
DAG File Processing Stats

File Path                  PID    Runtime      # DAGs    # Errors  Last Runtime    Last Run
-------------------------  -----  ---------  --------  ----------  --------------  -------------------
/opt/airflow/dags/main.py                           3           0  0.64s           2026-05-29T07:47:33
================================================================================
[2026-05-29T07:48:10.067+0000] {manager.py:878} INFO - 
================================================================================
DAG File Processing Stats

File Path                  PID    Runtime      # DAGs    # Errors  Last Runtime    Last Run
-------------------------  -----  ---------  --------  ----------  --------------  -------------------
/opt/airflow/dags/main.py                           3           0  0.54s           2026-05-29T07:48:04
================================================================================
[2026-05-29T07:48:40.470+0000] {manager.py:878} INFO - 
================================================================================
DAG File Processing Stats

File Path                  PID    Runtime      # DAGs    # Errors  Last Runtime    Last Run
-------------------------  -----  ---------  --------  ----------  --------------  -------------------
/opt/airflow/dags/main.py                           3           0  0.54s           2026-05-29T07:48:35
================================================================================
[2026-05-29T07:49:10.904+0000] {manager.py:878} INFO - 
================================================================================
DAG File Processing Stats

File Path                  PID    Runtime      # DAGs    # Errors  Last Runtime    Last Run
-------------------------  -----  ---------  --------  ----------  --------------  -------------------
/opt/airflow/dags/main.py                           3           0  0.57s           2026-05-29T07:49:06
================================================================================
[2026-05-29T07:49:41.264+0000] {manager.py:878} INFO - 
================================================================================
DAG File Processing Stats

File Path                  PID    Runtime      # DAGs    # Errors  Last Runtime    Last Run
-------------------------  -----  ---------  --------  ----------  --------------  -------------------
/opt/airflow/dags/main.py                           3           0  0.63s           2026-05-29T07:49:37
================================================================================
[2026-05-29T07:50:11.845+0000] {manager.py:878} INFO - 
================================================================================
DAG File Processing Stats

File Path                  PID    Runtime      # DAGs    # Errors  Last Runtime    Last Run
-------------------------  -----  ---------  --------  ----------  --------------  -------------------
/opt/airflow/dags/main.py                           3           0  0.56s           2026-05-29T07:50:08
================================================================================
[2026-05-29T07:50:42.234+0000] {manager.py:878} INFO - 
================================================================================
DAG File Processing Stats

File Path                  PID    Runtime      # DAGs    # Errors  Last Runtime    Last Run
-------------------------  -----  ---------  --------  ----------  --------------  -------------------
/opt/airflow/dags/main.py                           3           0  0.61s           2026-05-29T07:50:39
================================================================================
[2026-05-29T07:50:50.357+0000] {manager.py:737} INFO - Searching for files in /opt/airflow/dags
[2026-05-29T07:50:50.799+0000] {manager.py:740} INFO - There are 1 files in /opt/airflow/dags
[2026-05-29T07:51:12.744+0000] {manager.py:878} INFO - 
================================================================================
DAG File Processing Stats

File Path                  PID    Runtime      # DAGs    # Errors  Last Runtime    Last Run
-------------------------  -----  ---------  --------  ----------  --------------  -------------------
/opt/airflow/dags/main.py                           3           0  0.62s           2026-05-29T07:51:10
================================================================================
[2026-05-29T07:51:42.767+0000] {manager.py:878} INFO - 
================================================================================
DAG File Processing Stats

File Path                  PID    Runtime      # DAGs    # Errors  Last Runtime    Last Run
-------------------------  -----  ---------  --------  ----------  --------------  -------------------
/opt/airflow/dags/main.py                           3           0  0.64s           2026-05-29T07:51:41
================================================================================
[2026-05-29T07:52:13.123+0000] {manager.py:878} INFO - 
================================================================================
DAG File Processing Stats

File Path                  PID    Runtime      # DAGs    # Errors  Last Runtime    Last Run
-------------------------  -----  ---------  --------  ----------  --------------  -------------------
/opt/airflow/dags/main.py                           3           0  0.49s           2026-05-29T07:52:12
================================================================================
[2026-05-29T07:52:43.151+0000] {manager.py:878} INFO - 
================================================================================
DAG File Processing Stats

File Path                  PID    Runtime      # DAGs    # Errors  Last Runtime    Last Run
-------------------------  -----  ---------  --------  ----------  --------------  -------------------
/opt/airflow/dags/main.py                           3           0  0.61s           2026-05-29T07:52:43
================================================================================
[2026-05-29T09:19:36.353+0000] {manager.py:878} INFO - 
================================================================================
DAG File Processing Stats

File Path                    PID  Runtime      # DAGs    # Errors  Last Runtime    Last Run
-------------------------  -----  ---------  --------  ----------  --------------  -------------------
/opt/airflow/dags/main.py    526  0.17s             3           0  0.61s           2026-05-29T07:52:43
================================================================================
[2026-05-29T09:19:36.533+0000] {manager.py:737} INFO - Searching for files in /opt/airflow/dags
[2026-05-29T09:19:37.778+0000] {manager.py:740} INFO - There are 1 files in /opt/airflow/dags
[2026-05-29T09:20:06.503+0000] {manager.py:878} INFO - 
================================================================================
DAG File Processing Stats

File Path                  PID    Runtime      # DAGs    # Errors  Last Runtime    Last Run
-------------------------  -----  ---------  --------  ----------  --------------  -------------------
/opt/airflow/dags/main.py                           3           0  2.03s           2026-05-29T09:19:38
================================================================================
[2026-05-29T09:20:36.714+0000] {manager.py:878} INFO - 
================================================================================
DAG File Processing Stats

File Path                  PID    Runtime      # DAGs    # Errors  Last Runtime    Last Run
-------------------------  -----  ---------  --------  ----------  --------------  -------------------
/opt/airflow/dags/main.py                           3           0  0.41s           2026-05-29T09:20:08
================================================================================
[2026-05-29T09:21:07.299+0000] {manager.py:878} INFO - 
================================================================================
DAG File Processing Stats

File Path                  PID    Runtime      # DAGs    # Errors  Last Runtime    Last Run
-------------------------  -----  ---------  --------  ----------  --------------  -------------------
/opt/airflow/dags/main.py                           3           0  0.33s           2026-05-29T09:20:39
================================================================================
[2026-05-29T09:21:37.609+0000] {manager.py:878} INFO - 
================================================================================
DAG File Processing Stats

File Path                  PID    Runtime      # DAGs    # Errors  Last Runtime    Last Run
-------------------------  -----  ---------  --------  ----------  --------------  -------------------
/opt/airflow/dags/main.py                           3           0  0.64s           2026-05-29T09:21:10
================================================================================
[2026-05-29T09:22:07.974+0000] {manager.py:878} INFO - 
================================================================================
DAG File Processing Stats

File Path                  PID    Runtime      # DAGs    # Errors  Last Runtime    Last Run
-------------------------  -----  ---------  --------  ----------  --------------  -------------------
/opt/airflow/dags/main.py                           3           0  0.39s           2026-05-29T09:21:41
================================================================================
[2026-05-29T09:22:38.143+0000] {manager.py:878} INFO - 
================================================================================
DAG File Processing Stats

File Path                  PID    Runtime      # DAGs    # Errors  Last Runtime    Last Run
-------------------------  -----  ---------  --------  ----------  --------------  -------------------
/opt/airflow/dags/main.py                           3           0  0.46s           2026-05-29T09:22:11
================================================================================
[2026-05-29T09:23:09.111+0000] {manager.py:878} INFO - 
================================================================================
DAG File Processing Stats

File Path                  PID    Runtime      # DAGs    # Errors  Last Runtime    Last Run
-------------------------  -----  ---------  --------  ----------  --------------  -------------------
/opt/airflow/dags/main.py                           3           0  0.56s           2026-05-29T09:22:42
================================================================================
[2026-05-29T09:23:39.536+0000] {manager.py:878} INFO - 
================================================================================
DAG File Processing Stats

File Path                  PID    Runtime      # DAGs    # Errors  Last Runtime    Last Run
-------------------------  -----  ---------  --------  ----------  --------------  -------------------
/opt/airflow/dags/main.py                           3           0  0.57s           2026-05-29T09:23:13
================================================================================
[2026-05-29T09:24:09.885+0000] {manager.py:878} INFO - 
================================================================================
DAG File Processing Stats

File Path                  PID    Runtime      # DAGs    # Errors  Last Runtime    Last Run
-------------------------  -----  ---------  --------  ----------  --------------  -------------------
/opt/airflow/dags/main.py                           3           0  0.45s           2026-05-29T09:23:44
================================================================================
[2026-05-29T09:24:36.724+0000] {manager.py:737} INFO - Searching for files in /opt/airflow/dags
[2026-05-29T09:24:37.270+0000] {manager.py:740} INFO - There are 1 files in /opt/airflow/dags
[2026-05-29T09:24:40.332+0000] {manager.py:878} INFO - 
================================================================================
DAG File Processing Stats

File Path                  PID    Runtime      # DAGs    # Errors  Last Runtime    Last Run
-------------------------  -----  ---------  --------  ----------  --------------  -------------------
/opt/airflow/dags/main.py                           3           0  0.64s           2026-05-29T09:24:15
================================================================================
[2026-05-29T09:25:10.733+0000] {manager.py:878} INFO - 
================================================================================
DAG File Processing Stats

File Path                  PID    Runtime      # DAGs    # Errors  Last Runtime    Last Run
-------------------------  -----  ---------  --------  ----------  --------------  -------------------
/opt/airflow/dags/main.py                           3           0  0.49s           2026-05-29T09:24:46
================================================================================
[2026-05-29T09:25:41.092+0000] {manager.py:878} INFO - 
================================================================================
DAG File Processing Stats

File Path                  PID    Runtime      # DAGs    # Errors  Last Runtime    Last Run
-------------------------  -----  ---------  --------  ----------  --------------  -------------------
/opt/airflow/dags/main.py                           3           0  0.56s           2026-05-29T09:25:17
================================================================================
[2026-05-29T09:26:11.470+0000] {manager.py:878} INFO - 
================================================================================
DAG File Processing Stats

File Path                  PID    Runtime      # DAGs    # Errors  Last Runtime    Last Run
-------------------------  -----  ---------  --------  ----------  --------------  -------------------
/opt/airflow/dags/main.py                           3           0  0.59s           2026-05-29T09:25:48
================================================================================
[2026-05-29T09:26:41.812+0000] {manager.py:878} INFO - 
================================================================================
DAG File Processing Stats

File Path                  PID    Runtime      # DAGs    # Errors  Last Runtime    Last Run
-------------------------  -----  ---------  --------  ----------  --------------  -------------------
/opt/airflow/dags/main.py                           3           0  0.54s           2026-05-29T09:26:19
================================================================================
[2026-05-29T09:27:11.868+0000] {manager.py:878} INFO - 
================================================================================
DAG File Processing Stats

File Path                  PID    Runtime      # DAGs    # Errors  Last Runtime    Last Run
-------------------------  -----  ---------  --------  ----------  --------------  -------------------
/opt/airflow/dags/main.py                           3           0  0.70s           2026-05-29T09:26:50
================================================================================
[2026-05-29T09:27:42.584+0000] {manager.py:878} INFO - 
================================================================================
DAG File Processing Stats

File Path                  PID    Runtime      # DAGs    # Errors  Last Runtime    Last Run
-------------------------  -----  ---------  --------  ----------  --------------  -------------------
/opt/airflow/dags/main.py                           3           0  0.50s           2026-05-29T09:27:21
================================================================================
[2026-05-29T09:28:13.079+0000] {manager.py:878} INFO - 
================================================================================
DAG File Processing Stats

File Path                  PID    Runtime      # DAGs    # Errors  Last Runtime    Last Run
-------------------------  -----  ---------  --------  ----------  --------------  -------------------
/opt/airflow/dags/main.py                           3           0  0.51s           2026-05-29T09:27:52
================================================================================
[2026-05-29T09:28:43.232+0000] {manager.py:878} INFO - 
================================================================================
DAG File Processing Stats

File Path                  PID    Runtime      # DAGs    # Errors  Last Runtime    Last Run
-------------------------  -----  ---------  --------  ----------  --------------  -------------------
/opt/airflow/dags/main.py                           3           0  0.47s           2026-05-29T09:28:23
================================================================================
[2026-05-29T09:29:13.598+0000] {manager.py:878} INFO - 
================================================================================
DAG File Processing Stats

File Path                  PID    Runtime      # DAGs    # Errors  Last Runtime    Last Run
-------------------------  -----  ---------  --------  ----------  --------------  -------------------
/opt/airflow/dags/main.py                           3           0  0.43s           2026-05-29T09:28:53
================================================================================
[2026-05-29T09:29:36.901+0000] {manager.py:737} INFO - Searching for files in /opt/airflow/dags
[2026-05-29T09:29:37.594+0000] {manager.py:740} INFO - There are 1 files in /opt/airflow/dags
[2026-05-29T09:29:43.724+0000] {manager.py:878} INFO - 
================================================================================
DAG File Processing Stats

File Path                  PID    Runtime      # DAGs    # Errors  Last Runtime    Last Run
-------------------------  -----  ---------  --------  ----------  --------------  -------------------
/opt/airflow/dags/main.py                           3           0  0.60s           2026-05-29T09:29:24
================================================================================
[2026-05-29T09:30:14.193+0000] {manager.py:878} INFO - 
================================================================================
DAG File Processing Stats

File Path                  PID    Runtime      # DAGs    # Errors  Last Runtime    Last Run
-------------------------  -----  ---------  --------  ----------  --------------  -------------------
/opt/airflow/dags/main.py                           3           0  0.53s           2026-05-29T09:29:55
================================================================================
[2026-05-29T09:30:44.585+0000] {manager.py:878} INFO - 
================================================================================
DAG File Processing Stats

File Path                  PID    Runtime      # DAGs    # Errors  Last Runtime    Last Run
-------------------------  -----  ---------  --------  ----------  --------------  -------------------
/opt/airflow/dags/main.py                           3           0  0.56s           2026-05-29T09:30:26
================================================================================
[2026-05-29T09:31:14.978+0000] {manager.py:878} INFO - 
================================================================================
DAG File Processing Stats

File Path                  PID    Runtime      # DAGs    # Errors  Last Runtime    Last Run
-------------------------  -----  ---------  --------  ----------  --------------  -------------------
/opt/airflow/dags/main.py                           3           0  0.52s           2026-05-29T09:30:57
================================================================================
[2026-05-29T09:31:45.221+0000] {manager.py:878} INFO - 
================================================================================
DAG File Processing Stats

File Path                  PID    Runtime      # DAGs    # Errors  Last Runtime    Last Run
-------------------------  -----  ---------  --------  ----------  --------------  -------------------
/opt/airflow/dags/main.py                           3           0  0.45s           2026-05-29T09:31:28
================================================================================
[2026-05-29T09:32:16.121+0000] {manager.py:878} INFO - 
================================================================================
DAG File Processing Stats

File Path                  PID    Runtime      # DAGs    # Errors  Last Runtime    Last Run
-------------------------  -----  ---------  --------  ----------  --------------  -------------------
/opt/airflow/dags/main.py                           3           0  0.56s           2026-05-29T09:31:58
================================================================================
[2026-05-29T09:32:46.521+0000] {manager.py:878} INFO - 
================================================================================
DAG File Processing Stats

File Path                  PID    Runtime      # DAGs    # Errors  Last Runtime    Last Run
-------------------------  -----  ---------  --------  ----------  --------------  -------------------
/opt/airflow/dags/main.py                           3           0  0.41s           2026-05-29T09:32:29
================================================================================
[2026-05-29T09:33:16.691+0000] {manager.py:878} INFO - 
================================================================================
DAG File Processing Stats

File Path                  PID    Runtime      # DAGs    # Errors  Last Runtime    Last Run
-------------------------  -----  ---------  --------  ----------  --------------  -------------------
/opt/airflow/dags/main.py                           3           0  0.48s           2026-05-29T09:33:00
================================================================================
[2026-05-29T09:33:47.026+0000] {manager.py:878} INFO - 
================================================================================
DAG File Processing Stats

File Path                  PID    Runtime      # DAGs    # Errors  Last Runtime    Last Run
-------------------------  -----  ---------  --------  ----------  --------------  -------------------
/opt/airflow/dags/main.py                           3           0  0.51s           2026-05-29T09:33:31
================================================================================
[2026-05-29T09:34:17.333+0000] {manager.py:878} INFO - 
================================================================================
DAG File Processing Stats

File Path                  PID    Runtime      # DAGs    # Errors  Last Runtime    Last Run
-------------------------  -----  ---------  --------  ----------  --------------  -------------------
/opt/airflow/dags/main.py                           3           0  0.49s           2026-05-29T09:34:02
================================================================================
[2026-05-29T09:34:37.087+0000] {manager.py:737} INFO - Searching for files in /opt/airflow/dags
[2026-05-29T09:34:37.621+0000] {manager.py:740} INFO - There are 1 files in /opt/airflow/dags
[2026-05-29T09:34:47.759+0000] {manager.py:878} INFO - 
================================================================================
DAG File Processing Stats

File Path                  PID    Runtime      # DAGs    # Errors  Last Runtime    Last Run
-------------------------  -----  ---------  --------  ----------  --------------  -------------------
/opt/airflow/dags/main.py                           3           0  0.51s           2026-05-29T09:34:33
================================================================================
[2026-05-29T09:35:18.153+0000] {manager.py:878} INFO - 
================================================================================
DAG File Processing Stats

File Path                  PID    Runtime      # DAGs    # Errors  Last Runtime    Last Run
-------------------------  -----  ---------  --------  ----------  --------------  -------------------
/opt/airflow/dags/main.py                           3           0  0.47s           2026-05-29T09:35:04
================================================================================
[2026-05-29T09:35:48.452+0000] {manager.py:878} INFO - 
================================================================================
DAG File Processing Stats

File Path                  PID    Runtime      # DAGs    # Errors  Last Runtime    Last Run
-------------------------  -----  ---------  --------  ----------  --------------  -------------------
/opt/airflow/dags/main.py                           3           0  0.56s           2026-05-29T09:35:35
================================================================================
[2026-05-29T09:36:19.303+0000] {manager.py:878} INFO - 
================================================================================
DAG File Processing Stats

File Path                  PID    Runtime      # DAGs    # Errors  Last Runtime    Last Run
-------------------------  -----  ---------  --------  ----------  --------------  -------------------
/opt/airflow/dags/main.py                           3           0  0.60s           2026-05-29T09:36:06
================================================================================
[2026-05-29T09:36:49.796+0000] {manager.py:878} INFO - 
================================================================================
DAG File Processing Stats

File Path                  PID    Runtime      # DAGs    # Errors  Last Runtime    Last Run
-------------------------  -----  ---------  --------  ----------  --------------  -------------------
/opt/airflow/dags/main.py                           3           0  0.46s           2026-05-29T09:36:36
================================================================================
[2026-05-29T09:37:19.881+0000] {manager.py:878} INFO - 
================================================================================
DAG File Processing Stats

File Path                  PID    Runtime      # DAGs    # Errors  Last Runtime    Last Run
-------------------------  -----  ---------  --------  ----------  --------------  -------------------
/opt/airflow/dags/main.py                           3           0  0.44s           2026-05-29T09:37:07
================================================================================
[2026-05-29T09:37:50.245+0000] {manager.py:878} INFO - 
================================================================================
DAG File Processing Stats

File Path                  PID    Runtime      # DAGs    # Errors  Last Runtime    Last Run
-------------------------  -----  ---------  --------  ----------  --------------  -------------------
/opt/airflow/dags/main.py                           3           0  0.54s           2026-05-29T09:37:38
================================================================================
[2026-05-29T09:38:20.546+0000] {manager.py:878} INFO - 
================================================================================
DAG File Processing Stats

File Path                  PID    Runtime      # DAGs    # Errors  Last Runtime    Last Run
-------------------------  -----  ---------  --------  ----------  --------------  -------------------
/opt/airflow/dags/main.py                           3           0  0.53s           2026-05-29T09:38:09
================================================================================
[2026-05-29T09:38:50.901+0000] {manager.py:878} INFO - 
================================================================================
DAG File Processing Stats

File Path                  PID    Runtime      # DAGs    # Errors  Last Runtime    Last Run
-------------------------  -----  ---------  --------  ----------  --------------  -------------------
/opt/airflow/dags/main.py                           3           0  0.43s           2026-05-29T09:38:40
================================================================================
[2026-05-29T09:39:21.088+0000] {manager.py:878} INFO - 
================================================================================
DAG File Processing Stats

File Path                  PID    Runtime      # DAGs    # Errors  Last Runtime    Last Run
-------------------------  -----  ---------  --------  ----------  --------------  -------------------
/opt/airflow/dags/main.py                           3           0  0.48s           2026-05-29T09:39:10
================================================================================
[2026-05-29T09:39:37.242+0000] {manager.py:737} INFO - Searching for files in /opt/airflow/dags
[2026-05-29T09:39:38.104+0000] {manager.py:740} INFO - There are 1 files in /opt/airflow/dags
[2026-05-29T09:39:51.318+0000] {manager.py:878} INFO - 
================================================================================
DAG File Processing Stats

File Path                  PID    Runtime      # DAGs    # Errors  Last Runtime    Last Run
-------------------------  -----  ---------  --------  ----------  --------------  -------------------
/opt/airflow/dags/main.py                           3           0  0.48s           2026-05-29T09:39:41
================================================================================
[2026-05-29T12:40:14.484+0000] {manager.py:737} INFO - Searching for files in /opt/airflow/dags
[2026-05-29T13:23:34.222+0000] {manager.py:740} INFO - There are 1 files in /opt/airflow/dags
[2026-05-29T13:23:34.293+0000] {manager.py:737} INFO - Searching for files in /opt/airflow/dags
[2026-05-29T13:23:35.771+0000] {manager.py:740} INFO - There are 1 files in /opt/airflow/dags
[2026-05-29T13:23:41.016+0000] {manager.py:878} INFO - 
================================================================================
DAG File Processing Stats

File Path                  PID    Runtime      # DAGs    # Errors  Last Runtime    Last Run
-------------------------  -----  ---------  --------  ----------  --------------  -------------------
/opt/airflow/dags/main.py                           3           0  1.78s           2026-05-29T13:23:36
================================================================================
[2026-05-29T13:24:11.322+0000] {manager.py:878} INFO - 
================================================================================
DAG File Processing Stats

File Path                  PID    Runtime      # DAGs    # Errors  Last Runtime    Last Run
-------------------------  -----  ---------  --------  ----------  --------------  -------------------
/opt/airflow/dags/main.py                           3           0  0.36s           2026-05-29T13:24:06
================================================================================
[2026-05-29T13:24:41.343+0000] {manager.py:878} INFO - 
================================================================================
DAG File Processing Stats

File Path                  PID    Runtime      # DAGs    # Errors  Last Runtime    Last Run
-------------------------  -----  ---------  --------  ----------  --------------  -------------------
/opt/airflow/dags/main.py                           3           0  0.41s           2026-05-29T13:24:37
================================================================================
[2026-05-29T13:25:11.623+0000] {manager.py:878} INFO - 
================================================================================
DAG File Processing Stats

File Path                  PID    Runtime      # DAGs    # Errors  Last Runtime    Last Run
-------------------------  -----  ---------  --------  ----------  --------------  -------------------
/opt/airflow/dags/main.py                           3           0  0.44s           2026-05-29T13:25:07
================================================================================
[2026-05-29T13:25:41.872+0000] {manager.py:878} INFO - 
================================================================================
DAG File Processing Stats

File Path                  PID    Runtime      # DAGs    # Errors  Last Runtime    Last Run
-------------------------  -----  ---------  --------  ----------  --------------  -------------------
/opt/airflow/dags/main.py                           3           0  0.50s           2026-05-29T13:25:38
================================================================================
[2026-05-29T13:26:12.726+0000] {manager.py:878} INFO - 
================================================================================
DAG File Processing Stats

File Path                  PID    Runtime      # DAGs    # Errors  Last Runtime    Last Run
-------------------------  -----  ---------  --------  ----------  --------------  -------------------
/opt/airflow/dags/main.py                           3           0  0.60s           2026-05-29T13:26:09
================================================================================
[2026-05-29T13:26:43.158+0000] {manager.py:878} INFO - 
================================================================================
DAG File Processing Stats

File Path                  PID    Runtime      # DAGs    # Errors  Last Runtime    Last Run
-------------------------  -----  ---------  --------  ----------  --------------  -------------------
/opt/airflow/dags/main.py                           3           0  0.43s           2026-05-29T13:26:40
================================================================================
[2026-05-29T13:27:13.302+0000] {manager.py:878} INFO - 
================================================================================
DAG File Processing Stats

File Path                  PID    Runtime      # DAGs    # Errors  Last Runtime    Last Run
-------------------------  -----  ---------  --------  ----------  --------------  -------------------
/opt/airflow/dags/main.py                           3           0  0.52s           2026-05-29T13:27:11
================================================================================
[2026-05-29T13:27:44.156+0000] {manager.py:878} INFO - 
================================================================================
DAG File Processing Stats

File Path                  PID    Runtime      # DAGs    # Errors  Last Runtime    Last Run
-------------------------  -----  ---------  --------  ----------  --------------  -------------------
/opt/airflow/dags/main.py                           3           0  0.64s           2026-05-29T13:27:42
================================================================================
[2026-05-29T13:28:14.663+0000] {manager.py:878} INFO - 
================================================================================
DAG File Processing Stats

File Path                  PID    Runtime      # DAGs    # Errors  Last Runtime    Last Run
-------------------------  -----  ---------  --------  ----------  --------------  -------------------
/opt/airflow/dags/main.py                           3           0  0.48s           2026-05-29T13:28:13
================================================================================
[2026-05-29T13:28:34.875+0000] {manager.py:737} INFO - Searching for files in /opt/airflow/dags
[2026-05-29T13:28:35.229+0000] {manager.py:740} INFO - There are 1 files in /opt/airflow/dags
[2026-05-29T13:28:44.927+0000] {manager.py:878} INFO - 
================================================================================
DAG File Processing Stats

File Path                  PID    Runtime      # DAGs    # Errors  Last Runtime    Last Run
-------------------------  -----  ---------  --------  ----------  --------------  -------------------
/opt/airflow/dags/main.py                           3           0  0.56s           2026-05-29T13:28:43
================================================================================
[2026-05-29T13:29:15.223+0000] {manager.py:878} INFO - 
================================================================================
DAG File Processing Stats

File Path                  PID    Runtime      # DAGs    # Errors  Last Runtime    Last Run
-------------------------  -----  ---------  --------  ----------  --------------  -------------------
/opt/airflow/dags/main.py                           3           0  0.45s           2026-05-29T13:29:14
================================================================================
[2026-05-29T13:29:45.545+0000] {manager.py:878} INFO - 
================================================================================
DAG File Processing Stats

File Path                    PID  Runtime      # DAGs    # Errors  Last Runtime    Last Run
-------------------------  -----  ---------  --------  ----------  --------------  -------------------
/opt/airflow/dags/main.py    909  0.51s             3           0  0.45s           2026-05-29T13:29:14
================================================================================
[2026-05-29T13:30:04.685+0000] {manager.py:452} INFO - Exiting gracefully upon receiving signal 15
[2026-05-29T14:07:21.511+0000] {manager.py:470} INFO - Processing files using up to 2 processes at a time 
[2026-05-29T14:07:21.512+0000] {manager.py:471} INFO - Process each file at most once every 30 seconds
[2026-05-29T14:07:21.514+0000] {manager.py:472} INFO - Checking for new files in /opt/airflow/dags every 300 seconds
[2026-05-29T14:07:21.515+0000] {manager.py:737} INFO - Searching for files in /opt/airflow/dags
[2026-05-29T14:07:21.675+0000] {manager.py:740} INFO - There are 1 files in /opt/airflow/dags
[2026-05-29T14:07:30.257+0000] {manager.py:878} INFO - 
================================================================================
DAG File Processing Stats

File Path                  PID    Runtime      # DAGs    # Errors  Last Runtime    Last Run
-------------------------  -----  ---------  --------  ----------  --------------  -------------------
/opt/airflow/dags/main.py                           3           0  0.45s           2026-05-29T14:07:22
================================================================================
[2026-05-29T14:08:00.495+0000] {manager.py:878} INFO - 
================================================================================
DAG File Processing Stats

File Path                  PID    Runtime      # DAGs    # Errors  Last Runtime    Last Run
-------------------------  -----  ---------  --------  ----------  --------------  -------------------
/opt/airflow/dags/main.py                           3           0  0.23s           2026-05-29T14:07:52
================================================================================
[2026-05-29T14:08:30.995+0000] {manager.py:878} INFO - 
================================================================================
DAG File Processing Stats

File Path                  PID    Runtime      # DAGs    # Errors  Last Runtime    Last Run
-------------------------  -----  ---------  --------  ----------  --------------  -------------------
/opt/airflow/dags/main.py                           3           0  0.34s           2026-05-29T14:08:23
================================================================================
[2026-05-29T14:09:01.351+0000] {manager.py:878} INFO - 
================================================================================
DAG File Processing Stats

File Path                  PID    Runtime      # DAGs    # Errors  Last Runtime    Last Run
-------------------------  -----  ---------  --------  ----------  --------------  -------------------
/opt/airflow/dags/main.py                           3           0  0.22s           2026-05-29T14:08:53
================================================================================
[2026-05-29T14:09:31.812+0000] {manager.py:878} INFO - 
================================================================================
DAG File Processing Stats

File Path                  PID    Runtime      # DAGs    # Errors  Last Runtime    Last Run
-------------------------  -----  ---------  --------  ----------  --------------  -------------------
/opt/airflow/dags/main.py                           3           0  0.23s           2026-05-29T14:09:23
================================================================================
[2026-05-29T14:10:02.201+0000] {manager.py:878} INFO - 
================================================================================
DAG File Processing Stats

File Path                  PID    Runtime      # DAGs    # Errors  Last Runtime    Last Run
-------------------------  -----  ---------  --------  ----------  --------------  -------------------
/opt/airflow/dags/main.py                           3           0  0.23s           2026-05-29T14:09:54
================================================================================
[2026-05-29T14:10:32.678+0000] {manager.py:878} INFO - 
================================================================================
DAG File Processing Stats

File Path                  PID    Runtime      # DAGs    # Errors  Last Runtime    Last Run
-------------------------  -----  ---------  --------  ----------  --------------  -------------------
/opt/airflow/dags/main.py                           3           0  0.23s           2026-05-29T14:10:24
================================================================================
[2026-05-29T14:11:03.048+0000] {manager.py:878} INFO - 
================================================================================
DAG File Processing Stats

File Path                  PID    Runtime      # DAGs    # Errors  Last Runtime    Last Run
-------------------------  -----  ---------  --------  ----------  --------------  -------------------
/opt/airflow/dags/main.py                           3           0  0.24s           2026-05-29T14:10:55
================================================================================
[2026-05-29T14:11:33.535+0000] {manager.py:878} INFO - 
================================================================================
DAG File Processing Stats

File Path                  PID    Runtime      # DAGs    # Errors  Last Runtime    Last Run
-------------------------  -----  ---------  --------  ----------  --------------  -------------------
/opt/airflow/dags/main.py                           3           0  0.24s           2026-05-29T14:11:25
================================================================================
[2026-05-29T14:12:03.935+0000] {manager.py:878} INFO - 
================================================================================
DAG File Processing Stats

File Path                  PID    Runtime      # DAGs    # Errors  Last Runtime    Last Run
-------------------------  -----  ---------  --------  ----------  --------------  -------------------
/opt/airflow/dags/main.py                           3           0  0.23s           2026-05-29T14:11:56
================================================================================
[2026-05-29T14:12:22.153+0000] {manager.py:737} INFO - Searching for files in /opt/airflow/dags
[2026-05-29T14:12:22.359+0000] {manager.py:740} INFO - There are 1 files in /opt/airflow/dags
[2026-05-29T14:12:34.528+0000] {manager.py:878} INFO - 
================================================================================
DAG File Processing Stats

File Path                  PID    Runtime      # DAGs    # Errors  Last Runtime    Last Run
-------------------------  -----  ---------  --------  ----------  --------------  -------------------
/opt/airflow/dags/main.py                           3           0  0.23s           2026-05-29T14:12:26
================================================================================
[2026-05-29T14:13:05.027+0000] {manager.py:878} INFO - 
================================================================================
DAG File Processing Stats

File Path                  PID    Runtime      # DAGs    # Errors  Last Runtime    Last Run
-------------------------  -----  ---------  --------  ----------  --------------  -------------------
/opt/airflow/dags/main.py                           3           0  0.24s           2026-05-29T14:12:56
================================================================================
[2026-05-29T14:13:35.280+0000] {manager.py:878} INFO - 
================================================================================
DAG File Processing Stats

File Path                  PID    Runtime      # DAGs    # Errors  Last Runtime    Last Run
-------------------------  -----  ---------  --------  ----------  --------------  -------------------
/opt/airflow/dags/main.py                           3           0  0.24s           2026-05-29T14:13:27
================================================================================
[2026-05-29T14:14:05.652+0000] {manager.py:878} INFO - 
================================================================================
DAG File Processing Stats

File Path                  PID    Runtime      # DAGs    # Errors  Last Runtime    Last Run
-------------------------  -----  ---------  --------  ----------  --------------  -------------------
/opt/airflow/dags/main.py                           3           0  0.25s           2026-05-29T14:13:57
================================================================================
[2026-05-29T14:14:36.039+0000] {manager.py:878} INFO - 
================================================================================
DAG File Processing Stats

File Path                  PID    Runtime      # DAGs    # Errors  Last Runtime    Last Run
-------------------------  -----  ---------  --------  ----------  --------------  -------------------
/opt/airflow/dags/main.py                           3           0  0.23s           2026-05-29T14:14:28
================================================================================
[2026-05-29T14:15:06.401+0000] {manager.py:878} INFO - 
================================================================================
DAG File Processing Stats

File Path                  PID    Runtime      # DAGs    # Errors  Last Runtime    Last Run
-------------------------  -----  ---------  --------  ----------  --------------  -------------------
/opt/airflow/dags/main.py                           3           0  0.22s           2026-05-29T14:14:58
================================================================================
[2026-05-29T14:15:36.782+0000] {manager.py:878} INFO - 
================================================================================
DAG File Processing Stats

File Path                  PID    Runtime      # DAGs    # Errors  Last Runtime    Last Run
-------------------------  -----  ---------  --------  ----------  --------------  -------------------
/opt/airflow/dags/main.py                           3           0  0.27s           2026-05-29T14:15:29
================================================================================
[2026-05-29T14:16:07.332+0000] {manager.py:878} INFO - 
================================================================================
DAG File Processing Stats

File Path                  PID    Runtime      # DAGs    # Errors  Last Runtime    Last Run
-------------------------  -----  ---------  --------  ----------  --------------  -------------------
/opt/airflow/dags/main.py                           3           0  0.24s           2026-05-29T14:15:59
================================================================================
[2026-05-29T14:16:37.837+0000] {manager.py:878} INFO - 
================================================================================
DAG File Processing Stats

File Path                  PID    Runtime      # DAGs    # Errors  Last Runtime    Last Run
-------------------------  -----  ---------  --------  ----------  --------------  -------------------
/opt/airflow/dags/main.py                           3           0  0.25s           2026-05-29T14:16:30
================================================================================
[2026-05-29T14:17:08.309+0000] {manager.py:878} INFO - 
================================================================================
DAG File Processing Stats

File Path                  PID    Runtime      # DAGs    # Errors  Last Runtime    Last Run
-------------------------  -----  ---------  --------  ----------  --------------  -------------------
/opt/airflow/dags/main.py                           3           0  0.31s           2026-05-29T14:17:00
================================================================================
[2026-05-29T14:17:22.413+0000] {manager.py:737} INFO - Searching for files in /opt/airflow/dags
[2026-05-29T14:17:22.538+0000] {manager.py:740} INFO - There are 1 files in /opt/airflow/dags
[2026-05-29T14:17:38.830+0000] {manager.py:878} INFO - 
================================================================================
DAG File Processing Stats

File Path                  PID    Runtime      # DAGs    # Errors  Last Runtime    Last Run
-------------------------  -----  ---------  --------  ----------  --------------  -------------------
/opt/airflow/dags/main.py                           3           0  0.22s           2026-05-29T14:17:30
================================================================================
[2026-05-29T14:18:09.028+0000] {manager.py:878} INFO - 
================================================================================
DAG File Processing Stats

File Path                  PID    Runtime      # DAGs    # Errors  Last Runtime    Last Run
-------------------------  -----  ---------  --------  ----------  --------------  -------------------
/opt/airflow/dags/main.py                           3           0  0.25s           2026-05-29T14:18:01
================================================================================
[2026-05-29T14:18:39.476+0000] {manager.py:878} INFO - 
================================================================================
DAG File Processing Stats

File Path                  PID    Runtime      # DAGs    # Errors  Last Runtime    Last Run
-------------------------  -----  ---------  --------  ----------  --------------  -------------------
/opt/airflow/dags/main.py                           3           0  0.27s           2026-05-29T14:18:31
================================================================================
[2026-05-29T14:19:09.835+0000] {manager.py:878} INFO - 
================================================================================
DAG File Processing Stats

File Path                  PID    Runtime      # DAGs    # Errors  Last Runtime    Last Run
-------------------------  -----  ---------  --------  ----------  --------------  -------------------
/opt/airflow/dags/main.py                           3           0  0.26s           2026-05-29T14:19:01
================================================================================
[2026-05-29T14:19:34.214+0000] {manager.py:452} INFO - Exiting gracefully upon receiving signal 15
[2026-05-29T14:20:16.385+0000] {manager.py:470} INFO - Processing files using up to 2 processes at a time 
[2026-05-29T14:20:16.390+0000] {manager.py:471} INFO - Process each file at most once every 30 seconds
[2026-05-29T14:20:16.392+0000] {manager.py:472} INFO - Checking for new files in /opt/airflow/dags every 300 seconds
[2026-05-29T14:20:16.398+0000] {manager.py:737} INFO - Searching for files in /opt/airflow/dags
[2026-05-29T14:20:16.587+0000] {manager.py:740} INFO - There are 1 files in /opt/airflow/dags
[2026-05-29T14:20:16.683+0000] {manager.py:878} INFO - 
================================================================================
DAG File Processing Stats

File Path                    PID  Runtime      # DAGs    # Errors  Last Runtime    Last Run
-------------------------  -----  ---------  --------  ----------  --------------  ----------
/opt/airflow/dags/main.py     52  0.05s             0           0
================================================================================
[2026-05-29T14:20:46.961+0000] {manager.py:878} INFO - 
================================================================================
DAG File Processing Stats

File Path                  PID    Runtime      # DAGs    # Errors  Last Runtime    Last Run
-------------------------  -----  ---------  --------  ----------  --------------  -------------------
/opt/airflow/dags/main.py                           3           0  0.61s           2026-05-29T14:20:17
================================================================================
[2026-05-29T14:21:17.069+0000] {manager.py:878} INFO - 
================================================================================
DAG File Processing Stats

File Path                  PID    Runtime      # DAGs    # Errors  Last Runtime    Last Run
-------------------------  -----  ---------  --------  ----------  --------------  -------------------
/opt/airflow/dags/main.py                           3           0  0.26s           2026-05-29T14:20:47
================================================================================
[2026-05-29T14:21:47.326+0000] {manager.py:878} INFO - 
================================================================================
DAG File Processing Stats

File Path                  PID    Runtime      # DAGs    # Errors  Last Runtime    Last Run
-------------------------  -----  ---------  --------  ----------  --------------  -------------------
/opt/airflow/dags/main.py                           3           0  0.26s           2026-05-29T14:21:18
================================================================================
[2026-05-29T14:22:17.730+0000] {manager.py:878} INFO - 
================================================================================
DAG File Processing Stats

File Path                  PID    Runtime      # DAGs    # Errors  Last Runtime    Last Run
-------------------------  -----  ---------  --------  ----------  --------------  -------------------
/opt/airflow/dags/main.py                           3           0  0.24s           2026-05-29T14:21:48
================================================================================
[2026-05-29T14:22:48.103+0000] {manager.py:878} INFO - 
================================================================================
DAG File Processing Stats

File Path                  PID    Runtime      # DAGs    # Errors  Last Runtime    Last Run
-------------------------  -----  ---------  --------  ----------  --------------  -------------------
/opt/airflow/dags/main.py                           3           0  0.22s           2026-05-29T14:22:18
================================================================================
[2026-05-29T14:23:18.437+0000] {manager.py:878} INFO - 
================================================================================
DAG File Processing Stats

File Path                  PID    Runtime      # DAGs    # Errors  Last Runtime    Last Run
-------------------------  -----  ---------  --------  ----------  --------------  -------------------
/opt/airflow/dags/main.py                           3           0  0.25s           2026-05-29T14:22:49
================================================================================
[2026-05-29T14:23:48.877+0000] {manager.py:878} INFO - 
================================================================================
DAG File Processing Stats

File Path                  PID    Runtime      # DAGs    # Errors  Last Runtime    Last Run
-------------------------  -----  ---------  --------  ----------  --------------  -------------------
/opt/airflow/dags/main.py                           3           0  0.28s           2026-05-29T14:23:19
================================================================================
[2026-05-29T14:24:19.199+0000] {manager.py:878} INFO - 
================================================================================
DAG File Processing Stats

File Path                  PID    Runtime      # DAGs    # Errors  Last Runtime    Last Run
-------------------------  -----  ---------  --------  ----------  --------------  -------------------
/opt/airflow/dags/main.py                           3           0  0.24s           2026-05-29T14:23:50
================================================================================
[2026-05-29T14:24:49.630+0000] {manager.py:878} INFO - 
================================================================================
DAG File Processing Stats

File Path                  PID    Runtime      # DAGs    # Errors  Last Runtime    Last Run
-------------------------  -----  ---------  --------  ----------  --------------  -------------------
/opt/airflow/dags/main.py                           3           0  0.23s           2026-05-29T14:24:20
================================================================================
[2026-05-29T14:25:16.833+0000] {manager.py:737} INFO - Searching for files in /opt/airflow/dags
[2026-05-29T14:25:16.954+0000] {manager.py:740} INFO - There are 1 files in /opt/airflow/dags
[2026-05-29T14:25:19.983+0000] {manager.py:878} INFO - 
================================================================================
DAG File Processing Stats

File Path                  PID    Runtime      # DAGs    # Errors  Last Runtime    Last Run
-------------------------  -----  ---------  --------  ----------  --------------  -------------------
/opt/airflow/dags/main.py                           3           0  0.26s           2026-05-29T14:24:50
================================================================================
[2026-05-29T16:32:21.244+0000] {manager.py:878} INFO - 
================================================================================
DAG File Processing Stats

File Path                    PID  Runtime      # DAGs    # Errors  Last Runtime    Last Run
-------------------------  -----  ---------  --------  ----------  --------------  -------------------
/opt/airflow/dags/main.py    137  0.01s             3           0  0.23s           2026-05-29T14:25:21
================================================================================
[2026-05-29T16:32:21.292+0000] {manager.py:737} INFO - Searching for files in /opt/airflow/dags
[2026-05-29T16:32:21.726+0000] {manager.py:740} INFO - There are 1 files in /opt/airflow/dags
[2026-05-29T16:32:51.916+0000] {manager.py:878} INFO - 
================================================================================
DAG File Processing Stats

File Path                  PID    Runtime      # DAGs    # Errors  Last Runtime    Last Run
-------------------------  -----  ---------  --------  ----------  --------------  -------------------
/opt/airflow/dags/main.py                           3           0  0.78s           2026-05-29T16:32:22
================================================================================
[2026-05-29T16:33:22.322+0000] {manager.py:878} INFO - 
================================================================================
DAG File Processing Stats

File Path                  PID    Runtime      # DAGs    # Errors  Last Runtime    Last Run
-------------------------  -----  ---------  --------  ----------  --------------  -------------------
/opt/airflow/dags/main.py                           3           0  0.23s           2026-05-29T16:32:52
================================================================================
[2026-05-29T16:33:52.704+0000] {manager.py:878} INFO - 
================================================================================
DAG File Processing Stats

File Path                  PID    Runtime      # DAGs    # Errors  Last Runtime    Last Run
-------------------------  -----  ---------  --------  ----------  --------------  -------------------
/opt/airflow/dags/main.py                           3           0  0.25s           2026-05-29T16:33:22
================================================================================
[2026-05-29T16:34:23.374+0000] {manager.py:878} INFO - 
================================================================================
DAG File Processing Stats

File Path                    PID  Runtime      # DAGs    # Errors  Last Runtime    Last Run
-------------------------  -----  ---------  --------  ----------  --------------  -------------------
/opt/airflow/dags/main.py    165  0.01s             3           0  0.24s           2026-05-29T16:33:53
================================================================================
[2026-05-29T16:34:53.640+0000] {manager.py:878} INFO - 
================================================================================
DAG File Processing Stats

File Path                    PID  Runtime      # DAGs    # Errors  Last Runtime    Last Run
-------------------------  -----  ---------  --------  ----------  --------------  -------------------
/opt/airflow/dags/main.py    172  0.00s             3           0  0.25s           2026-05-29T16:34:23
================================================================================
[2026-05-29T19:35:28.323+0000] {manager.py:878} INFO - 
================================================================================
DAG File Processing Stats

File Path                    PID  Runtime      # DAGs    # Errors  Last Runtime    Last Run
-------------------------  -----  ---------  --------  ----------  --------------  -------------------
/opt/airflow/dags/main.py    179  0.01s             3           0  0.24s           2026-05-29T16:34:53
================================================================================
[2026-05-29T19:35:28.368+0000] {manager.py:737} INFO - Searching for files in /opt/airflow/dags
[2026-05-29T19:35:28.686+0000] {manager.py:740} INFO - There are 1 files in /opt/airflow/dags
[2026-05-30T06:30:53.912+0000] {manager.py:737} INFO - Searching for files in /opt/airflow/dags
[2026-05-30T06:30:55.047+0000] {manager.py:740} INFO - There are 1 files in /opt/airflow/dags
[2026-05-30T06:31:09.896+0000] {manager.py:878} INFO - 
================================================================================
DAG File Processing Stats

File Path                  PID    Runtime      # DAGs    # Errors  Last Runtime    Last Run
-------------------------  -----  ---------  --------  ----------  --------------  -------------------
/opt/airflow/dags/main.py                           3           0  1.61s           2026-05-30T06:30:56
================================================================================
[2026-05-30T06:31:40.512+0000] {manager.py:878} INFO - 
================================================================================
DAG File Processing Stats

File Path                  PID    Runtime      # DAGs    # Errors  Last Runtime    Last Run
-------------------------  -----  ---------  --------  ----------  --------------  -------------------
/opt/airflow/dags/main.py                           3           0  0.43s           2026-05-30T06:31:27
================================================================================
[2026-05-30T06:32:10.754+0000] {manager.py:878} INFO - 
================================================================================
DAG File Processing Stats

File Path                  PID    Runtime      # DAGs    # Errors  Last Runtime    Last Run
-------------------------  -----  ---------  --------  ----------  --------------  -------------------
/opt/airflow/dags/main.py                           3           0  0.44s           2026-05-30T06:31:58
================================================================================
[2026-05-30T06:32:40.948+0000] {manager.py:878} INFO - 
================================================================================
DAG File Processing Stats

File Path                  PID    Runtime      # DAGs    # Errors  Last Runtime    Last Run
-------------------------  -----  ---------  --------  ----------  --------------  -------------------
/opt/airflow/dags/main.py                           3           0  0.45s           2026-05-30T06:32:28
================================================================================
[2026-05-30T06:33:11.338+0000] {manager.py:878} INFO - 
================================================================================
DAG File Processing Stats

File Path                  PID    Runtime      # DAGs    # Errors  Last Runtime    Last Run
-------------------------  -----  ---------  --------  ----------  --------------  -------------------
/opt/airflow/dags/main.py                           3           0  0.46s           2026-05-30T06:32:59
================================================================================
[2026-05-30T06:33:41.712+0000] {manager.py:878} INFO - 
================================================================================
DAG File Processing Stats

File Path                  PID    Runtime      # DAGs    # Errors  Last Runtime    Last Run
-------------------------  -----  ---------  --------  ----------  --------------  -------------------
/opt/airflow/dags/main.py                           3           0  0.67s           2026-05-30T06:33:30
================================================================================
[2026-05-30T06:34:11.736+0000] {manager.py:878} INFO - 
================================================================================
DAG File Processing Stats

File Path                  PID    Runtime      # DAGs    # Errors  Last Runtime    Last Run
-------------------------  -----  ---------  --------  ----------  --------------  -------------------
/opt/airflow/dags/main.py                           3           0  0.67s           2026-05-30T06:34:01
================================================================================
[2026-05-30T06:34:42.502+0000] {manager.py:878} INFO - 
================================================================================
DAG File Processing Stats

File Path                  PID    Runtime      # DAGs    # Errors  Last Runtime    Last Run
-------------------------  -----  ---------  --------  ----------  --------------  -------------------
/opt/airflow/dags/main.py                           3           0  0.50s           2026-05-30T06:34:32
================================================================================
[2026-05-30T06:35:12.616+0000] {manager.py:878} INFO - 
================================================================================
DAG File Processing Stats

File Path                  PID    Runtime      # DAGs    # Errors  Last Runtime    Last Run
-------------------------  -----  ---------  --------  ----------  --------------  -------------------
/opt/airflow/dags/main.py                           3           0  0.68s           2026-05-30T06:35:03
================================================================================
[2026-05-30T06:35:43.340+0000] {manager.py:878} INFO - 
================================================================================
DAG File Processing Stats

File Path                  PID    Runtime      # DAGs    # Errors  Last Runtime    Last Run
-------------------------  -----  ---------  --------  ----------  --------------  -------------------
/opt/airflow/dags/main.py                           3           0  0.48s           2026-05-30T06:35:34
================================================================================
[2026-05-30T06:35:54.452+0000] {manager.py:737} INFO - Searching for files in /opt/airflow/dags
[2026-05-30T06:35:55.233+0000] {manager.py:740} INFO - There are 1 files in /opt/airflow/dags
[2026-05-30T06:36:13.580+0000] {manager.py:878} INFO - 
================================================================================
DAG File Processing Stats

File Path                  PID    Runtime      # DAGs    # Errors  Last Runtime    Last Run
-------------------------  -----  ---------  --------  ----------  --------------  -------------------
/opt/airflow/dags/main.py                           3           0  0.67s           2026-05-30T06:36:05
================================================================================
[2026-05-30T06:36:43.949+0000] {manager.py:878} INFO - 
================================================================================
DAG File Processing Stats

File Path                  PID    Runtime      # DAGs    # Errors  Last Runtime    Last Run
-------------------------  -----  ---------  --------  ----------  --------------  -------------------
/opt/airflow/dags/main.py                           3           0  0.57s           2026-05-30T06:36:36
================================================================================
[2026-05-30T06:37:14.506+0000] {manager.py:878} INFO - 
================================================================================
DAG File Processing Stats

File Path                  PID    Runtime      # DAGs    # Errors  Last Runtime    Last Run
-------------------------  -----  ---------  --------  ----------  --------------  -------------------
/opt/airflow/dags/main.py                           3           0  0.57s           2026-05-30T06:37:06
================================================================================
[2026-05-30T06:37:44.858+0000] {manager.py:878} INFO - 
================================================================================
DAG File Processing Stats

File Path                  PID    Runtime      # DAGs    # Errors  Last Runtime    Last Run
-------------------------  -----  ---------  --------  ----------  --------------  -------------------
/opt/airflow/dags/main.py                           3           0  0.57s           2026-05-30T06:37:37
================================================================================
[2026-05-30T06:38:15.660+0000] {manager.py:878} INFO - 
================================================================================
DAG File Processing Stats

File Path                  PID    Runtime      # DAGs    # Errors  Last Runtime    Last Run
-------------------------  -----  ---------  --------  ----------  --------------  -------------------
/opt/airflow/dags/main.py                           3           0  0.57s           2026-05-30T06:38:08
================================================================================
[2026-05-30T06:38:45.692+0000] {manager.py:878} INFO - 
================================================================================
DAG File Processing Stats

File Path                  PID    Runtime      # DAGs    # Errors  Last Runtime    Last Run
-------------------------  -----  ---------  --------  ----------  --------------  -------------------
/opt/airflow/dags/main.py                           3           0  0.61s           2026-05-30T06:38:39
================================================================================
[2026-05-30T06:39:15.707+0000] {manager.py:878} INFO - 
================================================================================
DAG File Processing Stats

File Path                  PID    Runtime      # DAGs    # Errors  Last Runtime    Last Run
-------------------------  -----  ---------  --------  ----------  --------------  -------------------
/opt/airflow/dags/main.py                           3           0  0.60s           2026-05-30T06:39:10
================================================================================
[2026-05-30T06:39:46.076+0000] {manager.py:878} INFO - 
================================================================================
DAG File Processing Stats

File Path                  PID    Runtime      # DAGs    # Errors  Last Runtime    Last Run
-------------------------  -----  ---------  --------  ----------  --------------  -------------------
/opt/airflow/dags/main.py                           3           0  0.58s           2026-05-30T06:39:41
================================================================================
[2026-05-30T06:44:32.111+0000] {manager.py:737} INFO - Searching for files in /opt/airflow/dags
[2026-05-30T06:44:32.754+0000] {manager.py:740} INFO - There are 1 files in /opt/airflow/dags
[2026-05-30T06:44:39.571+0000] {manager.py:878} INFO - 
================================================================================
DAG File Processing Stats

File Path                  PID    Runtime      # DAGs    # Errors  Last Runtime    Last Run
-------------------------  -----  ---------  --------  ----------  --------------  -------------------
/opt/airflow/dags/main.py                           3           0  0.70s           2026-05-30T06:44:33
================================================================================
[2026-05-30T06:45:09.743+0000] {manager.py:878} INFO - 
================================================================================
DAG File Processing Stats

File Path                  PID    Runtime      # DAGs    # Errors  Last Runtime    Last Run
-------------------------  -----  ---------  --------  ----------  --------------  -------------------
/opt/airflow/dags/main.py                           3           0  0.35s           2026-05-30T06:45:04
================================================================================
[2026-05-30T06:45:40.269+0000] {manager.py:878} INFO - 
================================================================================
DAG File Processing Stats

File Path                  PID    Runtime      # DAGs    # Errors  Last Runtime    Last Run
-------------------------  -----  ---------  --------  ----------  --------------  -------------------
/opt/airflow/dags/main.py                           3           0  0.34s           2026-05-30T06:45:34
================================================================================
[2026-05-30T06:46:10.512+0000] {manager.py:878} INFO - 
================================================================================
DAG File Processing Stats

File Path                  PID    Runtime      # DAGs    # Errors  Last Runtime    Last Run
-------------------------  -----  ---------  --------  ----------  --------------  -------------------
/opt/airflow/dags/main.py                           3           0  0.68s           2026-05-30T06:46:05
================================================================================
[2026-05-30T06:46:40.920+0000] {manager.py:878} INFO - 
================================================================================
DAG File Processing Stats

File Path                  PID    Runtime      # DAGs    # Errors  Last Runtime    Last Run
-------------------------  -----  ---------  --------  ----------  --------------  -------------------
/opt/airflow/dags/main.py                           3           0  0.53s           2026-05-30T06:46:36
================================================================================
[2026-05-30T06:47:11.267+0000] {manager.py:878} INFO - 
================================================================================
DAG File Processing Stats

File Path                  PID    Runtime      # DAGs    # Errors  Last Runtime    Last Run
-------------------------  -----  ---------  --------  ----------  --------------  -------------------
/opt/airflow/dags/main.py                           3           0  0.61s           2026-05-30T06:47:07
================================================================================
[2026-05-30T06:47:41.333+0000] {manager.py:878} INFO - 
================================================================================
DAG File Processing Stats

File Path                  PID    Runtime      # DAGs    # Errors  Last Runtime    Last Run
-------------------------  -----  ---------  --------  ----------  --------------  -------------------
/opt/airflow/dags/main.py                           3           0  0.65s           2026-05-30T06:47:38
================================================================================
[2026-05-30T06:48:11.375+0000] {manager.py:878} INFO - 
================================================================================
DAG File Processing Stats

File Path                  PID    Runtime      # DAGs    # Errors  Last Runtime    Last Run
-------------------------  -----  ---------  --------  ----------  --------------  -------------------
/opt/airflow/dags/main.py                           3           0  0.63s           2026-05-30T06:48:09
================================================================================
[2026-05-30T06:48:41.739+0000] {manager.py:878} INFO - 
================================================================================
DAG File Processing Stats

File Path                  PID    Runtime      # DAGs    # Errors  Last Runtime    Last Run
-------------------------  -----  ---------  --------  ----------  --------------  -------------------
/opt/airflow/dags/main.py                           3           0  0.69s           2026-05-30T06:48:40
================================================================================
[2026-05-30T06:49:12.126+0000] {manager.py:878} INFO - 
================================================================================
DAG File Processing Stats

File Path                  PID    Runtime      # DAGs    # Errors  Last Runtime    Last Run
-------------------------  -----  ---------  --------  ----------  --------------  -------------------
/opt/airflow/dags/main.py                           3           0  0.61s           2026-05-30T06:49:11
================================================================================
[2026-05-30T06:49:32.375+0000] {manager.py:737} INFO - Searching for files in /opt/airflow/dags
[2026-05-30T06:49:33.085+0000] {manager.py:740} INFO - There are 1 files in /opt/airflow/dags
[2026-05-30T06:49:42.304+0000] {manager.py:878} INFO - 
================================================================================
DAG File Processing Stats

File Path                  PID    Runtime      # DAGs    # Errors  Last Runtime    Last Run
-------------------------  -----  ---------  --------  ----------  --------------  -------------------
/opt/airflow/dags/main.py                           3           0  0.48s           2026-05-30T06:49:41
================================================================================
[2026-05-30T06:50:12.621+0000] {manager.py:878} INFO - 
================================================================================
DAG File Processing Stats

File Path                  PID    Runtime      # DAGs    # Errors  Last Runtime    Last Run
-------------------------  -----  ---------  --------  ----------  --------------  -------------------
/opt/airflow/dags/main.py                           3           0  0.45s           2026-05-30T06:50:12
================================================================================
[2026-05-30T06:50:42.906+0000] {manager.py:878} INFO - 
================================================================================
DAG File Processing Stats

File Path                    PID  Runtime      # DAGs    # Errors  Last Runtime    Last Run
-------------------------  -----  ---------  --------  ----------  --------------  -------------------
/opt/airflow/dags/main.py    398  0.01s             3           0  0.45s           2026-05-30T06:50:12
================================================================================
[2026-05-30T06:51:13.191+0000] {manager.py:878} INFO - 
================================================================================
DAG File Processing Stats

File Path                  PID    Runtime      # DAGs    # Errors  Last Runtime    Last Run
-------------------------  -----  ---------  --------  ----------  --------------  -------------------
/opt/airflow/dags/main.py                           3           0  0.59s           2026-05-30T06:50:43
================================================================================
[2026-05-30T06:51:43.548+0000] {manager.py:878} INFO - 
================================================================================
DAG File Processing Stats

File Path                  PID    Runtime      # DAGs    # Errors  Last Runtime    Last Run
-------------------------  -----  ---------  --------  ----------  --------------  -------------------
/opt/airflow/dags/main.py                           3           0  0.60s           2026-05-30T06:51:14
================================================================================
[2026-05-30T06:52:14.001+0000] {manager.py:878} INFO - 
================================================================================
DAG File Processing Stats

File Path                  PID    Runtime      # DAGs    # Errors  Last Runtime    Last Run
-------------------------  -----  ---------  --------  ----------  --------------  -------------------
/opt/airflow/dags/main.py                           3           0  0.36s           2026-05-30T06:51:44
================================================================================
[2026-05-30T06:52:44.548+0000] {manager.py:878} INFO - 
================================================================================
DAG File Processing Stats

File Path                  PID    Runtime      # DAGs    # Errors  Last Runtime    Last Run
-------------------------  -----  ---------  --------  ----------  --------------  -------------------
/opt/airflow/dags/main.py                           3           0  0.47s           2026-05-30T06:52:15
================================================================================
[2026-05-30T06:53:15.153+0000] {manager.py:878} INFO - 
================================================================================
DAG File Processing Stats

File Path                  PID    Runtime      # DAGs    # Errors  Last Runtime    Last Run
-------------------------  -----  ---------  --------  ----------  --------------  -------------------
/opt/airflow/dags/main.py                           3           0  0.43s           2026-05-30T06:52:46
================================================================================
[2026-05-30T06:53:45.599+0000] {manager.py:878} INFO - 
================================================================================
DAG File Processing Stats

File Path                  PID    Runtime      # DAGs    # Errors  Last Runtime    Last Run
-------------------------  -----  ---------  --------  ----------  --------------  -------------------
/opt/airflow/dags/main.py                           3           0  0.51s           2026-05-30T06:53:16
================================================================================
[2026-05-30T06:54:15.901+0000] {manager.py:878} INFO - 
================================================================================
DAG File Processing Stats

File Path                  PID    Runtime      # DAGs    # Errors  Last Runtime    Last Run
-------------------------  -----  ---------  --------  ----------  --------------  -------------------
/opt/airflow/dags/main.py                           3           0  0.51s           2026-05-30T06:53:47
================================================================================
[2026-05-30T06:54:32.567+0000] {manager.py:737} INFO - Searching for files in /opt/airflow/dags
[2026-05-30T06:54:33.048+0000] {manager.py:740} INFO - There are 1 files in /opt/airflow/dags
[2026-05-30T06:54:46.243+0000] {manager.py:878} INFO - 
================================================================================
DAG File Processing Stats

File Path                  PID    Runtime      # DAGs    # Errors  Last Runtime    Last Run
-------------------------  -----  ---------  --------  ----------  --------------  -------------------
/opt/airflow/dags/main.py                           3           0  0.48s           2026-05-30T06:54:18
================================================================================
[2026-05-30T06:55:16.618+0000] {manager.py:878} INFO - 
================================================================================
DAG File Processing Stats

File Path                  PID    Runtime      # DAGs    # Errors  Last Runtime    Last Run
-------------------------  -----  ---------  --------  ----------  --------------  -------------------
/opt/airflow/dags/main.py                           3           0  0.46s           2026-05-30T06:54:49
================================================================================
[2026-05-30T06:55:46.966+0000] {manager.py:878} INFO - 
================================================================================
DAG File Processing Stats

File Path                  PID    Runtime      # DAGs    # Errors  Last Runtime    Last Run
-------------------------  -----  ---------  --------  ----------  --------------  -------------------
/opt/airflow/dags/main.py                           3           0  0.57s           2026-05-30T06:55:20
================================================================================
[2026-05-30T06:56:17.368+0000] {manager.py:878} INFO - 
================================================================================
DAG File Processing Stats

File Path                  PID    Runtime      # DAGs    # Errors  Last Runtime    Last Run
-------------------------  -----  ---------  --------  ----------  --------------  -------------------
/opt/airflow/dags/main.py                           3           0  0.47s           2026-05-30T06:55:51
================================================================================
[2026-05-30T06:56:47.742+0000] {manager.py:878} INFO - 
================================================================================
DAG File Processing Stats

File Path                  PID    Runtime      # DAGs    # Errors  Last Runtime    Last Run
-------------------------  -----  ---------  --------  ----------  --------------  -------------------
/opt/airflow/dags/main.py                           3           0  0.58s           2026-05-30T06:56:22
================================================================================
[2026-05-30T06:57:18.129+0000] {manager.py:878} INFO - 
================================================================================
DAG File Processing Stats

File Path                  PID    Runtime      # DAGs    # Errors  Last Runtime    Last Run
-------------------------  -----  ---------  --------  ----------  --------------  -------------------
/opt/airflow/dags/main.py                           3           0  0.54s           2026-05-30T06:56:53
================================================================================
[2026-05-30T06:57:48.456+0000] {manager.py:878} INFO - 
================================================================================
DAG File Processing Stats

File Path                  PID    Runtime      # DAGs    # Errors  Last Runtime    Last Run
-------------------------  -----  ---------  --------  ----------  --------------  -------------------
/opt/airflow/dags/main.py                           3           0  0.51s           2026-05-30T06:57:24
================================================================================
[2026-05-30T06:58:18.865+0000] {manager.py:878} INFO - 
================================================================================
DAG File Processing Stats

File Path                  PID    Runtime      # DAGs    # Errors  Last Runtime    Last Run
-------------------------  -----  ---------  --------  ----------  --------------  -------------------
/opt/airflow/dags/main.py                           3           0  0.49s           2026-05-30T06:57:55
================================================================================
[2026-05-30T06:58:49.141+0000] {manager.py:878} INFO - 
================================================================================
DAG File Processing Stats

File Path                  PID    Runtime      # DAGs    # Errors  Last Runtime    Last Run
-------------------------  -----  ---------  --------  ----------  --------------  -------------------
/opt/airflow/dags/main.py                           3           0  0.65s           2026-05-30T06:58:26
================================================================================
[2026-05-30T06:59:19.630+0000] {manager.py:878} INFO - 
================================================================================
DAG File Processing Stats

File Path                  PID    Runtime      # DAGs    # Errors  Last Runtime    Last Run
-------------------------  -----  ---------  --------  ----------  --------------  -------------------
/opt/airflow/dags/main.py                           3           0  0.52s           2026-05-30T06:58:56
================================================================================
[2026-05-30T06:59:32.685+0000] {manager.py:737} INFO - Searching for files in /opt/airflow/dags
[2026-05-30T06:59:33.212+0000] {manager.py:740} INFO - There are 1 files in /opt/airflow/dags
[2026-05-30T06:59:50.459+0000] {manager.py:878} INFO - 
================================================================================
DAG File Processing Stats

File Path                  PID    Runtime      # DAGs    # Errors  Last Runtime    Last Run
-------------------------  -----  ---------  --------  ----------  --------------  -------------------
/opt/airflow/dags/main.py                           3           0  0.56s           2026-05-30T06:59:27
================================================================================
[2026-05-30T07:00:20.765+0000] {manager.py:878} INFO - 
================================================================================
DAG File Processing Stats

File Path                  PID    Runtime      # DAGs    # Errors  Last Runtime    Last Run
-------------------------  -----  ---------  --------  ----------  --------------  -------------------
/opt/airflow/dags/main.py                           3           0  0.40s           2026-05-30T06:59:58
================================================================================
[2026-05-30T07:00:50.901+0000] {manager.py:878} INFO - 
================================================================================
DAG File Processing Stats

File Path                  PID    Runtime      # DAGs    # Errors  Last Runtime    Last Run
-------------------------  -----  ---------  --------  ----------  --------------  -------------------
/opt/airflow/dags/main.py                           3           0  0.43s           2026-05-30T07:00:29
================================================================================
[2026-05-30T07:01:21.793+0000] {manager.py:878} INFO - 
================================================================================
DAG File Processing Stats

File Path                  PID    Runtime      # DAGs    # Errors  Last Runtime    Last Run
-------------------------  -----  ---------  --------  ----------  --------------  -------------------
/opt/airflow/dags/main.py                           3           0  0.60s           2026-05-30T07:01:00
================================================================================
[2026-05-30T07:01:52.153+0000] {manager.py:878} INFO - 
================================================================================
DAG File Processing Stats

File Path                  PID    Runtime      # DAGs    # Errors  Last Runtime    Last Run
-------------------------  -----  ---------  --------  ----------  --------------  -------------------
/opt/airflow/dags/main.py                           3           0  0.45s           2026-05-30T07:01:31
================================================================================
[2026-05-30T07:02:22.537+0000] {manager.py:878} INFO - 
================================================================================
DAG File Processing Stats

File Path                  PID    Runtime      # DAGs    # Errors  Last Runtime    Last Run
-------------------------  -----  ---------  --------  ----------  --------------  -------------------
/opt/airflow/dags/main.py                           3           0  0.61s           2026-05-30T07:02:02
================================================================================
[2026-05-30T07:02:52.950+0000] {manager.py:878} INFO - 
================================================================================
DAG File Processing Stats

File Path                  PID    Runtime      # DAGs    # Errors  Last Runtime    Last Run
-------------------------  -----  ---------  --------  ----------  --------------  -------------------
/opt/airflow/dags/main.py                           3           0  0.46s           2026-05-30T07:02:33
================================================================================
[2026-05-30T07:03:23.300+0000] {manager.py:878} INFO - 
================================================================================
DAG File Processing Stats

File Path                  PID    Runtime      # DAGs    # Errors  Last Runtime    Last Run
-------------------------  -----  ---------  --------  ----------  --------------  -------------------
/opt/airflow/dags/main.py                           3           0  0.53s           2026-05-30T07:03:04
================================================================================
[2026-05-30T07:03:53.672+0000] {manager.py:878} INFO - 
================================================================================
DAG File Processing Stats

File Path                  PID    Runtime      # DAGs    # Errors  Last Runtime    Last Run
-------------------------  -----  ---------  --------  ----------  --------------  -------------------
/opt/airflow/dags/main.py                           3           0  0.42s           2026-05-30T07:03:34
================================================================================
[2026-05-30T07:04:23.996+0000] {manager.py:878} INFO - 
================================================================================
DAG File Processing Stats

File Path                  PID    Runtime      # DAGs    # Errors  Last Runtime    Last Run
-------------------------  -----  ---------  --------  ----------  --------------  -------------------
/opt/airflow/dags/main.py                           3           0  0.52s           2026-05-30T07:04:05
================================================================================
[2026-05-30T07:04:33.113+0000] {manager.py:737} INFO - Searching for files in /opt/airflow/dags
[2026-05-30T07:04:33.959+0000] {manager.py:740} INFO - There are 1 files in /opt/airflow/dags
[2026-05-30T07:04:54.319+0000] {manager.py:878} INFO - 
================================================================================
DAG File Processing Stats

File Path                  PID    Runtime      # DAGs    # Errors  Last Runtime    Last Run
-------------------------  -----  ---------  --------  ----------  --------------  -------------------
/opt/airflow/dags/main.py                           3           0  0.59s           2026-05-30T07:04:36
================================================================================
[2026-05-30T07:05:24.707+0000] {manager.py:878} INFO - 
================================================================================
DAG File Processing Stats

File Path                  PID    Runtime      # DAGs    # Errors  Last Runtime    Last Run
-------------------------  -----  ---------  --------  ----------  --------------  -------------------
/opt/airflow/dags/main.py                           3           0  0.64s           2026-05-30T07:05:07
================================================================================
[2026-05-30T07:05:54.749+0000] {manager.py:878} INFO - 
================================================================================
DAG File Processing Stats

File Path                  PID    Runtime      # DAGs    # Errors  Last Runtime    Last Run
-------------------------  -----  ---------  --------  ----------  --------------  -------------------
/opt/airflow/dags/main.py                           3           0  0.60s           2026-05-30T07:05:38
================================================================================
[2026-05-30T07:06:25.602+0000] {manager.py:878} INFO - 
================================================================================
DAG File Processing Stats

File Path                  PID    Runtime      # DAGs    # Errors  Last Runtime    Last Run
-------------------------  -----  ---------  --------  ----------  --------------  -------------------
/opt/airflow/dags/main.py                           3           0  0.52s           2026-05-30T07:06:09
================================================================================
[2026-05-30T07:06:55.977+0000] {manager.py:878} INFO - 
================================================================================
DAG File Processing Stats

File Path                  PID    Runtime      # DAGs    # Errors  Last Runtime    Last Run
-------------------------  -----  ---------  --------  ----------  --------------  -------------------
/opt/airflow/dags/main.py                           3           0  0.41s           2026-05-30T07:06:40
================================================================================
[2026-05-30T07:07:26.189+0000] {manager.py:878} INFO - 
================================================================================
DAG File Processing Stats

File Path                  PID    Runtime      # DAGs    # Errors  Last Runtime    Last Run
-------------------------  -----  ---------  --------  ----------  --------------  -------------------
/opt/airflow/dags/main.py                           3           0  0.43s           2026-05-30T07:07:10
================================================================================
[2026-05-30T07:07:56.232+0000] {manager.py:878} INFO - 
================================================================================
DAG File Processing Stats

File Path                  PID    Runtime      # DAGs    # Errors  Last Runtime    Last Run
-------------------------  -----  ---------  --------  ----------  --------------  -------------------
/opt/airflow/dags/main.py                           3           0  0.65s           2026-05-30T07:07:42
================================================================================
[2026-05-30T07:08:26.582+0000] {manager.py:878} INFO - 
================================================================================
DAG File Processing Stats

File Path                  PID    Runtime      # DAGs    # Errors  Last Runtime    Last Run
-------------------------  -----  ---------  --------  ----------  --------------  -------------------
/opt/airflow/dags/main.py                           3           0  0.58s           2026-05-30T07:08:12
================================================================================
[2026-05-30T07:08:56.962+0000] {manager.py:878} INFO - 
================================================================================
DAG File Processing Stats

File Path                  PID    Runtime      # DAGs    # Errors  Last Runtime    Last Run
-------------------------  -----  ---------  --------  ----------  --------------  -------------------
/opt/airflow/dags/main.py                           3           0  0.55s           2026-05-30T07:08:43
================================================================================
[2026-05-30T07:09:26.974+0000] {manager.py:878} INFO - 
================================================================================
DAG File Processing Stats

File Path                  PID    Runtime      # DAGs    # Errors  Last Runtime    Last Run
-------------------------  -----  ---------  --------  ----------  --------------  -------------------
/opt/airflow/dags/main.py                           3           0  0.59s           2026-05-30T07:09:14
================================================================================
[2026-05-30T07:09:33.484+0000] {manager.py:737} INFO - Searching for files in /opt/airflow/dags
[2026-05-30T07:09:34.324+0000] {manager.py:740} INFO - There are 1 files in /opt/airflow/dags
[2026-05-30T07:09:57.048+0000] {manager.py:878} INFO - 
================================================================================
DAG File Processing Stats

File Path                  PID    Runtime      # DAGs    # Errors  Last Runtime    Last Run
-------------------------  -----  ---------  --------  ----------  --------------  -------------------
/opt/airflow/dags/main.py                           3           0  0.38s           2026-05-30T07:09:45
================================================================================
[2026-05-30T07:10:27.413+0000] {manager.py:878} INFO - 
================================================================================
DAG File Processing Stats

File Path                  PID    Runtime      # DAGs    # Errors  Last Runtime    Last Run
-------------------------  -----  ---------  --------  ----------  --------------  -------------------
/opt/airflow/dags/main.py                           3           0  0.49s           2026-05-30T07:10:16
================================================================================
[2026-05-30T07:10:57.943+0000] {manager.py:878} INFO - 
================================================================================
DAG File Processing Stats

File Path                  PID    Runtime      # DAGs    # Errors  Last Runtime    Last Run
-------------------------  -----  ---------  --------  ----------  --------------  -------------------
/opt/airflow/dags/main.py                           3           0  0.51s           2026-05-30T07:10:47
================================================================================
[2026-05-30T07:11:28.259+0000] {manager.py:878} INFO - 
================================================================================
DAG File Processing Stats

File Path                  PID    Runtime      # DAGs    # Errors  Last Runtime    Last Run
-------------------------  -----  ---------  --------  ----------  --------------  -------------------
/opt/airflow/dags/main.py                           3           0  0.54s           2026-05-30T07:11:18
================================================================================
[2026-05-30T07:11:58.326+0000] {manager.py:878} INFO - 
================================================================================
DAG File Processing Stats

File Path                  PID    Runtime      # DAGs    # Errors  Last Runtime    Last Run
-------------------------  -----  ---------  --------  ----------  --------------  -------------------
/opt/airflow/dags/main.py                           3           0  0.70s           2026-05-30T07:11:49
================================================================================
[2026-05-30T07:12:28.680+0000] {manager.py:878} INFO - 
================================================================================
DAG File Processing Stats

File Path                  PID    Runtime      # DAGs    # Errors  Last Runtime    Last Run
-------------------------  -----  ---------  --------  ----------  --------------  -------------------
/opt/airflow/dags/main.py                           3           0  0.71s           2026-05-30T07:12:20
================================================================================
[2026-05-30T07:12:59.064+0000] {manager.py:878} INFO - 
================================================================================
DAG File Processing Stats

File Path                  PID    Runtime      # DAGs    # Errors  Last Runtime    Last Run
-------------------------  -----  ---------  --------  ----------  --------------  -------------------
/opt/airflow/dags/main.py                           3           0  0.61s           2026-05-30T07:12:51
================================================================================
[2026-05-30T07:13:29.068+0000] {manager.py:878} INFO - 
================================================================================
DAG File Processing Stats

File Path                  PID    Runtime      # DAGs    # Errors  Last Runtime    Last Run
-------------------------  -----  ---------  --------  ----------  --------------  -------------------
/opt/airflow/dags/main.py                           3           0  0.59s           2026-05-30T07:13:21
================================================================================
[2026-05-30T07:13:59.931+0000] {manager.py:878} INFO - 
================================================================================
DAG File Processing Stats

File Path                  PID    Runtime      # DAGs    # Errors  Last Runtime    Last Run
-------------------------  -----  ---------  --------  ----------  --------------  -------------------
/opt/airflow/dags/main.py                           3           0  0.47s           2026-05-30T07:13:52
================================================================================
[2026-05-30T07:14:30.383+0000] {manager.py:878} INFO - 
================================================================================
DAG File Processing Stats

File Path                  PID    Runtime      # DAGs    # Errors  Last Runtime    Last Run
-------------------------  -----  ---------  --------  ----------  --------------  -------------------
/opt/airflow/dags/main.py                           3           0  0.52s           2026-05-30T07:14:23
================================================================================
[2026-05-30T07:14:33.912+0000] {manager.py:737} INFO - Searching for files in /opt/airflow/dags
[2026-05-30T07:14:34.170+0000] {manager.py:740} INFO - There are 1 files in /opt/airflow/dags
[2026-05-30T07:15:00.763+0000] {manager.py:878} INFO - 
================================================================================
DAG File Processing Stats

File Path                  PID    Runtime      # DAGs    # Errors  Last Runtime    Last Run
-------------------------  -----  ---------  --------  ----------  --------------  -------------------
/opt/airflow/dags/main.py                           3           0  0.67s           2026-05-30T07:14:55
================================================================================
[2026-05-30T07:15:31.120+0000] {manager.py:878} INFO - 
================================================================================
DAG File Processing Stats

File Path                  PID    Runtime      # DAGs    # Errors  Last Runtime    Last Run
-------------------------  -----  ---------  --------  ----------  --------------  -------------------
/opt/airflow/dags/main.py                           3           0  0.62s           2026-05-30T07:15:26
================================================================================
[2026-05-30T07:16:01.566+0000] {manager.py:878} INFO - 
================================================================================
DAG File Processing Stats

File Path                  PID    Runtime      # DAGs    # Errors  Last Runtime    Last Run
-------------------------  -----  ---------  --------  ----------  --------------  -------------------
/opt/airflow/dags/main.py                           3           0  0.56s           2026-05-30T07:15:56
================================================================================
[2026-05-30T07:16:31.912+0000] {manager.py:878} INFO - 
================================================================================
DAG File Processing Stats

File Path                  PID    Runtime      # DAGs    # Errors  Last Runtime    Last Run
-------------------------  -----  ---------  --------  ----------  --------------  -------------------
/opt/airflow/dags/main.py                           3           0  0.56s           2026-05-30T07:16:27
================================================================================
[2026-05-30T07:17:02.397+0000] {manager.py:878} INFO - 
================================================================================
DAG File Processing Stats

File Path                  PID    Runtime      # DAGs    # Errors  Last Runtime    Last Run
-------------------------  -----  ---------  --------  ----------  --------------  -------------------
/opt/airflow/dags/main.py                           3           0  0.48s           2026-05-30T07:16:58
================================================================================
[2026-05-30T07:17:32.640+0000] {manager.py:878} INFO - 
================================================================================
DAG File Processing Stats

File Path                  PID    Runtime      # DAGs    # Errors  Last Runtime    Last Run
-------------------------  -----  ---------  --------  ----------  --------------  -------------------
/opt/airflow/dags/main.py                           3           0  0.41s           2026-05-30T07:17:29
================================================================================
[2026-05-30T07:18:03.047+0000] {manager.py:878} INFO - 
================================================================================
DAG File Processing Stats

File Path                  PID    Runtime      # DAGs    # Errors  Last Runtime    Last Run
-------------------------  -----  ---------  --------  ----------  --------------  -------------------
/opt/airflow/dags/main.py                           3           0  0.61s           2026-05-30T07:18:00
================================================================================
[2026-05-30T07:18:33.397+0000] {manager.py:878} INFO - 
================================================================================
DAG File Processing Stats

File Path                  PID    Runtime      # DAGs    # Errors  Last Runtime    Last Run
-------------------------  -----  ---------  --------  ----------  --------------  -------------------
/opt/airflow/dags/main.py                           3           0  0.56s           2026-05-30T07:18:31
================================================================================
[2026-05-30T07:19:03.851+0000] {manager.py:878} INFO - 
================================================================================
DAG File Processing Stats

File Path                  PID    Runtime      # DAGs    # Errors  Last Runtime    Last Run
-------------------------  -----  ---------  --------  ----------  --------------  -------------------
/opt/airflow/dags/main.py                           3           0  0.45s           2026-05-30T07:19:02
================================================================================
[2026-05-30T07:19:34.135+0000] {manager.py:737} INFO - Searching for files in /opt/airflow/dags
[2026-05-30T07:19:34.440+0000] {manager.py:740} INFO - There are 1 files in /opt/airflow/dags
[2026-05-30T07:19:34.459+0000] {manager.py:878} INFO - 
================================================================================
DAG File Processing Stats

File Path                  PID    Runtime      # DAGs    # Errors  Last Runtime    Last Run
-------------------------  -----  ---------  --------  ----------  --------------  -------------------
/opt/airflow/dags/main.py                           3           0  0.62s           2026-05-30T07:19:33
================================================================================
[2026-05-30T07:20:04.884+0000] {manager.py:878} INFO - 
================================================================================
DAG File Processing Stats

File Path                  PID    Runtime      # DAGs    # Errors  Last Runtime    Last Run
-------------------------  -----  ---------  --------  ----------  --------------  -------------------
/opt/airflow/dags/main.py                           3           0  0.52s           2026-05-30T07:20:04
================================================================================
[2026-05-30T07:20:35.168+0000] {manager.py:878} INFO - 
================================================================================
DAG File Processing Stats

File Path                    PID  Runtime      # DAGs    # Errors  Last Runtime    Last Run
-------------------------  -----  ---------  --------  ----------  --------------  -------------------
/opt/airflow/dags/main.py    813  0.45s             3           0  0.52s           2026-05-30T07:20:04
================================================================================
[2026-05-30T07:21:05.560+0000] {manager.py:878} INFO - 
================================================================================
DAG File Processing Stats

File Path                    PID  Runtime      # DAGs    # Errors  Last Runtime    Last Run
-------------------------  -----  ---------  --------  ----------  --------------  -------------------
/opt/airflow/dags/main.py    820  0.01s             3           0  0.56s           2026-05-30T07:20:35
================================================================================
[2026-05-30T07:21:35.967+0000] {manager.py:878} INFO - 
================================================================================
DAG File Processing Stats

File Path                  PID    Runtime      # DAGs    # Errors  Last Runtime    Last Run
-------------------------  -----  ---------  --------  ----------  --------------  -------------------
/opt/airflow/dags/main.py                           3           0  0.57s           2026-05-30T07:21:06
================================================================================
[2026-05-30T07:22:06.329+0000] {manager.py:878} INFO - 
================================================================================
DAG File Processing Stats

File Path                  PID    Runtime      # DAGs    # Errors  Last Runtime    Last Run
-------------------------  -----  ---------  --------  ----------  --------------  -------------------
/opt/airflow/dags/main.py                           3           0  0.59s           2026-05-30T07:21:37
================================================================================
[2026-05-30T07:22:36.777+0000] {manager.py:878} INFO - 
================================================================================
DAG File Processing Stats

File Path                  PID    Runtime      # DAGs    # Errors  Last Runtime    Last Run
-------------------------  -----  ---------  --------  ----------  --------------  -------------------
/opt/airflow/dags/main.py                           3           0  0.59s           2026-05-30T07:22:07
================================================================================
[2026-05-30T07:23:07.140+0000] {manager.py:878} INFO - 
================================================================================
DAG File Processing Stats

File Path                  PID    Runtime      # DAGs    # Errors  Last Runtime    Last Run
-------------------------  -----  ---------  --------  ----------  --------------  -------------------
/opt/airflow/dags/main.py                           3           0  0.51s           2026-05-30T07:22:38
================================================================================
[2026-05-30T07:23:37.566+0000] {manager.py:878} INFO - 
================================================================================
DAG File Processing Stats

File Path                  PID    Runtime      # DAGs    # Errors  Last Runtime    Last Run
-------------------------  -----  ---------  --------  ----------  --------------  -------------------
/opt/airflow/dags/main.py                           3           0  0.48s           2026-05-30T07:23:09
================================================================================
[2026-05-30T07:24:07.923+0000] {manager.py:878} INFO - 
================================================================================
DAG File Processing Stats

File Path                  PID    Runtime      # DAGs    # Errors  Last Runtime    Last Run
-------------------------  -----  ---------  --------  ----------  --------------  -------------------
/opt/airflow/dags/main.py                           3           0  0.52s           2026-05-30T07:23:40
================================================================================
[2026-05-30T07:24:34.748+0000] {manager.py:737} INFO - Searching for files in /opt/airflow/dags
[2026-05-30T07:24:35.354+0000] {manager.py:740} INFO - There are 1 files in /opt/airflow/dags
[2026-05-30T07:24:38.430+0000] {manager.py:878} INFO - 
================================================================================
DAG File Processing Stats

File Path                  PID    Runtime      # DAGs    # Errors  Last Runtime    Last Run
-------------------------  -----  ---------  --------  ----------  --------------  -------------------
/opt/airflow/dags/main.py                           3           0  0.46s           2026-05-30T07:24:11
================================================================================
[2026-05-30T07:25:08.797+0000] {manager.py:878} INFO - 
================================================================================
DAG File Processing Stats

File Path                  PID    Runtime      # DAGs    # Errors  Last Runtime    Last Run
-------------------------  -----  ---------  --------  ----------  --------------  -------------------
/opt/airflow/dags/main.py                           3           0  0.46s           2026-05-30T07:24:41
================================================================================
[2026-05-30T07:25:39.168+0000] {manager.py:878} INFO - 
================================================================================
DAG File Processing Stats

File Path                  PID    Runtime      # DAGs    # Errors  Last Runtime    Last Run
-------------------------  -----  ---------  --------  ----------  --------------  -------------------
/opt/airflow/dags/main.py                           3           0  0.62s           2026-05-30T07:25:12
================================================================================
[2026-05-30T07:26:09.546+0000] {manager.py:878} INFO - 
================================================================================
DAG File Processing Stats

File Path                  PID    Runtime      # DAGs    # Errors  Last Runtime    Last Run
-------------------------  -----  ---------  --------  ----------  --------------  -------------------
/opt/airflow/dags/main.py                           3           0  0.44s           2026-05-30T07:25:43
================================================================================
[2026-05-30T07:26:39.943+0000] {manager.py:878} INFO - 
================================================================================
DAG File Processing Stats

File Path                  PID    Runtime      # DAGs    # Errors  Last Runtime    Last Run
-------------------------  -----  ---------  --------  ----------  --------------  -------------------
/opt/airflow/dags/main.py                           3           0  0.59s           2026-05-30T07:26:14
================================================================================
[2026-05-30T07:27:10.712+0000] {manager.py:878} INFO - 
================================================================================
DAG File Processing Stats

File Path                  PID    Runtime      # DAGs    # Errors  Last Runtime    Last Run
-------------------------  -----  ---------  --------  ----------  --------------  -------------------
/opt/airflow/dags/main.py                           3           0  0.50s           2026-05-30T07:26:45
================================================================================
[2026-05-30T07:27:41.123+0000] {manager.py:878} INFO - 
================================================================================
DAG File Processing Stats

File Path                  PID    Runtime      # DAGs    # Errors  Last Runtime    Last Run
-------------------------  -----  ---------  --------  ----------  --------------  -------------------
/opt/airflow/dags/main.py                           3           0  0.50s           2026-05-30T07:27:16
================================================================================
[2026-05-30T07:28:11.341+0000] {manager.py:878} INFO - 
================================================================================
DAG File Processing Stats

File Path                  PID    Runtime      # DAGs    # Errors  Last Runtime    Last Run
-------------------------  -----  ---------  --------  ----------  --------------  -------------------
/opt/airflow/dags/main.py                           3           0  0.46s           2026-05-30T07:27:47
================================================================================
[2026-05-30T07:28:42.171+0000] {manager.py:878} INFO - 
================================================================================
DAG File Processing Stats

File Path                  PID    Runtime      # DAGs    # Errors  Last Runtime    Last Run
-------------------------  -----  ---------  --------  ----------  --------------  -------------------
/opt/airflow/dags/main.py                           3           0  0.63s           2026-05-30T07:28:18
================================================================================
[2026-05-30T07:29:12.287+0000] {manager.py:878} INFO - 
================================================================================
DAG File Processing Stats

File Path                  PID    Runtime      # DAGs    # Errors  Last Runtime    Last Run
-------------------------  -----  ---------  --------  ----------  --------------  -------------------
/opt/airflow/dags/main.py                           3           0  0.70s           2026-05-30T07:28:48
================================================================================
[2026-05-30T07:29:34.914+0000] {manager.py:737} INFO - Searching for files in /opt/airflow/dags
[2026-05-30T07:29:35.663+0000] {manager.py:740} INFO - There are 1 files in /opt/airflow/dags
[2026-05-30T07:29:42.792+0000] {manager.py:878} INFO - 
================================================================================
DAG File Processing Stats

File Path                  PID    Runtime      # DAGs    # Errors  Last Runtime    Last Run
-------------------------  -----  ---------  --------  ----------  --------------  -------------------
/opt/airflow/dags/main.py                           3           0  0.64s           2026-05-30T07:29:20
================================================================================
[2026-05-30T07:30:12.838+0000] {manager.py:878} INFO - 
================================================================================
DAG File Processing Stats

File Path                  PID    Runtime      # DAGs    # Errors  Last Runtime    Last Run
-------------------------  -----  ---------  --------  ----------  --------------  -------------------
/opt/airflow/dags/main.py                           3           0  0.65s           2026-05-30T07:29:51
================================================================================
[2026-05-30T07:30:43.550+0000] {manager.py:878} INFO - 
================================================================================
DAG File Processing Stats

File Path                  PID    Runtime      # DAGs    # Errors  Last Runtime    Last Run
-------------------------  -----  ---------  --------  ----------  --------------  -------------------
/opt/airflow/dags/main.py                           3           0  0.54s           2026-05-30T07:30:22
================================================================================
[2026-05-30T07:31:14.102+0000] {manager.py:878} INFO - 
================================================================================
DAG File Processing Stats

File Path                  PID    Runtime      # DAGs    # Errors  Last Runtime    Last Run
-------------------------  -----  ---------  --------  ----------  --------------  -------------------
/opt/airflow/dags/main.py                           3           0  0.52s           2026-05-30T07:30:53
================================================================================
[2026-05-30T07:31:44.399+0000] {manager.py:878} INFO - 
================================================================================
DAG File Processing Stats

File Path                  PID    Runtime      # DAGs    # Errors  Last Runtime    Last Run
-------------------------  -----  ---------  --------  ----------  --------------  -------------------
/opt/airflow/dags/main.py                           3           0  0.63s           2026-05-30T07:31:24
================================================================================
[2026-05-30T07:32:15.118+0000] {manager.py:878} INFO - 
================================================================================
DAG File Processing Stats

File Path                  PID    Runtime      # DAGs    # Errors  Last Runtime    Last Run
-------------------------  -----  ---------  --------  ----------  --------------  -------------------
/opt/airflow/dags/main.py                           3           0  0.54s           2026-05-30T07:31:55
================================================================================
[2026-05-30T07:32:45.270+0000] {manager.py:878} INFO - 
================================================================================
DAG File Processing Stats

File Path                  PID    Runtime      # DAGs    # Errors  Last Runtime    Last Run
-------------------------  -----  ---------  --------  ----------  --------------  -------------------
/opt/airflow/dags/main.py                           3           0  0.66s           2026-05-30T07:32:30
================================================================================
[2026-05-30T07:33:15.814+0000] {manager.py:878} INFO - 
================================================================================
DAG File Processing Stats

File Path                  PID    Runtime      # DAGs    # Errors  Last Runtime    Last Run
-------------------------  -----  ---------  --------  ----------  --------------  -------------------
/opt/airflow/dags/main.py                           3           0  0.41s           2026-05-30T07:33:00
================================================================================
[2026-05-30T07:51:43.380+0000] {manager.py:737} INFO - Searching for files in /opt/airflow/dags
[2026-05-30T07:51:44.930+0000] {manager.py:740} INFO - There are 1 files in /opt/airflow/dags
[2026-05-30T07:51:48.385+0000] {manager.py:878} INFO - 
================================================================================
DAG File Processing Stats

File Path                  PID    Runtime      # DAGs    # Errors  Last Runtime    Last Run
-------------------------  -----  ---------  --------  ----------  --------------  -------------------
/opt/airflow/dags/main.py                           0           1  1.85s           2026-05-30T07:51:47
================================================================================
[2026-05-30T07:52:18.751+0000] {manager.py:878} INFO - 
================================================================================
DAG File Processing Stats

File Path                  PID    Runtime      # DAGs    # Errors  Last Runtime    Last Run
-------------------------  -----  ---------  --------  ----------  --------------  -------------------
/opt/airflow/dags/main.py                           0           1  0.39s           2026-05-30T07:52:18
================================================================================
[2026-05-30T07:52:49.426+0000] {manager.py:878} INFO - 
================================================================================
DAG File Processing Stats

File Path                  PID    Runtime      # DAGs    # Errors  Last Runtime    Last Run
-------------------------  -----  ---------  --------  ----------  --------------  -------------------
/opt/airflow/dags/main.py                           0           1  0.27s           2026-05-30T07:52:48
================================================================================
[2026-05-30T07:53:19.900+0000] {manager.py:878} INFO - 
================================================================================
DAG File Processing Stats

File Path                  PID    Runtime      # DAGs    # Errors  Last Runtime    Last Run
-------------------------  -----  ---------  --------  ----------  --------------  -------------------
/opt/airflow/dags/main.py                           0           1  0.38s           2026-05-30T07:53:19
================================================================================
[2026-05-30T07:53:49.946+0000] {manager.py:878} INFO - 
================================================================================
DAG File Processing Stats

File Path                  PID    Runtime      # DAGs    # Errors  Last Runtime    Last Run
-------------------------  -----  ---------  --------  ----------  --------------  -------------------
/opt/airflow/dags/main.py                           3           0  0.67s           2026-05-30T07:53:37
================================================================================
[2026-05-30T07:54:20.285+0000] {manager.py:878} INFO - 
================================================================================
DAG File Processing Stats

File Path                  PID    Runtime      # DAGs    # Errors  Last Runtime    Last Run
-------------------------  -----  ---------  --------  ----------  --------------  -------------------
/opt/airflow/dags/main.py                           3           0  0.56s           2026-05-30T07:54:08
================================================================================
[2026-05-30T07:54:50.892+0000] {manager.py:878} INFO - 
================================================================================
DAG File Processing Stats

File Path                  PID    Runtime      # DAGs    # Errors  Last Runtime    Last Run
-------------------------  -----  ---------  --------  ----------  --------------  -------------------
/opt/airflow/dags/main.py                           3           0  0.61s           2026-05-30T07:54:39
================================================================================
[2026-05-30T07:55:21.166+0000] {manager.py:878} INFO - 
================================================================================
DAG File Processing Stats

File Path                  PID    Runtime      # DAGs    # Errors  Last Runtime    Last Run
-------------------------  -----  ---------  --------  ----------  --------------  -------------------
/opt/airflow/dags/main.py                           3           0  0.56s           2026-05-30T07:55:10
================================================================================
[2026-05-30T07:55:51.593+0000] {manager.py:878} INFO - 
================================================================================
DAG File Processing Stats

File Path                  PID    Runtime      # DAGs    # Errors  Last Runtime    Last Run
-------------------------  -----  ---------  --------  ----------  --------------  -------------------
/opt/airflow/dags/main.py                           3           0  0.63s           2026-05-30T07:55:43
================================================================================
[2026-05-30T07:56:22.317+0000] {manager.py:878} INFO - 
================================================================================
DAG File Processing Stats

File Path                  PID    Runtime      # DAGs    # Errors  Last Runtime    Last Run
-------------------------  -----  ---------  --------  ----------  --------------  -------------------
/opt/airflow/dags/main.py                           3           0  0.42s           2026-05-30T07:56:14
================================================================================
[2026-05-30T07:56:43.661+0000] {manager.py:737} INFO - Searching for files in /opt/airflow/dags
[2026-05-30T07:56:44.132+0000] {manager.py:740} INFO - There are 1 files in /opt/airflow/dags
[2026-05-30T07:56:52.386+0000] {manager.py:878} INFO - 
================================================================================
DAG File Processing Stats

File Path                  PID    Runtime      # DAGs    # Errors  Last Runtime    Last Run
-------------------------  -----  ---------  --------  ----------  --------------  -------------------
/opt/airflow/dags/main.py                           3           0  0.67s           2026-05-30T07:56:37
================================================================================
[2026-05-30T07:57:22.406+0000] {manager.py:878} INFO - 
================================================================================
DAG File Processing Stats

File Path                  PID    Runtime      # DAGs    # Errors  Last Runtime    Last Run
-------------------------  -----  ---------  --------  ----------  --------------  -------------------
/opt/airflow/dags/main.py                           3           0  0.63s           2026-05-30T07:57:17
================================================================================
[2026-05-30T07:57:52.740+0000] {manager.py:878} INFO - 
================================================================================
DAG File Processing Stats

File Path                  PID    Runtime      # DAGs    # Errors  Last Runtime    Last Run
-------------------------  -----  ---------  --------  ----------  --------------  -------------------
/opt/airflow/dags/main.py                           3           0  0.73s           2026-05-30T07:57:45
================================================================================
[2026-05-30T07:58:23.229+0000] {manager.py:878} INFO - 
================================================================================
DAG File Processing Stats

File Path                  PID    Runtime      # DAGs    # Errors  Last Runtime    Last Run
-------------------------  -----  ---------  --------  ----------  --------------  -------------------
/opt/airflow/dags/main.py                           3           0  0.67s           2026-05-30T07:58:15
================================================================================
[2026-05-30T07:58:53.259+0000] {manager.py:878} INFO - 
================================================================================
DAG File Processing Stats

File Path                  PID    Runtime      # DAGs    # Errors  Last Runtime    Last Run
-------------------------  -----  ---------  --------  ----------  --------------  -------------------
/opt/airflow/dags/main.py                           3           0  0.54s           2026-05-30T07:58:48
================================================================================
[2026-05-30T07:59:23.542+0000] {manager.py:878} INFO - 
================================================================================
DAG File Processing Stats

File Path                  PID    Runtime      # DAGs    # Errors  Last Runtime    Last Run
-------------------------  -----  ---------  --------  ----------  --------------  -------------------
/opt/airflow/dags/main.py                           3           0  0.51s           2026-05-30T07:59:19
================================================================================
[2026-05-30T07:59:53.911+0000] {manager.py:878} INFO - 
================================================================================
DAG File Processing Stats

File Path                  PID    Runtime      # DAGs    # Errors  Last Runtime    Last Run
-------------------------  -----  ---------  --------  ----------  --------------  -------------------
/opt/airflow/dags/main.py                           3           0  0.43s           2026-05-30T07:59:50
================================================================================
[2026-05-30T08:00:23.975+0000] {manager.py:878} INFO - 
================================================================================
DAG File Processing Stats

File Path                  PID    Runtime      # DAGs    # Errors  Last Runtime    Last Run
-------------------------  -----  ---------  --------  ----------  --------------  -------------------
/opt/airflow/dags/main.py                           3           0  0.46s           2026-05-30T08:00:20
================================================================================
[2026-05-30T08:00:54.846+0000] {manager.py:878} INFO - 
================================================================================
DAG File Processing Stats

File Path                  PID    Runtime      # DAGs    # Errors  Last Runtime    Last Run
-------------------------  -----  ---------  --------  ----------  --------------  -------------------
/opt/airflow/dags/main.py                           3           0  0.61s           2026-05-30T08:00:51
================================================================================
[2026-05-30T08:01:25.216+0000] {manager.py:878} INFO - 
================================================================================
DAG File Processing Stats

File Path                  PID    Runtime      # DAGs    # Errors  Last Runtime    Last Run
-------------------------  -----  ---------  --------  ----------  --------------  -------------------
/opt/airflow/dags/main.py                           3           0  0.45s           2026-05-30T08:01:22
================================================================================
[2026-05-30T08:01:43.822+0000] {manager.py:737} INFO - Searching for files in /opt/airflow/dags
[2026-05-30T08:01:44.087+0000] {manager.py:740} INFO - There are 1 files in /opt/airflow/dags
[2026-05-30T08:01:55.560+0000] {manager.py:878} INFO - 
================================================================================
DAG File Processing Stats

File Path                  PID    Runtime      # DAGs    # Errors  Last Runtime    Last Run
-------------------------  -----  ---------  --------  ----------  --------------  -------------------
/opt/airflow/dags/main.py                           3           0  0.34s           2026-05-30T08:01:53
================================================================================
[2026-05-30T08:02:25.902+0000] {manager.py:878} INFO - 
================================================================================
DAG File Processing Stats

File Path                  PID    Runtime      # DAGs    # Errors  Last Runtime    Last Run
-------------------------  -----  ---------  --------  ----------  --------------  -------------------
/opt/airflow/dags/main.py                           3           0  0.42s           2026-05-30T08:02:24
================================================================================
[2026-05-30T08:02:56.160+0000] {manager.py:878} INFO - 
================================================================================
DAG File Processing Stats

File Path                  PID    Runtime      # DAGs    # Errors  Last Runtime    Last Run
-------------------------  -----  ---------  --------  ----------  --------------  -------------------
/opt/airflow/dags/main.py                           3           0  0.78s           2026-05-30T08:02:55
================================================================================
[2026-05-30T08:03:26.256+0000] {manager.py:878} INFO - 
================================================================================
DAG File Processing Stats

File Path                  PID    Runtime      # DAGs    # Errors  Last Runtime    Last Run
-------------------------  -----  ---------  --------  ----------  --------------  -------------------
/opt/airflow/dags/main.py                           3           0  0.70s           2026-05-30T08:03:26
================================================================================
[2026-05-30T08:03:56.575+0000] {manager.py:878} INFO - 
================================================================================
DAG File Processing Stats

File Path                    PID  Runtime      # DAGs    # Errors  Last Runtime    Last Run
-------------------------  -----  ---------  --------  ----------  --------------  -------------------
/opt/airflow/dags/main.py   1177  0.01s             3           0  0.70s           2026-05-30T08:03:26
================================================================================
[2026-05-30T08:04:26.905+0000] {manager.py:878} INFO - 
================================================================================
DAG File Processing Stats

File Path                  PID    Runtime      # DAGs    # Errors  Last Runtime    Last Run
-------------------------  -----  ---------  --------  ----------  --------------  -------------------
/opt/airflow/dags/main.py                           3           0  0.41s           2026-05-30T08:03:56
================================================================================
[2026-05-30T08:04:57.247+0000] {manager.py:878} INFO - 
================================================================================
DAG File Processing Stats

File Path                  PID    Runtime      # DAGs    # Errors  Last Runtime    Last Run
-------------------------  -----  ---------  --------  ----------  --------------  -------------------
/opt/airflow/dags/main.py                           3           0  0.60s           2026-05-30T08:04:27
================================================================================
[2026-05-30T08:05:27.663+0000] {manager.py:878} INFO - 
================================================================================
DAG File Processing Stats

File Path                  PID    Runtime      # DAGs    # Errors  Last Runtime    Last Run
-------------------------  -----  ---------  --------  ----------  --------------  -------------------
/opt/airflow/dags/main.py                           3           0  0.39s           2026-05-30T08:04:58
================================================================================
[2026-05-30T08:05:58.418+0000] {manager.py:878} INFO - 
================================================================================
DAG File Processing Stats

File Path                  PID    Runtime      # DAGs    # Errors  Last Runtime    Last Run
-------------------------  -----  ---------  --------  ----------  --------------  -------------------
/opt/airflow/dags/main.py                           3           0  0.47s           2026-05-30T08:05:29
================================================================================
[2026-05-30T08:06:28.885+0000] {manager.py:878} INFO - 
================================================================================
DAG File Processing Stats

File Path                  PID    Runtime      # DAGs    # Errors  Last Runtime    Last Run
-------------------------  -----  ---------  --------  ----------  --------------  -------------------
/opt/airflow/dags/main.py                           3           0  0.38s           2026-05-30T08:05:59
================================================================================
[2026-05-30T08:06:44.332+0000] {manager.py:737} INFO - Searching for files in /opt/airflow/dags
[2026-05-30T08:06:44.944+0000] {manager.py:740} INFO - There are 1 files in /opt/airflow/dags
[2026-05-30T08:06:59.159+0000] {manager.py:878} INFO - 
================================================================================
DAG File Processing Stats

File Path                  PID    Runtime      # DAGs    # Errors  Last Runtime    Last Run
-------------------------  -----  ---------  --------  ----------  --------------  -------------------
/opt/airflow/dags/main.py                           3           0  0.57s           2026-05-30T08:06:30
================================================================================
[2026-05-30T08:07:29.610+0000] {manager.py:878} INFO - 
================================================================================
DAG File Processing Stats

File Path                  PID    Runtime      # DAGs    # Errors  Last Runtime    Last Run
-------------------------  -----  ---------  --------  ----------  --------------  -------------------
/opt/airflow/dags/main.py                           3           0  0.58s           2026-05-30T08:07:01
================================================================================
[2026-05-30T08:08:00.002+0000] {manager.py:878} INFO - 
================================================================================
DAG File Processing Stats

File Path                  PID    Runtime      # DAGs    # Errors  Last Runtime    Last Run
-------------------------  -----  ---------  --------  ----------  --------------  -------------------
/opt/airflow/dags/main.py                           3           0  0.57s           2026-05-30T08:07:32
================================================================================
[2026-05-30T08:08:30.453+0000] {manager.py:878} INFO - 
================================================================================
DAG File Processing Stats

File Path                  PID    Runtime      # DAGs    # Errors  Last Runtime    Last Run
-------------------------  -----  ---------  --------  ----------  --------------  -------------------
/opt/airflow/dags/main.py                           3           0  0.52s           2026-05-30T08:08:03
================================================================================
[2026-05-30T08:09:00.850+0000] {manager.py:878} INFO - 
================================================================================
DAG File Processing Stats

File Path                  PID    Runtime      # DAGs    # Errors  Last Runtime    Last Run
-------------------------  -----  ---------  --------  ----------  --------------  -------------------
/opt/airflow/dags/main.py                           3           0  0.65s           2026-05-30T08:08:34
================================================================================
[2026-05-30T08:09:31.329+0000] {manager.py:878} INFO - 
================================================================================
DAG File Processing Stats

File Path                  PID    Runtime      # DAGs    # Errors  Last Runtime    Last Run
-------------------------  -----  ---------  --------  ----------  --------------  -------------------
/opt/airflow/dags/main.py                           3           0  0.48s           2026-05-30T08:09:05
================================================================================
[2026-05-30T08:10:01.514+0000] {manager.py:878} INFO - 
================================================================================
DAG File Processing Stats

File Path                  PID    Runtime      # DAGs    # Errors  Last Runtime    Last Run
-------------------------  -----  ---------  --------  ----------  --------------  -------------------
/opt/airflow/dags/main.py                           3           0  0.42s           2026-05-30T08:09:36
================================================================================
[2026-05-30T08:10:31.918+0000] {manager.py:878} INFO - 
================================================================================
DAG File Processing Stats

File Path                  PID    Runtime      # DAGs    # Errors  Last Runtime    Last Run
-------------------------  -----  ---------  --------  ----------  --------------  -------------------
/opt/airflow/dags/main.py                           3           0  0.45s           2026-05-30T08:10:07
================================================================================
[2026-05-30T08:11:02.317+0000] {manager.py:878} INFO - 
================================================================================
DAG File Processing Stats

File Path                  PID    Runtime      # DAGs    # Errors  Last Runtime    Last Run
-------------------------  -----  ---------  --------  ----------  --------------  -------------------
/opt/airflow/dags/main.py                           3           0  0.62s           2026-05-30T08:10:38
================================================================================
[2026-05-30T08:11:32.405+0000] {manager.py:878} INFO - 
================================================================================
DAG File Processing Stats

File Path                  PID    Runtime      # DAGs    # Errors  Last Runtime    Last Run
-------------------------  -----  ---------  --------  ----------  --------------  -------------------
/opt/airflow/dags/main.py                           3           0  0.66s           2026-05-30T08:11:09
================================================================================
[2026-05-30T08:11:44.912+0000] {manager.py:737} INFO - Searching for files in /opt/airflow/dags
[2026-05-30T08:11:45.538+0000] {manager.py:740} INFO - There are 1 files in /opt/airflow/dags
[2026-05-30T08:12:02.787+0000] {manager.py:878} INFO - 
================================================================================
DAG File Processing Stats

File Path                  PID    Runtime      # DAGs    # Errors  Last Runtime    Last Run
-------------------------  -----  ---------  --------  ----------  --------------  -------------------
/opt/airflow/dags/main.py                           3           0  0.39s           2026-05-30T08:11:39
================================================================================
[2026-05-30T08:12:32.818+0000] {manager.py:878} INFO - 
================================================================================
DAG File Processing Stats

File Path                  PID    Runtime      # DAGs    # Errors  Last Runtime    Last Run
-------------------------  -----  ---------  --------  ----------  --------------  -------------------
/opt/airflow/dags/main.py                           3           0  0.63s           2026-05-30T08:12:11
================================================================================
[2026-05-30T08:13:02.947+0000] {manager.py:878} INFO - 
================================================================================
DAG File Processing Stats

File Path                  PID    Runtime      # DAGs    # Errors  Last Runtime    Last Run
-------------------------  -----  ---------  --------  ----------  --------------  -------------------
/opt/airflow/dags/main.py                           3           0  0.71s           2026-05-30T08:12:42
================================================================================
[2026-05-30T08:13:33.324+0000] {manager.py:878} INFO - 
================================================================================
DAG File Processing Stats

File Path                  PID    Runtime      # DAGs    # Errors  Last Runtime    Last Run
-------------------------  -----  ---------  --------  ----------  --------------  -------------------
/opt/airflow/dags/main.py                           3           0  0.68s           2026-05-30T08:13:13
================================================================================
[2026-05-30T08:14:04.057+0000] {manager.py:878} INFO - 
================================================================================
DAG File Processing Stats

File Path                  PID    Runtime      # DAGs    # Errors  Last Runtime    Last Run
-------------------------  -----  ---------  --------  ----------  --------------  -------------------
/opt/airflow/dags/main.py                           3           0  0.43s           2026-05-30T08:13:43
================================================================================
[2026-05-30T08:14:34.506+0000] {manager.py:878} INFO - 
================================================================================
DAG File Processing Stats

File Path                  PID    Runtime      # DAGs    # Errors  Last Runtime    Last Run
-------------------------  -----  ---------  --------  ----------  --------------  -------------------
/opt/airflow/dags/main.py                           3           0  0.55s           2026-05-30T08:14:14
================================================================================
[2026-05-30T08:15:04.875+0000] {manager.py:878} INFO - 
================================================================================
DAG File Processing Stats

File Path                  PID    Runtime      # DAGs    # Errors  Last Runtime    Last Run
-------------------------  -----  ---------  --------  ----------  --------------  -------------------
/opt/airflow/dags/main.py                           3           0  0.67s           2026-05-30T08:14:45
================================================================================
[2026-05-30T08:15:35.457+0000] {manager.py:878} INFO - 
================================================================================
DAG File Processing Stats

File Path                  PID    Runtime      # DAGs    # Errors  Last Runtime    Last Run
-------------------------  -----  ---------  --------  ----------  --------------  -------------------
/opt/airflow/dags/main.py                           3           0  0.57s           2026-05-30T08:15:16
================================================================================
[2026-05-30T08:16:05.870+0000] {manager.py:878} INFO - 
================================================================================
DAG File Processing Stats

File Path                  PID    Runtime      # DAGs    # Errors  Last Runtime    Last Run
-------------------------  -----  ---------  --------  ----------  --------------  -------------------
/opt/airflow/dags/main.py                           3           0  0.62s           2026-05-30T08:15:47
================================================================================
[2026-05-30T08:16:36.315+0000] {manager.py:878} INFO - 
================================================================================
DAG File Processing Stats

File Path                  PID    Runtime      # DAGs    # Errors  Last Runtime    Last Run
-------------------------  -----  ---------  --------  ----------  --------------  -------------------
/opt/airflow/dags/main.py                           3           0  0.53s           2026-05-30T08:16:18
================================================================================
[2026-05-30T08:16:45.396+0000] {manager.py:737} INFO - Searching for files in /opt/airflow/dags
[2026-05-30T08:16:45.929+0000] {manager.py:740} INFO - There are 1 files in /opt/airflow/dags
[2026-05-30T08:17:06.636+0000] {manager.py:878} INFO - 
================================================================================
DAG File Processing Stats

File Path                  PID    Runtime      # DAGs    # Errors  Last Runtime    Last Run
-------------------------  -----  ---------  --------  ----------  --------------  -------------------
/opt/airflow/dags/main.py                           3           0  0.45s           2026-05-30T08:16:49
================================================================================
[2026-05-30T08:17:36.939+0000] {manager.py:878} INFO - 
================================================================================
DAG File Processing Stats

File Path                  PID    Runtime      # DAGs    # Errors  Last Runtime    Last Run
-------------------------  -----  ---------  --------  ----------  --------------  -------------------
/opt/airflow/dags/main.py                           3           0  0.46s           2026-05-30T08:17:20
================================================================================
