[2026-05-27T00:00:09.871+0000] {processor.py:161} INFO - Started process (PID=402) to work on /opt/airflow/dags/main.py
[2026-05-27T00:00:09.874+0000] {processor.py:830} INFO - Processing file /opt/airflow/dags/main.py for tasks to queue
[2026-05-27T00:00:09.879+0000] {logging_mixin.py:188} INFO - [2026-05-27T00:00:09.877+0000] {dagbag.py:545} INFO - Filling up the DagBag from /opt/airflow/dags/main.py
[2026-05-27T00:00:10.116+0000] {processor.py:840} INFO - DAG(s) 'produce_json', 'update_db' retrieved from /opt/airflow/dags/main.py
[2026-05-27T00:00:10.198+0000] {logging_mixin.py:188} INFO - [2026-05-27T00:00:10.197+0000] {dag.py:3096} INFO - Sync 2 DAGs
[2026-05-27T00:00:10.226+0000] {logging_mixin.py:188} INFO - [2026-05-27T00:00:10.226+0000] {dag.py:3954} INFO - Setting next_dagrun for produce_json to 2026-05-25 11:00:00+00:00, run_after=2026-05-26 11:00:00+00:00
[2026-05-27T00:00:10.233+0000] {logging_mixin.py:188} INFO - [2026-05-27T00:00:10.233+0000] {dag.py:3954} INFO - Setting next_dagrun for update_db to 2026-05-25 12:00:00+00:00, run_after=2026-05-26 12:00:00+00:00
[2026-05-27T00:00:10.259+0000] {processor.py:183} INFO - Processing /opt/airflow/dags/main.py took 0.420 seconds
[2026-05-27T00:00:40.704+0000] {processor.py:161} INFO - Started process (PID=409) to work on /opt/airflow/dags/main.py
[2026-05-27T00:00:40.706+0000] {processor.py:830} INFO - Processing file /opt/airflow/dags/main.py for tasks to queue
[2026-05-27T00:00:40.712+0000] {logging_mixin.py:188} INFO - [2026-05-27T00:00:40.711+0000] {dagbag.py:545} INFO - Filling up the DagBag from /opt/airflow/dags/main.py
[2026-05-27T00:00:41.043+0000] {processor.py:840} INFO - DAG(s) 'produce_json', 'update_db' retrieved from /opt/airflow/dags/main.py
[2026-05-27T00:00:41.109+0000] {logging_mixin.py:188} INFO - [2026-05-27T00:00:41.108+0000] {dag.py:3096} INFO - Sync 2 DAGs
[2026-05-27T00:00:41.137+0000] {logging_mixin.py:188} INFO - [2026-05-27T00:00:41.137+0000] {dag.py:3954} INFO - Setting next_dagrun for produce_json to 2026-05-25 11:00:00+00:00, run_after=2026-05-26 11:00:00+00:00
[2026-05-27T00:00:41.145+0000] {logging_mixin.py:188} INFO - [2026-05-27T00:00:41.144+0000] {dag.py:3954} INFO - Setting next_dagrun for update_db to 2026-05-25 12:00:00+00:00, run_after=2026-05-26 12:00:00+00:00
[2026-05-27T00:00:41.168+0000] {processor.py:183} INFO - Processing /opt/airflow/dags/main.py took 0.480 seconds
[2026-05-27T00:01:11.598+0000] {processor.py:161} INFO - Started process (PID=416) to work on /opt/airflow/dags/main.py
[2026-05-27T00:01:11.601+0000] {processor.py:830} INFO - Processing file /opt/airflow/dags/main.py for tasks to queue
[2026-05-27T00:01:11.605+0000] {logging_mixin.py:188} INFO - [2026-05-27T00:01:11.605+0000] {dagbag.py:545} INFO - Filling up the DagBag from /opt/airflow/dags/main.py
[2026-05-27T00:01:11.869+0000] {processor.py:840} INFO - DAG(s) 'produce_json', 'update_db' retrieved from /opt/airflow/dags/main.py
[2026-05-27T00:01:11.936+0000] {logging_mixin.py:188} INFO - [2026-05-27T00:01:11.936+0000] {dag.py:3096} INFO - Sync 2 DAGs
[2026-05-27T00:01:11.966+0000] {logging_mixin.py:188} INFO - [2026-05-27T00:01:11.966+0000] {dag.py:3954} INFO - Setting next_dagrun for produce_json to 2026-05-25 11:00:00+00:00, run_after=2026-05-26 11:00:00+00:00
[2026-05-27T00:01:11.972+0000] {logging_mixin.py:188} INFO - [2026-05-27T00:01:11.972+0000] {dag.py:3954} INFO - Setting next_dagrun for update_db to 2026-05-25 12:00:00+00:00, run_after=2026-05-26 12:00:00+00:00
[2026-05-27T00:01:11.993+0000] {processor.py:183} INFO - Processing /opt/airflow/dags/main.py took 0.412 seconds
[2026-05-27T00:01:42.458+0000] {processor.py:161} INFO - Started process (PID=423) to work on /opt/airflow/dags/main.py
[2026-05-27T00:01:42.460+0000] {processor.py:830} INFO - Processing file /opt/airflow/dags/main.py for tasks to queue
[2026-05-27T00:01:42.463+0000] {logging_mixin.py:188} INFO - [2026-05-27T00:01:42.462+0000] {dagbag.py:545} INFO - Filling up the DagBag from /opt/airflow/dags/main.py
[2026-05-27T00:01:42.688+0000] {processor.py:840} INFO - DAG(s) 'produce_json', 'update_db' retrieved from /opt/airflow/dags/main.py
[2026-05-27T00:01:42.736+0000] {logging_mixin.py:188} INFO - [2026-05-27T00:01:42.736+0000] {dag.py:3096} INFO - Sync 2 DAGs
[2026-05-27T00:01:42.764+0000] {logging_mixin.py:188} INFO - [2026-05-27T00:01:42.764+0000] {dag.py:3954} INFO - Setting next_dagrun for produce_json to 2026-05-25 11:00:00+00:00, run_after=2026-05-26 11:00:00+00:00
[2026-05-27T00:01:42.770+0000] {logging_mixin.py:188} INFO - [2026-05-27T00:01:42.770+0000] {dag.py:3954} INFO - Setting next_dagrun for update_db to 2026-05-25 12:00:00+00:00, run_after=2026-05-26 12:00:00+00:00
[2026-05-27T00:01:42.793+0000] {processor.py:183} INFO - Processing /opt/airflow/dags/main.py took 0.345 seconds
[2026-05-27T00:02:13.277+0000] {processor.py:161} INFO - Started process (PID=430) to work on /opt/airflow/dags/main.py
[2026-05-27T00:02:13.280+0000] {processor.py:830} INFO - Processing file /opt/airflow/dags/main.py for tasks to queue
[2026-05-27T00:02:13.285+0000] {logging_mixin.py:188} INFO - [2026-05-27T00:02:13.284+0000] {dagbag.py:545} INFO - Filling up the DagBag from /opt/airflow/dags/main.py
[2026-05-27T00:02:13.548+0000] {processor.py:840} INFO - DAG(s) 'produce_json', 'update_db' retrieved from /opt/airflow/dags/main.py
[2026-05-27T00:02:13.621+0000] {logging_mixin.py:188} INFO - [2026-05-27T00:02:13.621+0000] {dag.py:3096} INFO - Sync 2 DAGs
[2026-05-27T00:02:13.673+0000] {logging_mixin.py:188} INFO - [2026-05-27T00:02:13.672+0000] {dag.py:3954} INFO - Setting next_dagrun for produce_json to 2026-05-25 11:00:00+00:00, run_after=2026-05-26 11:00:00+00:00
[2026-05-27T00:02:13.685+0000] {logging_mixin.py:188} INFO - [2026-05-27T00:02:13.685+0000] {dag.py:3954} INFO - Setting next_dagrun for update_db to 2026-05-25 12:00:00+00:00, run_after=2026-05-26 12:00:00+00:00
[2026-05-27T00:02:13.782+0000] {processor.py:183} INFO - Processing /opt/airflow/dags/main.py took 0.526 seconds
[2026-05-27T00:02:44.170+0000] {processor.py:161} INFO - Started process (PID=437) to work on /opt/airflow/dags/main.py
[2026-05-27T00:02:44.172+0000] {processor.py:830} INFO - Processing file /opt/airflow/dags/main.py for tasks to queue
[2026-05-27T00:02:44.175+0000] {logging_mixin.py:188} INFO - [2026-05-27T00:02:44.174+0000] {dagbag.py:545} INFO - Filling up the DagBag from /opt/airflow/dags/main.py
[2026-05-27T00:02:44.462+0000] {processor.py:840} INFO - DAG(s) 'produce_json', 'update_db' retrieved from /opt/airflow/dags/main.py
[2026-05-27T00:02:44.528+0000] {logging_mixin.py:188} INFO - [2026-05-27T00:02:44.528+0000] {dag.py:3096} INFO - Sync 2 DAGs
[2026-05-27T00:02:44.566+0000] {logging_mixin.py:188} INFO - [2026-05-27T00:02:44.565+0000] {dag.py:3954} INFO - Setting next_dagrun for produce_json to 2026-05-25 11:00:00+00:00, run_after=2026-05-26 11:00:00+00:00
[2026-05-27T00:02:44.573+0000] {logging_mixin.py:188} INFO - [2026-05-27T00:02:44.573+0000] {dag.py:3954} INFO - Setting next_dagrun for update_db to 2026-05-25 12:00:00+00:00, run_after=2026-05-26 12:00:00+00:00
[2026-05-27T00:02:44.661+0000] {processor.py:183} INFO - Processing /opt/airflow/dags/main.py took 0.500 seconds
[2026-05-27T00:03:15.135+0000] {processor.py:161} INFO - Started process (PID=444) to work on /opt/airflow/dags/main.py
[2026-05-27T00:03:15.137+0000] {processor.py:830} INFO - Processing file /opt/airflow/dags/main.py for tasks to queue
[2026-05-27T00:03:15.141+0000] {logging_mixin.py:188} INFO - [2026-05-27T00:03:15.140+0000] {dagbag.py:545} INFO - Filling up the DagBag from /opt/airflow/dags/main.py
[2026-05-27T00:03:15.410+0000] {processor.py:840} INFO - DAG(s) 'update_db', 'produce_json' retrieved from /opt/airflow/dags/main.py
[2026-05-27T00:03:15.478+0000] {logging_mixin.py:188} INFO - [2026-05-27T00:03:15.478+0000] {dag.py:3096} INFO - Sync 2 DAGs
[2026-05-27T00:03:15.515+0000] {logging_mixin.py:188} INFO - [2026-05-27T00:03:15.515+0000] {dag.py:3954} INFO - Setting next_dagrun for produce_json to 2026-05-25 11:00:00+00:00, run_after=2026-05-26 11:00:00+00:00
[2026-05-27T00:03:15.521+0000] {logging_mixin.py:188} INFO - [2026-05-27T00:03:15.521+0000] {dag.py:3954} INFO - Setting next_dagrun for update_db to 2026-05-25 12:00:00+00:00, run_after=2026-05-26 12:00:00+00:00
[2026-05-27T00:03:15.545+0000] {processor.py:183} INFO - Processing /opt/airflow/dags/main.py took 0.427 seconds
[2026-05-27T00:03:45.900+0000] {processor.py:161} INFO - Started process (PID=451) to work on /opt/airflow/dags/main.py
[2026-05-27T00:03:45.902+0000] {processor.py:830} INFO - Processing file /opt/airflow/dags/main.py for tasks to queue
[2026-05-27T00:03:45.905+0000] {logging_mixin.py:188} INFO - [2026-05-27T00:03:45.904+0000] {dagbag.py:545} INFO - Filling up the DagBag from /opt/airflow/dags/main.py
[2026-05-27T00:03:46.072+0000] {processor.py:840} INFO - DAG(s) 'produce_json', 'update_db' retrieved from /opt/airflow/dags/main.py
[2026-05-27T00:03:46.108+0000] {logging_mixin.py:188} INFO - [2026-05-27T00:03:46.108+0000] {dag.py:3096} INFO - Sync 2 DAGs
[2026-05-27T00:03:46.132+0000] {logging_mixin.py:188} INFO - [2026-05-27T00:03:46.132+0000] {dag.py:3954} INFO - Setting next_dagrun for produce_json to 2026-05-25 11:00:00+00:00, run_after=2026-05-26 11:00:00+00:00
[2026-05-27T00:03:46.138+0000] {logging_mixin.py:188} INFO - [2026-05-27T00:03:46.138+0000] {dag.py:3954} INFO - Setting next_dagrun for update_db to 2026-05-25 12:00:00+00:00, run_after=2026-05-26 12:00:00+00:00
[2026-05-27T00:03:46.229+0000] {processor.py:183} INFO - Processing /opt/airflow/dags/main.py took 0.338 seconds
[2026-05-27T00:04:16.864+0000] {processor.py:161} INFO - Started process (PID=458) to work on /opt/airflow/dags/main.py
[2026-05-27T00:04:16.865+0000] {processor.py:830} INFO - Processing file /opt/airflow/dags/main.py for tasks to queue
[2026-05-27T00:04:16.869+0000] {logging_mixin.py:188} INFO - [2026-05-27T00:04:16.869+0000] {dagbag.py:545} INFO - Filling up the DagBag from /opt/airflow/dags/main.py
[2026-05-27T00:04:17.104+0000] {processor.py:840} INFO - DAG(s) 'update_db', 'produce_json' retrieved from /opt/airflow/dags/main.py
[2026-05-27T00:04:17.146+0000] {logging_mixin.py:188} INFO - [2026-05-27T00:04:17.146+0000] {dag.py:3096} INFO - Sync 2 DAGs
[2026-05-27T00:04:17.183+0000] {logging_mixin.py:188} INFO - [2026-05-27T00:04:17.183+0000] {dag.py:3954} INFO - Setting next_dagrun for produce_json to 2026-05-25 11:00:00+00:00, run_after=2026-05-26 11:00:00+00:00
[2026-05-27T00:04:17.190+0000] {logging_mixin.py:188} INFO - [2026-05-27T00:04:17.189+0000] {dag.py:3954} INFO - Setting next_dagrun for update_db to 2026-05-25 12:00:00+00:00, run_after=2026-05-26 12:00:00+00:00
[2026-05-27T00:04:17.277+0000] {processor.py:183} INFO - Processing /opt/airflow/dags/main.py took 0.424 seconds
[2026-05-27T00:04:47.729+0000] {processor.py:161} INFO - Started process (PID=465) to work on /opt/airflow/dags/main.py
[2026-05-27T00:04:47.732+0000] {processor.py:830} INFO - Processing file /opt/airflow/dags/main.py for tasks to queue
[2026-05-27T00:04:47.736+0000] {logging_mixin.py:188} INFO - [2026-05-27T00:04:47.736+0000] {dagbag.py:545} INFO - Filling up the DagBag from /opt/airflow/dags/main.py
[2026-05-27T00:04:47.977+0000] {processor.py:840} INFO - DAG(s) 'produce_json', 'update_db' retrieved from /opt/airflow/dags/main.py
[2026-05-27T00:04:48.022+0000] {logging_mixin.py:188} INFO - [2026-05-27T00:04:48.021+0000] {dag.py:3096} INFO - Sync 2 DAGs
[2026-05-27T00:04:48.049+0000] {logging_mixin.py:188} INFO - [2026-05-27T00:04:48.049+0000] {dag.py:3954} INFO - Setting next_dagrun for produce_json to 2026-05-25 11:00:00+00:00, run_after=2026-05-26 11:00:00+00:00
[2026-05-27T00:04:48.056+0000] {logging_mixin.py:188} INFO - [2026-05-27T00:04:48.056+0000] {dag.py:3954} INFO - Setting next_dagrun for update_db to 2026-05-25 12:00:00+00:00, run_after=2026-05-26 12:00:00+00:00
[2026-05-27T00:04:48.095+0000] {processor.py:183} INFO - Processing /opt/airflow/dags/main.py took 0.384 seconds
[2026-05-27T00:05:18.543+0000] {processor.py:161} INFO - Started process (PID=472) to work on /opt/airflow/dags/main.py
[2026-05-27T00:05:18.545+0000] {processor.py:830} INFO - Processing file /opt/airflow/dags/main.py for tasks to queue
[2026-05-27T00:05:18.548+0000] {logging_mixin.py:188} INFO - [2026-05-27T00:05:18.547+0000] {dagbag.py:545} INFO - Filling up the DagBag from /opt/airflow/dags/main.py
[2026-05-27T00:05:18.688+0000] {processor.py:840} INFO - DAG(s) 'update_db', 'produce_json' retrieved from /opt/airflow/dags/main.py
[2026-05-27T00:05:18.729+0000] {logging_mixin.py:188} INFO - [2026-05-27T00:05:18.728+0000] {dag.py:3096} INFO - Sync 2 DAGs
[2026-05-27T00:05:18.759+0000] {logging_mixin.py:188} INFO - [2026-05-27T00:05:18.759+0000] {dag.py:3954} INFO - Setting next_dagrun for produce_json to 2026-05-25 11:00:00+00:00, run_after=2026-05-26 11:00:00+00:00
[2026-05-27T00:05:18.767+0000] {logging_mixin.py:188} INFO - [2026-05-27T00:05:18.767+0000] {dag.py:3954} INFO - Setting next_dagrun for update_db to 2026-05-25 12:00:00+00:00, run_after=2026-05-26 12:00:00+00:00
[2026-05-27T00:05:18.855+0000] {processor.py:183} INFO - Processing /opt/airflow/dags/main.py took 0.320 seconds
[2026-05-27T00:05:49.321+0000] {processor.py:161} INFO - Started process (PID=479) to work on /opt/airflow/dags/main.py
[2026-05-27T00:05:49.323+0000] {processor.py:830} INFO - Processing file /opt/airflow/dags/main.py for tasks to queue
[2026-05-27T00:05:49.327+0000] {logging_mixin.py:188} INFO - [2026-05-27T00:05:49.326+0000] {dagbag.py:545} INFO - Filling up the DagBag from /opt/airflow/dags/main.py
[2026-05-27T00:05:49.571+0000] {processor.py:840} INFO - DAG(s) 'produce_json', 'update_db' retrieved from /opt/airflow/dags/main.py
[2026-05-27T00:05:49.631+0000] {logging_mixin.py:188} INFO - [2026-05-27T00:05:49.630+0000] {dag.py:3096} INFO - Sync 2 DAGs
[2026-05-27T00:05:49.677+0000] {logging_mixin.py:188} INFO - [2026-05-27T00:05:49.677+0000] {dag.py:3954} INFO - Setting next_dagrun for produce_json to 2026-05-25 11:00:00+00:00, run_after=2026-05-26 11:00:00+00:00
[2026-05-27T00:05:49.685+0000] {logging_mixin.py:188} INFO - [2026-05-27T00:05:49.685+0000] {dag.py:3954} INFO - Setting next_dagrun for update_db to 2026-05-25 12:00:00+00:00, run_after=2026-05-26 12:00:00+00:00
[2026-05-27T00:05:49.758+0000] {processor.py:183} INFO - Processing /opt/airflow/dags/main.py took 0.449 seconds
[2026-05-27T00:06:20.178+0000] {processor.py:161} INFO - Started process (PID=486) to work on /opt/airflow/dags/main.py
[2026-05-27T00:06:20.179+0000] {processor.py:830} INFO - Processing file /opt/airflow/dags/main.py for tasks to queue
[2026-05-27T00:06:20.181+0000] {logging_mixin.py:188} INFO - [2026-05-27T00:06:20.181+0000] {dagbag.py:545} INFO - Filling up the DagBag from /opt/airflow/dags/main.py
[2026-05-27T00:06:20.364+0000] {processor.py:840} INFO - DAG(s) 'update_db', 'produce_json' retrieved from /opt/airflow/dags/main.py
[2026-05-27T00:06:20.408+0000] {logging_mixin.py:188} INFO - [2026-05-27T00:06:20.408+0000] {dag.py:3096} INFO - Sync 2 DAGs
[2026-05-27T00:06:20.436+0000] {logging_mixin.py:188} INFO - [2026-05-27T00:06:20.435+0000] {dag.py:3954} INFO - Setting next_dagrun for produce_json to 2026-05-25 11:00:00+00:00, run_after=2026-05-26 11:00:00+00:00
[2026-05-27T00:06:20.443+0000] {logging_mixin.py:188} INFO - [2026-05-27T00:06:20.443+0000] {dag.py:3954} INFO - Setting next_dagrun for update_db to 2026-05-25 12:00:00+00:00, run_after=2026-05-26 12:00:00+00:00
[2026-05-27T00:06:20.466+0000] {processor.py:183} INFO - Processing /opt/airflow/dags/main.py took 0.298 seconds
[2026-05-27T00:06:50.582+0000] {processor.py:161} INFO - Started process (PID=493) to work on /opt/airflow/dags/main.py
[2026-05-27T00:06:50.584+0000] {processor.py:830} INFO - Processing file /opt/airflow/dags/main.py for tasks to queue
[2026-05-27T00:06:50.587+0000] {logging_mixin.py:188} INFO - [2026-05-27T00:06:50.587+0000] {dagbag.py:545} INFO - Filling up the DagBag from /opt/airflow/dags/main.py
[2026-05-27T00:06:50.782+0000] {processor.py:840} INFO - DAG(s) 'produce_json', 'update_db' retrieved from /opt/airflow/dags/main.py
[2026-05-27T00:06:50.829+0000] {logging_mixin.py:188} INFO - [2026-05-27T00:06:50.829+0000] {dag.py:3096} INFO - Sync 2 DAGs
[2026-05-27T00:06:50.858+0000] {logging_mixin.py:188} INFO - [2026-05-27T00:06:50.857+0000] {dag.py:3954} INFO - Setting next_dagrun for produce_json to 2026-05-25 11:00:00+00:00, run_after=2026-05-26 11:00:00+00:00
[2026-05-27T00:06:50.865+0000] {logging_mixin.py:188} INFO - [2026-05-27T00:06:50.865+0000] {dag.py:3954} INFO - Setting next_dagrun for update_db to 2026-05-25 12:00:00+00:00, run_after=2026-05-26 12:00:00+00:00
[2026-05-27T00:06:50.888+0000] {processor.py:183} INFO - Processing /opt/airflow/dags/main.py took 0.318 seconds
[2026-05-27T00:07:21.253+0000] {processor.py:161} INFO - Started process (PID=500) to work on /opt/airflow/dags/main.py
[2026-05-27T00:07:21.255+0000] {processor.py:830} INFO - Processing file /opt/airflow/dags/main.py for tasks to queue
[2026-05-27T00:07:21.259+0000] {logging_mixin.py:188} INFO - [2026-05-27T00:07:21.259+0000] {dagbag.py:545} INFO - Filling up the DagBag from /opt/airflow/dags/main.py
[2026-05-27T00:07:21.496+0000] {processor.py:840} INFO - DAG(s) 'update_db', 'produce_json' retrieved from /opt/airflow/dags/main.py
[2026-05-27T00:07:21.546+0000] {logging_mixin.py:188} INFO - [2026-05-27T00:07:21.546+0000] {dag.py:3096} INFO - Sync 2 DAGs
[2026-05-27T00:07:21.575+0000] {logging_mixin.py:188} INFO - [2026-05-27T00:07:21.575+0000] {dag.py:3954} INFO - Setting next_dagrun for produce_json to 2026-05-25 11:00:00+00:00, run_after=2026-05-26 11:00:00+00:00
[2026-05-27T00:07:21.582+0000] {logging_mixin.py:188} INFO - [2026-05-27T00:07:21.582+0000] {dag.py:3954} INFO - Setting next_dagrun for update_db to 2026-05-25 12:00:00+00:00, run_after=2026-05-26 12:00:00+00:00
[2026-05-27T00:07:21.606+0000] {processor.py:183} INFO - Processing /opt/airflow/dags/main.py took 0.365 seconds
[2026-05-27T00:07:52.045+0000] {processor.py:161} INFO - Started process (PID=507) to work on /opt/airflow/dags/main.py
[2026-05-27T00:07:52.048+0000] {processor.py:830} INFO - Processing file /opt/airflow/dags/main.py for tasks to queue
[2026-05-27T00:07:52.054+0000] {logging_mixin.py:188} INFO - [2026-05-27T00:07:52.054+0000] {dagbag.py:545} INFO - Filling up the DagBag from /opt/airflow/dags/main.py
[2026-05-27T00:07:52.307+0000] {processor.py:840} INFO - DAG(s) 'produce_json', 'update_db' retrieved from /opt/airflow/dags/main.py
[2026-05-27T00:07:52.373+0000] {logging_mixin.py:188} INFO - [2026-05-27T00:07:52.373+0000] {dag.py:3096} INFO - Sync 2 DAGs
[2026-05-27T00:07:52.417+0000] {logging_mixin.py:188} INFO - [2026-05-27T00:07:52.417+0000] {dag.py:3954} INFO - Setting next_dagrun for produce_json to 2026-05-25 11:00:00+00:00, run_after=2026-05-26 11:00:00+00:00
[2026-05-27T00:07:52.425+0000] {logging_mixin.py:188} INFO - [2026-05-27T00:07:52.425+0000] {dag.py:3954} INFO - Setting next_dagrun for update_db to 2026-05-25 12:00:00+00:00, run_after=2026-05-26 12:00:00+00:00
[2026-05-27T00:07:52.495+0000] {processor.py:183} INFO - Processing /opt/airflow/dags/main.py took 0.469 seconds
[2026-05-27T00:08:22.909+0000] {processor.py:161} INFO - Started process (PID=514) to work on /opt/airflow/dags/main.py
[2026-05-27T00:08:22.910+0000] {processor.py:830} INFO - Processing file /opt/airflow/dags/main.py for tasks to queue
[2026-05-27T00:08:22.914+0000] {logging_mixin.py:188} INFO - [2026-05-27T00:08:22.913+0000] {dagbag.py:545} INFO - Filling up the DagBag from /opt/airflow/dags/main.py
[2026-05-27T00:08:23.151+0000] {processor.py:840} INFO - DAG(s) 'update_db', 'produce_json' retrieved from /opt/airflow/dags/main.py
[2026-05-27T00:08:23.206+0000] {logging_mixin.py:188} INFO - [2026-05-27T00:08:23.206+0000] {dag.py:3096} INFO - Sync 2 DAGs
[2026-05-27T00:08:23.236+0000] {logging_mixin.py:188} INFO - [2026-05-27T00:08:23.236+0000] {dag.py:3954} INFO - Setting next_dagrun for produce_json to 2026-05-25 11:00:00+00:00, run_after=2026-05-26 11:00:00+00:00
[2026-05-27T00:08:23.243+0000] {logging_mixin.py:188} INFO - [2026-05-27T00:08:23.243+0000] {dag.py:3954} INFO - Setting next_dagrun for update_db to 2026-05-25 12:00:00+00:00, run_after=2026-05-26 12:00:00+00:00
[2026-05-27T00:08:23.317+0000] {processor.py:183} INFO - Processing /opt/airflow/dags/main.py took 0.419 seconds
[2026-05-27T00:08:54.149+0000] {processor.py:161} INFO - Started process (PID=521) to work on /opt/airflow/dags/main.py
[2026-05-27T00:08:54.150+0000] {processor.py:830} INFO - Processing file /opt/airflow/dags/main.py for tasks to queue
[2026-05-27T00:08:54.153+0000] {logging_mixin.py:188} INFO - [2026-05-27T00:08:54.153+0000] {dagbag.py:545} INFO - Filling up the DagBag from /opt/airflow/dags/main.py
[2026-05-27T00:08:54.373+0000] {processor.py:840} INFO - DAG(s) 'update_db', 'produce_json' retrieved from /opt/airflow/dags/main.py
[2026-05-27T00:08:54.438+0000] {logging_mixin.py:188} INFO - [2026-05-27T00:08:54.438+0000] {dag.py:3096} INFO - Sync 2 DAGs
[2026-05-27T00:08:54.467+0000] {logging_mixin.py:188} INFO - [2026-05-27T00:08:54.467+0000] {dag.py:3954} INFO - Setting next_dagrun for produce_json to 2026-05-25 11:00:00+00:00, run_after=2026-05-26 11:00:00+00:00
[2026-05-27T00:08:54.473+0000] {logging_mixin.py:188} INFO - [2026-05-27T00:08:54.473+0000] {dag.py:3954} INFO - Setting next_dagrun for update_db to 2026-05-25 12:00:00+00:00, run_after=2026-05-26 12:00:00+00:00
[2026-05-27T00:08:54.550+0000] {processor.py:183} INFO - Processing /opt/airflow/dags/main.py took 0.412 seconds
[2026-05-27T00:09:24.949+0000] {processor.py:161} INFO - Started process (PID=528) to work on /opt/airflow/dags/main.py
[2026-05-27T00:09:24.951+0000] {processor.py:830} INFO - Processing file /opt/airflow/dags/main.py for tasks to queue
[2026-05-27T00:09:24.954+0000] {logging_mixin.py:188} INFO - [2026-05-27T00:09:24.953+0000] {dagbag.py:545} INFO - Filling up the DagBag from /opt/airflow/dags/main.py
[2026-05-27T00:09:25.145+0000] {processor.py:840} INFO - DAG(s) 'update_db', 'produce_json' retrieved from /opt/airflow/dags/main.py
[2026-05-27T00:09:25.196+0000] {logging_mixin.py:188} INFO - [2026-05-27T00:09:25.196+0000] {dag.py:3096} INFO - Sync 2 DAGs
[2026-05-27T00:09:25.231+0000] {logging_mixin.py:188} INFO - [2026-05-27T00:09:25.230+0000] {dag.py:3954} INFO - Setting next_dagrun for produce_json to 2026-05-25 11:00:00+00:00, run_after=2026-05-26 11:00:00+00:00
[2026-05-27T00:09:25.244+0000] {logging_mixin.py:188} INFO - [2026-05-27T00:09:25.243+0000] {dag.py:3954} INFO - Setting next_dagrun for update_db to 2026-05-25 12:00:00+00:00, run_after=2026-05-26 12:00:00+00:00
[2026-05-27T00:09:25.315+0000] {processor.py:183} INFO - Processing /opt/airflow/dags/main.py took 0.377 seconds
[2026-05-27T00:09:55.720+0000] {processor.py:161} INFO - Started process (PID=535) to work on /opt/airflow/dags/main.py
[2026-05-27T00:09:55.722+0000] {processor.py:830} INFO - Processing file /opt/airflow/dags/main.py for tasks to queue
[2026-05-27T00:09:55.725+0000] {logging_mixin.py:188} INFO - [2026-05-27T00:09:55.724+0000] {dagbag.py:545} INFO - Filling up the DagBag from /opt/airflow/dags/main.py
[2026-05-27T00:09:55.983+0000] {processor.py:840} INFO - DAG(s) 'produce_json', 'update_db' retrieved from /opt/airflow/dags/main.py
[2026-05-27T00:09:56.051+0000] {logging_mixin.py:188} INFO - [2026-05-27T00:09:56.051+0000] {dag.py:3096} INFO - Sync 2 DAGs
[2026-05-27T00:09:56.083+0000] {logging_mixin.py:188} INFO - [2026-05-27T00:09:56.082+0000] {dag.py:3954} INFO - Setting next_dagrun for produce_json to 2026-05-25 11:00:00+00:00, run_after=2026-05-26 11:00:00+00:00
[2026-05-27T00:09:56.089+0000] {logging_mixin.py:188} INFO - [2026-05-27T00:09:56.089+0000] {dag.py:3954} INFO - Setting next_dagrun for update_db to 2026-05-25 12:00:00+00:00, run_after=2026-05-26 12:00:00+00:00
[2026-05-27T00:09:56.177+0000] {processor.py:183} INFO - Processing /opt/airflow/dags/main.py took 0.468 seconds
[2026-05-27T00:10:26.603+0000] {processor.py:161} INFO - Started process (PID=542) to work on /opt/airflow/dags/main.py
[2026-05-27T00:10:26.605+0000] {processor.py:830} INFO - Processing file /opt/airflow/dags/main.py for tasks to queue
[2026-05-27T00:10:26.609+0000] {logging_mixin.py:188} INFO - [2026-05-27T00:10:26.608+0000] {dagbag.py:545} INFO - Filling up the DagBag from /opt/airflow/dags/main.py
[2026-05-27T00:10:26.824+0000] {processor.py:840} INFO - DAG(s) 'produce_json', 'update_db' retrieved from /opt/airflow/dags/main.py
[2026-05-27T00:10:26.884+0000] {logging_mixin.py:188} INFO - [2026-05-27T00:10:26.884+0000] {dag.py:3096} INFO - Sync 2 DAGs
[2026-05-27T00:10:26.914+0000] {logging_mixin.py:188} INFO - [2026-05-27T00:10:26.914+0000] {dag.py:3954} INFO - Setting next_dagrun for produce_json to 2026-05-25 11:00:00+00:00, run_after=2026-05-26 11:00:00+00:00
[2026-05-27T00:10:26.926+0000] {logging_mixin.py:188} INFO - [2026-05-27T00:10:26.926+0000] {dag.py:3954} INFO - Setting next_dagrun for update_db to 2026-05-25 12:00:00+00:00, run_after=2026-05-26 12:00:00+00:00
[2026-05-27T00:10:27.000+0000] {processor.py:183} INFO - Processing /opt/airflow/dags/main.py took 0.408 seconds
[2026-05-27T00:10:57.442+0000] {processor.py:161} INFO - Started process (PID=549) to work on /opt/airflow/dags/main.py
[2026-05-27T00:10:57.444+0000] {processor.py:830} INFO - Processing file /opt/airflow/dags/main.py for tasks to queue
[2026-05-27T00:10:57.447+0000] {logging_mixin.py:188} INFO - [2026-05-27T00:10:57.446+0000] {dagbag.py:545} INFO - Filling up the DagBag from /opt/airflow/dags/main.py
[2026-05-27T00:10:57.615+0000] {processor.py:840} INFO - DAG(s) 'update_db', 'produce_json' retrieved from /opt/airflow/dags/main.py
[2026-05-27T00:10:57.666+0000] {logging_mixin.py:188} INFO - [2026-05-27T00:10:57.665+0000] {dag.py:3096} INFO - Sync 2 DAGs
[2026-05-27T00:10:57.698+0000] {logging_mixin.py:188} INFO - [2026-05-27T00:10:57.697+0000] {dag.py:3954} INFO - Setting next_dagrun for produce_json to 2026-05-25 11:00:00+00:00, run_after=2026-05-26 11:00:00+00:00
[2026-05-27T00:10:57.709+0000] {logging_mixin.py:188} INFO - [2026-05-27T00:10:57.708+0000] {dag.py:3954} INFO - Setting next_dagrun for update_db to 2026-05-25 12:00:00+00:00, run_after=2026-05-26 12:00:00+00:00
[2026-05-27T00:10:57.792+0000] {processor.py:183} INFO - Processing /opt/airflow/dags/main.py took 0.361 seconds
[2026-05-27T00:11:28.280+0000] {processor.py:161} INFO - Started process (PID=556) to work on /opt/airflow/dags/main.py
[2026-05-27T00:11:28.282+0000] {processor.py:830} INFO - Processing file /opt/airflow/dags/main.py for tasks to queue
[2026-05-27T00:11:28.286+0000] {logging_mixin.py:188} INFO - [2026-05-27T00:11:28.285+0000] {dagbag.py:545} INFO - Filling up the DagBag from /opt/airflow/dags/main.py
[2026-05-27T00:11:28.530+0000] {processor.py:840} INFO - DAG(s) 'produce_json', 'update_db' retrieved from /opt/airflow/dags/main.py
[2026-05-27T00:11:28.590+0000] {logging_mixin.py:188} INFO - [2026-05-27T00:11:28.590+0000] {dag.py:3096} INFO - Sync 2 DAGs
[2026-05-27T00:11:28.623+0000] {logging_mixin.py:188} INFO - [2026-05-27T00:11:28.623+0000] {dag.py:3954} INFO - Setting next_dagrun for produce_json to 2026-05-25 11:00:00+00:00, run_after=2026-05-26 11:00:00+00:00
[2026-05-27T00:11:28.636+0000] {logging_mixin.py:188} INFO - [2026-05-27T00:11:28.635+0000] {dag.py:3954} INFO - Setting next_dagrun for update_db to 2026-05-25 12:00:00+00:00, run_after=2026-05-26 12:00:00+00:00
[2026-05-27T00:11:28.727+0000] {processor.py:183} INFO - Processing /opt/airflow/dags/main.py took 0.467 seconds
[2026-05-27T00:11:59.207+0000] {processor.py:161} INFO - Started process (PID=564) to work on /opt/airflow/dags/main.py
[2026-05-27T00:11:59.209+0000] {processor.py:830} INFO - Processing file /opt/airflow/dags/main.py for tasks to queue
[2026-05-27T00:11:59.213+0000] {logging_mixin.py:188} INFO - [2026-05-27T00:11:59.213+0000] {dagbag.py:545} INFO - Filling up the DagBag from /opt/airflow/dags/main.py
[2026-05-27T00:11:59.455+0000] {processor.py:840} INFO - DAG(s) 'update_db', 'produce_json' retrieved from /opt/airflow/dags/main.py
[2026-05-27T00:11:59.500+0000] {logging_mixin.py:188} INFO - [2026-05-27T00:11:59.500+0000] {dag.py:3096} INFO - Sync 2 DAGs
[2026-05-27T00:11:59.528+0000] {logging_mixin.py:188} INFO - [2026-05-27T00:11:59.528+0000] {dag.py:3954} INFO - Setting next_dagrun for produce_json to 2026-05-25 11:00:00+00:00, run_after=2026-05-26 11:00:00+00:00
[2026-05-27T00:11:59.539+0000] {logging_mixin.py:188} INFO - [2026-05-27T00:11:59.539+0000] {dag.py:3954} INFO - Setting next_dagrun for update_db to 2026-05-25 12:00:00+00:00, run_after=2026-05-26 12:00:00+00:00
[2026-05-27T00:11:59.620+0000] {processor.py:183} INFO - Processing /opt/airflow/dags/main.py took 0.421 seconds
[2026-05-27T00:12:30.011+0000] {processor.py:161} INFO - Started process (PID=571) to work on /opt/airflow/dags/main.py
[2026-05-27T00:12:30.013+0000] {processor.py:830} INFO - Processing file /opt/airflow/dags/main.py for tasks to queue
[2026-05-27T00:12:30.017+0000] {logging_mixin.py:188} INFO - [2026-05-27T00:12:30.016+0000] {dagbag.py:545} INFO - Filling up the DagBag from /opt/airflow/dags/main.py
[2026-05-27T00:12:30.251+0000] {processor.py:840} INFO - DAG(s) 'produce_json', 'update_db' retrieved from /opt/airflow/dags/main.py
[2026-05-27T00:12:30.294+0000] {logging_mixin.py:188} INFO - [2026-05-27T00:12:30.294+0000] {dag.py:3096} INFO - Sync 2 DAGs
[2026-05-27T00:12:30.322+0000] {logging_mixin.py:188} INFO - [2026-05-27T00:12:30.321+0000] {dag.py:3954} INFO - Setting next_dagrun for produce_json to 2026-05-25 11:00:00+00:00, run_after=2026-05-26 11:00:00+00:00
[2026-05-27T00:12:30.329+0000] {logging_mixin.py:188} INFO - [2026-05-27T00:12:30.329+0000] {dag.py:3954} INFO - Setting next_dagrun for update_db to 2026-05-25 12:00:00+00:00, run_after=2026-05-26 12:00:00+00:00
[2026-05-27T00:12:30.357+0000] {processor.py:183} INFO - Processing /opt/airflow/dags/main.py took 0.362 seconds
[2026-05-27T00:13:00.816+0000] {processor.py:161} INFO - Started process (PID=578) to work on /opt/airflow/dags/main.py
[2026-05-27T00:13:00.819+0000] {processor.py:830} INFO - Processing file /opt/airflow/dags/main.py for tasks to queue
[2026-05-27T00:13:00.824+0000] {logging_mixin.py:188} INFO - [2026-05-27T00:13:00.823+0000] {dagbag.py:545} INFO - Filling up the DagBag from /opt/airflow/dags/main.py
[2026-05-27T00:13:01.086+0000] {processor.py:840} INFO - DAG(s) 'update_db', 'produce_json' retrieved from /opt/airflow/dags/main.py
[2026-05-27T00:13:01.160+0000] {logging_mixin.py:188} INFO - [2026-05-27T00:13:01.160+0000] {dag.py:3096} INFO - Sync 2 DAGs
[2026-05-27T00:13:01.203+0000] {logging_mixin.py:188} INFO - [2026-05-27T00:13:01.202+0000] {dag.py:3954} INFO - Setting next_dagrun for produce_json to 2026-05-25 11:00:00+00:00, run_after=2026-05-26 11:00:00+00:00
[2026-05-27T00:13:01.209+0000] {logging_mixin.py:188} INFO - [2026-05-27T00:13:01.209+0000] {dag.py:3954} INFO - Setting next_dagrun for update_db to 2026-05-25 12:00:00+00:00, run_after=2026-05-26 12:00:00+00:00
[2026-05-27T00:13:01.279+0000] {processor.py:183} INFO - Processing /opt/airflow/dags/main.py took 0.481 seconds
[2026-05-27T00:13:31.779+0000] {processor.py:161} INFO - Started process (PID=585) to work on /opt/airflow/dags/main.py
[2026-05-27T00:13:31.782+0000] {processor.py:830} INFO - Processing file /opt/airflow/dags/main.py for tasks to queue
[2026-05-27T00:13:31.785+0000] {logging_mixin.py:188} INFO - [2026-05-27T00:13:31.785+0000] {dagbag.py:545} INFO - Filling up the DagBag from /opt/airflow/dags/main.py
[2026-05-27T00:13:32.007+0000] {processor.py:840} INFO - DAG(s) 'produce_json', 'update_db' retrieved from /opt/airflow/dags/main.py
[2026-05-27T00:13:32.058+0000] {logging_mixin.py:188} INFO - [2026-05-27T00:13:32.058+0000] {dag.py:3096} INFO - Sync 2 DAGs
[2026-05-27T00:13:32.089+0000] {logging_mixin.py:188} INFO - [2026-05-27T00:13:32.089+0000] {dag.py:3954} INFO - Setting next_dagrun for produce_json to 2026-05-25 11:00:00+00:00, run_after=2026-05-26 11:00:00+00:00
[2026-05-27T00:13:32.097+0000] {logging_mixin.py:188} INFO - [2026-05-27T00:13:32.097+0000] {dag.py:3954} INFO - Setting next_dagrun for update_db to 2026-05-25 12:00:00+00:00, run_after=2026-05-26 12:00:00+00:00
[2026-05-27T00:13:32.174+0000] {processor.py:183} INFO - Processing /opt/airflow/dags/main.py took 0.409 seconds
[2026-05-27T00:14:02.919+0000] {processor.py:161} INFO - Started process (PID=592) to work on /opt/airflow/dags/main.py
[2026-05-27T00:14:02.921+0000] {processor.py:830} INFO - Processing file /opt/airflow/dags/main.py for tasks to queue
[2026-05-27T00:14:02.925+0000] {logging_mixin.py:188} INFO - [2026-05-27T00:14:02.924+0000] {dagbag.py:545} INFO - Filling up the DagBag from /opt/airflow/dags/main.py
[2026-05-27T00:14:03.194+0000] {processor.py:840} INFO - DAG(s) 'produce_json', 'update_db' retrieved from /opt/airflow/dags/main.py
[2026-05-27T00:14:03.246+0000] {logging_mixin.py:188} INFO - [2026-05-27T00:14:03.246+0000] {dag.py:3096} INFO - Sync 2 DAGs
[2026-05-27T00:14:03.281+0000] {logging_mixin.py:188} INFO - [2026-05-27T00:14:03.281+0000] {dag.py:3954} INFO - Setting next_dagrun for produce_json to 2026-05-25 11:00:00+00:00, run_after=2026-05-26 11:00:00+00:00
[2026-05-27T00:14:03.290+0000] {logging_mixin.py:188} INFO - [2026-05-27T00:14:03.290+0000] {dag.py:3954} INFO - Setting next_dagrun for update_db to 2026-05-25 12:00:00+00:00, run_after=2026-05-26 12:00:00+00:00
[2026-05-27T00:14:03.358+0000] {processor.py:183} INFO - Processing /opt/airflow/dags/main.py took 0.454 seconds
[2026-05-27T00:14:33.752+0000] {processor.py:161} INFO - Started process (PID=599) to work on /opt/airflow/dags/main.py
[2026-05-27T00:14:33.756+0000] {processor.py:830} INFO - Processing file /opt/airflow/dags/main.py for tasks to queue
[2026-05-27T00:14:33.760+0000] {logging_mixin.py:188} INFO - [2026-05-27T00:14:33.760+0000] {dagbag.py:545} INFO - Filling up the DagBag from /opt/airflow/dags/main.py
[2026-05-27T00:14:33.953+0000] {processor.py:840} INFO - DAG(s) 'update_db', 'produce_json' retrieved from /opt/airflow/dags/main.py
[2026-05-27T00:14:33.996+0000] {logging_mixin.py:188} INFO - [2026-05-27T00:14:33.995+0000] {dag.py:3096} INFO - Sync 2 DAGs
[2026-05-27T00:14:34.025+0000] {logging_mixin.py:188} INFO - [2026-05-27T00:14:34.024+0000] {dag.py:3954} INFO - Setting next_dagrun for produce_json to 2026-05-25 11:00:00+00:00, run_after=2026-05-26 11:00:00+00:00
[2026-05-27T00:14:34.031+0000] {logging_mixin.py:188} INFO - [2026-05-27T00:14:34.031+0000] {dag.py:3954} INFO - Setting next_dagrun for update_db to 2026-05-25 12:00:00+00:00, run_after=2026-05-26 12:00:00+00:00
[2026-05-27T00:14:34.090+0000] {processor.py:183} INFO - Processing /opt/airflow/dags/main.py took 0.352 seconds
[2026-05-27T00:15:04.162+0000] {processor.py:161} INFO - Started process (PID=606) to work on /opt/airflow/dags/main.py
[2026-05-27T00:15:04.164+0000] {processor.py:830} INFO - Processing file /opt/airflow/dags/main.py for tasks to queue
[2026-05-27T00:15:04.169+0000] {logging_mixin.py:188} INFO - [2026-05-27T00:15:04.168+0000] {dagbag.py:545} INFO - Filling up the DagBag from /opt/airflow/dags/main.py
[2026-05-27T00:15:04.346+0000] {processor.py:840} INFO - DAG(s) 'produce_json', 'update_db' retrieved from /opt/airflow/dags/main.py
[2026-05-27T00:15:04.393+0000] {logging_mixin.py:188} INFO - [2026-05-27T00:15:04.392+0000] {dag.py:3096} INFO - Sync 2 DAGs
[2026-05-27T00:15:04.422+0000] {logging_mixin.py:188} INFO - [2026-05-27T00:15:04.422+0000] {dag.py:3954} INFO - Setting next_dagrun for produce_json to 2026-05-25 11:00:00+00:00, run_after=2026-05-26 11:00:00+00:00
[2026-05-27T00:15:04.429+0000] {logging_mixin.py:188} INFO - [2026-05-27T00:15:04.429+0000] {dag.py:3954} INFO - Setting next_dagrun for update_db to 2026-05-25 12:00:00+00:00, run_after=2026-05-26 12:00:00+00:00
[2026-05-27T00:15:04.502+0000] {processor.py:183} INFO - Processing /opt/airflow/dags/main.py took 0.352 seconds
[2026-05-27T00:15:34.931+0000] {processor.py:161} INFO - Started process (PID=613) to work on /opt/airflow/dags/main.py
[2026-05-27T00:15:34.933+0000] {processor.py:830} INFO - Processing file /opt/airflow/dags/main.py for tasks to queue
[2026-05-27T00:15:34.936+0000] {logging_mixin.py:188} INFO - [2026-05-27T00:15:34.936+0000] {dagbag.py:545} INFO - Filling up the DagBag from /opt/airflow/dags/main.py
[2026-05-27T00:15:35.122+0000] {processor.py:840} INFO - DAG(s) 'update_db', 'produce_json' retrieved from /opt/airflow/dags/main.py
[2026-05-27T00:15:35.169+0000] {logging_mixin.py:188} INFO - [2026-05-27T00:15:35.169+0000] {dag.py:3096} INFO - Sync 2 DAGs
[2026-05-27T00:15:35.200+0000] {logging_mixin.py:188} INFO - [2026-05-27T00:15:35.200+0000] {dag.py:3954} INFO - Setting next_dagrun for produce_json to 2026-05-25 11:00:00+00:00, run_after=2026-05-26 11:00:00+00:00
[2026-05-27T00:15:35.207+0000] {logging_mixin.py:188} INFO - [2026-05-27T00:15:35.207+0000] {dag.py:3954} INFO - Setting next_dagrun for update_db to 2026-05-25 12:00:00+00:00, run_after=2026-05-26 12:00:00+00:00
[2026-05-27T00:15:35.280+0000] {processor.py:183} INFO - Processing /opt/airflow/dags/main.py took 0.359 seconds
[2026-05-27T00:16:05.732+0000] {processor.py:161} INFO - Started process (PID=620) to work on /opt/airflow/dags/main.py
[2026-05-27T00:16:05.734+0000] {processor.py:830} INFO - Processing file /opt/airflow/dags/main.py for tasks to queue
[2026-05-27T00:16:05.738+0000] {logging_mixin.py:188} INFO - [2026-05-27T00:16:05.738+0000] {dagbag.py:545} INFO - Filling up the DagBag from /opt/airflow/dags/main.py
[2026-05-27T00:16:05.986+0000] {processor.py:840} INFO - DAG(s) 'update_db', 'produce_json' retrieved from /opt/airflow/dags/main.py
[2026-05-27T00:16:06.032+0000] {logging_mixin.py:188} INFO - [2026-05-27T00:16:06.032+0000] {dag.py:3096} INFO - Sync 2 DAGs
[2026-05-27T00:16:06.063+0000] {logging_mixin.py:188} INFO - [2026-05-27T00:16:06.063+0000] {dag.py:3954} INFO - Setting next_dagrun for produce_json to 2026-05-25 11:00:00+00:00, run_after=2026-05-26 11:00:00+00:00
[2026-05-27T00:16:06.070+0000] {logging_mixin.py:188} INFO - [2026-05-27T00:16:06.069+0000] {dag.py:3954} INFO - Setting next_dagrun for update_db to 2026-05-25 12:00:00+00:00, run_after=2026-05-26 12:00:00+00:00
[2026-05-27T00:16:06.161+0000] {processor.py:183} INFO - Processing /opt/airflow/dags/main.py took 0.449 seconds
[2026-05-27T00:16:36.620+0000] {processor.py:161} INFO - Started process (PID=633) to work on /opt/airflow/dags/main.py
[2026-05-27T00:16:36.622+0000] {processor.py:830} INFO - Processing file /opt/airflow/dags/main.py for tasks to queue
[2026-05-27T00:16:36.626+0000] {logging_mixin.py:188} INFO - [2026-05-27T00:16:36.625+0000] {dagbag.py:545} INFO - Filling up the DagBag from /opt/airflow/dags/main.py
[2026-05-27T00:16:36.794+0000] {processor.py:840} INFO - DAG(s) 'produce_json', 'update_db' retrieved from /opt/airflow/dags/main.py
[2026-05-27T00:16:36.834+0000] {logging_mixin.py:188} INFO - [2026-05-27T00:16:36.834+0000] {dag.py:3096} INFO - Sync 2 DAGs
[2026-05-27T00:16:36.866+0000] {logging_mixin.py:188} INFO - [2026-05-27T00:16:36.866+0000] {dag.py:3954} INFO - Setting next_dagrun for produce_json to 2026-05-25 11:00:00+00:00, run_after=2026-05-26 11:00:00+00:00
[2026-05-27T00:16:36.875+0000] {logging_mixin.py:188} INFO - [2026-05-27T00:16:36.875+0000] {dag.py:3954} INFO - Setting next_dagrun for update_db to 2026-05-25 12:00:00+00:00, run_after=2026-05-26 12:00:00+00:00
[2026-05-27T00:16:36.956+0000] {processor.py:183} INFO - Processing /opt/airflow/dags/main.py took 0.348 seconds
[2026-05-27T00:17:07.372+0000] {processor.py:161} INFO - Started process (PID=640) to work on /opt/airflow/dags/main.py
[2026-05-27T00:17:07.373+0000] {processor.py:830} INFO - Processing file /opt/airflow/dags/main.py for tasks to queue
[2026-05-27T00:17:07.376+0000] {logging_mixin.py:188} INFO - [2026-05-27T00:17:07.376+0000] {dagbag.py:545} INFO - Filling up the DagBag from /opt/airflow/dags/main.py
[2026-05-27T00:17:07.595+0000] {processor.py:840} INFO - DAG(s) 'update_db', 'produce_json' retrieved from /opt/airflow/dags/main.py
[2026-05-27T00:17:07.641+0000] {logging_mixin.py:188} INFO - [2026-05-27T00:17:07.641+0000] {dag.py:3096} INFO - Sync 2 DAGs
[2026-05-27T00:17:07.674+0000] {logging_mixin.py:188} INFO - [2026-05-27T00:17:07.674+0000] {dag.py:3954} INFO - Setting next_dagrun for produce_json to 2026-05-25 11:00:00+00:00, run_after=2026-05-26 11:00:00+00:00
[2026-05-27T00:17:07.683+0000] {logging_mixin.py:188} INFO - [2026-05-27T00:17:07.683+0000] {dag.py:3954} INFO - Setting next_dagrun for update_db to 2026-05-25 12:00:00+00:00, run_after=2026-05-26 12:00:00+00:00
[2026-05-27T00:17:07.709+0000] {processor.py:183} INFO - Processing /opt/airflow/dags/main.py took 0.349 seconds
[2026-05-27T00:17:38.178+0000] {processor.py:161} INFO - Started process (PID=647) to work on /opt/airflow/dags/main.py
[2026-05-27T00:17:38.180+0000] {processor.py:830} INFO - Processing file /opt/airflow/dags/main.py for tasks to queue
[2026-05-27T00:17:38.183+0000] {logging_mixin.py:188} INFO - [2026-05-27T00:17:38.182+0000] {dagbag.py:545} INFO - Filling up the DagBag from /opt/airflow/dags/main.py
[2026-05-27T00:17:38.403+0000] {processor.py:840} INFO - DAG(s) 'produce_json', 'update_db' retrieved from /opt/airflow/dags/main.py
[2026-05-27T00:17:38.473+0000] {logging_mixin.py:188} INFO - [2026-05-27T00:17:38.473+0000] {dag.py:3096} INFO - Sync 2 DAGs
[2026-05-27T00:17:38.516+0000] {logging_mixin.py:188} INFO - [2026-05-27T00:17:38.515+0000] {dag.py:3954} INFO - Setting next_dagrun for produce_json to 2026-05-25 11:00:00+00:00, run_after=2026-05-26 11:00:00+00:00
[2026-05-27T00:17:38.528+0000] {logging_mixin.py:188} INFO - [2026-05-27T00:17:38.528+0000] {dag.py:3954} INFO - Setting next_dagrun for update_db to 2026-05-25 12:00:00+00:00, run_after=2026-05-26 12:00:00+00:00
[2026-05-27T00:17:38.584+0000] {processor.py:183} INFO - Processing /opt/airflow/dags/main.py took 0.422 seconds
[2026-05-27T00:18:09.032+0000] {processor.py:161} INFO - Started process (PID=654) to work on /opt/airflow/dags/main.py
[2026-05-27T00:18:09.034+0000] {processor.py:830} INFO - Processing file /opt/airflow/dags/main.py for tasks to queue
[2026-05-27T00:18:09.036+0000] {logging_mixin.py:188} INFO - [2026-05-27T00:18:09.036+0000] {dagbag.py:545} INFO - Filling up the DagBag from /opt/airflow/dags/main.py
[2026-05-27T00:18:09.261+0000] {processor.py:840} INFO - DAG(s) 'produce_json', 'update_db' retrieved from /opt/airflow/dags/main.py
[2026-05-27T00:18:09.333+0000] {logging_mixin.py:188} INFO - [2026-05-27T00:18:09.333+0000] {dag.py:3096} INFO - Sync 2 DAGs
[2026-05-27T00:18:09.376+0000] {logging_mixin.py:188} INFO - [2026-05-27T00:18:09.375+0000] {dag.py:3954} INFO - Setting next_dagrun for produce_json to 2026-05-25 11:00:00+00:00, run_after=2026-05-26 11:00:00+00:00
[2026-05-27T00:18:09.388+0000] {logging_mixin.py:188} INFO - [2026-05-27T00:18:09.388+0000] {dag.py:3954} INFO - Setting next_dagrun for update_db to 2026-05-25 12:00:00+00:00, run_after=2026-05-26 12:00:00+00:00
[2026-05-27T00:18:09.486+0000] {processor.py:183} INFO - Processing /opt/airflow/dags/main.py took 0.463 seconds
[2026-05-27T00:18:39.935+0000] {processor.py:161} INFO - Started process (PID=661) to work on /opt/airflow/dags/main.py
[2026-05-27T00:18:39.937+0000] {processor.py:830} INFO - Processing file /opt/airflow/dags/main.py for tasks to queue
[2026-05-27T00:18:39.940+0000] {logging_mixin.py:188} INFO - [2026-05-27T00:18:39.940+0000] {dagbag.py:545} INFO - Filling up the DagBag from /opt/airflow/dags/main.py
[2026-05-27T00:18:40.172+0000] {processor.py:840} INFO - DAG(s) 'produce_json', 'update_db' retrieved from /opt/airflow/dags/main.py
[2026-05-27T00:18:40.217+0000] {logging_mixin.py:188} INFO - [2026-05-27T00:18:40.217+0000] {dag.py:3096} INFO - Sync 2 DAGs
[2026-05-27T00:18:40.248+0000] {logging_mixin.py:188} INFO - [2026-05-27T00:18:40.248+0000] {dag.py:3954} INFO - Setting next_dagrun for produce_json to 2026-05-25 11:00:00+00:00, run_after=2026-05-26 11:00:00+00:00
[2026-05-27T00:18:40.256+0000] {logging_mixin.py:188} INFO - [2026-05-27T00:18:40.256+0000] {dag.py:3954} INFO - Setting next_dagrun for update_db to 2026-05-25 12:00:00+00:00, run_after=2026-05-26 12:00:00+00:00
[2026-05-27T00:18:40.340+0000] {processor.py:183} INFO - Processing /opt/airflow/dags/main.py took 0.423 seconds
[2026-05-27T00:19:11.244+0000] {processor.py:161} INFO - Started process (PID=668) to work on /opt/airflow/dags/main.py
[2026-05-27T00:19:11.246+0000] {processor.py:830} INFO - Processing file /opt/airflow/dags/main.py for tasks to queue
[2026-05-27T00:19:11.250+0000] {logging_mixin.py:188} INFO - [2026-05-27T00:19:11.249+0000] {dagbag.py:545} INFO - Filling up the DagBag from /opt/airflow/dags/main.py
[2026-05-27T00:19:11.440+0000] {processor.py:840} INFO - DAG(s) 'update_db', 'produce_json' retrieved from /opt/airflow/dags/main.py
[2026-05-27T00:19:11.481+0000] {logging_mixin.py:188} INFO - [2026-05-27T00:19:11.480+0000] {dag.py:3096} INFO - Sync 2 DAGs
[2026-05-27T00:19:11.506+0000] {logging_mixin.py:188} INFO - [2026-05-27T00:19:11.506+0000] {dag.py:3954} INFO - Setting next_dagrun for produce_json to 2026-05-25 11:00:00+00:00, run_after=2026-05-26 11:00:00+00:00
[2026-05-27T00:19:11.512+0000] {logging_mixin.py:188} INFO - [2026-05-27T00:19:11.512+0000] {dag.py:3954} INFO - Setting next_dagrun for update_db to 2026-05-25 12:00:00+00:00, run_after=2026-05-26 12:00:00+00:00
[2026-05-27T00:19:11.597+0000] {processor.py:183} INFO - Processing /opt/airflow/dags/main.py took 0.361 seconds
[2026-05-27T00:19:42.009+0000] {processor.py:161} INFO - Started process (PID=675) to work on /opt/airflow/dags/main.py
[2026-05-27T00:19:42.011+0000] {processor.py:830} INFO - Processing file /opt/airflow/dags/main.py for tasks to queue
[2026-05-27T00:19:42.014+0000] {logging_mixin.py:188} INFO - [2026-05-27T00:19:42.014+0000] {dagbag.py:545} INFO - Filling up the DagBag from /opt/airflow/dags/main.py
[2026-05-27T00:19:42.243+0000] {processor.py:840} INFO - DAG(s) 'produce_json', 'update_db' retrieved from /opt/airflow/dags/main.py
[2026-05-27T00:19:42.287+0000] {logging_mixin.py:188} INFO - [2026-05-27T00:19:42.287+0000] {dag.py:3096} INFO - Sync 2 DAGs
[2026-05-27T00:19:42.315+0000] {logging_mixin.py:188} INFO - [2026-05-27T00:19:42.314+0000] {dag.py:3954} INFO - Setting next_dagrun for produce_json to 2026-05-25 11:00:00+00:00, run_after=2026-05-26 11:00:00+00:00
[2026-05-27T00:19:42.321+0000] {logging_mixin.py:188} INFO - [2026-05-27T00:19:42.321+0000] {dag.py:3954} INFO - Setting next_dagrun for update_db to 2026-05-25 12:00:00+00:00, run_after=2026-05-26 12:00:00+00:00
[2026-05-27T00:19:42.345+0000] {processor.py:183} INFO - Processing /opt/airflow/dags/main.py took 0.350 seconds
[2026-05-27T00:20:12.494+0000] {processor.py:161} INFO - Started process (PID=682) to work on /opt/airflow/dags/main.py
[2026-05-27T00:20:12.497+0000] {processor.py:830} INFO - Processing file /opt/airflow/dags/main.py for tasks to queue
[2026-05-27T00:20:12.502+0000] {logging_mixin.py:188} INFO - [2026-05-27T00:20:12.501+0000] {dagbag.py:545} INFO - Filling up the DagBag from /opt/airflow/dags/main.py
[2026-05-27T00:20:12.773+0000] {processor.py:840} INFO - DAG(s) 'update_db', 'produce_json' retrieved from /opt/airflow/dags/main.py
[2026-05-27T00:20:12.812+0000] {logging_mixin.py:188} INFO - [2026-05-27T00:20:12.812+0000] {dag.py:3096} INFO - Sync 2 DAGs
[2026-05-27T00:20:12.844+0000] {logging_mixin.py:188} INFO - [2026-05-27T00:20:12.843+0000] {dag.py:3954} INFO - Setting next_dagrun for produce_json to 2026-05-25 11:00:00+00:00, run_after=2026-05-26 11:00:00+00:00
[2026-05-27T00:20:12.852+0000] {logging_mixin.py:188} INFO - [2026-05-27T00:20:12.852+0000] {dag.py:3954} INFO - Setting next_dagrun for update_db to 2026-05-25 12:00:00+00:00, run_after=2026-05-26 12:00:00+00:00
[2026-05-27T00:20:12.941+0000] {processor.py:183} INFO - Processing /opt/airflow/dags/main.py took 0.474 seconds
[2026-05-27T00:20:43.257+0000] {processor.py:161} INFO - Started process (PID=690) to work on /opt/airflow/dags/main.py
[2026-05-27T00:20:43.259+0000] {processor.py:830} INFO - Processing file /opt/airflow/dags/main.py for tasks to queue
[2026-05-27T00:20:43.263+0000] {logging_mixin.py:188} INFO - [2026-05-27T00:20:43.262+0000] {dagbag.py:545} INFO - Filling up the DagBag from /opt/airflow/dags/main.py
[2026-05-27T00:20:43.491+0000] {processor.py:840} INFO - DAG(s) 'update_db', 'produce_json' retrieved from /opt/airflow/dags/main.py
[2026-05-27T00:20:43.534+0000] {logging_mixin.py:188} INFO - [2026-05-27T00:20:43.533+0000] {dag.py:3096} INFO - Sync 2 DAGs
[2026-05-27T00:20:43.564+0000] {logging_mixin.py:188} INFO - [2026-05-27T00:20:43.563+0000] {dag.py:3954} INFO - Setting next_dagrun for produce_json to 2026-05-25 11:00:00+00:00, run_after=2026-05-26 11:00:00+00:00
[2026-05-27T00:20:43.575+0000] {logging_mixin.py:188} INFO - [2026-05-27T00:20:43.574+0000] {dag.py:3954} INFO - Setting next_dagrun for update_db to 2026-05-25 12:00:00+00:00, run_after=2026-05-26 12:00:00+00:00
[2026-05-27T00:20:43.647+0000] {processor.py:183} INFO - Processing /opt/airflow/dags/main.py took 0.414 seconds
[2026-05-27T00:21:13.866+0000] {processor.py:161} INFO - Started process (PID=697) to work on /opt/airflow/dags/main.py
[2026-05-27T00:21:13.869+0000] {processor.py:830} INFO - Processing file /opt/airflow/dags/main.py for tasks to queue
[2026-05-27T00:21:13.874+0000] {logging_mixin.py:188} INFO - [2026-05-27T00:21:13.873+0000] {dagbag.py:545} INFO - Filling up the DagBag from /opt/airflow/dags/main.py
[2026-05-27T00:21:14.099+0000] {processor.py:840} INFO - DAG(s) 'produce_json', 'update_db' retrieved from /opt/airflow/dags/main.py
[2026-05-27T00:21:14.135+0000] {logging_mixin.py:188} INFO - [2026-05-27T00:21:14.135+0000] {dag.py:3096} INFO - Sync 2 DAGs
[2026-05-27T00:21:14.161+0000] {logging_mixin.py:188} INFO - [2026-05-27T00:21:14.161+0000] {dag.py:3954} INFO - Setting next_dagrun for produce_json to 2026-05-25 11:00:00+00:00, run_after=2026-05-26 11:00:00+00:00
[2026-05-27T00:21:14.169+0000] {logging_mixin.py:188} INFO - [2026-05-27T00:21:14.169+0000] {dag.py:3954} INFO - Setting next_dagrun for update_db to 2026-05-25 12:00:00+00:00, run_after=2026-05-26 12:00:00+00:00
[2026-05-27T00:21:14.217+0000] {processor.py:183} INFO - Processing /opt/airflow/dags/main.py took 0.376 seconds
[2026-05-27T00:21:44.475+0000] {processor.py:161} INFO - Started process (PID=705) to work on /opt/airflow/dags/main.py
[2026-05-27T00:21:44.477+0000] {processor.py:830} INFO - Processing file /opt/airflow/dags/main.py for tasks to queue
[2026-05-27T00:21:44.480+0000] {logging_mixin.py:188} INFO - [2026-05-27T00:21:44.479+0000] {dagbag.py:545} INFO - Filling up the DagBag from /opt/airflow/dags/main.py
[2026-05-27T00:21:44.669+0000] {processor.py:840} INFO - DAG(s) 'produce_json', 'update_db' retrieved from /opt/airflow/dags/main.py
[2026-05-27T00:21:44.734+0000] {logging_mixin.py:188} INFO - [2026-05-27T00:21:44.734+0000] {dag.py:3096} INFO - Sync 2 DAGs
[2026-05-27T00:21:44.764+0000] {logging_mixin.py:188} INFO - [2026-05-27T00:21:44.763+0000] {dag.py:3954} INFO - Setting next_dagrun for produce_json to 2026-05-25 11:00:00+00:00, run_after=2026-05-26 11:00:00+00:00
[2026-05-27T00:21:44.770+0000] {logging_mixin.py:188} INFO - [2026-05-27T00:21:44.770+0000] {dag.py:3954} INFO - Setting next_dagrun for update_db to 2026-05-25 12:00:00+00:00, run_after=2026-05-26 12:00:00+00:00
[2026-05-27T00:21:44.813+0000] {processor.py:183} INFO - Processing /opt/airflow/dags/main.py took 0.346 seconds
[2026-05-27T00:22:15.068+0000] {processor.py:161} INFO - Started process (PID=712) to work on /opt/airflow/dags/main.py
[2026-05-27T00:22:15.071+0000] {processor.py:830} INFO - Processing file /opt/airflow/dags/main.py for tasks to queue
[2026-05-27T00:22:15.074+0000] {logging_mixin.py:188} INFO - [2026-05-27T00:22:15.073+0000] {dagbag.py:545} INFO - Filling up the DagBag from /opt/airflow/dags/main.py
[2026-05-27T00:22:15.242+0000] {processor.py:840} INFO - DAG(s) 'produce_json', 'update_db' retrieved from /opt/airflow/dags/main.py
[2026-05-27T00:22:15.285+0000] {logging_mixin.py:188} INFO - [2026-05-27T00:22:15.284+0000] {dag.py:3096} INFO - Sync 2 DAGs
[2026-05-27T00:22:15.314+0000] {logging_mixin.py:188} INFO - [2026-05-27T00:22:15.314+0000] {dag.py:3954} INFO - Setting next_dagrun for produce_json to 2026-05-25 11:00:00+00:00, run_after=2026-05-26 11:00:00+00:00
[2026-05-27T00:22:15.321+0000] {logging_mixin.py:188} INFO - [2026-05-27T00:22:15.320+0000] {dag.py:3954} INFO - Setting next_dagrun for update_db to 2026-05-25 12:00:00+00:00, run_after=2026-05-26 12:00:00+00:00
[2026-05-27T00:22:15.378+0000] {processor.py:183} INFO - Processing /opt/airflow/dags/main.py took 0.321 seconds
[2026-05-27T00:22:45.692+0000] {processor.py:161} INFO - Started process (PID=719) to work on /opt/airflow/dags/main.py
[2026-05-27T00:22:45.694+0000] {processor.py:830} INFO - Processing file /opt/airflow/dags/main.py for tasks to queue
[2026-05-27T00:22:45.698+0000] {logging_mixin.py:188} INFO - [2026-05-27T00:22:45.698+0000] {dagbag.py:545} INFO - Filling up the DagBag from /opt/airflow/dags/main.py
[2026-05-27T00:22:45.902+0000] {processor.py:840} INFO - DAG(s) 'produce_json', 'update_db' retrieved from /opt/airflow/dags/main.py
[2026-05-27T00:22:45.950+0000] {logging_mixin.py:188} INFO - [2026-05-27T00:22:45.950+0000] {dag.py:3096} INFO - Sync 2 DAGs
[2026-05-27T00:22:45.991+0000] {logging_mixin.py:188} INFO - [2026-05-27T00:22:45.990+0000] {dag.py:3954} INFO - Setting next_dagrun for produce_json to 2026-05-25 11:00:00+00:00, run_after=2026-05-26 11:00:00+00:00
[2026-05-27T00:22:46.003+0000] {logging_mixin.py:188} INFO - [2026-05-27T00:22:46.003+0000] {dag.py:3954} INFO - Setting next_dagrun for update_db to 2026-05-25 12:00:00+00:00, run_after=2026-05-26 12:00:00+00:00
[2026-05-27T00:22:46.099+0000] {processor.py:183} INFO - Processing /opt/airflow/dags/main.py took 0.425 seconds
[2026-05-27T00:23:16.260+0000] {processor.py:161} INFO - Started process (PID=726) to work on /opt/airflow/dags/main.py
[2026-05-27T00:23:16.262+0000] {processor.py:830} INFO - Processing file /opt/airflow/dags/main.py for tasks to queue
[2026-05-27T00:23:16.267+0000] {logging_mixin.py:188} INFO - [2026-05-27T00:23:16.266+0000] {dagbag.py:545} INFO - Filling up the DagBag from /opt/airflow/dags/main.py
[2026-05-27T00:23:16.490+0000] {processor.py:840} INFO - DAG(s) 'update_db', 'produce_json' retrieved from /opt/airflow/dags/main.py
[2026-05-27T00:23:16.528+0000] {logging_mixin.py:188} INFO - [2026-05-27T00:23:16.528+0000] {dag.py:3096} INFO - Sync 2 DAGs
[2026-05-27T00:23:16.556+0000] {logging_mixin.py:188} INFO - [2026-05-27T00:23:16.555+0000] {dag.py:3954} INFO - Setting next_dagrun for produce_json to 2026-05-25 11:00:00+00:00, run_after=2026-05-26 11:00:00+00:00
[2026-05-27T00:23:16.569+0000] {logging_mixin.py:188} INFO - [2026-05-27T00:23:16.568+0000] {dag.py:3954} INFO - Setting next_dagrun for update_db to 2026-05-25 12:00:00+00:00, run_after=2026-05-26 12:00:00+00:00
[2026-05-27T00:23:16.662+0000] {processor.py:183} INFO - Processing /opt/airflow/dags/main.py took 0.418 seconds
[2026-05-27T00:23:47.017+0000] {processor.py:161} INFO - Started process (PID=733) to work on /opt/airflow/dags/main.py
[2026-05-27T00:23:47.020+0000] {processor.py:830} INFO - Processing file /opt/airflow/dags/main.py for tasks to queue
[2026-05-27T00:23:47.024+0000] {logging_mixin.py:188} INFO - [2026-05-27T00:23:47.023+0000] {dagbag.py:545} INFO - Filling up the DagBag from /opt/airflow/dags/main.py
[2026-05-27T00:23:47.178+0000] {processor.py:840} INFO - DAG(s) 'produce_json', 'update_db' retrieved from /opt/airflow/dags/main.py
[2026-05-27T00:23:47.215+0000] {logging_mixin.py:188} INFO - [2026-05-27T00:23:47.215+0000] {dag.py:3096} INFO - Sync 2 DAGs
[2026-05-27T00:23:47.239+0000] {logging_mixin.py:188} INFO - [2026-05-27T00:23:47.239+0000] {dag.py:3954} INFO - Setting next_dagrun for produce_json to 2026-05-25 11:00:00+00:00, run_after=2026-05-26 11:00:00+00:00
[2026-05-27T00:23:47.250+0000] {logging_mixin.py:188} INFO - [2026-05-27T00:23:47.250+0000] {dag.py:3954} INFO - Setting next_dagrun for update_db to 2026-05-25 12:00:00+00:00, run_after=2026-05-26 12:00:00+00:00
[2026-05-27T00:23:47.341+0000] {processor.py:183} INFO - Processing /opt/airflow/dags/main.py took 0.342 seconds
[2026-05-27T00:24:18.141+0000] {processor.py:161} INFO - Started process (PID=740) to work on /opt/airflow/dags/main.py
[2026-05-27T00:24:18.143+0000] {processor.py:830} INFO - Processing file /opt/airflow/dags/main.py for tasks to queue
[2026-05-27T00:24:18.147+0000] {logging_mixin.py:188} INFO - [2026-05-27T00:24:18.146+0000] {dagbag.py:545} INFO - Filling up the DagBag from /opt/airflow/dags/main.py
[2026-05-27T00:24:18.359+0000] {processor.py:840} INFO - DAG(s) 'update_db', 'produce_json' retrieved from /opt/airflow/dags/main.py
[2026-05-27T00:24:18.398+0000] {logging_mixin.py:188} INFO - [2026-05-27T00:24:18.397+0000] {dag.py:3096} INFO - Sync 2 DAGs
[2026-05-27T00:24:18.432+0000] {logging_mixin.py:188} INFO - [2026-05-27T00:24:18.431+0000] {dag.py:3954} INFO - Setting next_dagrun for produce_json to 2026-05-25 11:00:00+00:00, run_after=2026-05-26 11:00:00+00:00
[2026-05-27T00:24:18.442+0000] {logging_mixin.py:188} INFO - [2026-05-27T00:24:18.442+0000] {dag.py:3954} INFO - Setting next_dagrun for update_db to 2026-05-25 12:00:00+00:00, run_after=2026-05-26 12:00:00+00:00
[2026-05-27T00:24:18.539+0000] {processor.py:183} INFO - Processing /opt/airflow/dags/main.py took 0.407 seconds
[2026-05-27T00:24:48.961+0000] {processor.py:161} INFO - Started process (PID=747) to work on /opt/airflow/dags/main.py
[2026-05-27T00:24:48.963+0000] {processor.py:830} INFO - Processing file /opt/airflow/dags/main.py for tasks to queue
[2026-05-27T00:24:48.966+0000] {logging_mixin.py:188} INFO - [2026-05-27T00:24:48.966+0000] {dagbag.py:545} INFO - Filling up the DagBag from /opt/airflow/dags/main.py
[2026-05-27T00:24:49.212+0000] {processor.py:840} INFO - DAG(s) 'update_db', 'produce_json' retrieved from /opt/airflow/dags/main.py
[2026-05-27T00:24:49.280+0000] {logging_mixin.py:188} INFO - [2026-05-27T00:24:49.280+0000] {dag.py:3096} INFO - Sync 2 DAGs
[2026-05-27T00:24:49.327+0000] {logging_mixin.py:188} INFO - [2026-05-27T00:24:49.327+0000] {dag.py:3954} INFO - Setting next_dagrun for produce_json to 2026-05-25 11:00:00+00:00, run_after=2026-05-26 11:00:00+00:00
[2026-05-27T00:24:49.333+0000] {logging_mixin.py:188} INFO - [2026-05-27T00:24:49.333+0000] {dag.py:3954} INFO - Setting next_dagrun for update_db to 2026-05-25 12:00:00+00:00, run_after=2026-05-26 12:00:00+00:00
[2026-05-27T00:24:49.353+0000] {processor.py:183} INFO - Processing /opt/airflow/dags/main.py took 0.401 seconds
[2026-05-27T00:25:19.811+0000] {processor.py:161} INFO - Started process (PID=754) to work on /opt/airflow/dags/main.py
[2026-05-27T00:25:19.813+0000] {processor.py:830} INFO - Processing file /opt/airflow/dags/main.py for tasks to queue
[2026-05-27T00:25:19.816+0000] {logging_mixin.py:188} INFO - [2026-05-27T00:25:19.815+0000] {dagbag.py:545} INFO - Filling up the DagBag from /opt/airflow/dags/main.py
[2026-05-27T00:25:20.019+0000] {processor.py:840} INFO - DAG(s) 'produce_json', 'update_db' retrieved from /opt/airflow/dags/main.py
[2026-05-27T00:25:20.067+0000] {logging_mixin.py:188} INFO - [2026-05-27T00:25:20.066+0000] {dag.py:3096} INFO - Sync 2 DAGs
[2026-05-27T00:25:20.091+0000] {logging_mixin.py:188} INFO - [2026-05-27T00:25:20.091+0000] {dag.py:3954} INFO - Setting next_dagrun for produce_json to 2026-05-25 11:00:00+00:00, run_after=2026-05-26 11:00:00+00:00
[2026-05-27T00:25:20.097+0000] {logging_mixin.py:188} INFO - [2026-05-27T00:25:20.097+0000] {dag.py:3954} INFO - Setting next_dagrun for update_db to 2026-05-25 12:00:00+00:00, run_after=2026-05-26 12:00:00+00:00
[2026-05-27T00:25:20.118+0000] {processor.py:183} INFO - Processing /opt/airflow/dags/main.py took 0.321 seconds
[2026-05-27T00:25:50.241+0000] {processor.py:161} INFO - Started process (PID=761) to work on /opt/airflow/dags/main.py
[2026-05-27T00:25:50.244+0000] {processor.py:830} INFO - Processing file /opt/airflow/dags/main.py for tasks to queue
[2026-05-27T00:25:50.247+0000] {logging_mixin.py:188} INFO - [2026-05-27T00:25:50.247+0000] {dagbag.py:545} INFO - Filling up the DagBag from /opt/airflow/dags/main.py
[2026-05-27T00:25:50.460+0000] {processor.py:840} INFO - DAG(s) 'produce_json', 'update_db' retrieved from /opt/airflow/dags/main.py
[2026-05-27T00:25:50.503+0000] {logging_mixin.py:188} INFO - [2026-05-27T00:25:50.503+0000] {dag.py:3096} INFO - Sync 2 DAGs
[2026-05-27T00:25:50.535+0000] {logging_mixin.py:188} INFO - [2026-05-27T00:25:50.535+0000] {dag.py:3954} INFO - Setting next_dagrun for produce_json to 2026-05-25 11:00:00+00:00, run_after=2026-05-26 11:00:00+00:00
[2026-05-27T00:25:50.544+0000] {logging_mixin.py:188} INFO - [2026-05-27T00:25:50.543+0000] {dag.py:3954} INFO - Setting next_dagrun for update_db to 2026-05-25 12:00:00+00:00, run_after=2026-05-26 12:00:00+00:00
[2026-05-27T00:25:50.631+0000] {processor.py:183} INFO - Processing /opt/airflow/dags/main.py took 0.408 seconds
[2026-05-27T00:26:21.004+0000] {processor.py:161} INFO - Started process (PID=768) to work on /opt/airflow/dags/main.py
[2026-05-27T00:26:21.006+0000] {processor.py:830} INFO - Processing file /opt/airflow/dags/main.py for tasks to queue
[2026-05-27T00:26:21.009+0000] {logging_mixin.py:188} INFO - [2026-05-27T00:26:21.009+0000] {dagbag.py:545} INFO - Filling up the DagBag from /opt/airflow/dags/main.py
[2026-05-27T00:26:21.329+0000] {processor.py:840} INFO - DAG(s) 'produce_json', 'update_db' retrieved from /opt/airflow/dags/main.py
[2026-05-27T00:26:21.397+0000] {logging_mixin.py:188} INFO - [2026-05-27T00:26:21.396+0000] {dag.py:3096} INFO - Sync 2 DAGs
[2026-05-27T00:26:21.445+0000] {logging_mixin.py:188} INFO - [2026-05-27T00:26:21.444+0000] {dag.py:3954} INFO - Setting next_dagrun for produce_json to 2026-05-25 11:00:00+00:00, run_after=2026-05-26 11:00:00+00:00
[2026-05-27T00:26:21.457+0000] {logging_mixin.py:188} INFO - [2026-05-27T00:26:21.457+0000] {dag.py:3954} INFO - Setting next_dagrun for update_db to 2026-05-25 12:00:00+00:00, run_after=2026-05-26 12:00:00+00:00
[2026-05-27T00:26:21.506+0000] {processor.py:183} INFO - Processing /opt/airflow/dags/main.py took 0.514 seconds
[2026-05-27T00:26:51.955+0000] {processor.py:161} INFO - Started process (PID=775) to work on /opt/airflow/dags/main.py
[2026-05-27T00:26:51.957+0000] {processor.py:830} INFO - Processing file /opt/airflow/dags/main.py for tasks to queue
[2026-05-27T00:26:51.960+0000] {logging_mixin.py:188} INFO - [2026-05-27T00:26:51.960+0000] {dagbag.py:545} INFO - Filling up the DagBag from /opt/airflow/dags/main.py
[2026-05-27T00:26:52.244+0000] {processor.py:840} INFO - DAG(s) 'produce_json', 'update_db' retrieved from /opt/airflow/dags/main.py
[2026-05-27T00:26:52.286+0000] {logging_mixin.py:188} INFO - [2026-05-27T00:26:52.286+0000] {dag.py:3096} INFO - Sync 2 DAGs
[2026-05-27T00:26:52.325+0000] {logging_mixin.py:188} INFO - [2026-05-27T00:26:52.324+0000] {dag.py:3954} INFO - Setting next_dagrun for produce_json to 2026-05-25 11:00:00+00:00, run_after=2026-05-26 11:00:00+00:00
[2026-05-27T00:26:52.338+0000] {logging_mixin.py:188} INFO - [2026-05-27T00:26:52.337+0000] {dag.py:3954} INFO - Setting next_dagrun for update_db to 2026-05-25 12:00:00+00:00, run_after=2026-05-26 12:00:00+00:00
[2026-05-27T00:26:52.435+0000] {processor.py:183} INFO - Processing /opt/airflow/dags/main.py took 0.488 seconds
[2026-05-27T00:27:22.823+0000] {processor.py:161} INFO - Started process (PID=782) to work on /opt/airflow/dags/main.py
[2026-05-27T00:27:22.825+0000] {processor.py:830} INFO - Processing file /opt/airflow/dags/main.py for tasks to queue
[2026-05-27T00:27:22.829+0000] {logging_mixin.py:188} INFO - [2026-05-27T00:27:22.829+0000] {dagbag.py:545} INFO - Filling up the DagBag from /opt/airflow/dags/main.py
[2026-05-27T00:27:23.040+0000] {processor.py:840} INFO - DAG(s) 'update_db', 'produce_json' retrieved from /opt/airflow/dags/main.py
[2026-05-27T00:27:23.099+0000] {logging_mixin.py:188} INFO - [2026-05-27T00:27:23.098+0000] {dag.py:3096} INFO - Sync 2 DAGs
[2026-05-27T00:27:23.141+0000] {logging_mixin.py:188} INFO - [2026-05-27T00:27:23.141+0000] {dag.py:3954} INFO - Setting next_dagrun for produce_json to 2026-05-25 11:00:00+00:00, run_after=2026-05-26 11:00:00+00:00
[2026-05-27T00:27:23.148+0000] {logging_mixin.py:188} INFO - [2026-05-27T00:27:23.148+0000] {dag.py:3954} INFO - Setting next_dagrun for update_db to 2026-05-25 12:00:00+00:00, run_after=2026-05-26 12:00:00+00:00
[2026-05-27T00:27:23.230+0000] {processor.py:183} INFO - Processing /opt/airflow/dags/main.py took 0.417 seconds
[2026-05-27T00:27:53.744+0000] {processor.py:161} INFO - Started process (PID=789) to work on /opt/airflow/dags/main.py
[2026-05-27T00:27:53.747+0000] {processor.py:830} INFO - Processing file /opt/airflow/dags/main.py for tasks to queue
[2026-05-27T00:27:53.750+0000] {logging_mixin.py:188} INFO - [2026-05-27T00:27:53.750+0000] {dagbag.py:545} INFO - Filling up the DagBag from /opt/airflow/dags/main.py
[2026-05-27T00:27:53.993+0000] {processor.py:840} INFO - DAG(s) 'produce_json', 'update_db' retrieved from /opt/airflow/dags/main.py
[2026-05-27T00:27:54.046+0000] {logging_mixin.py:188} INFO - [2026-05-27T00:27:54.045+0000] {dag.py:3096} INFO - Sync 2 DAGs
[2026-05-27T00:27:54.080+0000] {logging_mixin.py:188} INFO - [2026-05-27T00:27:54.079+0000] {dag.py:3954} INFO - Setting next_dagrun for produce_json to 2026-05-25 11:00:00+00:00, run_after=2026-05-26 11:00:00+00:00
[2026-05-27T00:27:54.088+0000] {logging_mixin.py:188} INFO - [2026-05-27T00:27:54.088+0000] {dag.py:3954} INFO - Setting next_dagrun for update_db to 2026-05-25 12:00:00+00:00, run_after=2026-05-26 12:00:00+00:00
[2026-05-27T00:27:54.175+0000] {processor.py:183} INFO - Processing /opt/airflow/dags/main.py took 0.455 seconds
[2026-05-27T00:28:24.639+0000] {processor.py:161} INFO - Started process (PID=796) to work on /opt/airflow/dags/main.py
[2026-05-27T00:28:24.641+0000] {processor.py:830} INFO - Processing file /opt/airflow/dags/main.py for tasks to queue
[2026-05-27T00:28:24.643+0000] {logging_mixin.py:188} INFO - [2026-05-27T00:28:24.643+0000] {dagbag.py:545} INFO - Filling up the DagBag from /opt/airflow/dags/main.py
[2026-05-27T00:28:24.802+0000] {processor.py:840} INFO - DAG(s) 'update_db', 'produce_json' retrieved from /opt/airflow/dags/main.py
[2026-05-27T00:28:24.840+0000] {logging_mixin.py:188} INFO - [2026-05-27T00:28:24.840+0000] {dag.py:3096} INFO - Sync 2 DAGs
[2026-05-27T00:28:24.869+0000] {logging_mixin.py:188} INFO - [2026-05-27T00:28:24.869+0000] {dag.py:3954} INFO - Setting next_dagrun for produce_json to 2026-05-25 11:00:00+00:00, run_after=2026-05-26 11:00:00+00:00
[2026-05-27T00:28:24.877+0000] {logging_mixin.py:188} INFO - [2026-05-27T00:28:24.876+0000] {dag.py:3954} INFO - Setting next_dagrun for update_db to 2026-05-25 12:00:00+00:00, run_after=2026-05-26 12:00:00+00:00
[2026-05-27T00:28:24.966+0000] {processor.py:183} INFO - Processing /opt/airflow/dags/main.py took 0.336 seconds
[2026-05-27T00:28:56.189+0000] {processor.py:161} INFO - Started process (PID=803) to work on /opt/airflow/dags/main.py
[2026-05-27T00:28:56.191+0000] {processor.py:830} INFO - Processing file /opt/airflow/dags/main.py for tasks to queue
[2026-05-27T00:28:56.195+0000] {logging_mixin.py:188} INFO - [2026-05-27T00:28:56.194+0000] {dagbag.py:545} INFO - Filling up the DagBag from /opt/airflow/dags/main.py
[2026-05-27T00:28:56.494+0000] {processor.py:840} INFO - DAG(s) 'produce_json', 'update_db' retrieved from /opt/airflow/dags/main.py
[2026-05-27T00:28:56.543+0000] {logging_mixin.py:188} INFO - [2026-05-27T00:28:56.543+0000] {dag.py:3096} INFO - Sync 2 DAGs
[2026-05-27T00:28:56.574+0000] {logging_mixin.py:188} INFO - [2026-05-27T00:28:56.573+0000] {dag.py:3954} INFO - Setting next_dagrun for produce_json to 2026-05-25 11:00:00+00:00, run_after=2026-05-26 11:00:00+00:00
[2026-05-27T00:28:56.584+0000] {logging_mixin.py:188} INFO - [2026-05-27T00:28:56.583+0000] {dag.py:3954} INFO - Setting next_dagrun for update_db to 2026-05-25 12:00:00+00:00, run_after=2026-05-26 12:00:00+00:00
[2026-05-27T00:28:56.673+0000] {processor.py:183} INFO - Processing /opt/airflow/dags/main.py took 0.498 seconds
[2026-05-27T00:29:27.194+0000] {processor.py:161} INFO - Started process (PID=810) to work on /opt/airflow/dags/main.py
[2026-05-27T00:29:27.196+0000] {processor.py:830} INFO - Processing file /opt/airflow/dags/main.py for tasks to queue
[2026-05-27T00:29:27.200+0000] {logging_mixin.py:188} INFO - [2026-05-27T00:29:27.200+0000] {dagbag.py:545} INFO - Filling up the DagBag from /opt/airflow/dags/main.py
[2026-05-27T00:29:27.414+0000] {processor.py:840} INFO - DAG(s) 'update_db', 'produce_json' retrieved from /opt/airflow/dags/main.py
[2026-05-27T00:29:27.460+0000] {logging_mixin.py:188} INFO - [2026-05-27T00:29:27.460+0000] {dag.py:3096} INFO - Sync 2 DAGs
[2026-05-27T00:29:27.508+0000] {logging_mixin.py:188} INFO - [2026-05-27T00:29:27.508+0000] {dag.py:3954} INFO - Setting next_dagrun for produce_json to 2026-05-25 11:00:00+00:00, run_after=2026-05-26 11:00:00+00:00
[2026-05-27T00:29:27.519+0000] {logging_mixin.py:188} INFO - [2026-05-27T00:29:27.519+0000] {dag.py:3954} INFO - Setting next_dagrun for update_db to 2026-05-25 12:00:00+00:00, run_after=2026-05-26 12:00:00+00:00
[2026-05-27T00:29:27.559+0000] {processor.py:183} INFO - Processing /opt/airflow/dags/main.py took 0.386 seconds
[2026-05-27T00:29:58.037+0000] {processor.py:161} INFO - Started process (PID=817) to work on /opt/airflow/dags/main.py
[2026-05-27T00:29:58.040+0000] {processor.py:830} INFO - Processing file /opt/airflow/dags/main.py for tasks to queue
[2026-05-27T00:29:58.045+0000] {logging_mixin.py:188} INFO - [2026-05-27T00:29:58.045+0000] {dagbag.py:545} INFO - Filling up the DagBag from /opt/airflow/dags/main.py
[2026-05-27T00:29:58.278+0000] {processor.py:840} INFO - DAG(s) 'update_db', 'produce_json' retrieved from /opt/airflow/dags/main.py
[2026-05-27T00:29:58.316+0000] {logging_mixin.py:188} INFO - [2026-05-27T00:29:58.315+0000] {dag.py:3096} INFO - Sync 2 DAGs
[2026-05-27T00:29:58.348+0000] {logging_mixin.py:188} INFO - [2026-05-27T00:29:58.347+0000] {dag.py:3954} INFO - Setting next_dagrun for produce_json to 2026-05-25 11:00:00+00:00, run_after=2026-05-26 11:00:00+00:00
[2026-05-27T00:29:58.359+0000] {logging_mixin.py:188} INFO - [2026-05-27T00:29:58.358+0000] {dag.py:3954} INFO - Setting next_dagrun for update_db to 2026-05-25 12:00:00+00:00, run_after=2026-05-26 12:00:00+00:00
[2026-05-27T00:29:58.445+0000] {processor.py:183} INFO - Processing /opt/airflow/dags/main.py took 0.424 seconds
[2026-05-27T00:30:28.937+0000] {processor.py:161} INFO - Started process (PID=824) to work on /opt/airflow/dags/main.py
[2026-05-27T00:30:28.940+0000] {processor.py:830} INFO - Processing file /opt/airflow/dags/main.py for tasks to queue
[2026-05-27T00:30:28.943+0000] {logging_mixin.py:188} INFO - [2026-05-27T00:30:28.942+0000] {dagbag.py:545} INFO - Filling up the DagBag from /opt/airflow/dags/main.py
[2026-05-27T00:30:29.220+0000] {processor.py:840} INFO - DAG(s) 'update_db', 'produce_json' retrieved from /opt/airflow/dags/main.py
[2026-05-27T00:30:29.296+0000] {logging_mixin.py:188} INFO - [2026-05-27T00:30:29.295+0000] {dag.py:3096} INFO - Sync 2 DAGs
[2026-05-27T00:30:29.335+0000] {logging_mixin.py:188} INFO - [2026-05-27T00:30:29.335+0000] {dag.py:3954} INFO - Setting next_dagrun for produce_json to 2026-05-25 11:00:00+00:00, run_after=2026-05-26 11:00:00+00:00
[2026-05-27T00:30:29.342+0000] {logging_mixin.py:188} INFO - [2026-05-27T00:30:29.342+0000] {dag.py:3954} INFO - Setting next_dagrun for update_db to 2026-05-25 12:00:00+00:00, run_after=2026-05-26 12:00:00+00:00
[2026-05-27T00:30:29.417+0000] {processor.py:183} INFO - Processing /opt/airflow/dags/main.py took 0.490 seconds
[2026-05-27T00:30:59.836+0000] {processor.py:161} INFO - Started process (PID=831) to work on /opt/airflow/dags/main.py
[2026-05-27T00:30:59.838+0000] {processor.py:830} INFO - Processing file /opt/airflow/dags/main.py for tasks to queue
[2026-05-27T00:30:59.842+0000] {logging_mixin.py:188} INFO - [2026-05-27T00:30:59.842+0000] {dagbag.py:545} INFO - Filling up the DagBag from /opt/airflow/dags/main.py
[2026-05-27T00:31:00.020+0000] {processor.py:840} INFO - DAG(s) 'produce_json', 'update_db' retrieved from /opt/airflow/dags/main.py
[2026-05-27T00:31:00.063+0000] {logging_mixin.py:188} INFO - [2026-05-27T00:31:00.062+0000] {dag.py:3096} INFO - Sync 2 DAGs
[2026-05-27T00:31:00.093+0000] {logging_mixin.py:188} INFO - [2026-05-27T00:31:00.092+0000] {dag.py:3954} INFO - Setting next_dagrun for produce_json to 2026-05-25 11:00:00+00:00, run_after=2026-05-26 11:00:00+00:00
[2026-05-27T00:31:00.099+0000] {logging_mixin.py:188} INFO - [2026-05-27T00:31:00.099+0000] {dag.py:3954} INFO - Setting next_dagrun for update_db to 2026-05-25 12:00:00+00:00, run_after=2026-05-26 12:00:00+00:00
[2026-05-27T00:31:00.119+0000] {processor.py:183} INFO - Processing /opt/airflow/dags/main.py took 0.294 seconds
[2026-05-27T00:31:30.284+0000] {processor.py:161} INFO - Started process (PID=838) to work on /opt/airflow/dags/main.py
[2026-05-27T00:31:30.286+0000] {processor.py:830} INFO - Processing file /opt/airflow/dags/main.py for tasks to queue
[2026-05-27T00:31:30.292+0000] {logging_mixin.py:188} INFO - [2026-05-27T00:31:30.291+0000] {dagbag.py:545} INFO - Filling up the DagBag from /opt/airflow/dags/main.py
[2026-05-27T00:31:30.532+0000] {processor.py:840} INFO - DAG(s) 'produce_json', 'update_db' retrieved from /opt/airflow/dags/main.py
[2026-05-27T00:31:30.588+0000] {logging_mixin.py:188} INFO - [2026-05-27T00:31:30.588+0000] {dag.py:3096} INFO - Sync 2 DAGs
[2026-05-27T00:31:30.618+0000] {logging_mixin.py:188} INFO - [2026-05-27T00:31:30.617+0000] {dag.py:3954} INFO - Setting next_dagrun for produce_json to 2026-05-25 11:00:00+00:00, run_after=2026-05-26 11:00:00+00:00
[2026-05-27T00:31:30.625+0000] {logging_mixin.py:188} INFO - [2026-05-27T00:31:30.625+0000] {dag.py:3954} INFO - Setting next_dagrun for update_db to 2026-05-25 12:00:00+00:00, run_after=2026-05-26 12:00:00+00:00
[2026-05-27T00:31:30.697+0000] {processor.py:183} INFO - Processing /opt/airflow/dags/main.py took 0.436 seconds
[2026-05-27T00:32:00.846+0000] {processor.py:161} INFO - Started process (PID=845) to work on /opt/airflow/dags/main.py
[2026-05-27T00:32:00.848+0000] {processor.py:830} INFO - Processing file /opt/airflow/dags/main.py for tasks to queue
[2026-05-27T00:32:00.854+0000] {logging_mixin.py:188} INFO - [2026-05-27T00:32:00.854+0000] {dagbag.py:545} INFO - Filling up the DagBag from /opt/airflow/dags/main.py
[2026-05-27T00:32:01.174+0000] {processor.py:840} INFO - DAG(s) 'produce_json', 'update_db' retrieved from /opt/airflow/dags/main.py
[2026-05-27T00:32:01.225+0000] {logging_mixin.py:188} INFO - [2026-05-27T00:32:01.225+0000] {dag.py:3096} INFO - Sync 2 DAGs
[2026-05-27T00:32:01.261+0000] {logging_mixin.py:188} INFO - [2026-05-27T00:32:01.261+0000] {dag.py:3954} INFO - Setting next_dagrun for produce_json to 2026-05-25 11:00:00+00:00, run_after=2026-05-26 11:00:00+00:00
[2026-05-27T00:32:01.270+0000] {logging_mixin.py:188} INFO - [2026-05-27T00:32:01.270+0000] {dag.py:3954} INFO - Setting next_dagrun for update_db to 2026-05-25 12:00:00+00:00, run_after=2026-05-26 12:00:00+00:00
[2026-05-27T00:32:01.333+0000] {processor.py:183} INFO - Processing /opt/airflow/dags/main.py took 0.504 seconds
[2026-05-27T00:32:31.456+0000] {processor.py:161} INFO - Started process (PID=852) to work on /opt/airflow/dags/main.py
[2026-05-27T00:32:31.458+0000] {processor.py:830} INFO - Processing file /opt/airflow/dags/main.py for tasks to queue
[2026-05-27T00:32:31.463+0000] {logging_mixin.py:188} INFO - [2026-05-27T00:32:31.463+0000] {dagbag.py:545} INFO - Filling up the DagBag from /opt/airflow/dags/main.py
[2026-05-27T00:32:31.753+0000] {processor.py:840} INFO - DAG(s) 'update_db', 'produce_json' retrieved from /opt/airflow/dags/main.py
[2026-05-27T00:32:31.799+0000] {logging_mixin.py:188} INFO - [2026-05-27T00:32:31.798+0000] {dag.py:3096} INFO - Sync 2 DAGs
[2026-05-27T00:32:31.824+0000] {logging_mixin.py:188} INFO - [2026-05-27T00:32:31.824+0000] {dag.py:3954} INFO - Setting next_dagrun for produce_json to 2026-05-25 11:00:00+00:00, run_after=2026-05-26 11:00:00+00:00
[2026-05-27T00:32:31.831+0000] {logging_mixin.py:188} INFO - [2026-05-27T00:32:31.831+0000] {dag.py:3954} INFO - Setting next_dagrun for update_db to 2026-05-25 12:00:00+00:00, run_after=2026-05-26 12:00:00+00:00
[2026-05-27T00:32:31.860+0000] {processor.py:183} INFO - Processing /opt/airflow/dags/main.py took 0.423 seconds
[2026-05-27T00:33:02.125+0000] {processor.py:161} INFO - Started process (PID=859) to work on /opt/airflow/dags/main.py
[2026-05-27T00:33:02.127+0000] {processor.py:830} INFO - Processing file /opt/airflow/dags/main.py for tasks to queue
[2026-05-27T00:33:02.130+0000] {logging_mixin.py:188} INFO - [2026-05-27T00:33:02.130+0000] {dagbag.py:545} INFO - Filling up the DagBag from /opt/airflow/dags/main.py
[2026-05-27T00:33:02.389+0000] {processor.py:840} INFO - DAG(s) 'update_db', 'produce_json' retrieved from /opt/airflow/dags/main.py
[2026-05-27T00:33:02.432+0000] {logging_mixin.py:188} INFO - [2026-05-27T00:33:02.432+0000] {dag.py:3096} INFO - Sync 2 DAGs
[2026-05-27T00:33:02.481+0000] {logging_mixin.py:188} INFO - [2026-05-27T00:33:02.481+0000] {dag.py:3954} INFO - Setting next_dagrun for produce_json to 2026-05-25 11:00:00+00:00, run_after=2026-05-26 11:00:00+00:00
[2026-05-27T00:33:02.491+0000] {logging_mixin.py:188} INFO - [2026-05-27T00:33:02.490+0000] {dag.py:3954} INFO - Setting next_dagrun for update_db to 2026-05-25 12:00:00+00:00, run_after=2026-05-26 12:00:00+00:00
[2026-05-27T00:33:02.579+0000] {processor.py:183} INFO - Processing /opt/airflow/dags/main.py took 0.473 seconds
[2026-05-27T00:33:33.091+0000] {processor.py:161} INFO - Started process (PID=867) to work on /opt/airflow/dags/main.py
[2026-05-27T00:33:33.093+0000] {processor.py:830} INFO - Processing file /opt/airflow/dags/main.py for tasks to queue
[2026-05-27T00:33:33.097+0000] {logging_mixin.py:188} INFO - [2026-05-27T00:33:33.096+0000] {dagbag.py:545} INFO - Filling up the DagBag from /opt/airflow/dags/main.py
[2026-05-27T00:33:33.249+0000] {processor.py:840} INFO - DAG(s) 'produce_json', 'update_db' retrieved from /opt/airflow/dags/main.py
[2026-05-27T00:33:33.292+0000] {logging_mixin.py:188} INFO - [2026-05-27T00:33:33.292+0000] {dag.py:3096} INFO - Sync 2 DAGs
[2026-05-27T00:33:33.321+0000] {logging_mixin.py:188} INFO - [2026-05-27T00:33:33.320+0000] {dag.py:3954} INFO - Setting next_dagrun for produce_json to 2026-05-25 11:00:00+00:00, run_after=2026-05-26 11:00:00+00:00
[2026-05-27T00:33:33.327+0000] {logging_mixin.py:188} INFO - [2026-05-27T00:33:33.327+0000] {dag.py:3954} INFO - Setting next_dagrun for update_db to 2026-05-25 12:00:00+00:00, run_after=2026-05-26 12:00:00+00:00
[2026-05-27T00:33:33.414+0000] {processor.py:183} INFO - Processing /opt/airflow/dags/main.py took 0.340 seconds
[2026-05-27T00:34:04.467+0000] {processor.py:161} INFO - Started process (PID=874) to work on /opt/airflow/dags/main.py
[2026-05-27T00:34:04.469+0000] {processor.py:830} INFO - Processing file /opt/airflow/dags/main.py for tasks to queue
[2026-05-27T00:34:04.472+0000] {logging_mixin.py:188} INFO - [2026-05-27T00:34:04.472+0000] {dagbag.py:545} INFO - Filling up the DagBag from /opt/airflow/dags/main.py
[2026-05-27T00:34:04.683+0000] {processor.py:840} INFO - DAG(s) 'update_db', 'produce_json' retrieved from /opt/airflow/dags/main.py
[2026-05-27T00:34:04.732+0000] {logging_mixin.py:188} INFO - [2026-05-27T00:34:04.731+0000] {dag.py:3096} INFO - Sync 2 DAGs
[2026-05-27T00:34:04.762+0000] {logging_mixin.py:188} INFO - [2026-05-27T00:34:04.762+0000] {dag.py:3954} INFO - Setting next_dagrun for produce_json to 2026-05-25 11:00:00+00:00, run_after=2026-05-26 11:00:00+00:00
[2026-05-27T00:34:04.769+0000] {logging_mixin.py:188} INFO - [2026-05-27T00:34:04.769+0000] {dag.py:3954} INFO - Setting next_dagrun for update_db to 2026-05-25 12:00:00+00:00, run_after=2026-05-26 12:00:00+00:00
[2026-05-27T00:34:04.840+0000] {processor.py:183} INFO - Processing /opt/airflow/dags/main.py took 0.381 seconds
[2026-05-27T00:34:35.286+0000] {processor.py:161} INFO - Started process (PID=881) to work on /opt/airflow/dags/main.py
[2026-05-27T00:34:35.287+0000] {processor.py:830} INFO - Processing file /opt/airflow/dags/main.py for tasks to queue
[2026-05-27T00:34:35.290+0000] {logging_mixin.py:188} INFO - [2026-05-27T00:34:35.290+0000] {dagbag.py:545} INFO - Filling up the DagBag from /opt/airflow/dags/main.py
[2026-05-27T00:34:35.505+0000] {processor.py:840} INFO - DAG(s) 'update_db', 'produce_json' retrieved from /opt/airflow/dags/main.py
[2026-05-27T00:34:35.559+0000] {logging_mixin.py:188} INFO - [2026-05-27T00:34:35.558+0000] {dag.py:3096} INFO - Sync 2 DAGs
[2026-05-27T00:34:35.585+0000] {logging_mixin.py:188} INFO - [2026-05-27T00:34:35.585+0000] {dag.py:3954} INFO - Setting next_dagrun for produce_json to 2026-05-25 11:00:00+00:00, run_after=2026-05-26 11:00:00+00:00
[2026-05-27T00:34:35.591+0000] {logging_mixin.py:188} INFO - [2026-05-27T00:34:35.591+0000] {dag.py:3954} INFO - Setting next_dagrun for update_db to 2026-05-25 12:00:00+00:00, run_after=2026-05-26 12:00:00+00:00
[2026-05-27T00:34:35.659+0000] {processor.py:183} INFO - Processing /opt/airflow/dags/main.py took 0.386 seconds
[2026-05-27T00:35:06.097+0000] {processor.py:161} INFO - Started process (PID=888) to work on /opt/airflow/dags/main.py
[2026-05-27T00:35:06.099+0000] {processor.py:830} INFO - Processing file /opt/airflow/dags/main.py for tasks to queue
[2026-05-27T00:35:06.103+0000] {logging_mixin.py:188} INFO - [2026-05-27T00:35:06.102+0000] {dagbag.py:545} INFO - Filling up the DagBag from /opt/airflow/dags/main.py
[2026-05-27T00:35:06.295+0000] {processor.py:840} INFO - DAG(s) 'update_db', 'produce_json' retrieved from /opt/airflow/dags/main.py
[2026-05-27T00:35:06.330+0000] {logging_mixin.py:188} INFO - [2026-05-27T00:35:06.330+0000] {dag.py:3096} INFO - Sync 2 DAGs
[2026-05-27T00:35:06.362+0000] {logging_mixin.py:188} INFO - [2026-05-27T00:35:06.361+0000] {dag.py:3954} INFO - Setting next_dagrun for produce_json to 2026-05-25 11:00:00+00:00, run_after=2026-05-26 11:00:00+00:00
[2026-05-27T00:35:06.372+0000] {logging_mixin.py:188} INFO - [2026-05-27T00:35:06.371+0000] {dag.py:3954} INFO - Setting next_dagrun for update_db to 2026-05-25 12:00:00+00:00, run_after=2026-05-26 12:00:00+00:00
[2026-05-27T00:35:06.464+0000] {processor.py:183} INFO - Processing /opt/airflow/dags/main.py took 0.385 seconds
[2026-05-27T00:35:36.943+0000] {processor.py:161} INFO - Started process (PID=895) to work on /opt/airflow/dags/main.py
[2026-05-27T00:35:36.946+0000] {processor.py:830} INFO - Processing file /opt/airflow/dags/main.py for tasks to queue
[2026-05-27T00:35:36.950+0000] {logging_mixin.py:188} INFO - [2026-05-27T00:35:36.950+0000] {dagbag.py:545} INFO - Filling up the DagBag from /opt/airflow/dags/main.py
[2026-05-27T00:35:37.161+0000] {processor.py:840} INFO - DAG(s) 'produce_json', 'update_db' retrieved from /opt/airflow/dags/main.py
[2026-05-27T00:35:37.226+0000] {logging_mixin.py:188} INFO - [2026-05-27T00:35:37.225+0000] {dag.py:3096} INFO - Sync 2 DAGs
[2026-05-27T00:35:37.248+0000] {logging_mixin.py:188} INFO - [2026-05-27T00:35:37.248+0000] {dag.py:3954} INFO - Setting next_dagrun for produce_json to 2026-05-25 11:00:00+00:00, run_after=2026-05-26 11:00:00+00:00
[2026-05-27T00:35:37.255+0000] {logging_mixin.py:188} INFO - [2026-05-27T00:35:37.255+0000] {dag.py:3954} INFO - Setting next_dagrun for update_db to 2026-05-25 12:00:00+00:00, run_after=2026-05-26 12:00:00+00:00
[2026-05-27T00:35:37.339+0000] {processor.py:183} INFO - Processing /opt/airflow/dags/main.py took 0.419 seconds
[2026-05-27T00:36:07.873+0000] {processor.py:161} INFO - Started process (PID=902) to work on /opt/airflow/dags/main.py
[2026-05-27T00:36:07.877+0000] {processor.py:830} INFO - Processing file /opt/airflow/dags/main.py for tasks to queue
[2026-05-27T00:36:07.883+0000] {logging_mixin.py:188} INFO - [2026-05-27T00:36:07.882+0000] {dagbag.py:545} INFO - Filling up the DagBag from /opt/airflow/dags/main.py
[2026-05-27T00:36:08.159+0000] {processor.py:840} INFO - DAG(s) 'update_db', 'produce_json' retrieved from /opt/airflow/dags/main.py
[2026-05-27T00:36:08.225+0000] {logging_mixin.py:188} INFO - [2026-05-27T00:36:08.225+0000] {dag.py:3096} INFO - Sync 2 DAGs
[2026-05-27T00:36:08.265+0000] {logging_mixin.py:188} INFO - [2026-05-27T00:36:08.265+0000] {dag.py:3954} INFO - Setting next_dagrun for produce_json to 2026-05-25 11:00:00+00:00, run_after=2026-05-26 11:00:00+00:00
[2026-05-27T00:36:08.273+0000] {logging_mixin.py:188} INFO - [2026-05-27T00:36:08.273+0000] {dag.py:3954} INFO - Setting next_dagrun for update_db to 2026-05-25 12:00:00+00:00, run_after=2026-05-26 12:00:00+00:00
[2026-05-27T00:36:08.355+0000] {processor.py:183} INFO - Processing /opt/airflow/dags/main.py took 0.503 seconds
[2026-05-27T00:36:38.784+0000] {processor.py:161} INFO - Started process (PID=909) to work on /opt/airflow/dags/main.py
[2026-05-27T00:36:38.786+0000] {processor.py:830} INFO - Processing file /opt/airflow/dags/main.py for tasks to queue
[2026-05-27T00:36:38.791+0000] {logging_mixin.py:188} INFO - [2026-05-27T00:36:38.790+0000] {dagbag.py:545} INFO - Filling up the DagBag from /opt/airflow/dags/main.py
[2026-05-27T00:36:39.121+0000] {processor.py:840} INFO - DAG(s) 'update_db', 'produce_json' retrieved from /opt/airflow/dags/main.py
[2026-05-27T00:36:39.192+0000] {logging_mixin.py:188} INFO - [2026-05-27T00:36:39.192+0000] {dag.py:3096} INFO - Sync 2 DAGs
[2026-05-27T00:36:39.241+0000] {logging_mixin.py:188} INFO - [2026-05-27T00:36:39.241+0000] {dag.py:3954} INFO - Setting next_dagrun for produce_json to 2026-05-25 11:00:00+00:00, run_after=2026-05-26 11:00:00+00:00
[2026-05-27T00:36:39.251+0000] {logging_mixin.py:188} INFO - [2026-05-27T00:36:39.251+0000] {dag.py:3954} INFO - Setting next_dagrun for update_db to 2026-05-25 12:00:00+00:00, run_after=2026-05-26 12:00:00+00:00
[2026-05-27T00:36:39.285+0000] {processor.py:183} INFO - Processing /opt/airflow/dags/main.py took 0.525 seconds
[2026-05-27T00:37:09.755+0000] {processor.py:161} INFO - Started process (PID=917) to work on /opt/airflow/dags/main.py
[2026-05-27T00:37:09.758+0000] {processor.py:830} INFO - Processing file /opt/airflow/dags/main.py for tasks to queue
[2026-05-27T00:37:09.763+0000] {logging_mixin.py:188} INFO - [2026-05-27T00:37:09.762+0000] {dagbag.py:545} INFO - Filling up the DagBag from /opt/airflow/dags/main.py
[2026-05-27T00:37:10.078+0000] {processor.py:840} INFO - DAG(s) 'produce_json', 'update_db' retrieved from /opt/airflow/dags/main.py
[2026-05-27T00:37:10.121+0000] {logging_mixin.py:188} INFO - [2026-05-27T00:37:10.121+0000] {dag.py:3096} INFO - Sync 2 DAGs
[2026-05-27T00:37:10.146+0000] {logging_mixin.py:188} INFO - [2026-05-27T00:37:10.146+0000] {dag.py:3954} INFO - Setting next_dagrun for produce_json to 2026-05-25 11:00:00+00:00, run_after=2026-05-26 11:00:00+00:00
[2026-05-27T00:37:10.152+0000] {logging_mixin.py:188} INFO - [2026-05-27T00:37:10.152+0000] {dag.py:3954} INFO - Setting next_dagrun for update_db to 2026-05-25 12:00:00+00:00, run_after=2026-05-26 12:00:00+00:00
[2026-05-27T00:37:10.231+0000] {processor.py:183} INFO - Processing /opt/airflow/dags/main.py took 0.492 seconds
[2026-05-27T00:37:40.567+0000] {processor.py:161} INFO - Started process (PID=924) to work on /opt/airflow/dags/main.py
[2026-05-27T00:37:40.568+0000] {processor.py:830} INFO - Processing file /opt/airflow/dags/main.py for tasks to queue
[2026-05-27T00:37:40.571+0000] {logging_mixin.py:188} INFO - [2026-05-27T00:37:40.570+0000] {dagbag.py:545} INFO - Filling up the DagBag from /opt/airflow/dags/main.py
[2026-05-27T00:37:40.768+0000] {processor.py:840} INFO - DAG(s) 'produce_json', 'update_db' retrieved from /opt/airflow/dags/main.py
[2026-05-27T00:37:40.834+0000] {logging_mixin.py:188} INFO - [2026-05-27T00:37:40.834+0000] {dag.py:3096} INFO - Sync 2 DAGs
[2026-05-27T00:37:40.860+0000] {logging_mixin.py:188} INFO - [2026-05-27T00:37:40.860+0000] {dag.py:3954} INFO - Setting next_dagrun for produce_json to 2026-05-25 11:00:00+00:00, run_after=2026-05-26 11:00:00+00:00
[2026-05-27T00:37:40.866+0000] {logging_mixin.py:188} INFO - [2026-05-27T00:37:40.866+0000] {dag.py:3954} INFO - Setting next_dagrun for update_db to 2026-05-25 12:00:00+00:00, run_after=2026-05-26 12:00:00+00:00
[2026-05-27T00:37:40.947+0000] {processor.py:183} INFO - Processing /opt/airflow/dags/main.py took 0.391 seconds
[2026-05-27T00:38:11.054+0000] {processor.py:161} INFO - Started process (PID=931) to work on /opt/airflow/dags/main.py
[2026-05-27T00:38:11.057+0000] {processor.py:830} INFO - Processing file /opt/airflow/dags/main.py for tasks to queue
[2026-05-27T00:38:11.061+0000] {logging_mixin.py:188} INFO - [2026-05-27T00:38:11.061+0000] {dagbag.py:545} INFO - Filling up the DagBag from /opt/airflow/dags/main.py
[2026-05-27T00:38:11.244+0000] {processor.py:840} INFO - DAG(s) 'produce_json', 'update_db' retrieved from /opt/airflow/dags/main.py
[2026-05-27T00:38:11.303+0000] {logging_mixin.py:188} INFO - [2026-05-27T00:38:11.303+0000] {dag.py:3096} INFO - Sync 2 DAGs
[2026-05-27T00:38:11.354+0000] {logging_mixin.py:188} INFO - [2026-05-27T00:38:11.354+0000] {dag.py:3954} INFO - Setting next_dagrun for produce_json to 2026-05-25 11:00:00+00:00, run_after=2026-05-26 11:00:00+00:00
[2026-05-27T00:38:11.363+0000] {logging_mixin.py:188} INFO - [2026-05-27T00:38:11.363+0000] {dag.py:3954} INFO - Setting next_dagrun for update_db to 2026-05-25 12:00:00+00:00, run_after=2026-05-26 12:00:00+00:00
[2026-05-27T00:38:11.434+0000] {processor.py:183} INFO - Processing /opt/airflow/dags/main.py took 0.395 seconds
[2026-05-27T00:38:41.841+0000] {processor.py:161} INFO - Started process (PID=938) to work on /opt/airflow/dags/main.py
[2026-05-27T00:38:41.843+0000] {processor.py:830} INFO - Processing file /opt/airflow/dags/main.py for tasks to queue
[2026-05-27T00:38:41.846+0000] {logging_mixin.py:188} INFO - [2026-05-27T00:38:41.846+0000] {dagbag.py:545} INFO - Filling up the DagBag from /opt/airflow/dags/main.py
[2026-05-27T00:38:42.039+0000] {processor.py:840} INFO - DAG(s) 'produce_json', 'update_db' retrieved from /opt/airflow/dags/main.py
[2026-05-27T00:38:42.084+0000] {logging_mixin.py:188} INFO - [2026-05-27T00:38:42.084+0000] {dag.py:3096} INFO - Sync 2 DAGs
[2026-05-27T00:38:42.108+0000] {logging_mixin.py:188} INFO - [2026-05-27T00:38:42.108+0000] {dag.py:3954} INFO - Setting next_dagrun for produce_json to 2026-05-25 11:00:00+00:00, run_after=2026-05-26 11:00:00+00:00
[2026-05-27T00:38:42.115+0000] {logging_mixin.py:188} INFO - [2026-05-27T00:38:42.114+0000] {dag.py:3954} INFO - Setting next_dagrun for update_db to 2026-05-25 12:00:00+00:00, run_after=2026-05-26 12:00:00+00:00
[2026-05-27T00:38:42.197+0000] {processor.py:183} INFO - Processing /opt/airflow/dags/main.py took 0.368 seconds
[2026-05-27T00:39:13.054+0000] {processor.py:161} INFO - Started process (PID=951) to work on /opt/airflow/dags/main.py
[2026-05-27T00:39:13.056+0000] {processor.py:830} INFO - Processing file /opt/airflow/dags/main.py for tasks to queue
[2026-05-27T00:39:13.060+0000] {logging_mixin.py:188} INFO - [2026-05-27T00:39:13.060+0000] {dagbag.py:545} INFO - Filling up the DagBag from /opt/airflow/dags/main.py
[2026-05-27T00:39:13.353+0000] {processor.py:840} INFO - DAG(s) 'update_db', 'produce_json' retrieved from /opt/airflow/dags/main.py
[2026-05-27T00:39:13.416+0000] {logging_mixin.py:188} INFO - [2026-05-27T00:39:13.416+0000] {dag.py:3096} INFO - Sync 2 DAGs
[2026-05-27T00:39:13.454+0000] {logging_mixin.py:188} INFO - [2026-05-27T00:39:13.454+0000] {dag.py:3954} INFO - Setting next_dagrun for produce_json to 2026-05-25 11:00:00+00:00, run_after=2026-05-26 11:00:00+00:00
[2026-05-27T00:39:13.462+0000] {logging_mixin.py:188} INFO - [2026-05-27T00:39:13.462+0000] {dag.py:3954} INFO - Setting next_dagrun for update_db to 2026-05-25 12:00:00+00:00, run_after=2026-05-26 12:00:00+00:00
[2026-05-27T00:39:13.553+0000] {processor.py:183} INFO - Processing /opt/airflow/dags/main.py took 0.512 seconds
[2026-05-27T00:39:44.001+0000] {processor.py:161} INFO - Started process (PID=958) to work on /opt/airflow/dags/main.py
[2026-05-27T00:39:44.003+0000] {processor.py:830} INFO - Processing file /opt/airflow/dags/main.py for tasks to queue
[2026-05-27T00:39:44.007+0000] {logging_mixin.py:188} INFO - [2026-05-27T00:39:44.006+0000] {dagbag.py:545} INFO - Filling up the DagBag from /opt/airflow/dags/main.py
[2026-05-27T00:39:44.181+0000] {processor.py:840} INFO - DAG(s) 'update_db', 'produce_json' retrieved from /opt/airflow/dags/main.py
[2026-05-27T00:39:44.219+0000] {logging_mixin.py:188} INFO - [2026-05-27T00:39:44.219+0000] {dag.py:3096} INFO - Sync 2 DAGs
[2026-05-27T00:39:44.246+0000] {logging_mixin.py:188} INFO - [2026-05-27T00:39:44.246+0000] {dag.py:3954} INFO - Setting next_dagrun for produce_json to 2026-05-25 11:00:00+00:00, run_after=2026-05-26 11:00:00+00:00
[2026-05-27T00:39:44.253+0000] {logging_mixin.py:188} INFO - [2026-05-27T00:39:44.253+0000] {dag.py:3954} INFO - Setting next_dagrun for update_db to 2026-05-25 12:00:00+00:00, run_after=2026-05-26 12:00:00+00:00
[2026-05-27T00:39:44.274+0000] {processor.py:183} INFO - Processing /opt/airflow/dags/main.py took 0.287 seconds
[2026-05-27T00:40:14.399+0000] {processor.py:161} INFO - Started process (PID=965) to work on /opt/airflow/dags/main.py
[2026-05-27T00:40:14.401+0000] {processor.py:830} INFO - Processing file /opt/airflow/dags/main.py for tasks to queue
[2026-05-27T00:40:14.404+0000] {logging_mixin.py:188} INFO - [2026-05-27T00:40:14.403+0000] {dagbag.py:545} INFO - Filling up the DagBag from /opt/airflow/dags/main.py
[2026-05-27T00:40:14.580+0000] {processor.py:840} INFO - DAG(s) 'produce_json', 'update_db' retrieved from /opt/airflow/dags/main.py
[2026-05-27T00:40:14.618+0000] {logging_mixin.py:188} INFO - [2026-05-27T00:40:14.617+0000] {dag.py:3096} INFO - Sync 2 DAGs
[2026-05-27T00:40:14.642+0000] {logging_mixin.py:188} INFO - [2026-05-27T00:40:14.642+0000] {dag.py:3954} INFO - Setting next_dagrun for produce_json to 2026-05-25 11:00:00+00:00, run_after=2026-05-26 11:00:00+00:00
[2026-05-27T00:40:14.649+0000] {logging_mixin.py:188} INFO - [2026-05-27T00:40:14.649+0000] {dag.py:3954} INFO - Setting next_dagrun for update_db to 2026-05-25 12:00:00+00:00, run_after=2026-05-26 12:00:00+00:00
[2026-05-27T00:40:14.708+0000] {processor.py:183} INFO - Processing /opt/airflow/dags/main.py took 0.317 seconds
[2026-05-27T00:40:45.144+0000] {processor.py:161} INFO - Started process (PID=972) to work on /opt/airflow/dags/main.py
[2026-05-27T00:40:45.146+0000] {processor.py:830} INFO - Processing file /opt/airflow/dags/main.py for tasks to queue
[2026-05-27T00:40:45.150+0000] {logging_mixin.py:188} INFO - [2026-05-27T00:40:45.149+0000] {dagbag.py:545} INFO - Filling up the DagBag from /opt/airflow/dags/main.py
[2026-05-27T00:40:45.469+0000] {processor.py:840} INFO - DAG(s) 'update_db', 'produce_json' retrieved from /opt/airflow/dags/main.py
[2026-05-27T00:40:45.522+0000] {logging_mixin.py:188} INFO - [2026-05-27T00:40:45.521+0000] {dag.py:3096} INFO - Sync 2 DAGs
[2026-05-27T00:40:45.565+0000] {logging_mixin.py:188} INFO - [2026-05-27T00:40:45.565+0000] {dag.py:3954} INFO - Setting next_dagrun for produce_json to 2026-05-25 11:00:00+00:00, run_after=2026-05-26 11:00:00+00:00
[2026-05-27T00:40:45.574+0000] {logging_mixin.py:188} INFO - [2026-05-27T00:40:45.573+0000] {dag.py:3954} INFO - Setting next_dagrun for update_db to 2026-05-25 12:00:00+00:00, run_after=2026-05-26 12:00:00+00:00
[2026-05-27T00:40:45.656+0000] {processor.py:183} INFO - Processing /opt/airflow/dags/main.py took 0.529 seconds
[2026-05-27T00:41:16.165+0000] {processor.py:161} INFO - Started process (PID=979) to work on /opt/airflow/dags/main.py
[2026-05-27T00:41:16.167+0000] {processor.py:830} INFO - Processing file /opt/airflow/dags/main.py for tasks to queue
[2026-05-27T00:41:16.171+0000] {logging_mixin.py:188} INFO - [2026-05-27T00:41:16.170+0000] {dagbag.py:545} INFO - Filling up the DagBag from /opt/airflow/dags/main.py
[2026-05-27T00:41:16.405+0000] {processor.py:840} INFO - DAG(s) 'update_db', 'produce_json' retrieved from /opt/airflow/dags/main.py
[2026-05-27T00:41:16.484+0000] {logging_mixin.py:188} INFO - [2026-05-27T00:41:16.483+0000] {dag.py:3096} INFO - Sync 2 DAGs
[2026-05-27T00:41:16.543+0000] {logging_mixin.py:188} INFO - [2026-05-27T00:41:16.542+0000] {dag.py:3954} INFO - Setting next_dagrun for produce_json to 2026-05-25 11:00:00+00:00, run_after=2026-05-26 11:00:00+00:00
[2026-05-27T00:41:16.553+0000] {logging_mixin.py:188} INFO - [2026-05-27T00:41:16.553+0000] {dag.py:3954} INFO - Setting next_dagrun for update_db to 2026-05-25 12:00:00+00:00, run_after=2026-05-26 12:00:00+00:00
[2026-05-27T00:41:16.644+0000] {processor.py:183} INFO - Processing /opt/airflow/dags/main.py took 0.499 seconds
[2026-05-27T00:41:47.015+0000] {processor.py:161} INFO - Started process (PID=986) to work on /opt/airflow/dags/main.py
[2026-05-27T00:41:47.018+0000] {processor.py:830} INFO - Processing file /opt/airflow/dags/main.py for tasks to queue
[2026-05-27T00:41:47.021+0000] {logging_mixin.py:188} INFO - [2026-05-27T00:41:47.021+0000] {dagbag.py:545} INFO - Filling up the DagBag from /opt/airflow/dags/main.py
[2026-05-27T00:41:47.314+0000] {processor.py:840} INFO - DAG(s) 'produce_json', 'update_db' retrieved from /opt/airflow/dags/main.py
[2026-05-27T00:41:47.366+0000] {logging_mixin.py:188} INFO - [2026-05-27T00:41:47.365+0000] {dag.py:3096} INFO - Sync 2 DAGs
[2026-05-27T00:41:47.391+0000] {logging_mixin.py:188} INFO - [2026-05-27T00:41:47.391+0000] {dag.py:3954} INFO - Setting next_dagrun for produce_json to 2026-05-25 11:00:00+00:00, run_after=2026-05-26 11:00:00+00:00
[2026-05-27T00:41:47.397+0000] {logging_mixin.py:188} INFO - [2026-05-27T00:41:47.397+0000] {dag.py:3954} INFO - Setting next_dagrun for update_db to 2026-05-25 12:00:00+00:00, run_after=2026-05-26 12:00:00+00:00
[2026-05-27T00:41:47.480+0000] {processor.py:183} INFO - Processing /opt/airflow/dags/main.py took 0.490 seconds
[2026-05-27T00:42:17.968+0000] {processor.py:161} INFO - Started process (PID=993) to work on /opt/airflow/dags/main.py
[2026-05-27T00:42:17.969+0000] {processor.py:830} INFO - Processing file /opt/airflow/dags/main.py for tasks to queue
[2026-05-27T00:42:17.973+0000] {logging_mixin.py:188} INFO - [2026-05-27T00:42:17.972+0000] {dagbag.py:545} INFO - Filling up the DagBag from /opt/airflow/dags/main.py
[2026-05-27T00:42:18.239+0000] {processor.py:840} INFO - DAG(s) 'update_db', 'produce_json' retrieved from /opt/airflow/dags/main.py
[2026-05-27T00:42:18.305+0000] {logging_mixin.py:188} INFO - [2026-05-27T00:42:18.305+0000] {dag.py:3096} INFO - Sync 2 DAGs
[2026-05-27T00:42:18.332+0000] {logging_mixin.py:188} INFO - [2026-05-27T00:42:18.332+0000] {dag.py:3954} INFO - Setting next_dagrun for produce_json to 2026-05-25 11:00:00+00:00, run_after=2026-05-26 11:00:00+00:00
[2026-05-27T00:42:18.338+0000] {logging_mixin.py:188} INFO - [2026-05-27T00:42:18.337+0000] {dag.py:3954} INFO - Setting next_dagrun for update_db to 2026-05-25 12:00:00+00:00, run_after=2026-05-26 12:00:00+00:00
[2026-05-27T00:42:18.360+0000] {processor.py:183} INFO - Processing /opt/airflow/dags/main.py took 0.401 seconds
[2026-05-27T00:42:48.795+0000] {processor.py:161} INFO - Started process (PID=1000) to work on /opt/airflow/dags/main.py
[2026-05-27T00:42:48.797+0000] {processor.py:830} INFO - Processing file /opt/airflow/dags/main.py for tasks to queue
[2026-05-27T00:42:48.803+0000] {logging_mixin.py:188} INFO - [2026-05-27T00:42:48.803+0000] {dagbag.py:545} INFO - Filling up the DagBag from /opt/airflow/dags/main.py
[2026-05-27T00:42:49.023+0000] {processor.py:840} INFO - DAG(s) 'produce_json', 'update_db' retrieved from /opt/airflow/dags/main.py
[2026-05-27T00:42:49.072+0000] {logging_mixin.py:188} INFO - [2026-05-27T00:42:49.072+0000] {dag.py:3096} INFO - Sync 2 DAGs
[2026-05-27T00:42:49.100+0000] {logging_mixin.py:188} INFO - [2026-05-27T00:42:49.099+0000] {dag.py:3954} INFO - Setting next_dagrun for produce_json to 2026-05-25 11:00:00+00:00, run_after=2026-05-26 11:00:00+00:00
[2026-05-27T00:42:49.106+0000] {logging_mixin.py:188} INFO - [2026-05-27T00:42:49.105+0000] {dag.py:3954} INFO - Setting next_dagrun for update_db to 2026-05-25 12:00:00+00:00, run_after=2026-05-26 12:00:00+00:00
[2026-05-27T00:42:49.191+0000] {processor.py:183} INFO - Processing /opt/airflow/dags/main.py took 0.415 seconds
[2026-05-27T00:43:19.713+0000] {processor.py:161} INFO - Started process (PID=1007) to work on /opt/airflow/dags/main.py
[2026-05-27T00:43:19.717+0000] {processor.py:830} INFO - Processing file /opt/airflow/dags/main.py for tasks to queue
[2026-05-27T00:43:19.722+0000] {logging_mixin.py:188} INFO - [2026-05-27T00:43:19.721+0000] {dagbag.py:545} INFO - Filling up the DagBag from /opt/airflow/dags/main.py
[2026-05-27T00:43:19.983+0000] {processor.py:840} INFO - DAG(s) 'update_db', 'produce_json' retrieved from /opt/airflow/dags/main.py
[2026-05-27T00:43:20.029+0000] {logging_mixin.py:188} INFO - [2026-05-27T00:43:20.028+0000] {dag.py:3096} INFO - Sync 2 DAGs
[2026-05-27T00:43:20.056+0000] {logging_mixin.py:188} INFO - [2026-05-27T00:43:20.056+0000] {dag.py:3954} INFO - Setting next_dagrun for produce_json to 2026-05-25 11:00:00+00:00, run_after=2026-05-26 11:00:00+00:00
[2026-05-27T00:43:20.062+0000] {logging_mixin.py:188} INFO - [2026-05-27T00:43:20.062+0000] {dag.py:3954} INFO - Setting next_dagrun for update_db to 2026-05-25 12:00:00+00:00, run_after=2026-05-26 12:00:00+00:00
[2026-05-27T00:43:20.083+0000] {processor.py:183} INFO - Processing /opt/airflow/dags/main.py took 0.394 seconds
[2026-05-27T00:43:50.519+0000] {processor.py:161} INFO - Started process (PID=1014) to work on /opt/airflow/dags/main.py
[2026-05-27T00:43:50.522+0000] {processor.py:830} INFO - Processing file /opt/airflow/dags/main.py for tasks to queue
[2026-05-27T00:43:50.527+0000] {logging_mixin.py:188} INFO - [2026-05-27T00:43:50.527+0000] {dagbag.py:545} INFO - Filling up the DagBag from /opt/airflow/dags/main.py
[2026-05-27T00:43:50.793+0000] {processor.py:840} INFO - DAG(s) 'produce_json', 'update_db' retrieved from /opt/airflow/dags/main.py
[2026-05-27T00:43:50.833+0000] {logging_mixin.py:188} INFO - [2026-05-27T00:43:50.833+0000] {dag.py:3096} INFO - Sync 2 DAGs
[2026-05-27T00:43:50.857+0000] {logging_mixin.py:188} INFO - [2026-05-27T00:43:50.857+0000] {dag.py:3954} INFO - Setting next_dagrun for produce_json to 2026-05-25 11:00:00+00:00, run_after=2026-05-26 11:00:00+00:00
[2026-05-27T00:43:50.863+0000] {logging_mixin.py:188} INFO - [2026-05-27T00:43:50.863+0000] {dag.py:3954} INFO - Setting next_dagrun for update_db to 2026-05-25 12:00:00+00:00, run_after=2026-05-26 12:00:00+00:00
[2026-05-27T00:43:50.883+0000] {processor.py:183} INFO - Processing /opt/airflow/dags/main.py took 0.382 seconds
[2026-05-27T00:44:21.271+0000] {processor.py:161} INFO - Started process (PID=1021) to work on /opt/airflow/dags/main.py
[2026-05-27T00:44:21.274+0000] {processor.py:830} INFO - Processing file /opt/airflow/dags/main.py for tasks to queue
[2026-05-27T00:44:21.278+0000] {logging_mixin.py:188} INFO - [2026-05-27T00:44:21.277+0000] {dagbag.py:545} INFO - Filling up the DagBag from /opt/airflow/dags/main.py
[2026-05-27T00:44:21.514+0000] {processor.py:840} INFO - DAG(s) 'update_db', 'produce_json' retrieved from /opt/airflow/dags/main.py
[2026-05-27T00:44:21.586+0000] {logging_mixin.py:188} INFO - [2026-05-27T00:44:21.585+0000] {dag.py:3096} INFO - Sync 2 DAGs
[2026-05-27T00:44:21.636+0000] {logging_mixin.py:188} INFO - [2026-05-27T00:44:21.636+0000] {dag.py:3954} INFO - Setting next_dagrun for produce_json to 2026-05-25 11:00:00+00:00, run_after=2026-05-26 11:00:00+00:00
[2026-05-27T00:44:21.648+0000] {logging_mixin.py:188} INFO - [2026-05-27T00:44:21.648+0000] {dag.py:3954} INFO - Setting next_dagrun for update_db to 2026-05-25 12:00:00+00:00, run_after=2026-05-26 12:00:00+00:00
[2026-05-27T00:44:21.676+0000] {processor.py:183} INFO - Processing /opt/airflow/dags/main.py took 0.418 seconds
[2026-05-27T00:44:52.176+0000] {processor.py:161} INFO - Started process (PID=1028) to work on /opt/airflow/dags/main.py
[2026-05-27T00:44:52.179+0000] {processor.py:830} INFO - Processing file /opt/airflow/dags/main.py for tasks to queue
[2026-05-27T00:44:52.183+0000] {logging_mixin.py:188} INFO - [2026-05-27T00:44:52.182+0000] {dagbag.py:545} INFO - Filling up the DagBag from /opt/airflow/dags/main.py
[2026-05-27T00:44:52.503+0000] {processor.py:840} INFO - DAG(s) 'update_db', 'produce_json' retrieved from /opt/airflow/dags/main.py
[2026-05-27T00:44:52.569+0000] {logging_mixin.py:188} INFO - [2026-05-27T00:44:52.569+0000] {dag.py:3096} INFO - Sync 2 DAGs
[2026-05-27T00:44:52.611+0000] {logging_mixin.py:188} INFO - [2026-05-27T00:44:52.610+0000] {dag.py:3954} INFO - Setting next_dagrun for produce_json to 2026-05-25 11:00:00+00:00, run_after=2026-05-26 11:00:00+00:00
[2026-05-27T00:44:52.618+0000] {logging_mixin.py:188} INFO - [2026-05-27T00:44:52.618+0000] {dag.py:3954} INFO - Setting next_dagrun for update_db to 2026-05-25 12:00:00+00:00, run_after=2026-05-26 12:00:00+00:00
[2026-05-27T00:44:52.689+0000] {processor.py:183} INFO - Processing /opt/airflow/dags/main.py took 0.540 seconds
[2026-05-27T00:45:23.081+0000] {processor.py:161} INFO - Started process (PID=1035) to work on /opt/airflow/dags/main.py
[2026-05-27T00:45:23.083+0000] {processor.py:830} INFO - Processing file /opt/airflow/dags/main.py for tasks to queue
[2026-05-27T00:45:23.089+0000] {logging_mixin.py:188} INFO - [2026-05-27T00:45:23.088+0000] {dagbag.py:545} INFO - Filling up the DagBag from /opt/airflow/dags/main.py
[2026-05-27T00:45:23.377+0000] {processor.py:840} INFO - DAG(s) 'update_db', 'produce_json' retrieved from /opt/airflow/dags/main.py
[2026-05-27T00:45:23.440+0000] {logging_mixin.py:188} INFO - [2026-05-27T00:45:23.440+0000] {dag.py:3096} INFO - Sync 2 DAGs
[2026-05-27T00:45:23.482+0000] {logging_mixin.py:188} INFO - [2026-05-27T00:45:23.482+0000] {dag.py:3954} INFO - Setting next_dagrun for produce_json to 2026-05-25 11:00:00+00:00, run_after=2026-05-26 11:00:00+00:00
[2026-05-27T00:45:23.490+0000] {logging_mixin.py:188} INFO - [2026-05-27T00:45:23.490+0000] {dag.py:3954} INFO - Setting next_dagrun for update_db to 2026-05-25 12:00:00+00:00, run_after=2026-05-26 12:00:00+00:00
[2026-05-27T00:45:23.575+0000] {processor.py:183} INFO - Processing /opt/airflow/dags/main.py took 0.510 seconds
[2026-05-27T00:45:54.083+0000] {processor.py:161} INFO - Started process (PID=1042) to work on /opt/airflow/dags/main.py
[2026-05-27T00:45:54.086+0000] {processor.py:830} INFO - Processing file /opt/airflow/dags/main.py for tasks to queue
[2026-05-27T00:45:54.092+0000] {logging_mixin.py:188} INFO - [2026-05-27T00:45:54.091+0000] {dagbag.py:545} INFO - Filling up the DagBag from /opt/airflow/dags/main.py
[2026-05-27T00:45:54.310+0000] {processor.py:840} INFO - DAG(s) 'update_db', 'produce_json' retrieved from /opt/airflow/dags/main.py
[2026-05-27T00:45:54.349+0000] {logging_mixin.py:188} INFO - [2026-05-27T00:45:54.349+0000] {dag.py:3096} INFO - Sync 2 DAGs
[2026-05-27T00:45:54.372+0000] {logging_mixin.py:188} INFO - [2026-05-27T00:45:54.372+0000] {dag.py:3954} INFO - Setting next_dagrun for produce_json to 2026-05-25 11:00:00+00:00, run_after=2026-05-26 11:00:00+00:00
[2026-05-27T00:45:54.378+0000] {logging_mixin.py:188} INFO - [2026-05-27T00:45:54.378+0000] {dag.py:3954} INFO - Setting next_dagrun for update_db to 2026-05-25 12:00:00+00:00, run_after=2026-05-26 12:00:00+00:00
[2026-05-27T00:45:54.398+0000] {processor.py:183} INFO - Processing /opt/airflow/dags/main.py took 0.341 seconds
[2026-05-27T00:46:24.908+0000] {processor.py:161} INFO - Started process (PID=1049) to work on /opt/airflow/dags/main.py
[2026-05-27T00:46:24.910+0000] {processor.py:830} INFO - Processing file /opt/airflow/dags/main.py for tasks to queue
[2026-05-27T00:46:24.914+0000] {logging_mixin.py:188} INFO - [2026-05-27T00:46:24.914+0000] {dagbag.py:545} INFO - Filling up the DagBag from /opt/airflow/dags/main.py
[2026-05-27T00:46:25.111+0000] {processor.py:840} INFO - DAG(s) 'update_db', 'produce_json' retrieved from /opt/airflow/dags/main.py
[2026-05-27T00:46:25.151+0000] {logging_mixin.py:188} INFO - [2026-05-27T00:46:25.150+0000] {dag.py:3096} INFO - Sync 2 DAGs
[2026-05-27T00:46:25.193+0000] {logging_mixin.py:188} INFO - [2026-05-27T00:46:25.192+0000] {dag.py:3954} INFO - Setting next_dagrun for produce_json to 2026-05-25 11:00:00+00:00, run_after=2026-05-26 11:00:00+00:00
[2026-05-27T00:46:25.205+0000] {logging_mixin.py:188} INFO - [2026-05-27T00:46:25.205+0000] {dag.py:3954} INFO - Setting next_dagrun for update_db to 2026-05-25 12:00:00+00:00, run_after=2026-05-26 12:00:00+00:00
[2026-05-27T00:46:25.301+0000] {processor.py:183} INFO - Processing /opt/airflow/dags/main.py took 0.416 seconds
[2026-05-27T00:46:55.733+0000] {processor.py:161} INFO - Started process (PID=1056) to work on /opt/airflow/dags/main.py
[2026-05-27T00:46:55.735+0000] {processor.py:830} INFO - Processing file /opt/airflow/dags/main.py for tasks to queue
[2026-05-27T00:46:55.738+0000] {logging_mixin.py:188} INFO - [2026-05-27T00:46:55.738+0000] {dagbag.py:545} INFO - Filling up the DagBag from /opt/airflow/dags/main.py
[2026-05-27T00:46:56.002+0000] {processor.py:840} INFO - DAG(s) 'update_db', 'produce_json' retrieved from /opt/airflow/dags/main.py
[2026-05-27T00:46:56.064+0000] {logging_mixin.py:188} INFO - [2026-05-27T00:46:56.064+0000] {dag.py:3096} INFO - Sync 2 DAGs
[2026-05-27T00:46:56.092+0000] {logging_mixin.py:188} INFO - [2026-05-27T00:46:56.092+0000] {dag.py:3954} INFO - Setting next_dagrun for produce_json to 2026-05-25 11:00:00+00:00, run_after=2026-05-26 11:00:00+00:00
[2026-05-27T00:46:56.099+0000] {logging_mixin.py:188} INFO - [2026-05-27T00:46:56.099+0000] {dag.py:3954} INFO - Setting next_dagrun for update_db to 2026-05-25 12:00:00+00:00, run_after=2026-05-26 12:00:00+00:00
[2026-05-27T00:46:56.162+0000] {processor.py:183} INFO - Processing /opt/airflow/dags/main.py took 0.441 seconds
[2026-05-27T00:47:26.715+0000] {processor.py:161} INFO - Started process (PID=1064) to work on /opt/airflow/dags/main.py
[2026-05-27T00:47:26.718+0000] {processor.py:830} INFO - Processing file /opt/airflow/dags/main.py for tasks to queue
[2026-05-27T00:47:26.722+0000] {logging_mixin.py:188} INFO - [2026-05-27T00:47:26.722+0000] {dagbag.py:545} INFO - Filling up the DagBag from /opt/airflow/dags/main.py
[2026-05-27T00:47:26.969+0000] {processor.py:840} INFO - DAG(s) 'update_db', 'produce_json' retrieved from /opt/airflow/dags/main.py
[2026-05-27T00:47:27.024+0000] {logging_mixin.py:188} INFO - [2026-05-27T00:47:27.024+0000] {dag.py:3096} INFO - Sync 2 DAGs
[2026-05-27T00:47:27.048+0000] {logging_mixin.py:188} INFO - [2026-05-27T00:47:27.048+0000] {dag.py:3954} INFO - Setting next_dagrun for produce_json to 2026-05-25 11:00:00+00:00, run_after=2026-05-26 11:00:00+00:00
[2026-05-27T00:47:27.054+0000] {logging_mixin.py:188} INFO - [2026-05-27T00:47:27.054+0000] {dag.py:3954} INFO - Setting next_dagrun for update_db to 2026-05-25 12:00:00+00:00, run_after=2026-05-26 12:00:00+00:00
[2026-05-27T00:47:27.076+0000] {processor.py:183} INFO - Processing /opt/airflow/dags/main.py took 0.386 seconds
[2026-05-27T00:47:57.569+0000] {processor.py:161} INFO - Started process (PID=1071) to work on /opt/airflow/dags/main.py
[2026-05-27T00:47:57.571+0000] {processor.py:830} INFO - Processing file /opt/airflow/dags/main.py for tasks to queue
[2026-05-27T00:47:57.576+0000] {logging_mixin.py:188} INFO - [2026-05-27T00:47:57.575+0000] {dagbag.py:545} INFO - Filling up the DagBag from /opt/airflow/dags/main.py
[2026-05-27T00:47:57.872+0000] {processor.py:840} INFO - DAG(s) 'update_db', 'produce_json' retrieved from /opt/airflow/dags/main.py
[2026-05-27T00:47:57.921+0000] {logging_mixin.py:188} INFO - [2026-05-27T00:47:57.921+0000] {dag.py:3096} INFO - Sync 2 DAGs
[2026-05-27T00:47:57.949+0000] {logging_mixin.py:188} INFO - [2026-05-27T00:47:57.949+0000] {dag.py:3954} INFO - Setting next_dagrun for produce_json to 2026-05-25 11:00:00+00:00, run_after=2026-05-26 11:00:00+00:00
[2026-05-27T00:47:57.955+0000] {logging_mixin.py:188} INFO - [2026-05-27T00:47:57.955+0000] {dag.py:3954} INFO - Setting next_dagrun for update_db to 2026-05-25 12:00:00+00:00, run_after=2026-05-26 12:00:00+00:00
[2026-05-27T00:47:58.036+0000] {processor.py:183} INFO - Processing /opt/airflow/dags/main.py took 0.483 seconds
[2026-05-27T00:48:28.555+0000] {processor.py:161} INFO - Started process (PID=1078) to work on /opt/airflow/dags/main.py
[2026-05-27T00:48:28.558+0000] {processor.py:830} INFO - Processing file /opt/airflow/dags/main.py for tasks to queue
[2026-05-27T00:48:28.562+0000] {logging_mixin.py:188} INFO - [2026-05-27T00:48:28.561+0000] {dagbag.py:545} INFO - Filling up the DagBag from /opt/airflow/dags/main.py
[2026-05-27T00:48:28.794+0000] {processor.py:840} INFO - DAG(s) 'produce_json', 'update_db' retrieved from /opt/airflow/dags/main.py
[2026-05-27T00:48:28.869+0000] {logging_mixin.py:188} INFO - [2026-05-27T00:48:28.869+0000] {dag.py:3096} INFO - Sync 2 DAGs
[2026-05-27T00:48:28.918+0000] {logging_mixin.py:188} INFO - [2026-05-27T00:48:28.917+0000] {dag.py:3954} INFO - Setting next_dagrun for produce_json to 2026-05-25 11:00:00+00:00, run_after=2026-05-26 11:00:00+00:00
[2026-05-27T00:48:28.924+0000] {logging_mixin.py:188} INFO - [2026-05-27T00:48:28.924+0000] {dag.py:3954} INFO - Setting next_dagrun for update_db to 2026-05-25 12:00:00+00:00, run_after=2026-05-26 12:00:00+00:00
[2026-05-27T00:48:28.951+0000] {processor.py:183} INFO - Processing /opt/airflow/dags/main.py took 0.421 seconds
[2026-05-27T00:48:59.640+0000] {processor.py:161} INFO - Started process (PID=1085) to work on /opt/airflow/dags/main.py
[2026-05-27T00:48:59.642+0000] {processor.py:830} INFO - Processing file /opt/airflow/dags/main.py for tasks to queue
[2026-05-27T00:48:59.646+0000] {logging_mixin.py:188} INFO - [2026-05-27T00:48:59.646+0000] {dagbag.py:545} INFO - Filling up the DagBag from /opt/airflow/dags/main.py
[2026-05-27T00:48:59.857+0000] {processor.py:840} INFO - DAG(s) 'update_db', 'produce_json' retrieved from /opt/airflow/dags/main.py
[2026-05-27T00:48:59.895+0000] {logging_mixin.py:188} INFO - [2026-05-27T00:48:59.895+0000] {dag.py:3096} INFO - Sync 2 DAGs
[2026-05-27T00:48:59.924+0000] {logging_mixin.py:188} INFO - [2026-05-27T00:48:59.924+0000] {dag.py:3954} INFO - Setting next_dagrun for produce_json to 2026-05-25 11:00:00+00:00, run_after=2026-05-26 11:00:00+00:00
[2026-05-27T00:48:59.930+0000] {logging_mixin.py:188} INFO - [2026-05-27T00:48:59.930+0000] {dag.py:3954} INFO - Setting next_dagrun for update_db to 2026-05-25 12:00:00+00:00, run_after=2026-05-26 12:00:00+00:00
[2026-05-27T00:48:59.951+0000] {processor.py:183} INFO - Processing /opt/airflow/dags/main.py took 0.326 seconds
[2026-05-27T00:49:30.049+0000] {processor.py:161} INFO - Started process (PID=1092) to work on /opt/airflow/dags/main.py
[2026-05-27T00:49:30.051+0000] {processor.py:830} INFO - Processing file /opt/airflow/dags/main.py for tasks to queue
[2026-05-27T00:49:30.055+0000] {logging_mixin.py:188} INFO - [2026-05-27T00:49:30.055+0000] {dagbag.py:545} INFO - Filling up the DagBag from /opt/airflow/dags/main.py
[2026-05-27T00:49:30.235+0000] {processor.py:840} INFO - DAG(s) 'produce_json', 'update_db' retrieved from /opt/airflow/dags/main.py
[2026-05-27T00:49:30.276+0000] {logging_mixin.py:188} INFO - [2026-05-27T00:49:30.276+0000] {dag.py:3096} INFO - Sync 2 DAGs
[2026-05-27T00:49:30.306+0000] {logging_mixin.py:188} INFO - [2026-05-27T00:49:30.305+0000] {dag.py:3954} INFO - Setting next_dagrun for produce_json to 2026-05-25 11:00:00+00:00, run_after=2026-05-26 11:00:00+00:00
[2026-05-27T00:49:30.313+0000] {logging_mixin.py:188} INFO - [2026-05-27T00:49:30.313+0000] {dag.py:3954} INFO - Setting next_dagrun for update_db to 2026-05-25 12:00:00+00:00, run_after=2026-05-26 12:00:00+00:00
[2026-05-27T00:49:30.334+0000] {processor.py:183} INFO - Processing /opt/airflow/dags/main.py took 0.296 seconds
[2026-05-27T00:50:00.790+0000] {processor.py:161} INFO - Started process (PID=1099) to work on /opt/airflow/dags/main.py
[2026-05-27T00:50:00.792+0000] {processor.py:830} INFO - Processing file /opt/airflow/dags/main.py for tasks to queue
[2026-05-27T00:50:00.796+0000] {logging_mixin.py:188} INFO - [2026-05-27T00:50:00.795+0000] {dagbag.py:545} INFO - Filling up the DagBag from /opt/airflow/dags/main.py
[2026-05-27T00:50:01.008+0000] {processor.py:840} INFO - DAG(s) 'produce_json', 'update_db' retrieved from /opt/airflow/dags/main.py
[2026-05-27T00:50:01.051+0000] {logging_mixin.py:188} INFO - [2026-05-27T00:50:01.050+0000] {dag.py:3096} INFO - Sync 2 DAGs
[2026-05-27T00:50:01.085+0000] {logging_mixin.py:188} INFO - [2026-05-27T00:50:01.084+0000] {dag.py:3954} INFO - Setting next_dagrun for produce_json to 2026-05-25 11:00:00+00:00, run_after=2026-05-26 11:00:00+00:00
[2026-05-27T00:50:01.092+0000] {logging_mixin.py:188} INFO - [2026-05-27T00:50:01.092+0000] {dag.py:3954} INFO - Setting next_dagrun for update_db to 2026-05-25 12:00:00+00:00, run_after=2026-05-26 12:00:00+00:00
[2026-05-27T00:50:01.120+0000] {processor.py:183} INFO - Processing /opt/airflow/dags/main.py took 0.341 seconds
[2026-05-27T00:50:31.269+0000] {processor.py:161} INFO - Started process (PID=1106) to work on /opt/airflow/dags/main.py
[2026-05-27T00:50:31.273+0000] {processor.py:830} INFO - Processing file /opt/airflow/dags/main.py for tasks to queue
[2026-05-27T00:50:31.278+0000] {logging_mixin.py:188} INFO - [2026-05-27T00:50:31.277+0000] {dagbag.py:545} INFO - Filling up the DagBag from /opt/airflow/dags/main.py
[2026-05-27T00:50:31.512+0000] {processor.py:840} INFO - DAG(s) 'update_db', 'produce_json' retrieved from /opt/airflow/dags/main.py
[2026-05-27T00:50:31.561+0000] {logging_mixin.py:188} INFO - [2026-05-27T00:50:31.561+0000] {dag.py:3096} INFO - Sync 2 DAGs
[2026-05-27T00:50:31.597+0000] {logging_mixin.py:188} INFO - [2026-05-27T00:50:31.597+0000] {dag.py:3954} INFO - Setting next_dagrun for produce_json to 2026-05-25 11:00:00+00:00, run_after=2026-05-26 11:00:00+00:00
[2026-05-27T00:50:31.603+0000] {logging_mixin.py:188} INFO - [2026-05-27T00:50:31.603+0000] {dag.py:3954} INFO - Setting next_dagrun for update_db to 2026-05-25 12:00:00+00:00, run_after=2026-05-26 12:00:00+00:00
[2026-05-27T00:50:31.624+0000] {processor.py:183} INFO - Processing /opt/airflow/dags/main.py took 0.378 seconds
[2026-05-27T00:51:02.026+0000] {processor.py:161} INFO - Started process (PID=1113) to work on /opt/airflow/dags/main.py
[2026-05-27T00:51:02.029+0000] {processor.py:830} INFO - Processing file /opt/airflow/dags/main.py for tasks to queue
[2026-05-27T00:51:02.034+0000] {logging_mixin.py:188} INFO - [2026-05-27T00:51:02.033+0000] {dagbag.py:545} INFO - Filling up the DagBag from /opt/airflow/dags/main.py
[2026-05-27T00:51:02.239+0000] {processor.py:840} INFO - DAG(s) 'produce_json', 'update_db' retrieved from /opt/airflow/dags/main.py
[2026-05-27T00:51:02.292+0000] {logging_mixin.py:188} INFO - [2026-05-27T00:51:02.292+0000] {dag.py:3096} INFO - Sync 2 DAGs
[2026-05-27T00:51:02.338+0000] {logging_mixin.py:188} INFO - [2026-05-27T00:51:02.338+0000] {dag.py:3954} INFO - Setting next_dagrun for produce_json to 2026-05-25 11:00:00+00:00, run_after=2026-05-26 11:00:00+00:00
[2026-05-27T00:51:02.345+0000] {logging_mixin.py:188} INFO - [2026-05-27T00:51:02.345+0000] {dag.py:3954} INFO - Setting next_dagrun for update_db to 2026-05-25 12:00:00+00:00, run_after=2026-05-26 12:00:00+00:00
[2026-05-27T00:51:02.364+0000] {processor.py:183} INFO - Processing /opt/airflow/dags/main.py took 0.357 seconds
[2026-05-27T00:51:32.522+0000] {processor.py:161} INFO - Started process (PID=1120) to work on /opt/airflow/dags/main.py
[2026-05-27T00:51:32.525+0000] {processor.py:830} INFO - Processing file /opt/airflow/dags/main.py for tasks to queue
[2026-05-27T00:51:32.528+0000] {logging_mixin.py:188} INFO - [2026-05-27T00:51:32.528+0000] {dagbag.py:545} INFO - Filling up the DagBag from /opt/airflow/dags/main.py
[2026-05-27T00:51:32.727+0000] {processor.py:840} INFO - DAG(s) 'produce_json', 'update_db' retrieved from /opt/airflow/dags/main.py
[2026-05-27T00:51:32.764+0000] {logging_mixin.py:188} INFO - [2026-05-27T00:51:32.764+0000] {dag.py:3096} INFO - Sync 2 DAGs
[2026-05-27T00:51:32.787+0000] {logging_mixin.py:188} INFO - [2026-05-27T00:51:32.787+0000] {dag.py:3954} INFO - Setting next_dagrun for produce_json to 2026-05-25 11:00:00+00:00, run_after=2026-05-26 11:00:00+00:00
[2026-05-27T00:51:32.793+0000] {logging_mixin.py:188} INFO - [2026-05-27T00:51:32.792+0000] {dag.py:3954} INFO - Setting next_dagrun for update_db to 2026-05-25 12:00:00+00:00, run_after=2026-05-26 12:00:00+00:00
[2026-05-27T00:51:32.873+0000] {processor.py:183} INFO - Processing /opt/airflow/dags/main.py took 0.370 seconds
[2026-05-27T00:52:03.253+0000] {processor.py:161} INFO - Started process (PID=1127) to work on /opt/airflow/dags/main.py
[2026-05-27T00:52:03.255+0000] {processor.py:830} INFO - Processing file /opt/airflow/dags/main.py for tasks to queue
[2026-05-27T00:52:03.259+0000] {logging_mixin.py:188} INFO - [2026-05-27T00:52:03.258+0000] {dagbag.py:545} INFO - Filling up the DagBag from /opt/airflow/dags/main.py
[2026-05-27T00:52:03.504+0000] {processor.py:840} INFO - DAG(s) 'produce_json', 'update_db' retrieved from /opt/airflow/dags/main.py
[2026-05-27T00:52:03.540+0000] {logging_mixin.py:188} INFO - [2026-05-27T00:52:03.540+0000] {dag.py:3096} INFO - Sync 2 DAGs
[2026-05-27T00:52:03.565+0000] {logging_mixin.py:188} INFO - [2026-05-27T00:52:03.564+0000] {dag.py:3954} INFO - Setting next_dagrun for produce_json to 2026-05-25 11:00:00+00:00, run_after=2026-05-26 11:00:00+00:00
[2026-05-27T00:52:03.570+0000] {logging_mixin.py:188} INFO - [2026-05-27T00:52:03.570+0000] {dag.py:3954} INFO - Setting next_dagrun for update_db to 2026-05-25 12:00:00+00:00, run_after=2026-05-26 12:00:00+00:00
[2026-05-27T00:52:03.656+0000] {processor.py:183} INFO - Processing /opt/airflow/dags/main.py took 0.427 seconds
[2026-05-27T00:52:34.152+0000] {processor.py:161} INFO - Started process (PID=1134) to work on /opt/airflow/dags/main.py
[2026-05-27T00:52:34.154+0000] {processor.py:830} INFO - Processing file /opt/airflow/dags/main.py for tasks to queue
[2026-05-27T00:52:34.158+0000] {logging_mixin.py:188} INFO - [2026-05-27T00:52:34.158+0000] {dagbag.py:545} INFO - Filling up the DagBag from /opt/airflow/dags/main.py
[2026-05-27T00:52:34.419+0000] {processor.py:840} INFO - DAG(s) 'produce_json', 'update_db' retrieved from /opt/airflow/dags/main.py
[2026-05-27T00:52:34.474+0000] {logging_mixin.py:188} INFO - [2026-05-27T00:52:34.474+0000] {dag.py:3096} INFO - Sync 2 DAGs
[2026-05-27T00:52:34.500+0000] {logging_mixin.py:188} INFO - [2026-05-27T00:52:34.500+0000] {dag.py:3954} INFO - Setting next_dagrun for produce_json to 2026-05-25 11:00:00+00:00, run_after=2026-05-26 11:00:00+00:00
[2026-05-27T00:52:34.507+0000] {logging_mixin.py:188} INFO - [2026-05-27T00:52:34.506+0000] {dag.py:3954} INFO - Setting next_dagrun for update_db to 2026-05-25 12:00:00+00:00, run_after=2026-05-26 12:00:00+00:00
[2026-05-27T00:52:34.529+0000] {processor.py:183} INFO - Processing /opt/airflow/dags/main.py took 0.399 seconds
[2026-05-27T00:53:05.055+0000] {processor.py:161} INFO - Started process (PID=1141) to work on /opt/airflow/dags/main.py
[2026-05-27T00:53:05.057+0000] {processor.py:830} INFO - Processing file /opt/airflow/dags/main.py for tasks to queue
[2026-05-27T00:53:05.061+0000] {logging_mixin.py:188} INFO - [2026-05-27T00:53:05.060+0000] {dagbag.py:545} INFO - Filling up the DagBag from /opt/airflow/dags/main.py
[2026-05-27T00:53:05.305+0000] {processor.py:840} INFO - DAG(s) 'produce_json', 'update_db' retrieved from /opt/airflow/dags/main.py
[2026-05-27T00:53:05.363+0000] {logging_mixin.py:188} INFO - [2026-05-27T00:53:05.363+0000] {dag.py:3096} INFO - Sync 2 DAGs
[2026-05-27T00:53:05.394+0000] {logging_mixin.py:188} INFO - [2026-05-27T00:53:05.394+0000] {dag.py:3954} INFO - Setting next_dagrun for produce_json to 2026-05-25 11:00:00+00:00, run_after=2026-05-26 11:00:00+00:00
[2026-05-27T00:53:05.402+0000] {logging_mixin.py:188} INFO - [2026-05-27T00:53:05.402+0000] {dag.py:3954} INFO - Setting next_dagrun for update_db to 2026-05-25 12:00:00+00:00, run_after=2026-05-26 12:00:00+00:00
[2026-05-27T00:53:05.462+0000] {processor.py:183} INFO - Processing /opt/airflow/dags/main.py took 0.432 seconds
[2026-05-27T00:53:35.963+0000] {processor.py:161} INFO - Started process (PID=1148) to work on /opt/airflow/dags/main.py
[2026-05-27T00:53:35.965+0000] {processor.py:830} INFO - Processing file /opt/airflow/dags/main.py for tasks to queue
[2026-05-27T00:53:35.969+0000] {logging_mixin.py:188} INFO - [2026-05-27T00:53:35.968+0000] {dagbag.py:545} INFO - Filling up the DagBag from /opt/airflow/dags/main.py
[2026-05-27T00:53:36.224+0000] {processor.py:840} INFO - DAG(s) 'update_db', 'produce_json' retrieved from /opt/airflow/dags/main.py
[2026-05-27T00:53:36.264+0000] {logging_mixin.py:188} INFO - [2026-05-27T00:53:36.263+0000] {dag.py:3096} INFO - Sync 2 DAGs
[2026-05-27T00:53:36.290+0000] {logging_mixin.py:188} INFO - [2026-05-27T00:53:36.289+0000] {dag.py:3954} INFO - Setting next_dagrun for produce_json to 2026-05-25 11:00:00+00:00, run_after=2026-05-26 11:00:00+00:00
[2026-05-27T00:53:36.299+0000] {logging_mixin.py:188} INFO - [2026-05-27T00:53:36.299+0000] {dag.py:3954} INFO - Setting next_dagrun for update_db to 2026-05-25 12:00:00+00:00, run_after=2026-05-26 12:00:00+00:00
[2026-05-27T00:53:36.383+0000] {processor.py:183} INFO - Processing /opt/airflow/dags/main.py took 0.435 seconds
[2026-05-27T00:54:07.412+0000] {processor.py:161} INFO - Started process (PID=1155) to work on /opt/airflow/dags/main.py
[2026-05-27T00:54:07.414+0000] {processor.py:830} INFO - Processing file /opt/airflow/dags/main.py for tasks to queue
[2026-05-27T00:54:07.418+0000] {logging_mixin.py:188} INFO - [2026-05-27T00:54:07.418+0000] {dagbag.py:545} INFO - Filling up the DagBag from /opt/airflow/dags/main.py
[2026-05-27T00:54:07.638+0000] {processor.py:840} INFO - DAG(s) 'update_db', 'produce_json' retrieved from /opt/airflow/dags/main.py
[2026-05-27T00:54:07.674+0000] {logging_mixin.py:188} INFO - [2026-05-27T00:54:07.674+0000] {dag.py:3096} INFO - Sync 2 DAGs
[2026-05-27T00:54:07.698+0000] {logging_mixin.py:188} INFO - [2026-05-27T00:54:07.698+0000] {dag.py:3954} INFO - Setting next_dagrun for produce_json to 2026-05-25 11:00:00+00:00, run_after=2026-05-26 11:00:00+00:00
[2026-05-27T00:54:07.703+0000] {logging_mixin.py:188} INFO - [2026-05-27T00:54:07.703+0000] {dag.py:3954} INFO - Setting next_dagrun for update_db to 2026-05-25 12:00:00+00:00, run_after=2026-05-26 12:00:00+00:00
[2026-05-27T00:54:07.723+0000] {processor.py:183} INFO - Processing /opt/airflow/dags/main.py took 0.329 seconds
[2026-05-27T00:54:37.867+0000] {processor.py:161} INFO - Started process (PID=1162) to work on /opt/airflow/dags/main.py
[2026-05-27T00:54:37.869+0000] {processor.py:830} INFO - Processing file /opt/airflow/dags/main.py for tasks to queue
[2026-05-27T00:54:37.873+0000] {logging_mixin.py:188} INFO - [2026-05-27T00:54:37.872+0000] {dagbag.py:545} INFO - Filling up the DagBag from /opt/airflow/dags/main.py
[2026-05-27T00:54:38.055+0000] {processor.py:840} INFO - DAG(s) 'produce_json', 'update_db' retrieved from /opt/airflow/dags/main.py
[2026-05-27T00:54:38.092+0000] {logging_mixin.py:188} INFO - [2026-05-27T00:54:38.092+0000] {dag.py:3096} INFO - Sync 2 DAGs
[2026-05-27T00:54:38.122+0000] {logging_mixin.py:188} INFO - [2026-05-27T00:54:38.121+0000] {dag.py:3954} INFO - Setting next_dagrun for produce_json to 2026-05-25 11:00:00+00:00, run_after=2026-05-26 11:00:00+00:00
[2026-05-27T00:54:38.128+0000] {logging_mixin.py:188} INFO - [2026-05-27T00:54:38.127+0000] {dag.py:3954} INFO - Setting next_dagrun for update_db to 2026-05-25 12:00:00+00:00, run_after=2026-05-26 12:00:00+00:00
[2026-05-27T00:54:38.211+0000] {processor.py:183} INFO - Processing /opt/airflow/dags/main.py took 0.364 seconds
[2026-05-27T00:55:08.603+0000] {processor.py:161} INFO - Started process (PID=1169) to work on /opt/airflow/dags/main.py
[2026-05-27T00:55:08.605+0000] {processor.py:830} INFO - Processing file /opt/airflow/dags/main.py for tasks to queue
[2026-05-27T00:55:08.609+0000] {logging_mixin.py:188} INFO - [2026-05-27T00:55:08.608+0000] {dagbag.py:545} INFO - Filling up the DagBag from /opt/airflow/dags/main.py
[2026-05-27T00:55:08.884+0000] {processor.py:840} INFO - DAG(s) 'produce_json', 'update_db' retrieved from /opt/airflow/dags/main.py
[2026-05-27T00:55:08.945+0000] {logging_mixin.py:188} INFO - [2026-05-27T00:55:08.945+0000] {dag.py:3096} INFO - Sync 2 DAGs
[2026-05-27T00:55:08.972+0000] {logging_mixin.py:188} INFO - [2026-05-27T00:55:08.971+0000] {dag.py:3954} INFO - Setting next_dagrun for produce_json to 2026-05-25 11:00:00+00:00, run_after=2026-05-26 11:00:00+00:00
[2026-05-27T00:55:08.977+0000] {logging_mixin.py:188} INFO - [2026-05-27T00:55:08.977+0000] {dag.py:3954} INFO - Setting next_dagrun for update_db to 2026-05-25 12:00:00+00:00, run_after=2026-05-26 12:00:00+00:00
[2026-05-27T00:55:09.011+0000] {processor.py:183} INFO - Processing /opt/airflow/dags/main.py took 0.434 seconds
[2026-05-27T00:55:39.507+0000] {processor.py:161} INFO - Started process (PID=1176) to work on /opt/airflow/dags/main.py
[2026-05-27T00:55:39.509+0000] {processor.py:830} INFO - Processing file /opt/airflow/dags/main.py for tasks to queue
[2026-05-27T00:55:39.513+0000] {logging_mixin.py:188} INFO - [2026-05-27T00:55:39.513+0000] {dagbag.py:545} INFO - Filling up the DagBag from /opt/airflow/dags/main.py
[2026-05-27T00:55:39.728+0000] {processor.py:840} INFO - DAG(s) 'produce_json', 'update_db' retrieved from /opt/airflow/dags/main.py
[2026-05-27T00:55:39.765+0000] {logging_mixin.py:188} INFO - [2026-05-27T00:55:39.764+0000] {dag.py:3096} INFO - Sync 2 DAGs
[2026-05-27T00:55:39.788+0000] {logging_mixin.py:188} INFO - [2026-05-27T00:55:39.788+0000] {dag.py:3954} INFO - Setting next_dagrun for produce_json to 2026-05-25 11:00:00+00:00, run_after=2026-05-26 11:00:00+00:00
[2026-05-27T00:55:39.794+0000] {logging_mixin.py:188} INFO - [2026-05-27T00:55:39.793+0000] {dag.py:3954} INFO - Setting next_dagrun for update_db to 2026-05-25 12:00:00+00:00, run_after=2026-05-26 12:00:00+00:00
[2026-05-27T00:55:39.819+0000] {processor.py:183} INFO - Processing /opt/airflow/dags/main.py took 0.330 seconds
[2026-05-27T00:56:10.348+0000] {processor.py:161} INFO - Started process (PID=1183) to work on /opt/airflow/dags/main.py
[2026-05-27T00:56:10.350+0000] {processor.py:830} INFO - Processing file /opt/airflow/dags/main.py for tasks to queue
[2026-05-27T00:56:10.354+0000] {logging_mixin.py:188} INFO - [2026-05-27T00:56:10.354+0000] {dagbag.py:545} INFO - Filling up the DagBag from /opt/airflow/dags/main.py
[2026-05-27T00:56:10.526+0000] {processor.py:840} INFO - DAG(s) 'produce_json', 'update_db' retrieved from /opt/airflow/dags/main.py
[2026-05-27T00:56:10.561+0000] {logging_mixin.py:188} INFO - [2026-05-27T00:56:10.561+0000] {dag.py:3096} INFO - Sync 2 DAGs
[2026-05-27T00:56:10.605+0000] {logging_mixin.py:188} INFO - [2026-05-27T00:56:10.605+0000] {dag.py:3954} INFO - Setting next_dagrun for produce_json to 2026-05-25 11:00:00+00:00, run_after=2026-05-26 11:00:00+00:00
[2026-05-27T00:56:10.617+0000] {logging_mixin.py:188} INFO - [2026-05-27T00:56:10.617+0000] {dag.py:3954} INFO - Setting next_dagrun for update_db to 2026-05-25 12:00:00+00:00, run_after=2026-05-26 12:00:00+00:00
[2026-05-27T00:56:10.712+0000] {processor.py:183} INFO - Processing /opt/airflow/dags/main.py took 0.392 seconds
[2026-05-27T00:56:41.230+0000] {processor.py:161} INFO - Started process (PID=1190) to work on /opt/airflow/dags/main.py
[2026-05-27T00:56:41.233+0000] {processor.py:830} INFO - Processing file /opt/airflow/dags/main.py for tasks to queue
[2026-05-27T00:56:41.237+0000] {logging_mixin.py:188} INFO - [2026-05-27T00:56:41.236+0000] {dagbag.py:545} INFO - Filling up the DagBag from /opt/airflow/dags/main.py
[2026-05-27T00:56:41.442+0000] {processor.py:840} INFO - DAG(s) 'update_db', 'produce_json' retrieved from /opt/airflow/dags/main.py
[2026-05-27T00:56:41.508+0000] {logging_mixin.py:188} INFO - [2026-05-27T00:56:41.508+0000] {dag.py:3096} INFO - Sync 2 DAGs
[2026-05-27T00:56:41.539+0000] {logging_mixin.py:188} INFO - [2026-05-27T00:56:41.538+0000] {dag.py:3954} INFO - Setting next_dagrun for produce_json to 2026-05-25 11:00:00+00:00, run_after=2026-05-26 11:00:00+00:00
[2026-05-27T00:56:41.546+0000] {logging_mixin.py:188} INFO - [2026-05-27T00:56:41.545+0000] {dag.py:3954} INFO - Setting next_dagrun for update_db to 2026-05-25 12:00:00+00:00, run_after=2026-05-26 12:00:00+00:00
[2026-05-27T00:56:41.632+0000] {processor.py:183} INFO - Processing /opt/airflow/dags/main.py took 0.427 seconds
[2026-05-27T00:57:12.124+0000] {processor.py:161} INFO - Started process (PID=1197) to work on /opt/airflow/dags/main.py
[2026-05-27T00:57:12.126+0000] {processor.py:830} INFO - Processing file /opt/airflow/dags/main.py for tasks to queue
[2026-05-27T00:57:12.129+0000] {logging_mixin.py:188} INFO - [2026-05-27T00:57:12.129+0000] {dagbag.py:545} INFO - Filling up the DagBag from /opt/airflow/dags/main.py
[2026-05-27T00:57:12.364+0000] {processor.py:840} INFO - DAG(s) 'update_db', 'produce_json' retrieved from /opt/airflow/dags/main.py
[2026-05-27T00:57:12.424+0000] {logging_mixin.py:188} INFO - [2026-05-27T00:57:12.424+0000] {dag.py:3096} INFO - Sync 2 DAGs
[2026-05-27T00:57:12.470+0000] {logging_mixin.py:188} INFO - [2026-05-27T00:57:12.469+0000] {dag.py:3954} INFO - Setting next_dagrun for produce_json to 2026-05-25 11:00:00+00:00, run_after=2026-05-26 11:00:00+00:00
[2026-05-27T00:57:12.478+0000] {logging_mixin.py:188} INFO - [2026-05-27T00:57:12.477+0000] {dag.py:3954} INFO - Setting next_dagrun for update_db to 2026-05-25 12:00:00+00:00, run_after=2026-05-26 12:00:00+00:00
[2026-05-27T00:57:12.556+0000] {processor.py:183} INFO - Processing /opt/airflow/dags/main.py took 0.441 seconds
[2026-05-27T00:57:43.002+0000] {processor.py:161} INFO - Started process (PID=1204) to work on /opt/airflow/dags/main.py
[2026-05-27T00:57:43.004+0000] {processor.py:830} INFO - Processing file /opt/airflow/dags/main.py for tasks to queue
[2026-05-27T00:57:43.008+0000] {logging_mixin.py:188} INFO - [2026-05-27T00:57:43.007+0000] {dagbag.py:545} INFO - Filling up the DagBag from /opt/airflow/dags/main.py
[2026-05-27T00:57:43.298+0000] {processor.py:840} INFO - DAG(s) 'update_db', 'produce_json' retrieved from /opt/airflow/dags/main.py
[2026-05-27T00:57:43.363+0000] {logging_mixin.py:188} INFO - [2026-05-27T00:57:43.362+0000] {dag.py:3096} INFO - Sync 2 DAGs
[2026-05-27T00:57:43.408+0000] {logging_mixin.py:188} INFO - [2026-05-27T00:57:43.407+0000] {dag.py:3954} INFO - Setting next_dagrun for produce_json to 2026-05-25 11:00:00+00:00, run_after=2026-05-26 11:00:00+00:00
[2026-05-27T00:57:43.417+0000] {logging_mixin.py:188} INFO - [2026-05-27T00:57:43.417+0000] {dag.py:3954} INFO - Setting next_dagrun for update_db to 2026-05-25 12:00:00+00:00, run_after=2026-05-26 12:00:00+00:00
[2026-05-27T00:57:43.508+0000] {processor.py:183} INFO - Processing /opt/airflow/dags/main.py took 0.517 seconds
[2026-05-27T00:58:14.003+0000] {processor.py:161} INFO - Started process (PID=1211) to work on /opt/airflow/dags/main.py
[2026-05-27T00:58:14.006+0000] {processor.py:830} INFO - Processing file /opt/airflow/dags/main.py for tasks to queue
[2026-05-27T00:58:14.011+0000] {logging_mixin.py:188} INFO - [2026-05-27T00:58:14.010+0000] {dagbag.py:545} INFO - Filling up the DagBag from /opt/airflow/dags/main.py
[2026-05-27T00:58:14.224+0000] {processor.py:840} INFO - DAG(s) 'produce_json', 'update_db' retrieved from /opt/airflow/dags/main.py
[2026-05-27T00:58:14.258+0000] {logging_mixin.py:188} INFO - [2026-05-27T00:58:14.258+0000] {dag.py:3096} INFO - Sync 2 DAGs
[2026-05-27T00:58:14.281+0000] {logging_mixin.py:188} INFO - [2026-05-27T00:58:14.281+0000] {dag.py:3954} INFO - Setting next_dagrun for produce_json to 2026-05-25 11:00:00+00:00, run_after=2026-05-26 11:00:00+00:00
[2026-05-27T00:58:14.287+0000] {logging_mixin.py:188} INFO - [2026-05-27T00:58:14.287+0000] {dag.py:3954} INFO - Setting next_dagrun for update_db to 2026-05-25 12:00:00+00:00, run_after=2026-05-26 12:00:00+00:00
[2026-05-27T00:58:14.370+0000] {processor.py:183} INFO - Processing /opt/airflow/dags/main.py took 0.385 seconds
[2026-05-27T00:58:44.830+0000] {processor.py:161} INFO - Started process (PID=1218) to work on /opt/airflow/dags/main.py
[2026-05-27T00:58:44.832+0000] {processor.py:830} INFO - Processing file /opt/airflow/dags/main.py for tasks to queue
[2026-05-27T00:58:44.835+0000] {logging_mixin.py:188} INFO - [2026-05-27T00:58:44.835+0000] {dagbag.py:545} INFO - Filling up the DagBag from /opt/airflow/dags/main.py
[2026-05-27T00:58:45.016+0000] {processor.py:840} INFO - DAG(s) 'produce_json', 'update_db' retrieved from /opt/airflow/dags/main.py
[2026-05-27T00:58:45.072+0000] {logging_mixin.py:188} INFO - [2026-05-27T00:58:45.072+0000] {dag.py:3096} INFO - Sync 2 DAGs
[2026-05-27T00:58:45.104+0000] {logging_mixin.py:188} INFO - [2026-05-27T00:58:45.104+0000] {dag.py:3954} INFO - Setting next_dagrun for produce_json to 2026-05-25 11:00:00+00:00, run_after=2026-05-26 11:00:00+00:00
[2026-05-27T00:58:45.112+0000] {logging_mixin.py:188} INFO - [2026-05-27T00:58:45.112+0000] {dag.py:3954} INFO - Setting next_dagrun for update_db to 2026-05-25 12:00:00+00:00, run_after=2026-05-26 12:00:00+00:00
[2026-05-27T00:58:45.140+0000] {processor.py:183} INFO - Processing /opt/airflow/dags/main.py took 0.319 seconds
[2026-05-27T00:59:15.969+0000] {processor.py:161} INFO - Started process (PID=1225) to work on /opt/airflow/dags/main.py
[2026-05-27T00:59:15.970+0000] {processor.py:830} INFO - Processing file /opt/airflow/dags/main.py for tasks to queue
[2026-05-27T00:59:15.972+0000] {logging_mixin.py:188} INFO - [2026-05-27T00:59:15.972+0000] {dagbag.py:545} INFO - Filling up the DagBag from /opt/airflow/dags/main.py
[2026-05-27T00:59:16.133+0000] {processor.py:840} INFO - DAG(s) 'produce_json', 'update_db' retrieved from /opt/airflow/dags/main.py
[2026-05-27T00:59:16.171+0000] {logging_mixin.py:188} INFO - [2026-05-27T00:59:16.171+0000] {dag.py:3096} INFO - Sync 2 DAGs
[2026-05-27T00:59:16.199+0000] {logging_mixin.py:188} INFO - [2026-05-27T00:59:16.199+0000] {dag.py:3954} INFO - Setting next_dagrun for produce_json to 2026-05-25 11:00:00+00:00, run_after=2026-05-26 11:00:00+00:00
[2026-05-27T00:59:16.205+0000] {logging_mixin.py:188} INFO - [2026-05-27T00:59:16.205+0000] {dag.py:3954} INFO - Setting next_dagrun for update_db to 2026-05-25 12:00:00+00:00, run_after=2026-05-26 12:00:00+00:00
[2026-05-27T00:59:16.263+0000] {processor.py:183} INFO - Processing /opt/airflow/dags/main.py took 0.301 seconds
[2026-05-27T00:59:46.343+0000] {processor.py:161} INFO - Started process (PID=1232) to work on /opt/airflow/dags/main.py
[2026-05-27T00:59:46.344+0000] {processor.py:830} INFO - Processing file /opt/airflow/dags/main.py for tasks to queue
[2026-05-27T00:59:46.346+0000] {logging_mixin.py:188} INFO - [2026-05-27T00:59:46.346+0000] {dagbag.py:545} INFO - Filling up the DagBag from /opt/airflow/dags/main.py
[2026-05-27T00:59:46.502+0000] {processor.py:840} INFO - DAG(s) 'produce_json', 'update_db' retrieved from /opt/airflow/dags/main.py
[2026-05-27T00:59:46.533+0000] {logging_mixin.py:188} INFO - [2026-05-27T00:59:46.533+0000] {dag.py:3096} INFO - Sync 2 DAGs
[2026-05-27T00:59:46.553+0000] {logging_mixin.py:188} INFO - [2026-05-27T00:59:46.553+0000] {dag.py:3954} INFO - Setting next_dagrun for produce_json to 2026-05-25 11:00:00+00:00, run_after=2026-05-26 11:00:00+00:00
[2026-05-27T00:59:46.558+0000] {logging_mixin.py:188} INFO - [2026-05-27T00:59:46.558+0000] {dag.py:3954} INFO - Setting next_dagrun for update_db to 2026-05-25 12:00:00+00:00, run_after=2026-05-26 12:00:00+00:00
[2026-05-27T00:59:46.613+0000] {processor.py:183} INFO - Processing /opt/airflow/dags/main.py took 0.277 seconds
[2026-05-27T03:59:54.124+0000] {processor.py:161} INFO - Started process (PID=1239) to work on /opt/airflow/dags/main.py
[2026-05-27T03:59:54.127+0000] {processor.py:830} INFO - Processing file /opt/airflow/dags/main.py for tasks to queue
[2026-05-27T03:59:54.135+0000] {logging_mixin.py:188} INFO - [2026-05-27T03:59:54.134+0000] {dagbag.py:545} INFO - Filling up the DagBag from /opt/airflow/dags/main.py
[2026-05-27T03:59:54.320+0000] {processor.py:840} INFO - DAG(s) 'produce_json', 'update_db' retrieved from /opt/airflow/dags/main.py
[2026-05-27T03:59:54.372+0000] {logging_mixin.py:188} INFO - [2026-05-27T03:59:54.372+0000] {dag.py:3096} INFO - Sync 2 DAGs
[2026-05-27T03:59:54.416+0000] {logging_mixin.py:188} INFO - [2026-05-27T03:59:54.416+0000] {dag.py:3954} INFO - Setting next_dagrun for produce_json to 2026-05-25 11:00:00+00:00, run_after=2026-05-26 11:00:00+00:00
[2026-05-27T03:59:54.426+0000] {logging_mixin.py:188} INFO - [2026-05-27T03:59:54.426+0000] {dag.py:3954} INFO - Setting next_dagrun for update_db to 2026-05-25 12:00:00+00:00, run_after=2026-05-26 12:00:00+00:00
[2026-05-27T03:59:54.462+0000] {processor.py:183} INFO - Processing /opt/airflow/dags/main.py took 0.366 seconds
[2026-05-27T12:55:55.371+0000] {processor.py:161} INFO - Started process (PID=1240) to work on /opt/airflow/dags/main.py
[2026-05-27T12:55:55.374+0000] {processor.py:830} INFO - Processing file /opt/airflow/dags/main.py for tasks to queue
[2026-05-27T12:55:55.380+0000] {logging_mixin.py:188} INFO - [2026-05-27T12:55:55.379+0000] {dagbag.py:545} INFO - Filling up the DagBag from /opt/airflow/dags/main.py
[2026-05-27T12:55:55.562+0000] {processor.py:840} INFO - DAG(s) 'update_db', 'produce_json' retrieved from /opt/airflow/dags/main.py
[2026-05-27T12:55:55.631+0000] {logging_mixin.py:188} INFO - [2026-05-27T12:55:55.631+0000] {dag.py:3096} INFO - Sync 2 DAGs
[2026-05-27T12:55:55.684+0000] {logging_mixin.py:188} INFO - [2026-05-27T12:55:55.681+0000] {dag.py:3954} INFO - Setting next_dagrun for produce_json to 2026-05-26 11:00:00+00:00, run_after=2026-05-27 11:00:00+00:00
[2026-05-27T12:55:55.697+0000] {logging_mixin.py:188} INFO - [2026-05-27T12:55:55.696+0000] {dag.py:3954} INFO - Setting next_dagrun for update_db to 2026-05-26 12:00:00+00:00, run_after=2026-05-27 12:00:00+00:00
[2026-05-27T12:55:55.734+0000] {processor.py:183} INFO - Processing /opt/airflow/dags/main.py took 0.389 seconds
[2026-05-27T12:56:26.039+0000] {processor.py:161} INFO - Started process (PID=1247) to work on /opt/airflow/dags/main.py
[2026-05-27T12:56:26.041+0000] {processor.py:830} INFO - Processing file /opt/airflow/dags/main.py for tasks to queue
[2026-05-27T12:56:26.044+0000] {logging_mixin.py:188} INFO - [2026-05-27T12:56:26.043+0000] {dagbag.py:545} INFO - Filling up the DagBag from /opt/airflow/dags/main.py
[2026-05-27T12:56:26.261+0000] {processor.py:840} INFO - DAG(s) 'update_db', 'produce_json' retrieved from /opt/airflow/dags/main.py
[2026-05-27T12:56:26.301+0000] {logging_mixin.py:188} INFO - [2026-05-27T12:56:26.301+0000] {dag.py:3096} INFO - Sync 2 DAGs
[2026-05-27T12:56:26.327+0000] {logging_mixin.py:188} INFO - [2026-05-27T12:56:26.326+0000] {dag.py:3954} INFO - Setting next_dagrun for produce_json to 2026-05-26 11:00:00+00:00, run_after=2026-05-27 11:00:00+00:00
[2026-05-27T12:56:26.333+0000] {logging_mixin.py:188} INFO - [2026-05-27T12:56:26.332+0000] {dag.py:3954} INFO - Setting next_dagrun for update_db to 2026-05-26 12:00:00+00:00, run_after=2026-05-27 12:00:00+00:00
[2026-05-27T12:56:26.388+0000] {processor.py:183} INFO - Processing /opt/airflow/dags/main.py took 0.360 seconds
[2026-05-27T12:56:56.706+0000] {processor.py:161} INFO - Started process (PID=1254) to work on /opt/airflow/dags/main.py
[2026-05-27T12:56:56.709+0000] {processor.py:830} INFO - Processing file /opt/airflow/dags/main.py for tasks to queue
[2026-05-27T12:56:56.715+0000] {logging_mixin.py:188} INFO - [2026-05-27T12:56:56.714+0000] {dagbag.py:545} INFO - Filling up the DagBag from /opt/airflow/dags/main.py
[2026-05-27T12:56:56.901+0000] {processor.py:840} INFO - DAG(s) 'update_db', 'produce_json' retrieved from /opt/airflow/dags/main.py
[2026-05-27T12:56:56.961+0000] {logging_mixin.py:188} INFO - [2026-05-27T12:56:56.960+0000] {dag.py:3096} INFO - Sync 2 DAGs
[2026-05-27T12:56:56.988+0000] {logging_mixin.py:188} INFO - [2026-05-27T12:56:56.987+0000] {dag.py:3954} INFO - Setting next_dagrun for produce_json to 2026-05-26 11:00:00+00:00, run_after=2026-05-27 11:00:00+00:00
[2026-05-27T12:56:56.994+0000] {logging_mixin.py:188} INFO - [2026-05-27T12:56:56.994+0000] {dag.py:3954} INFO - Setting next_dagrun for update_db to 2026-05-26 12:00:00+00:00, run_after=2026-05-27 12:00:00+00:00
[2026-05-27T12:56:57.013+0000] {processor.py:183} INFO - Processing /opt/airflow/dags/main.py took 0.328 seconds
[2026-05-27T12:57:27.315+0000] {processor.py:161} INFO - Started process (PID=1261) to work on /opt/airflow/dags/main.py
[2026-05-27T12:57:27.318+0000] {processor.py:830} INFO - Processing file /opt/airflow/dags/main.py for tasks to queue
[2026-05-27T12:57:27.323+0000] {logging_mixin.py:188} INFO - [2026-05-27T12:57:27.322+0000] {dagbag.py:545} INFO - Filling up the DagBag from /opt/airflow/dags/main.py
[2026-05-27T12:57:27.693+0000] {processor.py:840} INFO - DAG(s) 'update_db', 'produce_json' retrieved from /opt/airflow/dags/main.py
[2026-05-27T12:57:27.740+0000] {logging_mixin.py:188} INFO - [2026-05-27T12:57:27.740+0000] {dag.py:3096} INFO - Sync 2 DAGs
[2026-05-27T12:57:27.772+0000] {logging_mixin.py:188} INFO - [2026-05-27T12:57:27.772+0000] {dag.py:3954} INFO - Setting next_dagrun for produce_json to 2026-05-26 11:00:00+00:00, run_after=2026-05-27 11:00:00+00:00
[2026-05-27T12:57:27.784+0000] {logging_mixin.py:188} INFO - [2026-05-27T12:57:27.783+0000] {dag.py:3954} INFO - Setting next_dagrun for update_db to 2026-05-26 12:00:00+00:00, run_after=2026-05-27 12:00:00+00:00
[2026-05-27T12:57:27.827+0000] {processor.py:183} INFO - Processing /opt/airflow/dags/main.py took 0.530 seconds
[2026-05-27T12:57:58.370+0000] {processor.py:161} INFO - Started process (PID=1268) to work on /opt/airflow/dags/main.py
[2026-05-27T12:57:58.374+0000] {processor.py:830} INFO - Processing file /opt/airflow/dags/main.py for tasks to queue
[2026-05-27T12:57:58.380+0000] {logging_mixin.py:188} INFO - [2026-05-27T12:57:58.378+0000] {dagbag.py:545} INFO - Filling up the DagBag from /opt/airflow/dags/main.py
[2026-05-27T12:57:58.644+0000] {processor.py:840} INFO - DAG(s) 'update_db', 'produce_json' retrieved from /opt/airflow/dags/main.py
[2026-05-27T12:57:58.687+0000] {logging_mixin.py:188} INFO - [2026-05-27T12:57:58.687+0000] {dag.py:3096} INFO - Sync 2 DAGs
[2026-05-27T12:57:58.728+0000] {logging_mixin.py:188} INFO - [2026-05-27T12:57:58.728+0000] {dag.py:3954} INFO - Setting next_dagrun for produce_json to 2026-05-26 11:00:00+00:00, run_after=2026-05-27 11:00:00+00:00
[2026-05-27T12:57:58.741+0000] {logging_mixin.py:188} INFO - [2026-05-27T12:57:58.740+0000] {dag.py:3954} INFO - Setting next_dagrun for update_db to 2026-05-26 12:00:00+00:00, run_after=2026-05-27 12:00:00+00:00
[2026-05-27T12:57:58.837+0000] {processor.py:183} INFO - Processing /opt/airflow/dags/main.py took 0.498 seconds
[2026-05-27T12:58:29.352+0000] {processor.py:161} INFO - Started process (PID=1275) to work on /opt/airflow/dags/main.py
[2026-05-27T12:58:29.354+0000] {processor.py:830} INFO - Processing file /opt/airflow/dags/main.py for tasks to queue
[2026-05-27T12:58:29.359+0000] {logging_mixin.py:188} INFO - [2026-05-27T12:58:29.359+0000] {dagbag.py:545} INFO - Filling up the DagBag from /opt/airflow/dags/main.py
[2026-05-27T12:58:29.555+0000] {processor.py:840} INFO - DAG(s) 'update_db', 'produce_json' retrieved from /opt/airflow/dags/main.py
[2026-05-27T12:58:29.608+0000] {logging_mixin.py:188} INFO - [2026-05-27T12:58:29.607+0000] {dag.py:3096} INFO - Sync 2 DAGs
[2026-05-27T12:58:29.636+0000] {logging_mixin.py:188} INFO - [2026-05-27T12:58:29.636+0000] {dag.py:3954} INFO - Setting next_dagrun for produce_json to 2026-05-26 11:00:00+00:00, run_after=2026-05-27 11:00:00+00:00
[2026-05-27T12:58:29.643+0000] {logging_mixin.py:188} INFO - [2026-05-27T12:58:29.643+0000] {dag.py:3954} INFO - Setting next_dagrun for update_db to 2026-05-26 12:00:00+00:00, run_after=2026-05-27 12:00:00+00:00
[2026-05-27T12:58:29.721+0000] {processor.py:183} INFO - Processing /opt/airflow/dags/main.py took 0.387 seconds
[2026-05-27T12:59:00.059+0000] {processor.py:161} INFO - Started process (PID=1282) to work on /opt/airflow/dags/main.py
[2026-05-27T12:59:00.061+0000] {processor.py:830} INFO - Processing file /opt/airflow/dags/main.py for tasks to queue
[2026-05-27T12:59:00.065+0000] {logging_mixin.py:188} INFO - [2026-05-27T12:59:00.065+0000] {dagbag.py:545} INFO - Filling up the DagBag from /opt/airflow/dags/main.py
[2026-05-27T12:59:00.366+0000] {processor.py:840} INFO - DAG(s) 'produce_json', 'update_db' retrieved from /opt/airflow/dags/main.py
[2026-05-27T12:59:00.421+0000] {logging_mixin.py:188} INFO - [2026-05-27T12:59:00.421+0000] {dag.py:3096} INFO - Sync 2 DAGs
[2026-05-27T12:59:00.452+0000] {logging_mixin.py:188} INFO - [2026-05-27T12:59:00.452+0000] {dag.py:3954} INFO - Setting next_dagrun for produce_json to 2026-05-26 11:00:00+00:00, run_after=2026-05-27 11:00:00+00:00
[2026-05-27T12:59:00.458+0000] {logging_mixin.py:188} INFO - [2026-05-27T12:59:00.458+0000] {dag.py:3954} INFO - Setting next_dagrun for update_db to 2026-05-26 12:00:00+00:00, run_after=2026-05-27 12:00:00+00:00
[2026-05-27T12:59:00.483+0000] {processor.py:183} INFO - Processing /opt/airflow/dags/main.py took 0.434 seconds
[2026-05-27T12:59:30.975+0000] {processor.py:161} INFO - Started process (PID=1289) to work on /opt/airflow/dags/main.py
[2026-05-27T12:59:30.977+0000] {processor.py:830} INFO - Processing file /opt/airflow/dags/main.py for tasks to queue
[2026-05-27T12:59:30.982+0000] {logging_mixin.py:188} INFO - [2026-05-27T12:59:30.982+0000] {dagbag.py:545} INFO - Filling up the DagBag from /opt/airflow/dags/main.py
[2026-05-27T12:59:31.218+0000] {processor.py:840} INFO - DAG(s) 'produce_json', 'update_db' retrieved from /opt/airflow/dags/main.py
[2026-05-27T12:59:31.270+0000] {logging_mixin.py:188} INFO - [2026-05-27T12:59:31.270+0000] {dag.py:3096} INFO - Sync 2 DAGs
[2026-05-27T12:59:31.308+0000] {logging_mixin.py:188} INFO - [2026-05-27T12:59:31.307+0000] {dag.py:3954} INFO - Setting next_dagrun for produce_json to 2026-05-26 11:00:00+00:00, run_after=2026-05-27 11:00:00+00:00
[2026-05-27T12:59:31.318+0000] {logging_mixin.py:188} INFO - [2026-05-27T12:59:31.317+0000] {dag.py:3954} INFO - Setting next_dagrun for update_db to 2026-05-26 12:00:00+00:00, run_after=2026-05-27 12:00:00+00:00
[2026-05-27T12:59:31.417+0000] {processor.py:183} INFO - Processing /opt/airflow/dags/main.py took 0.465 seconds
[2026-05-27T13:00:01.900+0000] {processor.py:161} INFO - Started process (PID=1296) to work on /opt/airflow/dags/main.py
[2026-05-27T13:00:01.902+0000] {processor.py:830} INFO - Processing file /opt/airflow/dags/main.py for tasks to queue
[2026-05-27T13:00:01.907+0000] {logging_mixin.py:188} INFO - [2026-05-27T13:00:01.906+0000] {dagbag.py:545} INFO - Filling up the DagBag from /opt/airflow/dags/main.py
[2026-05-27T13:00:02.195+0000] {processor.py:840} INFO - DAG(s) 'produce_json', 'update_db' retrieved from /opt/airflow/dags/main.py
[2026-05-27T13:00:02.256+0000] {logging_mixin.py:188} INFO - [2026-05-27T13:00:02.256+0000] {dag.py:3096} INFO - Sync 2 DAGs
[2026-05-27T13:00:02.297+0000] {logging_mixin.py:188} INFO - [2026-05-27T13:00:02.297+0000] {dag.py:3954} INFO - Setting next_dagrun for produce_json to 2026-05-26 11:00:00+00:00, run_after=2026-05-27 11:00:00+00:00
[2026-05-27T13:00:02.307+0000] {logging_mixin.py:188} INFO - [2026-05-27T13:00:02.307+0000] {dag.py:3954} INFO - Setting next_dagrun for update_db to 2026-05-26 12:00:00+00:00, run_after=2026-05-27 12:00:00+00:00
[2026-05-27T13:00:02.401+0000] {processor.py:183} INFO - Processing /opt/airflow/dags/main.py took 0.511 seconds
[2026-05-27T13:00:32.981+0000] {processor.py:161} INFO - Started process (PID=1303) to work on /opt/airflow/dags/main.py
[2026-05-27T13:00:32.983+0000] {processor.py:830} INFO - Processing file /opt/airflow/dags/main.py for tasks to queue
[2026-05-27T13:00:32.987+0000] {logging_mixin.py:188} INFO - [2026-05-27T13:00:32.986+0000] {dagbag.py:545} INFO - Filling up the DagBag from /opt/airflow/dags/main.py
[2026-05-27T13:00:33.220+0000] {processor.py:840} INFO - DAG(s) 'produce_json', 'update_db' retrieved from /opt/airflow/dags/main.py
[2026-05-27T13:00:33.259+0000] {logging_mixin.py:188} INFO - [2026-05-27T13:00:33.259+0000] {dag.py:3096} INFO - Sync 2 DAGs
[2026-05-27T13:00:33.283+0000] {logging_mixin.py:188} INFO - [2026-05-27T13:00:33.283+0000] {dag.py:3954} INFO - Setting next_dagrun for produce_json to 2026-05-26 11:00:00+00:00, run_after=2026-05-27 11:00:00+00:00
[2026-05-27T13:00:33.290+0000] {logging_mixin.py:188} INFO - [2026-05-27T13:00:33.290+0000] {dag.py:3954} INFO - Setting next_dagrun for update_db to 2026-05-26 12:00:00+00:00, run_after=2026-05-27 12:00:00+00:00
[2026-05-27T13:00:33.310+0000] {processor.py:183} INFO - Processing /opt/airflow/dags/main.py took 0.354 seconds
[2026-05-27T13:01:04.200+0000] {processor.py:161} INFO - Started process (PID=1310) to work on /opt/airflow/dags/main.py
[2026-05-27T13:01:04.202+0000] {processor.py:830} INFO - Processing file /opt/airflow/dags/main.py for tasks to queue
[2026-05-27T13:01:04.205+0000] {logging_mixin.py:188} INFO - [2026-05-27T13:01:04.205+0000] {dagbag.py:545} INFO - Filling up the DagBag from /opt/airflow/dags/main.py
[2026-05-27T13:01:04.423+0000] {processor.py:840} INFO - DAG(s) 'update_db', 'produce_json' retrieved from /opt/airflow/dags/main.py
[2026-05-27T13:01:04.469+0000] {logging_mixin.py:188} INFO - [2026-05-27T13:01:04.468+0000] {dag.py:3096} INFO - Sync 2 DAGs
[2026-05-27T13:01:04.511+0000] {logging_mixin.py:188} INFO - [2026-05-27T13:01:04.511+0000] {dag.py:3954} INFO - Setting next_dagrun for produce_json to 2026-05-26 11:00:00+00:00, run_after=2026-05-27 11:00:00+00:00
[2026-05-27T13:01:04.519+0000] {logging_mixin.py:188} INFO - [2026-05-27T13:01:04.518+0000] {dag.py:3954} INFO - Setting next_dagrun for update_db to 2026-05-26 12:00:00+00:00, run_after=2026-05-27 12:00:00+00:00
[2026-05-27T13:01:04.545+0000] {processor.py:183} INFO - Processing /opt/airflow/dags/main.py took 0.353 seconds
[2026-05-27T13:01:35.021+0000] {processor.py:161} INFO - Started process (PID=1317) to work on /opt/airflow/dags/main.py
[2026-05-27T13:01:35.023+0000] {processor.py:830} INFO - Processing file /opt/airflow/dags/main.py for tasks to queue
[2026-05-27T13:01:35.029+0000] {logging_mixin.py:188} INFO - [2026-05-27T13:01:35.028+0000] {dagbag.py:545} INFO - Filling up the DagBag from /opt/airflow/dags/main.py
[2026-05-27T13:01:35.313+0000] {processor.py:840} INFO - DAG(s) 'update_db', 'produce_json' retrieved from /opt/airflow/dags/main.py
[2026-05-27T13:01:35.356+0000] {logging_mixin.py:188} INFO - [2026-05-27T13:01:35.356+0000] {dag.py:3096} INFO - Sync 2 DAGs
[2026-05-27T13:01:35.395+0000] {logging_mixin.py:188} INFO - [2026-05-27T13:01:35.395+0000] {dag.py:3954} INFO - Setting next_dagrun for produce_json to 2026-05-26 11:00:00+00:00, run_after=2026-05-27 11:00:00+00:00
[2026-05-27T13:01:35.405+0000] {logging_mixin.py:188} INFO - [2026-05-27T13:01:35.404+0000] {dag.py:3954} INFO - Setting next_dagrun for update_db to 2026-05-26 12:00:00+00:00, run_after=2026-05-27 12:00:00+00:00
[2026-05-27T13:01:35.437+0000] {processor.py:183} INFO - Processing /opt/airflow/dags/main.py took 0.431 seconds
[2026-05-27T13:02:05.894+0000] {processor.py:161} INFO - Started process (PID=1324) to work on /opt/airflow/dags/main.py
[2026-05-27T13:02:05.896+0000] {processor.py:830} INFO - Processing file /opt/airflow/dags/main.py for tasks to queue
[2026-05-27T13:02:05.899+0000] {logging_mixin.py:188} INFO - [2026-05-27T13:02:05.899+0000] {dagbag.py:545} INFO - Filling up the DagBag from /opt/airflow/dags/main.py
[2026-05-27T13:02:06.147+0000] {processor.py:840} INFO - DAG(s) 'produce_json', 'update_db' retrieved from /opt/airflow/dags/main.py
[2026-05-27T13:02:06.220+0000] {logging_mixin.py:188} INFO - [2026-05-27T13:02:06.220+0000] {dag.py:3096} INFO - Sync 2 DAGs
[2026-05-27T13:02:06.258+0000] {logging_mixin.py:188} INFO - [2026-05-27T13:02:06.258+0000] {dag.py:3954} INFO - Setting next_dagrun for produce_json to 2026-05-26 11:00:00+00:00, run_after=2026-05-27 11:00:00+00:00
[2026-05-27T13:02:06.266+0000] {logging_mixin.py:188} INFO - [2026-05-27T13:02:06.265+0000] {dag.py:3954} INFO - Setting next_dagrun for update_db to 2026-05-26 12:00:00+00:00, run_after=2026-05-27 12:00:00+00:00
[2026-05-27T13:02:06.288+0000] {processor.py:183} INFO - Processing /opt/airflow/dags/main.py took 0.404 seconds
[2026-05-27T13:02:36.706+0000] {processor.py:161} INFO - Started process (PID=1337) to work on /opt/airflow/dags/main.py
[2026-05-27T13:02:36.709+0000] {processor.py:830} INFO - Processing file /opt/airflow/dags/main.py for tasks to queue
[2026-05-27T13:02:36.713+0000] {logging_mixin.py:188} INFO - [2026-05-27T13:02:36.712+0000] {dagbag.py:545} INFO - Filling up the DagBag from /opt/airflow/dags/main.py
[2026-05-27T13:02:36.966+0000] {processor.py:840} INFO - DAG(s) 'update_db', 'produce_json' retrieved from /opt/airflow/dags/main.py
[2026-05-27T13:02:37.008+0000] {logging_mixin.py:188} INFO - [2026-05-27T13:02:37.008+0000] {dag.py:3096} INFO - Sync 2 DAGs
[2026-05-27T13:02:37.041+0000] {logging_mixin.py:188} INFO - [2026-05-27T13:02:37.041+0000] {dag.py:3954} INFO - Setting next_dagrun for produce_json to 2026-05-26 11:00:00+00:00, run_after=2026-05-27 11:00:00+00:00
[2026-05-27T13:02:37.051+0000] {logging_mixin.py:188} INFO - [2026-05-27T13:02:37.050+0000] {dag.py:3954} INFO - Setting next_dagrun for update_db to 2026-05-26 12:00:00+00:00, run_after=2026-05-27 12:00:00+00:00
[2026-05-27T13:02:37.142+0000] {processor.py:183} INFO - Processing /opt/airflow/dags/main.py took 0.450 seconds
[2026-05-27T13:03:07.565+0000] {processor.py:161} INFO - Started process (PID=1344) to work on /opt/airflow/dags/main.py
[2026-05-27T13:03:07.568+0000] {processor.py:830} INFO - Processing file /opt/airflow/dags/main.py for tasks to queue
[2026-05-27T13:03:07.573+0000] {logging_mixin.py:188} INFO - [2026-05-27T13:03:07.572+0000] {dagbag.py:545} INFO - Filling up the DagBag from /opt/airflow/dags/main.py
[2026-05-27T13:03:07.875+0000] {processor.py:840} INFO - DAG(s) 'update_db', 'produce_json' retrieved from /opt/airflow/dags/main.py
[2026-05-27T13:03:07.924+0000] {logging_mixin.py:188} INFO - [2026-05-27T13:03:07.924+0000] {dag.py:3096} INFO - Sync 2 DAGs
[2026-05-27T13:03:07.953+0000] {logging_mixin.py:188} INFO - [2026-05-27T13:03:07.953+0000] {dag.py:3954} INFO - Setting next_dagrun for produce_json to 2026-05-26 11:00:00+00:00, run_after=2026-05-27 11:00:00+00:00
[2026-05-27T13:03:07.961+0000] {logging_mixin.py:188} INFO - [2026-05-27T13:03:07.960+0000] {dag.py:3954} INFO - Setting next_dagrun for update_db to 2026-05-26 12:00:00+00:00, run_after=2026-05-27 12:00:00+00:00
[2026-05-27T13:03:07.986+0000] {processor.py:183} INFO - Processing /opt/airflow/dags/main.py took 0.438 seconds
[2026-05-27T13:03:38.322+0000] {processor.py:161} INFO - Started process (PID=1351) to work on /opt/airflow/dags/main.py
[2026-05-27T13:03:38.323+0000] {processor.py:830} INFO - Processing file /opt/airflow/dags/main.py for tasks to queue
[2026-05-27T13:03:38.326+0000] {logging_mixin.py:188} INFO - [2026-05-27T13:03:38.326+0000] {dagbag.py:545} INFO - Filling up the DagBag from /opt/airflow/dags/main.py
[2026-05-27T13:03:38.571+0000] {processor.py:840} INFO - DAG(s) 'update_db', 'produce_json' retrieved from /opt/airflow/dags/main.py
[2026-05-27T13:03:38.621+0000] {logging_mixin.py:188} INFO - [2026-05-27T13:03:38.621+0000] {dag.py:3096} INFO - Sync 2 DAGs
[2026-05-27T13:03:38.648+0000] {logging_mixin.py:188} INFO - [2026-05-27T13:03:38.648+0000] {dag.py:3954} INFO - Setting next_dagrun for produce_json to 2026-05-26 11:00:00+00:00, run_after=2026-05-27 11:00:00+00:00
[2026-05-27T13:03:38.653+0000] {logging_mixin.py:188} INFO - [2026-05-27T13:03:38.653+0000] {dag.py:3954} INFO - Setting next_dagrun for update_db to 2026-05-26 12:00:00+00:00, run_after=2026-05-27 12:00:00+00:00
[2026-05-27T13:03:38.674+0000] {processor.py:183} INFO - Processing /opt/airflow/dags/main.py took 0.361 seconds
[2026-05-27T13:04:09.117+0000] {processor.py:161} INFO - Started process (PID=1358) to work on /opt/airflow/dags/main.py
[2026-05-27T13:04:09.119+0000] {processor.py:830} INFO - Processing file /opt/airflow/dags/main.py for tasks to queue
[2026-05-27T13:04:09.122+0000] {logging_mixin.py:188} INFO - [2026-05-27T13:04:09.121+0000] {dagbag.py:545} INFO - Filling up the DagBag from /opt/airflow/dags/main.py
[2026-05-27T13:04:09.347+0000] {processor.py:840} INFO - DAG(s) 'update_db', 'produce_json' retrieved from /opt/airflow/dags/main.py
[2026-05-27T13:04:09.398+0000] {logging_mixin.py:188} INFO - [2026-05-27T13:04:09.397+0000] {dag.py:3096} INFO - Sync 2 DAGs
[2026-05-27T13:04:09.431+0000] {logging_mixin.py:188} INFO - [2026-05-27T13:04:09.430+0000] {dag.py:3954} INFO - Setting next_dagrun for produce_json to 2026-05-26 11:00:00+00:00, run_after=2026-05-27 11:00:00+00:00
[2026-05-27T13:04:09.437+0000] {logging_mixin.py:188} INFO - [2026-05-27T13:04:09.437+0000] {dag.py:3954} INFO - Setting next_dagrun for update_db to 2026-05-26 12:00:00+00:00, run_after=2026-05-27 12:00:00+00:00
[2026-05-27T13:04:09.458+0000] {processor.py:183} INFO - Processing /opt/airflow/dags/main.py took 0.354 seconds
[2026-05-27T13:04:39.906+0000] {processor.py:161} INFO - Started process (PID=1365) to work on /opt/airflow/dags/main.py
[2026-05-27T13:04:39.908+0000] {processor.py:830} INFO - Processing file /opt/airflow/dags/main.py for tasks to queue
[2026-05-27T13:04:39.912+0000] {logging_mixin.py:188} INFO - [2026-05-27T13:04:39.911+0000] {dagbag.py:545} INFO - Filling up the DagBag from /opt/airflow/dags/main.py
[2026-05-27T13:04:40.126+0000] {processor.py:840} INFO - DAG(s) 'produce_json', 'update_db' retrieved from /opt/airflow/dags/main.py
[2026-05-27T13:04:40.177+0000] {logging_mixin.py:188} INFO - [2026-05-27T13:04:40.176+0000] {dag.py:3096} INFO - Sync 2 DAGs
[2026-05-27T13:04:40.215+0000] {logging_mixin.py:188} INFO - [2026-05-27T13:04:40.215+0000] {dag.py:3954} INFO - Setting next_dagrun for produce_json to 2026-05-26 11:00:00+00:00, run_after=2026-05-27 11:00:00+00:00
[2026-05-27T13:04:40.222+0000] {logging_mixin.py:188} INFO - [2026-05-27T13:04:40.221+0000] {dag.py:3954} INFO - Setting next_dagrun for update_db to 2026-05-26 12:00:00+00:00, run_after=2026-05-27 12:00:00+00:00
[2026-05-27T13:04:40.247+0000] {processor.py:183} INFO - Processing /opt/airflow/dags/main.py took 0.352 seconds
[2026-05-27T13:05:10.685+0000] {processor.py:161} INFO - Started process (PID=1372) to work on /opt/airflow/dags/main.py
[2026-05-27T13:05:10.687+0000] {processor.py:830} INFO - Processing file /opt/airflow/dags/main.py for tasks to queue
[2026-05-27T13:05:10.691+0000] {logging_mixin.py:188} INFO - [2026-05-27T13:05:10.691+0000] {dagbag.py:545} INFO - Filling up the DagBag from /opt/airflow/dags/main.py
[2026-05-27T13:05:10.970+0000] {processor.py:840} INFO - DAG(s) 'update_db', 'produce_json' retrieved from /opt/airflow/dags/main.py
[2026-05-27T13:05:11.035+0000] {logging_mixin.py:188} INFO - [2026-05-27T13:05:11.035+0000] {dag.py:3096} INFO - Sync 2 DAGs
[2026-05-27T13:05:11.065+0000] {logging_mixin.py:188} INFO - [2026-05-27T13:05:11.065+0000] {dag.py:3954} INFO - Setting next_dagrun for produce_json to 2026-05-26 11:00:00+00:00, run_after=2026-05-27 11:00:00+00:00
[2026-05-27T13:05:11.072+0000] {logging_mixin.py:188} INFO - [2026-05-27T13:05:11.072+0000] {dag.py:3954} INFO - Setting next_dagrun for update_db to 2026-05-26 12:00:00+00:00, run_after=2026-05-27 12:00:00+00:00
[2026-05-27T13:05:11.160+0000] {processor.py:183} INFO - Processing /opt/airflow/dags/main.py took 0.487 seconds
[2026-05-27T13:05:41.597+0000] {processor.py:161} INFO - Started process (PID=1379) to work on /opt/airflow/dags/main.py
[2026-05-27T13:05:41.599+0000] {processor.py:830} INFO - Processing file /opt/airflow/dags/main.py for tasks to queue
[2026-05-27T13:05:41.602+0000] {logging_mixin.py:188} INFO - [2026-05-27T13:05:41.602+0000] {dagbag.py:545} INFO - Filling up the DagBag from /opt/airflow/dags/main.py
[2026-05-27T13:05:41.840+0000] {processor.py:840} INFO - DAG(s) 'update_db', 'produce_json' retrieved from /opt/airflow/dags/main.py
[2026-05-27T13:05:41.893+0000] {logging_mixin.py:188} INFO - [2026-05-27T13:05:41.892+0000] {dag.py:3096} INFO - Sync 2 DAGs
[2026-05-27T13:05:41.932+0000] {logging_mixin.py:188} INFO - [2026-05-27T13:05:41.932+0000] {dag.py:3954} INFO - Setting next_dagrun for produce_json to 2026-05-26 11:00:00+00:00, run_after=2026-05-27 11:00:00+00:00
[2026-05-27T13:05:41.944+0000] {logging_mixin.py:188} INFO - [2026-05-27T13:05:41.944+0000] {dag.py:3954} INFO - Setting next_dagrun for update_db to 2026-05-26 12:00:00+00:00, run_after=2026-05-27 12:00:00+00:00
[2026-05-27T13:05:42.038+0000] {processor.py:183} INFO - Processing /opt/airflow/dags/main.py took 0.452 seconds
[2026-05-27T13:06:12.823+0000] {processor.py:161} INFO - Started process (PID=1386) to work on /opt/airflow/dags/main.py
[2026-05-27T13:06:12.825+0000] {processor.py:830} INFO - Processing file /opt/airflow/dags/main.py for tasks to queue
[2026-05-27T13:06:12.828+0000] {logging_mixin.py:188} INFO - [2026-05-27T13:06:12.828+0000] {dagbag.py:545} INFO - Filling up the DagBag from /opt/airflow/dags/main.py
[2026-05-27T13:06:13.053+0000] {processor.py:840} INFO - DAG(s) 'update_db', 'produce_json' retrieved from /opt/airflow/dags/main.py
[2026-05-27T13:06:13.093+0000] {logging_mixin.py:188} INFO - [2026-05-27T13:06:13.092+0000] {dag.py:3096} INFO - Sync 2 DAGs
[2026-05-27T13:06:13.120+0000] {logging_mixin.py:188} INFO - [2026-05-27T13:06:13.120+0000] {dag.py:3954} INFO - Setting next_dagrun for produce_json to 2026-05-26 11:00:00+00:00, run_after=2026-05-27 11:00:00+00:00
[2026-05-27T13:06:13.126+0000] {logging_mixin.py:188} INFO - [2026-05-27T13:06:13.126+0000] {dag.py:3954} INFO - Setting next_dagrun for update_db to 2026-05-26 12:00:00+00:00, run_after=2026-05-27 12:00:00+00:00
[2026-05-27T13:06:13.211+0000] {processor.py:183} INFO - Processing /opt/airflow/dags/main.py took 0.400 seconds
[2026-05-27T13:06:43.666+0000] {processor.py:161} INFO - Started process (PID=1393) to work on /opt/airflow/dags/main.py
[2026-05-27T13:06:43.668+0000] {processor.py:830} INFO - Processing file /opt/airflow/dags/main.py for tasks to queue
[2026-05-27T13:06:43.672+0000] {logging_mixin.py:188} INFO - [2026-05-27T13:06:43.671+0000] {dagbag.py:545} INFO - Filling up the DagBag from /opt/airflow/dags/main.py
[2026-05-27T13:06:43.940+0000] {processor.py:840} INFO - DAG(s) 'update_db', 'produce_json' retrieved from /opt/airflow/dags/main.py
[2026-05-27T13:06:43.984+0000] {logging_mixin.py:188} INFO - [2026-05-27T13:06:43.984+0000] {dag.py:3096} INFO - Sync 2 DAGs
[2026-05-27T13:06:44.015+0000] {logging_mixin.py:188} INFO - [2026-05-27T13:06:44.014+0000] {dag.py:3954} INFO - Setting next_dagrun for produce_json to 2026-05-26 11:00:00+00:00, run_after=2026-05-27 11:00:00+00:00
[2026-05-27T13:06:44.021+0000] {logging_mixin.py:188} INFO - [2026-05-27T13:06:44.021+0000] {dag.py:3954} INFO - Setting next_dagrun for update_db to 2026-05-26 12:00:00+00:00, run_after=2026-05-27 12:00:00+00:00
[2026-05-27T13:06:44.044+0000] {processor.py:183} INFO - Processing /opt/airflow/dags/main.py took 0.395 seconds
[2026-05-27T13:07:14.490+0000] {processor.py:161} INFO - Started process (PID=1400) to work on /opt/airflow/dags/main.py
[2026-05-27T13:07:14.492+0000] {processor.py:830} INFO - Processing file /opt/airflow/dags/main.py for tasks to queue
[2026-05-27T13:07:14.496+0000] {logging_mixin.py:188} INFO - [2026-05-27T13:07:14.495+0000] {dagbag.py:545} INFO - Filling up the DagBag from /opt/airflow/dags/main.py
[2026-05-27T13:07:14.752+0000] {processor.py:840} INFO - DAG(s) 'update_db', 'produce_json' retrieved from /opt/airflow/dags/main.py
[2026-05-27T13:07:14.828+0000] {logging_mixin.py:188} INFO - [2026-05-27T13:07:14.828+0000] {dag.py:3096} INFO - Sync 2 DAGs
[2026-05-27T13:07:14.870+0000] {logging_mixin.py:188} INFO - [2026-05-27T13:07:14.870+0000] {dag.py:3954} INFO - Setting next_dagrun for produce_json to 2026-05-26 11:00:00+00:00, run_after=2026-05-27 11:00:00+00:00
[2026-05-27T13:07:14.877+0000] {logging_mixin.py:188} INFO - [2026-05-27T13:07:14.877+0000] {dag.py:3954} INFO - Setting next_dagrun for update_db to 2026-05-26 12:00:00+00:00, run_after=2026-05-27 12:00:00+00:00
[2026-05-27T13:07:14.955+0000] {processor.py:183} INFO - Processing /opt/airflow/dags/main.py took 0.484 seconds
[2026-05-27T13:07:45.387+0000] {processor.py:161} INFO - Started process (PID=1407) to work on /opt/airflow/dags/main.py
[2026-05-27T13:07:45.390+0000] {processor.py:830} INFO - Processing file /opt/airflow/dags/main.py for tasks to queue
[2026-05-27T13:07:45.395+0000] {logging_mixin.py:188} INFO - [2026-05-27T13:07:45.395+0000] {dagbag.py:545} INFO - Filling up the DagBag from /opt/airflow/dags/main.py
[2026-05-27T13:07:45.676+0000] {processor.py:840} INFO - DAG(s) 'produce_json', 'update_db' retrieved from /opt/airflow/dags/main.py
[2026-05-27T13:07:45.726+0000] {logging_mixin.py:188} INFO - [2026-05-27T13:07:45.725+0000] {dag.py:3096} INFO - Sync 2 DAGs
[2026-05-27T13:07:45.752+0000] {logging_mixin.py:188} INFO - [2026-05-27T13:07:45.752+0000] {dag.py:3954} INFO - Setting next_dagrun for produce_json to 2026-05-26 11:00:00+00:00, run_after=2026-05-27 11:00:00+00:00
[2026-05-27T13:07:45.757+0000] {logging_mixin.py:188} INFO - [2026-05-27T13:07:45.757+0000] {dag.py:3954} INFO - Setting next_dagrun for update_db to 2026-05-26 12:00:00+00:00, run_after=2026-05-27 12:00:00+00:00
[2026-05-27T13:07:45.839+0000] {processor.py:183} INFO - Processing /opt/airflow/dags/main.py took 0.470 seconds
[2026-05-27T13:08:16.368+0000] {processor.py:161} INFO - Started process (PID=1414) to work on /opt/airflow/dags/main.py
[2026-05-27T13:08:16.370+0000] {processor.py:830} INFO - Processing file /opt/airflow/dags/main.py for tasks to queue
[2026-05-27T13:08:16.375+0000] {logging_mixin.py:188} INFO - [2026-05-27T13:08:16.374+0000] {dagbag.py:545} INFO - Filling up the DagBag from /opt/airflow/dags/main.py
[2026-05-27T13:08:16.674+0000] {processor.py:840} INFO - DAG(s) 'update_db', 'produce_json' retrieved from /opt/airflow/dags/main.py
[2026-05-27T13:08:16.744+0000] {logging_mixin.py:188} INFO - [2026-05-27T13:08:16.744+0000] {dag.py:3096} INFO - Sync 2 DAGs
[2026-05-27T13:08:16.783+0000] {logging_mixin.py:188} INFO - [2026-05-27T13:08:16.783+0000] {dag.py:3954} INFO - Setting next_dagrun for produce_json to 2026-05-26 11:00:00+00:00, run_after=2026-05-27 11:00:00+00:00
[2026-05-27T13:08:16.794+0000] {logging_mixin.py:188} INFO - [2026-05-27T13:08:16.793+0000] {dag.py:3954} INFO - Setting next_dagrun for update_db to 2026-05-26 12:00:00+00:00, run_after=2026-05-27 12:00:00+00:00
[2026-05-27T13:08:16.865+0000] {processor.py:183} INFO - Processing /opt/airflow/dags/main.py took 0.522 seconds
[2026-05-27T13:08:47.154+0000] {processor.py:161} INFO - Started process (PID=1421) to work on /opt/airflow/dags/main.py
[2026-05-27T13:08:47.156+0000] {processor.py:830} INFO - Processing file /opt/airflow/dags/main.py for tasks to queue
[2026-05-27T13:08:47.159+0000] {logging_mixin.py:188} INFO - [2026-05-27T13:08:47.159+0000] {dagbag.py:545} INFO - Filling up the DagBag from /opt/airflow/dags/main.py
[2026-05-27T13:08:47.350+0000] {processor.py:840} INFO - DAG(s) 'update_db', 'produce_json' retrieved from /opt/airflow/dags/main.py
[2026-05-27T13:08:47.398+0000] {logging_mixin.py:188} INFO - [2026-05-27T13:08:47.398+0000] {dag.py:3096} INFO - Sync 2 DAGs
[2026-05-27T13:08:47.431+0000] {logging_mixin.py:188} INFO - [2026-05-27T13:08:47.431+0000] {dag.py:3954} INFO - Setting next_dagrun for produce_json to 2026-05-26 11:00:00+00:00, run_after=2026-05-27 11:00:00+00:00
[2026-05-27T13:08:47.439+0000] {logging_mixin.py:188} INFO - [2026-05-27T13:08:47.439+0000] {dag.py:3954} INFO - Setting next_dagrun for update_db to 2026-05-26 12:00:00+00:00, run_after=2026-05-27 12:00:00+00:00
[2026-05-27T13:08:47.466+0000] {processor.py:183} INFO - Processing /opt/airflow/dags/main.py took 0.322 seconds
[2026-05-27T13:09:17.574+0000] {processor.py:161} INFO - Started process (PID=1428) to work on /opt/airflow/dags/main.py
[2026-05-27T13:09:17.576+0000] {processor.py:830} INFO - Processing file /opt/airflow/dags/main.py for tasks to queue
[2026-05-27T13:09:17.580+0000] {logging_mixin.py:188} INFO - [2026-05-27T13:09:17.580+0000] {dagbag.py:545} INFO - Filling up the DagBag from /opt/airflow/dags/main.py
[2026-05-27T13:09:17.776+0000] {processor.py:840} INFO - DAG(s) 'update_db', 'produce_json' retrieved from /opt/airflow/dags/main.py
[2026-05-27T13:09:17.824+0000] {logging_mixin.py:188} INFO - [2026-05-27T13:09:17.824+0000] {dag.py:3096} INFO - Sync 2 DAGs
[2026-05-27T13:09:17.868+0000] {logging_mixin.py:188} INFO - [2026-05-27T13:09:17.867+0000] {dag.py:3954} INFO - Setting next_dagrun for produce_json to 2026-05-26 11:00:00+00:00, run_after=2026-05-27 11:00:00+00:00
[2026-05-27T13:09:17.878+0000] {logging_mixin.py:188} INFO - [2026-05-27T13:09:17.878+0000] {dag.py:3954} INFO - Setting next_dagrun for update_db to 2026-05-26 12:00:00+00:00, run_after=2026-05-27 12:00:00+00:00
[2026-05-27T13:09:17.910+0000] {processor.py:183} INFO - Processing /opt/airflow/dags/main.py took 0.351 seconds
[2026-05-27T13:09:48.194+0000] {processor.py:161} INFO - Started process (PID=1435) to work on /opt/airflow/dags/main.py
[2026-05-27T13:09:48.197+0000] {processor.py:830} INFO - Processing file /opt/airflow/dags/main.py for tasks to queue
[2026-05-27T13:09:48.202+0000] {logging_mixin.py:188} INFO - [2026-05-27T13:09:48.201+0000] {dagbag.py:545} INFO - Filling up the DagBag from /opt/airflow/dags/main.py
[2026-05-27T13:09:48.380+0000] {processor.py:840} INFO - DAG(s) 'produce_json', 'update_db' retrieved from /opt/airflow/dags/main.py
[2026-05-27T13:09:48.417+0000] {logging_mixin.py:188} INFO - [2026-05-27T13:09:48.417+0000] {dag.py:3096} INFO - Sync 2 DAGs
[2026-05-27T13:09:48.458+0000] {logging_mixin.py:188} INFO - [2026-05-27T13:09:48.458+0000] {dag.py:3954} INFO - Setting next_dagrun for produce_json to 2026-05-26 11:00:00+00:00, run_after=2026-05-27 11:00:00+00:00
[2026-05-27T13:09:48.470+0000] {logging_mixin.py:188} INFO - [2026-05-27T13:09:48.470+0000] {dag.py:3954} INFO - Setting next_dagrun for update_db to 2026-05-26 12:00:00+00:00, run_after=2026-05-27 12:00:00+00:00
[2026-05-27T13:09:48.545+0000] {processor.py:183} INFO - Processing /opt/airflow/dags/main.py took 0.374 seconds
[2026-05-27T13:10:18.669+0000] {processor.py:161} INFO - Started process (PID=1442) to work on /opt/airflow/dags/main.py
[2026-05-27T13:10:18.671+0000] {processor.py:830} INFO - Processing file /opt/airflow/dags/main.py for tasks to queue
[2026-05-27T13:10:18.674+0000] {logging_mixin.py:188} INFO - [2026-05-27T13:10:18.673+0000] {dagbag.py:545} INFO - Filling up the DagBag from /opt/airflow/dags/main.py
[2026-05-27T13:10:18.883+0000] {processor.py:840} INFO - DAG(s) 'produce_json', 'update_db' retrieved from /opt/airflow/dags/main.py
[2026-05-27T13:10:18.934+0000] {logging_mixin.py:188} INFO - [2026-05-27T13:10:18.933+0000] {dag.py:3096} INFO - Sync 2 DAGs
[2026-05-27T13:10:18.960+0000] {logging_mixin.py:188} INFO - [2026-05-27T13:10:18.960+0000] {dag.py:3954} INFO - Setting next_dagrun for produce_json to 2026-05-26 11:00:00+00:00, run_after=2026-05-27 11:00:00+00:00
[2026-05-27T13:10:18.967+0000] {logging_mixin.py:188} INFO - [2026-05-27T13:10:18.967+0000] {dag.py:3954} INFO - Setting next_dagrun for update_db to 2026-05-26 12:00:00+00:00, run_after=2026-05-27 12:00:00+00:00
[2026-05-27T13:10:19.028+0000] {processor.py:183} INFO - Processing /opt/airflow/dags/main.py took 0.371 seconds
[2026-05-27T13:10:49.304+0000] {processor.py:161} INFO - Started process (PID=1449) to work on /opt/airflow/dags/main.py
[2026-05-27T13:10:49.306+0000] {processor.py:830} INFO - Processing file /opt/airflow/dags/main.py for tasks to queue
[2026-05-27T13:10:49.310+0000] {logging_mixin.py:188} INFO - [2026-05-27T13:10:49.310+0000] {dagbag.py:545} INFO - Filling up the DagBag from /opt/airflow/dags/main.py
[2026-05-27T13:10:49.508+0000] {processor.py:840} INFO - DAG(s) 'produce_json', 'update_db' retrieved from /opt/airflow/dags/main.py
[2026-05-27T13:10:49.557+0000] {logging_mixin.py:188} INFO - [2026-05-27T13:10:49.557+0000] {dag.py:3096} INFO - Sync 2 DAGs
[2026-05-27T13:10:49.589+0000] {logging_mixin.py:188} INFO - [2026-05-27T13:10:49.589+0000] {dag.py:3954} INFO - Setting next_dagrun for produce_json to 2026-05-27 11:00:00+00:00, run_after=2026-05-28 11:00:00+00:00
[2026-05-27T13:10:49.596+0000] {logging_mixin.py:188} INFO - [2026-05-27T13:10:49.596+0000] {dag.py:3954} INFO - Setting next_dagrun for update_db to 2026-05-26 12:00:00+00:00, run_after=2026-05-27 12:00:00+00:00
[2026-05-27T13:10:49.685+0000] {processor.py:183} INFO - Processing /opt/airflow/dags/main.py took 0.392 seconds
[2026-05-27T13:11:20.046+0000] {processor.py:161} INFO - Started process (PID=1456) to work on /opt/airflow/dags/main.py
[2026-05-27T13:11:20.048+0000] {processor.py:830} INFO - Processing file /opt/airflow/dags/main.py for tasks to queue
[2026-05-27T13:11:20.052+0000] {logging_mixin.py:188} INFO - [2026-05-27T13:11:20.052+0000] {dagbag.py:545} INFO - Filling up the DagBag from /opt/airflow/dags/main.py
[2026-05-27T13:11:20.262+0000] {processor.py:840} INFO - DAG(s) 'produce_json', 'update_db' retrieved from /opt/airflow/dags/main.py
[2026-05-27T13:11:20.306+0000] {logging_mixin.py:188} INFO - [2026-05-27T13:11:20.306+0000] {dag.py:3096} INFO - Sync 2 DAGs
[2026-05-27T13:11:20.342+0000] {logging_mixin.py:188} INFO - [2026-05-27T13:11:20.341+0000] {dag.py:3954} INFO - Setting next_dagrun for produce_json to 2026-05-27 11:00:00+00:00, run_after=2026-05-28 11:00:00+00:00
[2026-05-27T13:11:20.349+0000] {logging_mixin.py:188} INFO - [2026-05-27T13:11:20.349+0000] {dag.py:3954} INFO - Setting next_dagrun for update_db to 2026-05-27 12:00:00+00:00, run_after=2026-05-28 12:00:00+00:00
[2026-05-27T13:11:20.410+0000] {processor.py:183} INFO - Processing /opt/airflow/dags/main.py took 0.375 seconds
[2026-05-27T13:11:50.821+0000] {processor.py:161} INFO - Started process (PID=1463) to work on /opt/airflow/dags/main.py
[2026-05-27T13:11:50.823+0000] {processor.py:830} INFO - Processing file /opt/airflow/dags/main.py for tasks to queue
[2026-05-27T13:11:50.826+0000] {logging_mixin.py:188} INFO - [2026-05-27T13:11:50.826+0000] {dagbag.py:545} INFO - Filling up the DagBag from /opt/airflow/dags/main.py
[2026-05-27T13:11:51.027+0000] {processor.py:840} INFO - DAG(s) 'produce_json', 'update_db' retrieved from /opt/airflow/dags/main.py
[2026-05-27T13:11:51.065+0000] {logging_mixin.py:188} INFO - [2026-05-27T13:11:51.065+0000] {dag.py:3096} INFO - Sync 2 DAGs
[2026-05-27T13:11:51.093+0000] {logging_mixin.py:188} INFO - [2026-05-27T13:11:51.093+0000] {dag.py:3954} INFO - Setting next_dagrun for produce_json to 2026-05-27 11:00:00+00:00, run_after=2026-05-28 11:00:00+00:00
[2026-05-27T13:11:51.100+0000] {logging_mixin.py:188} INFO - [2026-05-27T13:11:51.100+0000] {dag.py:3954} INFO - Setting next_dagrun for update_db to 2026-05-27 12:00:00+00:00, run_after=2026-05-28 12:00:00+00:00
[2026-05-27T13:11:51.124+0000] {processor.py:183} INFO - Processing /opt/airflow/dags/main.py took 0.313 seconds
[2026-05-27T13:12:21.522+0000] {processor.py:161} INFO - Started process (PID=1470) to work on /opt/airflow/dags/main.py
[2026-05-27T13:12:21.525+0000] {processor.py:830} INFO - Processing file /opt/airflow/dags/main.py for tasks to queue
[2026-05-27T13:12:21.528+0000] {logging_mixin.py:188} INFO - [2026-05-27T13:12:21.528+0000] {dagbag.py:545} INFO - Filling up the DagBag from /opt/airflow/dags/main.py
[2026-05-27T13:12:21.726+0000] {processor.py:840} INFO - DAG(s) 'produce_json', 'update_db' retrieved from /opt/airflow/dags/main.py
[2026-05-27T13:12:21.775+0000] {logging_mixin.py:188} INFO - [2026-05-27T13:12:21.775+0000] {dag.py:3096} INFO - Sync 2 DAGs
[2026-05-27T13:12:21.807+0000] {logging_mixin.py:188} INFO - [2026-05-27T13:12:21.806+0000] {dag.py:3954} INFO - Setting next_dagrun for produce_json to 2026-05-27 11:00:00+00:00, run_after=2026-05-28 11:00:00+00:00
[2026-05-27T13:12:21.815+0000] {logging_mixin.py:188} INFO - [2026-05-27T13:12:21.814+0000] {dag.py:3954} INFO - Setting next_dagrun for update_db to 2026-05-27 12:00:00+00:00, run_after=2026-05-28 12:00:00+00:00
[2026-05-27T13:12:21.895+0000] {processor.py:183} INFO - Processing /opt/airflow/dags/main.py took 0.387 seconds
[2026-05-27T13:12:52.312+0000] {processor.py:161} INFO - Started process (PID=1477) to work on /opt/airflow/dags/main.py
[2026-05-27T13:12:52.314+0000] {processor.py:830} INFO - Processing file /opt/airflow/dags/main.py for tasks to queue
[2026-05-27T13:12:52.319+0000] {logging_mixin.py:188} INFO - [2026-05-27T13:12:52.319+0000] {dagbag.py:545} INFO - Filling up the DagBag from /opt/airflow/dags/main.py
[2026-05-27T13:12:52.578+0000] {processor.py:840} INFO - DAG(s) 'produce_json', 'update_db' retrieved from /opt/airflow/dags/main.py
[2026-05-27T13:12:52.649+0000] {logging_mixin.py:188} INFO - [2026-05-27T13:12:52.648+0000] {dag.py:3096} INFO - Sync 2 DAGs
[2026-05-27T13:12:52.687+0000] {logging_mixin.py:188} INFO - [2026-05-27T13:12:52.686+0000] {dag.py:3954} INFO - Setting next_dagrun for produce_json to 2026-05-27 11:00:00+00:00, run_after=2026-05-28 11:00:00+00:00
[2026-05-27T13:12:52.699+0000] {logging_mixin.py:188} INFO - [2026-05-27T13:12:52.698+0000] {dag.py:3954} INFO - Setting next_dagrun for update_db to 2026-05-27 12:00:00+00:00, run_after=2026-05-28 12:00:00+00:00
[2026-05-27T13:12:52.776+0000] {processor.py:183} INFO - Processing /opt/airflow/dags/main.py took 0.482 seconds
[2026-05-27T13:13:23.168+0000] {processor.py:161} INFO - Started process (PID=1484) to work on /opt/airflow/dags/main.py
[2026-05-27T13:13:23.170+0000] {processor.py:830} INFO - Processing file /opt/airflow/dags/main.py for tasks to queue
[2026-05-27T13:13:23.174+0000] {logging_mixin.py:188} INFO - [2026-05-27T13:13:23.173+0000] {dagbag.py:545} INFO - Filling up the DagBag from /opt/airflow/dags/main.py
[2026-05-27T13:13:23.378+0000] {processor.py:840} INFO - DAG(s) 'produce_json', 'update_db' retrieved from /opt/airflow/dags/main.py
[2026-05-27T13:13:23.423+0000] {logging_mixin.py:188} INFO - [2026-05-27T13:13:23.423+0000] {dag.py:3096} INFO - Sync 2 DAGs
[2026-05-27T13:13:23.452+0000] {logging_mixin.py:188} INFO - [2026-05-27T13:13:23.452+0000] {dag.py:3954} INFO - Setting next_dagrun for produce_json to 2026-05-27 11:00:00+00:00, run_after=2026-05-28 11:00:00+00:00
[2026-05-27T13:13:23.460+0000] {logging_mixin.py:188} INFO - [2026-05-27T13:13:23.460+0000] {dag.py:3954} INFO - Setting next_dagrun for update_db to 2026-05-27 12:00:00+00:00, run_after=2026-05-28 12:00:00+00:00
[2026-05-27T13:13:23.485+0000] {processor.py:183} INFO - Processing /opt/airflow/dags/main.py took 0.326 seconds
[2026-05-27T13:13:53.921+0000] {processor.py:161} INFO - Started process (PID=1491) to work on /opt/airflow/dags/main.py
[2026-05-27T13:13:53.924+0000] {processor.py:830} INFO - Processing file /opt/airflow/dags/main.py for tasks to queue
[2026-05-27T13:13:53.930+0000] {logging_mixin.py:188} INFO - [2026-05-27T13:13:53.929+0000] {dagbag.py:545} INFO - Filling up the DagBag from /opt/airflow/dags/main.py
[2026-05-27T13:13:54.237+0000] {processor.py:840} INFO - DAG(s) 'produce_json', 'update_db' retrieved from /opt/airflow/dags/main.py
[2026-05-27T13:13:54.293+0000] {logging_mixin.py:188} INFO - [2026-05-27T13:13:54.292+0000] {dag.py:3096} INFO - Sync 2 DAGs
[2026-05-27T13:13:54.332+0000] {logging_mixin.py:188} INFO - [2026-05-27T13:13:54.331+0000] {dag.py:3954} INFO - Setting next_dagrun for produce_json to 2026-05-27 11:00:00+00:00, run_after=2026-05-28 11:00:00+00:00
[2026-05-27T13:13:54.346+0000] {logging_mixin.py:188} INFO - [2026-05-27T13:13:54.346+0000] {dag.py:3954} INFO - Setting next_dagrun for update_db to 2026-05-27 12:00:00+00:00, run_after=2026-05-28 12:00:00+00:00
[2026-05-27T13:13:54.415+0000] {processor.py:183} INFO - Processing /opt/airflow/dags/main.py took 0.515 seconds
[2026-05-27T13:14:24.871+0000] {processor.py:161} INFO - Started process (PID=1498) to work on /opt/airflow/dags/main.py
[2026-05-27T13:14:24.873+0000] {processor.py:830} INFO - Processing file /opt/airflow/dags/main.py for tasks to queue
[2026-05-27T13:14:24.878+0000] {logging_mixin.py:188} INFO - [2026-05-27T13:14:24.877+0000] {dagbag.py:545} INFO - Filling up the DagBag from /opt/airflow/dags/main.py
[2026-05-27T13:14:25.086+0000] {processor.py:840} INFO - DAG(s) 'update_db', 'produce_json' retrieved from /opt/airflow/dags/main.py
[2026-05-27T13:14:25.155+0000] {logging_mixin.py:188} INFO - [2026-05-27T13:14:25.154+0000] {dag.py:3096} INFO - Sync 2 DAGs
[2026-05-27T13:14:25.201+0000] {logging_mixin.py:188} INFO - [2026-05-27T13:14:25.200+0000] {dag.py:3954} INFO - Setting next_dagrun for produce_json to 2026-05-27 11:00:00+00:00, run_after=2026-05-28 11:00:00+00:00
[2026-05-27T13:14:25.220+0000] {logging_mixin.py:188} INFO - [2026-05-27T13:14:25.219+0000] {dag.py:3954} INFO - Setting next_dagrun for update_db to 2026-05-27 12:00:00+00:00, run_after=2026-05-28 12:00:00+00:00
[2026-05-27T13:14:25.274+0000] {processor.py:183} INFO - Processing /opt/airflow/dags/main.py took 0.413 seconds
[2026-05-27T13:14:55.586+0000] {processor.py:161} INFO - Started process (PID=1506) to work on /opt/airflow/dags/main.py
[2026-05-27T13:14:55.589+0000] {processor.py:830} INFO - Processing file /opt/airflow/dags/main.py for tasks to queue
[2026-05-27T13:14:55.593+0000] {logging_mixin.py:188} INFO - [2026-05-27T13:14:55.592+0000] {dagbag.py:545} INFO - Filling up the DagBag from /opt/airflow/dags/main.py
[2026-05-27T13:14:55.809+0000] {processor.py:840} INFO - DAG(s) 'update_db', 'produce_json' retrieved from /opt/airflow/dags/main.py
[2026-05-27T13:14:55.851+0000] {logging_mixin.py:188} INFO - [2026-05-27T13:14:55.850+0000] {dag.py:3096} INFO - Sync 2 DAGs
[2026-05-27T13:14:55.881+0000] {logging_mixin.py:188} INFO - [2026-05-27T13:14:55.880+0000] {dag.py:3954} INFO - Setting next_dagrun for produce_json to 2026-05-27 11:00:00+00:00, run_after=2026-05-28 11:00:00+00:00
[2026-05-27T13:14:55.894+0000] {logging_mixin.py:188} INFO - [2026-05-27T13:14:55.893+0000] {dag.py:3954} INFO - Setting next_dagrun for update_db to 2026-05-27 12:00:00+00:00, run_after=2026-05-28 12:00:00+00:00
[2026-05-27T13:14:55.938+0000] {processor.py:183} INFO - Processing /opt/airflow/dags/main.py took 0.371 seconds
[2026-05-27T13:15:26.422+0000] {processor.py:161} INFO - Started process (PID=1513) to work on /opt/airflow/dags/main.py
[2026-05-27T13:15:26.425+0000] {processor.py:830} INFO - Processing file /opt/airflow/dags/main.py for tasks to queue
[2026-05-27T13:15:26.429+0000] {logging_mixin.py:188} INFO - [2026-05-27T13:15:26.428+0000] {dagbag.py:545} INFO - Filling up the DagBag from /opt/airflow/dags/main.py
[2026-05-27T13:15:26.595+0000] {processor.py:840} INFO - DAG(s) 'produce_json', 'update_db' retrieved from /opt/airflow/dags/main.py
[2026-05-27T13:15:26.641+0000] {logging_mixin.py:188} INFO - [2026-05-27T13:15:26.641+0000] {dag.py:3096} INFO - Sync 2 DAGs
[2026-05-27T13:15:26.668+0000] {logging_mixin.py:188} INFO - [2026-05-27T13:15:26.668+0000] {dag.py:3954} INFO - Setting next_dagrun for produce_json to 2026-05-27 11:00:00+00:00, run_after=2026-05-28 11:00:00+00:00
[2026-05-27T13:15:26.675+0000] {logging_mixin.py:188} INFO - [2026-05-27T13:15:26.675+0000] {dag.py:3954} INFO - Setting next_dagrun for update_db to 2026-05-27 12:00:00+00:00, run_after=2026-05-28 12:00:00+00:00
[2026-05-27T13:15:26.761+0000] {processor.py:183} INFO - Processing /opt/airflow/dags/main.py took 0.353 seconds
[2026-05-27T13:15:57.145+0000] {processor.py:161} INFO - Started process (PID=1520) to work on /opt/airflow/dags/main.py
[2026-05-27T13:15:57.147+0000] {processor.py:830} INFO - Processing file /opt/airflow/dags/main.py for tasks to queue
[2026-05-27T13:15:57.150+0000] {logging_mixin.py:188} INFO - [2026-05-27T13:15:57.150+0000] {dagbag.py:545} INFO - Filling up the DagBag from /opt/airflow/dags/main.py
[2026-05-27T13:15:57.341+0000] {processor.py:840} INFO - DAG(s) 'produce_json', 'update_db' retrieved from /opt/airflow/dags/main.py
[2026-05-27T13:15:57.386+0000] {logging_mixin.py:188} INFO - [2026-05-27T13:15:57.386+0000] {dag.py:3096} INFO - Sync 2 DAGs
[2026-05-27T13:15:57.423+0000] {logging_mixin.py:188} INFO - [2026-05-27T13:15:57.422+0000] {dag.py:3954} INFO - Setting next_dagrun for produce_json to 2026-05-27 11:00:00+00:00, run_after=2026-05-28 11:00:00+00:00
[2026-05-27T13:15:57.431+0000] {logging_mixin.py:188} INFO - [2026-05-27T13:15:57.431+0000] {dag.py:3954} INFO - Setting next_dagrun for update_db to 2026-05-27 12:00:00+00:00, run_after=2026-05-28 12:00:00+00:00
[2026-05-27T13:15:57.455+0000] {processor.py:183} INFO - Processing /opt/airflow/dags/main.py took 0.321 seconds
[2026-05-27T13:16:27.590+0000] {processor.py:161} INFO - Started process (PID=1527) to work on /opt/airflow/dags/main.py
[2026-05-27T13:16:27.593+0000] {processor.py:830} INFO - Processing file /opt/airflow/dags/main.py for tasks to queue
[2026-05-27T13:16:27.596+0000] {logging_mixin.py:188} INFO - [2026-05-27T13:16:27.595+0000] {dagbag.py:545} INFO - Filling up the DagBag from /opt/airflow/dags/main.py
[2026-05-27T13:16:27.843+0000] {processor.py:840} INFO - DAG(s) 'produce_json', 'update_db' retrieved from /opt/airflow/dags/main.py
[2026-05-27T13:16:27.903+0000] {logging_mixin.py:188} INFO - [2026-05-27T13:16:27.902+0000] {dag.py:3096} INFO - Sync 2 DAGs
[2026-05-27T13:16:27.928+0000] {logging_mixin.py:188} INFO - [2026-05-27T13:16:27.928+0000] {dag.py:3954} INFO - Setting next_dagrun for produce_json to 2026-05-27 11:00:00+00:00, run_after=2026-05-28 11:00:00+00:00
[2026-05-27T13:16:27.935+0000] {logging_mixin.py:188} INFO - [2026-05-27T13:16:27.935+0000] {dag.py:3954} INFO - Setting next_dagrun for update_db to 2026-05-27 12:00:00+00:00, run_after=2026-05-28 12:00:00+00:00
[2026-05-27T13:16:27.957+0000] {processor.py:183} INFO - Processing /opt/airflow/dags/main.py took 0.383 seconds
[2026-05-27T13:16:58.289+0000] {processor.py:161} INFO - Started process (PID=1534) to work on /opt/airflow/dags/main.py
[2026-05-27T13:16:58.291+0000] {processor.py:830} INFO - Processing file /opt/airflow/dags/main.py for tasks to queue
[2026-05-27T13:16:58.296+0000] {logging_mixin.py:188} INFO - [2026-05-27T13:16:58.295+0000] {dagbag.py:545} INFO - Filling up the DagBag from /opt/airflow/dags/main.py
[2026-05-27T13:16:58.580+0000] {processor.py:840} INFO - DAG(s) 'update_db', 'produce_json' retrieved from /opt/airflow/dags/main.py
[2026-05-27T13:16:58.618+0000] {logging_mixin.py:188} INFO - [2026-05-27T13:16:58.618+0000] {dag.py:3096} INFO - Sync 2 DAGs
[2026-05-27T13:16:58.647+0000] {logging_mixin.py:188} INFO - [2026-05-27T13:16:58.647+0000] {dag.py:3954} INFO - Setting next_dagrun for produce_json to 2026-05-27 11:00:00+00:00, run_after=2026-05-28 11:00:00+00:00
[2026-05-27T13:16:58.656+0000] {logging_mixin.py:188} INFO - [2026-05-27T13:16:58.655+0000] {dag.py:3954} INFO - Setting next_dagrun for update_db to 2026-05-27 12:00:00+00:00, run_after=2026-05-28 12:00:00+00:00
[2026-05-27T13:16:58.683+0000] {processor.py:183} INFO - Processing /opt/airflow/dags/main.py took 0.418 seconds
[2026-05-27T13:17:29.114+0000] {processor.py:161} INFO - Started process (PID=1541) to work on /opt/airflow/dags/main.py
[2026-05-27T13:17:29.116+0000] {processor.py:830} INFO - Processing file /opt/airflow/dags/main.py for tasks to queue
[2026-05-27T13:17:29.120+0000] {logging_mixin.py:188} INFO - [2026-05-27T13:17:29.119+0000] {dagbag.py:545} INFO - Filling up the DagBag from /opt/airflow/dags/main.py
[2026-05-27T13:17:29.396+0000] {processor.py:840} INFO - DAG(s) 'update_db', 'produce_json' retrieved from /opt/airflow/dags/main.py
[2026-05-27T13:17:29.440+0000] {logging_mixin.py:188} INFO - [2026-05-27T13:17:29.440+0000] {dag.py:3096} INFO - Sync 2 DAGs
[2026-05-27T13:17:29.469+0000] {logging_mixin.py:188} INFO - [2026-05-27T13:17:29.469+0000] {dag.py:3954} INFO - Setting next_dagrun for produce_json to 2026-05-27 11:00:00+00:00, run_after=2026-05-28 11:00:00+00:00
[2026-05-27T13:17:29.476+0000] {logging_mixin.py:188} INFO - [2026-05-27T13:17:29.476+0000] {dag.py:3954} INFO - Setting next_dagrun for update_db to 2026-05-27 12:00:00+00:00, run_after=2026-05-28 12:00:00+00:00
[2026-05-27T13:17:29.501+0000] {processor.py:183} INFO - Processing /opt/airflow/dags/main.py took 0.402 seconds
[2026-05-27T13:17:59.990+0000] {processor.py:161} INFO - Started process (PID=1548) to work on /opt/airflow/dags/main.py
[2026-05-27T13:17:59.992+0000] {processor.py:830} INFO - Processing file /opt/airflow/dags/main.py for tasks to queue
[2026-05-27T13:17:59.995+0000] {logging_mixin.py:188} INFO - [2026-05-27T13:17:59.994+0000] {dagbag.py:545} INFO - Filling up the DagBag from /opt/airflow/dags/main.py
[2026-05-27T13:18:00.237+0000] {processor.py:840} INFO - DAG(s) 'update_db', 'produce_json' retrieved from /opt/airflow/dags/main.py
[2026-05-27T13:18:00.291+0000] {logging_mixin.py:188} INFO - [2026-05-27T13:18:00.291+0000] {dag.py:3096} INFO - Sync 2 DAGs
[2026-05-27T13:18:00.332+0000] {logging_mixin.py:188} INFO - [2026-05-27T13:18:00.332+0000] {dag.py:3954} INFO - Setting next_dagrun for produce_json to 2026-05-27 11:00:00+00:00, run_after=2026-05-28 11:00:00+00:00
[2026-05-27T13:18:00.339+0000] {logging_mixin.py:188} INFO - [2026-05-27T13:18:00.339+0000] {dag.py:3954} INFO - Setting next_dagrun for update_db to 2026-05-27 12:00:00+00:00, run_after=2026-05-28 12:00:00+00:00
[2026-05-27T13:18:00.364+0000] {processor.py:183} INFO - Processing /opt/airflow/dags/main.py took 0.386 seconds
[2026-05-27T13:18:30.782+0000] {processor.py:161} INFO - Started process (PID=1555) to work on /opt/airflow/dags/main.py
[2026-05-27T13:18:30.785+0000] {processor.py:830} INFO - Processing file /opt/airflow/dags/main.py for tasks to queue
[2026-05-27T13:18:30.789+0000] {logging_mixin.py:188} INFO - [2026-05-27T13:18:30.789+0000] {dagbag.py:545} INFO - Filling up the DagBag from /opt/airflow/dags/main.py
[2026-05-27T13:18:30.972+0000] {processor.py:840} INFO - DAG(s) 'produce_json', 'update_db' retrieved from /opt/airflow/dags/main.py
[2026-05-27T13:18:31.022+0000] {logging_mixin.py:188} INFO - [2026-05-27T13:18:31.022+0000] {dag.py:3096} INFO - Sync 2 DAGs
[2026-05-27T13:18:31.053+0000] {logging_mixin.py:188} INFO - [2026-05-27T13:18:31.053+0000] {dag.py:3954} INFO - Setting next_dagrun for produce_json to 2026-05-27 11:00:00+00:00, run_after=2026-05-28 11:00:00+00:00
[2026-05-27T13:18:31.062+0000] {logging_mixin.py:188} INFO - [2026-05-27T13:18:31.062+0000] {dag.py:3954} INFO - Setting next_dagrun for update_db to 2026-05-27 12:00:00+00:00, run_after=2026-05-28 12:00:00+00:00
[2026-05-27T13:18:31.120+0000] {processor.py:183} INFO - Processing /opt/airflow/dags/main.py took 0.354 seconds
[2026-05-27T13:19:01.621+0000] {processor.py:161} INFO - Started process (PID=1562) to work on /opt/airflow/dags/main.py
[2026-05-27T13:19:01.624+0000] {processor.py:830} INFO - Processing file /opt/airflow/dags/main.py for tasks to queue
[2026-05-27T13:19:01.628+0000] {logging_mixin.py:188} INFO - [2026-05-27T13:19:01.628+0000] {dagbag.py:545} INFO - Filling up the DagBag from /opt/airflow/dags/main.py
[2026-05-27T13:19:01.854+0000] {processor.py:840} INFO - DAG(s) 'update_db', 'produce_json' retrieved from /opt/airflow/dags/main.py
[2026-05-27T13:19:01.909+0000] {logging_mixin.py:188} INFO - [2026-05-27T13:19:01.909+0000] {dag.py:3096} INFO - Sync 2 DAGs
[2026-05-27T13:19:01.946+0000] {logging_mixin.py:188} INFO - [2026-05-27T13:19:01.945+0000] {dag.py:3954} INFO - Setting next_dagrun for produce_json to 2026-05-27 11:00:00+00:00, run_after=2026-05-28 11:00:00+00:00
[2026-05-27T13:19:01.954+0000] {logging_mixin.py:188} INFO - [2026-05-27T13:19:01.954+0000] {dag.py:3954} INFO - Setting next_dagrun for update_db to 2026-05-27 12:00:00+00:00, run_after=2026-05-28 12:00:00+00:00
[2026-05-27T13:19:02.026+0000] {processor.py:183} INFO - Processing /opt/airflow/dags/main.py took 0.425 seconds
[2026-05-27T13:19:32.531+0000] {processor.py:161} INFO - Started process (PID=1569) to work on /opt/airflow/dags/main.py
[2026-05-27T13:19:32.533+0000] {processor.py:830} INFO - Processing file /opt/airflow/dags/main.py for tasks to queue
[2026-05-27T13:19:32.536+0000] {logging_mixin.py:188} INFO - [2026-05-27T13:19:32.536+0000] {dagbag.py:545} INFO - Filling up the DagBag from /opt/airflow/dags/main.py
[2026-05-27T13:19:32.756+0000] {processor.py:840} INFO - DAG(s) 'update_db', 'produce_json' retrieved from /opt/airflow/dags/main.py
[2026-05-27T13:19:32.818+0000] {logging_mixin.py:188} INFO - [2026-05-27T13:19:32.818+0000] {dag.py:3096} INFO - Sync 2 DAGs
[2026-05-27T13:19:32.865+0000] {logging_mixin.py:188} INFO - [2026-05-27T13:19:32.864+0000] {dag.py:3954} INFO - Setting next_dagrun for produce_json to 2026-05-27 11:00:00+00:00, run_after=2026-05-28 11:00:00+00:00
[2026-05-27T13:19:32.872+0000] {logging_mixin.py:188} INFO - [2026-05-27T13:19:32.872+0000] {dag.py:3954} INFO - Setting next_dagrun for update_db to 2026-05-27 12:00:00+00:00, run_after=2026-05-28 12:00:00+00:00
[2026-05-27T13:19:32.895+0000] {processor.py:183} INFO - Processing /opt/airflow/dags/main.py took 0.379 seconds
[2026-05-27T13:20:03.412+0000] {processor.py:161} INFO - Started process (PID=1576) to work on /opt/airflow/dags/main.py
[2026-05-27T13:20:03.415+0000] {processor.py:830} INFO - Processing file /opt/airflow/dags/main.py for tasks to queue
[2026-05-27T13:20:03.419+0000] {logging_mixin.py:188} INFO - [2026-05-27T13:20:03.419+0000] {dagbag.py:545} INFO - Filling up the DagBag from /opt/airflow/dags/main.py
[2026-05-27T13:20:03.741+0000] {processor.py:840} INFO - DAG(s) 'produce_json', 'update_db' retrieved from /opt/airflow/dags/main.py
[2026-05-27T13:20:03.808+0000] {logging_mixin.py:188} INFO - [2026-05-27T13:20:03.808+0000] {dag.py:3096} INFO - Sync 2 DAGs
[2026-05-27T13:20:03.832+0000] {logging_mixin.py:188} INFO - [2026-05-27T13:20:03.832+0000] {dag.py:3954} INFO - Setting next_dagrun for produce_json to 2026-05-27 11:00:00+00:00, run_after=2026-05-28 11:00:00+00:00
[2026-05-27T13:20:03.839+0000] {logging_mixin.py:188} INFO - [2026-05-27T13:20:03.839+0000] {dag.py:3954} INFO - Setting next_dagrun for update_db to 2026-05-27 12:00:00+00:00, run_after=2026-05-28 12:00:00+00:00
[2026-05-27T13:20:03.860+0000] {processor.py:183} INFO - Processing /opt/airflow/dags/main.py took 0.465 seconds
[2026-05-27T13:20:34.305+0000] {processor.py:161} INFO - Started process (PID=1583) to work on /opt/airflow/dags/main.py
[2026-05-27T13:20:34.307+0000] {processor.py:830} INFO - Processing file /opt/airflow/dags/main.py for tasks to queue
[2026-05-27T13:20:34.311+0000] {logging_mixin.py:188} INFO - [2026-05-27T13:20:34.310+0000] {dagbag.py:545} INFO - Filling up the DagBag from /opt/airflow/dags/main.py
[2026-05-27T13:20:34.564+0000] {processor.py:840} INFO - DAG(s) 'update_db', 'produce_json' retrieved from /opt/airflow/dags/main.py
[2026-05-27T13:20:34.610+0000] {logging_mixin.py:188} INFO - [2026-05-27T13:20:34.610+0000] {dag.py:3096} INFO - Sync 2 DAGs
[2026-05-27T13:20:34.664+0000] {logging_mixin.py:188} INFO - [2026-05-27T13:20:34.663+0000] {dag.py:3954} INFO - Setting next_dagrun for produce_json to 2026-05-27 11:00:00+00:00, run_after=2026-05-28 11:00:00+00:00
[2026-05-27T13:20:34.677+0000] {logging_mixin.py:188} INFO - [2026-05-27T13:20:34.677+0000] {dag.py:3954} INFO - Setting next_dagrun for update_db to 2026-05-27 12:00:00+00:00, run_after=2026-05-28 12:00:00+00:00
[2026-05-27T13:20:34.724+0000] {processor.py:183} INFO - Processing /opt/airflow/dags/main.py took 0.429 seconds
[2026-05-27T13:21:05.624+0000] {processor.py:161} INFO - Started process (PID=1590) to work on /opt/airflow/dags/main.py
[2026-05-27T13:21:05.627+0000] {processor.py:830} INFO - Processing file /opt/airflow/dags/main.py for tasks to queue
[2026-05-27T13:21:05.633+0000] {logging_mixin.py:188} INFO - [2026-05-27T13:21:05.632+0000] {dagbag.py:545} INFO - Filling up the DagBag from /opt/airflow/dags/main.py
[2026-05-27T13:21:05.942+0000] {processor.py:840} INFO - DAG(s) 'produce_json', 'update_db' retrieved from /opt/airflow/dags/main.py
[2026-05-27T13:21:05.993+0000] {logging_mixin.py:188} INFO - [2026-05-27T13:21:05.992+0000] {dag.py:3096} INFO - Sync 2 DAGs
[2026-05-27T13:21:06.039+0000] {logging_mixin.py:188} INFO - [2026-05-27T13:21:06.039+0000] {dag.py:3954} INFO - Setting next_dagrun for produce_json to 2026-05-27 11:00:00+00:00, run_after=2026-05-28 11:00:00+00:00
[2026-05-27T13:21:06.052+0000] {logging_mixin.py:188} INFO - [2026-05-27T13:21:06.052+0000] {dag.py:3954} INFO - Setting next_dagrun for update_db to 2026-05-27 12:00:00+00:00, run_after=2026-05-28 12:00:00+00:00
[2026-05-27T13:21:06.146+0000] {processor.py:183} INFO - Processing /opt/airflow/dags/main.py took 0.537 seconds
[2026-05-27T13:21:36.644+0000] {processor.py:161} INFO - Started process (PID=1597) to work on /opt/airflow/dags/main.py
[2026-05-27T13:21:36.646+0000] {processor.py:830} INFO - Processing file /opt/airflow/dags/main.py for tasks to queue
[2026-05-27T13:21:36.650+0000] {logging_mixin.py:188} INFO - [2026-05-27T13:21:36.650+0000] {dagbag.py:545} INFO - Filling up the DagBag from /opt/airflow/dags/main.py
[2026-05-27T13:21:36.905+0000] {processor.py:840} INFO - DAG(s) 'update_db', 'produce_json' retrieved from /opt/airflow/dags/main.py
[2026-05-27T13:21:36.955+0000] {logging_mixin.py:188} INFO - [2026-05-27T13:21:36.955+0000] {dag.py:3096} INFO - Sync 2 DAGs
[2026-05-27T13:21:37.009+0000] {logging_mixin.py:188} INFO - [2026-05-27T13:21:37.008+0000] {dag.py:3954} INFO - Setting next_dagrun for produce_json to 2026-05-27 11:00:00+00:00, run_after=2026-05-28 11:00:00+00:00
[2026-05-27T13:21:37.022+0000] {logging_mixin.py:188} INFO - [2026-05-27T13:21:37.022+0000] {dag.py:3954} INFO - Setting next_dagrun for update_db to 2026-05-27 12:00:00+00:00, run_after=2026-05-28 12:00:00+00:00
[2026-05-27T13:21:37.066+0000] {processor.py:183} INFO - Processing /opt/airflow/dags/main.py took 0.446 seconds
[2026-05-27T13:22:07.385+0000] {processor.py:161} INFO - Started process (PID=1604) to work on /opt/airflow/dags/main.py
[2026-05-27T13:22:07.388+0000] {processor.py:830} INFO - Processing file /opt/airflow/dags/main.py for tasks to queue
[2026-05-27T13:22:07.392+0000] {logging_mixin.py:188} INFO - [2026-05-27T13:22:07.392+0000] {dagbag.py:545} INFO - Filling up the DagBag from /opt/airflow/dags/main.py
[2026-05-27T13:22:07.723+0000] {processor.py:840} INFO - DAG(s) 'produce_json', 'update_db' retrieved from /opt/airflow/dags/main.py
[2026-05-27T13:22:07.788+0000] {logging_mixin.py:188} INFO - [2026-05-27T13:22:07.787+0000] {dag.py:3096} INFO - Sync 2 DAGs
[2026-05-27T13:22:07.824+0000] {logging_mixin.py:188} INFO - [2026-05-27T13:22:07.824+0000] {dag.py:3954} INFO - Setting next_dagrun for produce_json to 2026-05-27 11:00:00+00:00, run_after=2026-05-28 11:00:00+00:00
[2026-05-27T13:22:07.837+0000] {logging_mixin.py:188} INFO - [2026-05-27T13:22:07.836+0000] {dag.py:3954} INFO - Setting next_dagrun for update_db to 2026-05-27 12:00:00+00:00, run_after=2026-05-28 12:00:00+00:00
[2026-05-27T13:22:07.932+0000] {processor.py:183} INFO - Processing /opt/airflow/dags/main.py took 0.568 seconds
[2026-05-27T13:22:38.440+0000] {processor.py:161} INFO - Started process (PID=1611) to work on /opt/airflow/dags/main.py
[2026-05-27T13:22:38.442+0000] {processor.py:830} INFO - Processing file /opt/airflow/dags/main.py for tasks to queue
[2026-05-27T13:22:38.447+0000] {logging_mixin.py:188} INFO - [2026-05-27T13:22:38.446+0000] {dagbag.py:545} INFO - Filling up the DagBag from /opt/airflow/dags/main.py
[2026-05-27T13:22:38.665+0000] {processor.py:840} INFO - DAG(s) 'update_db', 'produce_json' retrieved from /opt/airflow/dags/main.py
[2026-05-27T13:22:38.714+0000] {logging_mixin.py:188} INFO - [2026-05-27T13:22:38.713+0000] {dag.py:3096} INFO - Sync 2 DAGs
[2026-05-27T13:22:38.744+0000] {logging_mixin.py:188} INFO - [2026-05-27T13:22:38.744+0000] {dag.py:3954} INFO - Setting next_dagrun for produce_json to 2026-05-27 11:00:00+00:00, run_after=2026-05-28 11:00:00+00:00
[2026-05-27T13:22:38.751+0000] {logging_mixin.py:188} INFO - [2026-05-27T13:22:38.751+0000] {dag.py:3954} INFO - Setting next_dagrun for update_db to 2026-05-27 12:00:00+00:00, run_after=2026-05-28 12:00:00+00:00
[2026-05-27T13:22:38.839+0000] {processor.py:183} INFO - Processing /opt/airflow/dags/main.py took 0.421 seconds
[2026-05-27T13:23:09.262+0000] {processor.py:161} INFO - Started process (PID=1618) to work on /opt/airflow/dags/main.py
[2026-05-27T13:23:09.264+0000] {processor.py:830} INFO - Processing file /opt/airflow/dags/main.py for tasks to queue
[2026-05-27T13:23:09.269+0000] {logging_mixin.py:188} INFO - [2026-05-27T13:23:09.268+0000] {dagbag.py:545} INFO - Filling up the DagBag from /opt/airflow/dags/main.py
[2026-05-27T13:23:09.572+0000] {processor.py:840} INFO - DAG(s) 'update_db', 'produce_json' retrieved from /opt/airflow/dags/main.py
[2026-05-27T13:23:09.642+0000] {logging_mixin.py:188} INFO - [2026-05-27T13:23:09.641+0000] {dag.py:3096} INFO - Sync 2 DAGs
[2026-05-27T13:23:09.697+0000] {logging_mixin.py:188} INFO - [2026-05-27T13:23:09.696+0000] {dag.py:3954} INFO - Setting next_dagrun for produce_json to 2026-05-27 11:00:00+00:00, run_after=2026-05-28 11:00:00+00:00
[2026-05-27T13:23:09.711+0000] {logging_mixin.py:188} INFO - [2026-05-27T13:23:09.710+0000] {dag.py:3954} INFO - Setting next_dagrun for update_db to 2026-05-27 12:00:00+00:00, run_after=2026-05-28 12:00:00+00:00
[2026-05-27T13:23:09.797+0000] {processor.py:183} INFO - Processing /opt/airflow/dags/main.py took 0.555 seconds
[2026-05-27T13:23:40.328+0000] {processor.py:161} INFO - Started process (PID=1625) to work on /opt/airflow/dags/main.py
[2026-05-27T13:23:40.330+0000] {processor.py:830} INFO - Processing file /opt/airflow/dags/main.py for tasks to queue
[2026-05-27T13:23:40.334+0000] {logging_mixin.py:188} INFO - [2026-05-27T13:23:40.333+0000] {dagbag.py:545} INFO - Filling up the DagBag from /opt/airflow/dags/main.py
[2026-05-27T13:23:40.527+0000] {processor.py:840} INFO - DAG(s) 'produce_json', 'update_db' retrieved from /opt/airflow/dags/main.py
[2026-05-27T13:23:40.568+0000] {logging_mixin.py:188} INFO - [2026-05-27T13:23:40.568+0000] {dag.py:3096} INFO - Sync 2 DAGs
[2026-05-27T13:23:40.594+0000] {logging_mixin.py:188} INFO - [2026-05-27T13:23:40.593+0000] {dag.py:3954} INFO - Setting next_dagrun for produce_json to 2026-05-27 11:00:00+00:00, run_after=2026-05-28 11:00:00+00:00
[2026-05-27T13:23:40.602+0000] {logging_mixin.py:188} INFO - [2026-05-27T13:23:40.602+0000] {dag.py:3954} INFO - Setting next_dagrun for update_db to 2026-05-27 12:00:00+00:00, run_after=2026-05-28 12:00:00+00:00
[2026-05-27T13:23:40.676+0000] {processor.py:183} INFO - Processing /opt/airflow/dags/main.py took 0.371 seconds
[2026-05-27T13:24:11.135+0000] {processor.py:161} INFO - Started process (PID=1632) to work on /opt/airflow/dags/main.py
[2026-05-27T13:24:11.137+0000] {processor.py:830} INFO - Processing file /opt/airflow/dags/main.py for tasks to queue
[2026-05-27T13:24:11.140+0000] {logging_mixin.py:188} INFO - [2026-05-27T13:24:11.140+0000] {dagbag.py:545} INFO - Filling up the DagBag from /opt/airflow/dags/main.py
[2026-05-27T13:24:11.375+0000] {processor.py:840} INFO - DAG(s) 'update_db', 'produce_json' retrieved from /opt/airflow/dags/main.py
[2026-05-27T13:24:11.412+0000] {logging_mixin.py:188} INFO - [2026-05-27T13:24:11.412+0000] {dag.py:3096} INFO - Sync 2 DAGs
[2026-05-27T13:24:11.445+0000] {logging_mixin.py:188} INFO - [2026-05-27T13:24:11.445+0000] {dag.py:3954} INFO - Setting next_dagrun for produce_json to 2026-05-27 11:00:00+00:00, run_after=2026-05-28 11:00:00+00:00
[2026-05-27T13:24:11.457+0000] {logging_mixin.py:188} INFO - [2026-05-27T13:24:11.457+0000] {dag.py:3954} INFO - Setting next_dagrun for update_db to 2026-05-27 12:00:00+00:00, run_after=2026-05-28 12:00:00+00:00
[2026-05-27T13:24:11.500+0000] {processor.py:183} INFO - Processing /opt/airflow/dags/main.py took 0.373 seconds
[2026-05-27T13:24:41.961+0000] {processor.py:161} INFO - Started process (PID=1639) to work on /opt/airflow/dags/main.py
[2026-05-27T13:24:41.963+0000] {processor.py:830} INFO - Processing file /opt/airflow/dags/main.py for tasks to queue
[2026-05-27T13:24:41.968+0000] {logging_mixin.py:188} INFO - [2026-05-27T13:24:41.967+0000] {dagbag.py:545} INFO - Filling up the DagBag from /opt/airflow/dags/main.py
[2026-05-27T13:24:42.147+0000] {processor.py:840} INFO - DAG(s) 'produce_json', 'update_db' retrieved from /opt/airflow/dags/main.py
[2026-05-27T13:24:42.198+0000] {logging_mixin.py:188} INFO - [2026-05-27T13:24:42.198+0000] {dag.py:3096} INFO - Sync 2 DAGs
[2026-05-27T13:24:42.236+0000] {logging_mixin.py:188} INFO - [2026-05-27T13:24:42.235+0000] {dag.py:3954} INFO - Setting next_dagrun for produce_json to 2026-05-27 11:00:00+00:00, run_after=2026-05-28 11:00:00+00:00
[2026-05-27T13:24:42.243+0000] {logging_mixin.py:188} INFO - [2026-05-27T13:24:42.243+0000] {dag.py:3954} INFO - Setting next_dagrun for update_db to 2026-05-27 12:00:00+00:00, run_after=2026-05-28 12:00:00+00:00
[2026-05-27T13:24:42.327+0000] {processor.py:183} INFO - Processing /opt/airflow/dags/main.py took 0.381 seconds
[2026-05-27T13:25:12.795+0000] {processor.py:161} INFO - Started process (PID=1653) to work on /opt/airflow/dags/main.py
[2026-05-27T13:25:12.798+0000] {processor.py:830} INFO - Processing file /opt/airflow/dags/main.py for tasks to queue
[2026-05-27T13:25:12.806+0000] {logging_mixin.py:188} INFO - [2026-05-27T13:25:12.805+0000] {dagbag.py:545} INFO - Filling up the DagBag from /opt/airflow/dags/main.py
[2026-05-27T13:25:13.078+0000] {processor.py:840} INFO - DAG(s) 'update_db', 'produce_json' retrieved from /opt/airflow/dags/main.py
[2026-05-27T13:25:13.143+0000] {logging_mixin.py:188} INFO - [2026-05-27T13:25:13.143+0000] {dag.py:3096} INFO - Sync 2 DAGs
[2026-05-27T13:25:13.185+0000] {logging_mixin.py:188} INFO - [2026-05-27T13:25:13.184+0000] {dag.py:3954} INFO - Setting next_dagrun for produce_json to 2026-05-27 11:00:00+00:00, run_after=2026-05-28 11:00:00+00:00
[2026-05-27T13:25:13.195+0000] {logging_mixin.py:188} INFO - [2026-05-27T13:25:13.195+0000] {dag.py:3954} INFO - Setting next_dagrun for update_db to 2026-05-27 12:00:00+00:00, run_after=2026-05-28 12:00:00+00:00
[2026-05-27T13:25:13.271+0000] {processor.py:183} INFO - Processing /opt/airflow/dags/main.py took 0.500 seconds
[2026-05-27T13:25:43.709+0000] {processor.py:161} INFO - Started process (PID=1660) to work on /opt/airflow/dags/main.py
[2026-05-27T13:25:43.711+0000] {processor.py:830} INFO - Processing file /opt/airflow/dags/main.py for tasks to queue
[2026-05-27T13:25:43.716+0000] {logging_mixin.py:188} INFO - [2026-05-27T13:25:43.715+0000] {dagbag.py:545} INFO - Filling up the DagBag from /opt/airflow/dags/main.py
[2026-05-27T13:25:44.033+0000] {processor.py:840} INFO - DAG(s) 'update_db', 'produce_json' retrieved from /opt/airflow/dags/main.py
[2026-05-27T13:25:44.100+0000] {logging_mixin.py:188} INFO - [2026-05-27T13:25:44.099+0000] {dag.py:3096} INFO - Sync 2 DAGs
[2026-05-27T13:25:44.133+0000] {logging_mixin.py:188} INFO - [2026-05-27T13:25:44.133+0000] {dag.py:3954} INFO - Setting next_dagrun for produce_json to 2026-05-27 11:00:00+00:00, run_after=2026-05-28 11:00:00+00:00
[2026-05-27T13:25:44.141+0000] {logging_mixin.py:188} INFO - [2026-05-27T13:25:44.141+0000] {dag.py:3954} INFO - Setting next_dagrun for update_db to 2026-05-27 12:00:00+00:00, run_after=2026-05-28 12:00:00+00:00
[2026-05-27T13:25:44.209+0000] {processor.py:183} INFO - Processing /opt/airflow/dags/main.py took 0.514 seconds
[2026-05-27T13:26:14.935+0000] {processor.py:161} INFO - Started process (PID=1667) to work on /opt/airflow/dags/main.py
[2026-05-27T13:26:14.936+0000] {processor.py:830} INFO - Processing file /opt/airflow/dags/main.py for tasks to queue
[2026-05-27T13:26:14.940+0000] {logging_mixin.py:188} INFO - [2026-05-27T13:26:14.939+0000] {dagbag.py:545} INFO - Filling up the DagBag from /opt/airflow/dags/main.py
[2026-05-27T13:26:15.222+0000] {processor.py:840} INFO - DAG(s) 'update_db', 'produce_json' retrieved from /opt/airflow/dags/main.py
[2026-05-27T13:26:15.276+0000] {logging_mixin.py:188} INFO - [2026-05-27T13:26:15.276+0000] {dag.py:3096} INFO - Sync 2 DAGs
[2026-05-27T13:26:15.304+0000] {logging_mixin.py:188} INFO - [2026-05-27T13:26:15.304+0000] {dag.py:3954} INFO - Setting next_dagrun for produce_json to 2026-05-27 11:00:00+00:00, run_after=2026-05-28 11:00:00+00:00
[2026-05-27T13:26:15.312+0000] {logging_mixin.py:188} INFO - [2026-05-27T13:26:15.312+0000] {dag.py:3954} INFO - Setting next_dagrun for update_db to 2026-05-27 12:00:00+00:00, run_after=2026-05-28 12:00:00+00:00
[2026-05-27T13:26:15.387+0000] {processor.py:183} INFO - Processing /opt/airflow/dags/main.py took 0.461 seconds
[2026-05-27T13:26:45.807+0000] {processor.py:161} INFO - Started process (PID=1674) to work on /opt/airflow/dags/main.py
[2026-05-27T13:26:45.808+0000] {processor.py:830} INFO - Processing file /opt/airflow/dags/main.py for tasks to queue
[2026-05-27T13:26:45.810+0000] {logging_mixin.py:188} INFO - [2026-05-27T13:26:45.810+0000] {dagbag.py:545} INFO - Filling up the DagBag from /opt/airflow/dags/main.py
[2026-05-27T13:26:46.006+0000] {processor.py:840} INFO - DAG(s) 'produce_json', 'update_db' retrieved from /opt/airflow/dags/main.py
[2026-05-27T13:26:46.060+0000] {logging_mixin.py:188} INFO - [2026-05-27T13:26:46.060+0000] {dag.py:3096} INFO - Sync 2 DAGs
[2026-05-27T13:26:46.108+0000] {logging_mixin.py:188} INFO - [2026-05-27T13:26:46.108+0000] {dag.py:3954} INFO - Setting next_dagrun for produce_json to 2026-05-27 11:00:00+00:00, run_after=2026-05-28 11:00:00+00:00
[2026-05-27T13:26:46.115+0000] {logging_mixin.py:188} INFO - [2026-05-27T13:26:46.115+0000] {dag.py:3954} INFO - Setting next_dagrun for update_db to 2026-05-27 12:00:00+00:00, run_after=2026-05-28 12:00:00+00:00
[2026-05-27T13:26:46.139+0000] {processor.py:183} INFO - Processing /opt/airflow/dags/main.py took 0.341 seconds
[2026-05-27T13:27:16.589+0000] {processor.py:161} INFO - Started process (PID=1681) to work on /opt/airflow/dags/main.py
[2026-05-27T13:27:16.592+0000] {processor.py:830} INFO - Processing file /opt/airflow/dags/main.py for tasks to queue
[2026-05-27T13:27:16.596+0000] {logging_mixin.py:188} INFO - [2026-05-27T13:27:16.596+0000] {dagbag.py:545} INFO - Filling up the DagBag from /opt/airflow/dags/main.py
[2026-05-27T13:27:16.819+0000] {processor.py:840} INFO - DAG(s) 'produce_json', 'update_db' retrieved from /opt/airflow/dags/main.py
[2026-05-27T13:27:16.867+0000] {logging_mixin.py:188} INFO - [2026-05-27T13:27:16.867+0000] {dag.py:3096} INFO - Sync 2 DAGs
[2026-05-27T13:27:16.899+0000] {logging_mixin.py:188} INFO - [2026-05-27T13:27:16.899+0000] {dag.py:3954} INFO - Setting next_dagrun for produce_json to 2026-05-27 11:00:00+00:00, run_after=2026-05-28 11:00:00+00:00
[2026-05-27T13:27:16.907+0000] {logging_mixin.py:188} INFO - [2026-05-27T13:27:16.907+0000] {dag.py:3954} INFO - Setting next_dagrun for update_db to 2026-05-27 12:00:00+00:00, run_after=2026-05-28 12:00:00+00:00
[2026-05-27T13:27:16.997+0000] {processor.py:183} INFO - Processing /opt/airflow/dags/main.py took 0.426 seconds
[2026-05-27T13:27:47.425+0000] {processor.py:161} INFO - Started process (PID=1688) to work on /opt/airflow/dags/main.py
[2026-05-27T13:27:47.427+0000] {processor.py:830} INFO - Processing file /opt/airflow/dags/main.py for tasks to queue
[2026-05-27T13:27:47.430+0000] {logging_mixin.py:188} INFO - [2026-05-27T13:27:47.430+0000] {dagbag.py:545} INFO - Filling up the DagBag from /opt/airflow/dags/main.py
[2026-05-27T13:27:47.590+0000] {processor.py:840} INFO - DAG(s) 'produce_json', 'update_db' retrieved from /opt/airflow/dags/main.py
[2026-05-27T13:27:47.633+0000] {logging_mixin.py:188} INFO - [2026-05-27T13:27:47.632+0000] {dag.py:3096} INFO - Sync 2 DAGs
[2026-05-27T13:27:47.664+0000] {logging_mixin.py:188} INFO - [2026-05-27T13:27:47.663+0000] {dag.py:3954} INFO - Setting next_dagrun for produce_json to 2026-05-27 11:00:00+00:00, run_after=2026-05-28 11:00:00+00:00
[2026-05-27T13:27:47.671+0000] {logging_mixin.py:188} INFO - [2026-05-27T13:27:47.671+0000] {dag.py:3954} INFO - Setting next_dagrun for update_db to 2026-05-27 12:00:00+00:00, run_after=2026-05-28 12:00:00+00:00
[2026-05-27T13:27:47.696+0000] {processor.py:183} INFO - Processing /opt/airflow/dags/main.py took 0.281 seconds
[2026-05-27T13:28:17.812+0000] {processor.py:161} INFO - Started process (PID=1695) to work on /opt/airflow/dags/main.py
[2026-05-27T13:28:17.814+0000] {processor.py:830} INFO - Processing file /opt/airflow/dags/main.py for tasks to queue
[2026-05-27T13:28:17.817+0000] {logging_mixin.py:188} INFO - [2026-05-27T13:28:17.817+0000] {dagbag.py:545} INFO - Filling up the DagBag from /opt/airflow/dags/main.py
[2026-05-27T13:28:18.031+0000] {processor.py:840} INFO - DAG(s) 'update_db', 'produce_json' retrieved from /opt/airflow/dags/main.py
[2026-05-27T13:28:18.074+0000] {logging_mixin.py:188} INFO - [2026-05-27T13:28:18.074+0000] {dag.py:3096} INFO - Sync 2 DAGs
[2026-05-27T13:28:18.118+0000] {logging_mixin.py:188} INFO - [2026-05-27T13:28:18.117+0000] {dag.py:3954} INFO - Setting next_dagrun for produce_json to 2026-05-27 11:00:00+00:00, run_after=2026-05-28 11:00:00+00:00
[2026-05-27T13:28:18.131+0000] {logging_mixin.py:188} INFO - [2026-05-27T13:28:18.131+0000] {dag.py:3954} INFO - Setting next_dagrun for update_db to 2026-05-27 12:00:00+00:00, run_after=2026-05-28 12:00:00+00:00
[2026-05-27T13:28:18.165+0000] {processor.py:183} INFO - Processing /opt/airflow/dags/main.py took 0.368 seconds
[2026-05-27T13:28:48.443+0000] {processor.py:161} INFO - Started process (PID=1702) to work on /opt/airflow/dags/main.py
[2026-05-27T13:28:48.445+0000] {processor.py:830} INFO - Processing file /opt/airflow/dags/main.py for tasks to queue
[2026-05-27T13:28:48.448+0000] {logging_mixin.py:188} INFO - [2026-05-27T13:28:48.447+0000] {dagbag.py:545} INFO - Filling up the DagBag from /opt/airflow/dags/main.py
[2026-05-27T13:28:48.651+0000] {processor.py:840} INFO - DAG(s) 'produce_json', 'update_db' retrieved from /opt/airflow/dags/main.py
[2026-05-27T13:28:48.691+0000] {logging_mixin.py:188} INFO - [2026-05-27T13:28:48.691+0000] {dag.py:3096} INFO - Sync 2 DAGs
[2026-05-27T13:28:48.719+0000] {logging_mixin.py:188} INFO - [2026-05-27T13:28:48.719+0000] {dag.py:3954} INFO - Setting next_dagrun for produce_json to 2026-05-27 11:00:00+00:00, run_after=2026-05-28 11:00:00+00:00
[2026-05-27T13:28:48.726+0000] {logging_mixin.py:188} INFO - [2026-05-27T13:28:48.726+0000] {dag.py:3954} INFO - Setting next_dagrun for update_db to 2026-05-27 12:00:00+00:00, run_after=2026-05-28 12:00:00+00:00
[2026-05-27T13:28:48.798+0000] {processor.py:183} INFO - Processing /opt/airflow/dags/main.py took 0.368 seconds
[2026-05-27T13:29:12.933+0000] {processor.py:161} INFO - Started process (PID=1703) to work on /opt/airflow/dags/main.py
[2026-05-27T13:29:12.936+0000] {processor.py:830} INFO - Processing file /opt/airflow/dags/main.py for tasks to queue
[2026-05-27T13:29:12.941+0000] {logging_mixin.py:188} INFO - [2026-05-27T13:29:12.940+0000] {dagbag.py:545} INFO - Filling up the DagBag from /opt/airflow/dags/main.py
[2026-05-27T13:29:13.283+0000] {logging_mixin.py:188} INFO - [2026-05-27T13:29:13.266+0000] {dagbag.py:355} ERROR - Failed to import: /opt/airflow/dags/main.py
Traceback (most recent call last):
  File "/home/airflow/.local/lib/python3.10/site-packages/airflow/models/dagbag.py", line 351, in parse
    loader.exec_module(new_module)
  File "<frozen importlib._bootstrap_external>", line 883, in exec_module
  File "<frozen importlib._bootstrap>", line 241, in _call_with_frames_removed
  File "/opt/airflow/dags/main.py", line 67, in <module>
    soda_validate_staging = yt_etl_data_quality(staging_schema)
NameError: name 'yt_etl_data_quality' is not defined
[2026-05-27T13:29:13.296+0000] {processor.py:842} WARNING - No viable dags retrieved from /opt/airflow/dags/main.py
[2026-05-27T13:29:13.363+0000] {processor.py:183} INFO - Processing /opt/airflow/dags/main.py took 0.447 seconds
[2026-05-27T13:29:43.535+0000] {processor.py:161} INFO - Started process (PID=1710) to work on /opt/airflow/dags/main.py
[2026-05-27T13:29:43.538+0000] {processor.py:830} INFO - Processing file /opt/airflow/dags/main.py for tasks to queue
[2026-05-27T13:29:43.544+0000] {logging_mixin.py:188} INFO - [2026-05-27T13:29:43.543+0000] {dagbag.py:545} INFO - Filling up the DagBag from /opt/airflow/dags/main.py
[2026-05-27T13:29:43.811+0000] {logging_mixin.py:188} INFO - [2026-05-27T13:29:43.806+0000] {dagbag.py:355} ERROR - Failed to import: /opt/airflow/dags/main.py
Traceback (most recent call last):
  File "/home/airflow/.local/lib/python3.10/site-packages/airflow/models/dagbag.py", line 351, in parse
    loader.exec_module(new_module)
  File "<frozen importlib._bootstrap_external>", line 883, in exec_module
  File "<frozen importlib._bootstrap>", line 241, in _call_with_frames_removed
  File "/opt/airflow/dags/main.py", line 7, in <module>
    from dataquality.soda import yt_etl_data_quality
ImportError: cannot import name 'yt_etl_data_quality' from 'dataquality.soda' (/opt/airflow/dags/dataquality/soda.py)
[2026-05-27T13:29:43.812+0000] {processor.py:842} WARNING - No viable dags retrieved from /opt/airflow/dags/main.py
[2026-05-27T13:29:43.837+0000] {processor.py:183} INFO - Processing /opt/airflow/dags/main.py took 0.332 seconds
[2026-05-27T13:30:14.183+0000] {processor.py:161} INFO - Started process (PID=1723) to work on /opt/airflow/dags/main.py
[2026-05-27T13:30:14.186+0000] {processor.py:830} INFO - Processing file /opt/airflow/dags/main.py for tasks to queue
[2026-05-27T13:30:14.188+0000] {logging_mixin.py:188} INFO - [2026-05-27T13:30:14.187+0000] {dagbag.py:545} INFO - Filling up the DagBag from /opt/airflow/dags/main.py
[2026-05-27T13:30:14.454+0000] {logging_mixin.py:188} INFO - [2026-05-27T13:30:14.443+0000] {dagbag.py:355} ERROR - Failed to import: /opt/airflow/dags/main.py
Traceback (most recent call last):
  File "/home/airflow/.local/lib/python3.10/site-packages/airflow/models/dagbag.py", line 351, in parse
    loader.exec_module(new_module)
  File "<frozen importlib._bootstrap_external>", line 883, in exec_module
  File "<frozen importlib._bootstrap>", line 241, in _call_with_frames_removed
  File "/opt/airflow/dags/main.py", line 7, in <module>
    from dataquality.soda import yt_etl_data_quality
ImportError: cannot import name 'yt_etl_data_quality' from 'dataquality.soda' (/opt/airflow/dags/dataquality/soda.py)
[2026-05-27T13:30:14.459+0000] {processor.py:842} WARNING - No viable dags retrieved from /opt/airflow/dags/main.py
[2026-05-27T13:30:14.540+0000] {processor.py:183} INFO - Processing /opt/airflow/dags/main.py took 0.376 seconds
[2026-05-27T13:30:43.651+0000] {processor.py:161} INFO - Started process (PID=1724) to work on /opt/airflow/dags/main.py
[2026-05-27T13:30:43.654+0000] {processor.py:830} INFO - Processing file /opt/airflow/dags/main.py for tasks to queue
[2026-05-27T13:30:43.655+0000] {logging_mixin.py:188} INFO - [2026-05-27T13:30:43.655+0000] {dagbag.py:545} INFO - Filling up the DagBag from /opt/airflow/dags/main.py
[2026-05-27T13:30:43.949+0000] {logging_mixin.py:188} INFO - [2026-05-27T13:30:43.944+0000] {dagbag.py:355} ERROR - Failed to import: /opt/airflow/dags/main.py
Traceback (most recent call last):
  File "/home/airflow/.local/lib/python3.10/site-packages/airflow/models/dagbag.py", line 351, in parse
    loader.exec_module(new_module)
  File "<frozen importlib._bootstrap_external>", line 883, in exec_module
  File "<frozen importlib._bootstrap>", line 241, in _call_with_frames_removed
  File "/opt/airflow/dags/main.py", line 7, in <module>
    from dataquality.soda import yt_etl_data_quality
ImportError: cannot import name 'yt_etl_data_quality' from 'dataquality.soda' (/opt/airflow/dags/dataquality/soda.py)
[2026-05-27T13:30:43.951+0000] {processor.py:842} WARNING - No viable dags retrieved from /opt/airflow/dags/main.py
[2026-05-27T13:30:43.976+0000] {processor.py:183} INFO - Processing /opt/airflow/dags/main.py took 0.345 seconds
[2026-05-27T13:30:46.016+0000] {processor.py:161} INFO - Started process (PID=1731) to work on /opt/airflow/dags/main.py
[2026-05-27T13:30:46.018+0000] {processor.py:830} INFO - Processing file /opt/airflow/dags/main.py for tasks to queue
[2026-05-27T13:30:46.020+0000] {logging_mixin.py:188} INFO - [2026-05-27T13:30:46.020+0000] {dagbag.py:545} INFO - Filling up the DagBag from /opt/airflow/dags/main.py
[2026-05-27T13:30:46.385+0000] {logging_mixin.py:188} INFO - [2026-05-27T13:30:46.373+0000] {dagbag.py:355} ERROR - Failed to import: /opt/airflow/dags/main.py
Traceback (most recent call last):
  File "/home/airflow/.local/lib/python3.10/site-packages/airflow/models/dagbag.py", line 351, in parse
    loader.exec_module(new_module)
  File "<frozen importlib._bootstrap_external>", line 883, in exec_module
  File "<frozen importlib._bootstrap>", line 241, in _call_with_frames_removed
  File "/opt/airflow/dags/main.py", line 7, in <module>
    from dataquality.soda import yt_etl_data_quality
ImportError: cannot import name 'yt_etl_data_quality' from 'dataquality.soda' (/opt/airflow/dags/dataquality/soda.py)
[2026-05-27T13:30:46.389+0000] {processor.py:842} WARNING - No viable dags retrieved from /opt/airflow/dags/main.py
[2026-05-27T13:30:46.475+0000] {processor.py:183} INFO - Processing /opt/airflow/dags/main.py took 0.481 seconds
[2026-05-27T13:31:16.866+0000] {processor.py:161} INFO - Started process (PID=1738) to work on /opt/airflow/dags/main.py
[2026-05-27T13:31:16.868+0000] {processor.py:830} INFO - Processing file /opt/airflow/dags/main.py for tasks to queue
[2026-05-27T13:31:16.870+0000] {logging_mixin.py:188} INFO - [2026-05-27T13:31:16.869+0000] {dagbag.py:545} INFO - Filling up the DagBag from /opt/airflow/dags/main.py
[2026-05-27T13:31:17.169+0000] {processor.py:840} INFO - DAG(s) 'produce_json', 'update_db', 'data_quality' retrieved from /opt/airflow/dags/main.py
[2026-05-27T13:31:17.450+0000] {logging_mixin.py:188} INFO - [2026-05-27T13:31:17.449+0000] {override.py:1829} INFO - Created Permission View: can delete on DAG:data_quality
[2026-05-27T13:31:17.464+0000] {logging_mixin.py:188} INFO - [2026-05-27T13:31:17.464+0000] {override.py:1829} INFO - Created Permission View: can read on DAG:data_quality
[2026-05-27T13:31:17.478+0000] {logging_mixin.py:188} INFO - [2026-05-27T13:31:17.478+0000] {override.py:1829} INFO - Created Permission View: can edit on DAG:data_quality
[2026-05-27T13:31:17.480+0000] {logging_mixin.py:188} INFO - [2026-05-27T13:31:17.479+0000] {dag.py:3096} INFO - Sync 3 DAGs
[2026-05-27T13:31:17.501+0000] {logging_mixin.py:188} INFO - [2026-05-27T13:31:17.501+0000] {dag.py:3118} INFO - Creating ORM DAG for data_quality
[2026-05-27T13:31:17.516+0000] {logging_mixin.py:188} INFO - [2026-05-27T13:31:17.515+0000] {dag.py:3954} INFO - Setting next_dagrun for data_quality to 2026-05-26 13:00:00+00:00, run_after=2026-05-27 13:00:00+00:00
[2026-05-27T13:31:17.519+0000] {logging_mixin.py:188} INFO - [2026-05-27T13:31:17.519+0000] {dag.py:3954} INFO - Setting next_dagrun for produce_json to 2026-05-27 11:00:00+00:00, run_after=2026-05-28 11:00:00+00:00
[2026-05-27T13:31:17.525+0000] {logging_mixin.py:188} INFO - [2026-05-27T13:31:17.525+0000] {dag.py:3954} INFO - Setting next_dagrun for update_db to 2026-05-27 12:00:00+00:00, run_after=2026-05-28 12:00:00+00:00
[2026-05-27T13:31:17.578+0000] {processor.py:183} INFO - Processing /opt/airflow/dags/main.py took 0.723 seconds
[2026-05-27T13:31:29.803+0000] {processor.py:161} INFO - Started process (PID=1739) to work on /opt/airflow/dags/main.py
[2026-05-27T13:31:29.805+0000] {processor.py:830} INFO - Processing file /opt/airflow/dags/main.py for tasks to queue
[2026-05-27T13:31:29.806+0000] {logging_mixin.py:188} INFO - [2026-05-27T13:31:29.806+0000] {dagbag.py:545} INFO - Filling up the DagBag from /opt/airflow/dags/main.py
[2026-05-27T13:31:30.052+0000] {processor.py:840} INFO - DAG(s) 'data_quality', 'produce_json', 'update_db' retrieved from /opt/airflow/dags/main.py
[2026-05-27T13:31:30.071+0000] {logging_mixin.py:188} INFO - [2026-05-27T13:31:30.071+0000] {dag.py:3096} INFO - Sync 3 DAGs
[2026-05-27T13:31:30.102+0000] {logging_mixin.py:188} INFO - [2026-05-27T13:31:30.102+0000] {dag.py:3954} INFO - Setting next_dagrun for data_quality to 2026-05-26 13:00:00+00:00, run_after=2026-05-27 13:00:00+00:00
[2026-05-27T13:31:30.113+0000] {logging_mixin.py:188} INFO - [2026-05-27T13:31:30.112+0000] {dag.py:3954} INFO - Setting next_dagrun for produce_json to 2026-05-27 11:00:00+00:00, run_after=2026-05-28 11:00:00+00:00
[2026-05-27T13:31:30.118+0000] {logging_mixin.py:188} INFO - [2026-05-27T13:31:30.117+0000] {dag.py:3954} INFO - Setting next_dagrun for update_db to 2026-05-27 12:00:00+00:00, run_after=2026-05-28 12:00:00+00:00
[2026-05-27T13:31:30.209+0000] {processor.py:183} INFO - Processing /opt/airflow/dags/main.py took 0.420 seconds
[2026-05-27T13:31:38.198+0000] {processor.py:161} INFO - Started process (PID=1740) to work on /opt/airflow/dags/main.py
[2026-05-27T13:31:38.200+0000] {processor.py:830} INFO - Processing file /opt/airflow/dags/main.py for tasks to queue
[2026-05-27T13:31:38.203+0000] {logging_mixin.py:188} INFO - [2026-05-27T13:31:38.202+0000] {dagbag.py:545} INFO - Filling up the DagBag from /opt/airflow/dags/main.py
[2026-05-27T13:31:38.550+0000] {processor.py:840} INFO - DAG(s) 'update_db', 'produce_json', 'data_quality' retrieved from /opt/airflow/dags/main.py
[2026-05-27T13:31:38.574+0000] {logging_mixin.py:188} INFO - [2026-05-27T13:31:38.574+0000] {dag.py:3096} INFO - Sync 3 DAGs
[2026-05-27T13:31:38.620+0000] {logging_mixin.py:188} INFO - [2026-05-27T13:31:38.619+0000] {dag.py:3954} INFO - Setting next_dagrun for data_quality to 2026-05-26 13:00:00+00:00, run_after=2026-05-27 13:00:00+00:00
[2026-05-27T13:31:38.632+0000] {logging_mixin.py:188} INFO - [2026-05-27T13:31:38.632+0000] {dag.py:3954} INFO - Setting next_dagrun for produce_json to 2026-05-27 11:00:00+00:00, run_after=2026-05-28 11:00:00+00:00
[2026-05-27T13:31:38.639+0000] {logging_mixin.py:188} INFO - [2026-05-27T13:31:38.639+0000] {dag.py:3954} INFO - Setting next_dagrun for update_db to 2026-05-27 12:00:00+00:00, run_after=2026-05-28 12:00:00+00:00
[2026-05-27T13:31:38.678+0000] {processor.py:183} INFO - Processing /opt/airflow/dags/main.py took 0.498 seconds
[2026-05-27T13:32:06.085+0000] {processor.py:161} INFO - Started process (PID=1751) to work on /opt/airflow/dags/main.py
[2026-05-27T13:32:06.087+0000] {processor.py:830} INFO - Processing file /opt/airflow/dags/main.py for tasks to queue
[2026-05-27T13:32:06.089+0000] {logging_mixin.py:188} INFO - [2026-05-27T13:32:06.088+0000] {dagbag.py:545} INFO - Filling up the DagBag from /opt/airflow/dags/main.py
[2026-05-27T13:32:06.360+0000] {processor.py:840} INFO - DAG(s) 'produce_json', 'data_quality', 'update_db' retrieved from /opt/airflow/dags/main.py
[2026-05-27T13:32:06.536+0000] {logging_mixin.py:188} INFO - [2026-05-27T13:32:06.535+0000] {dag.py:3096} INFO - Sync 3 DAGs
[2026-05-27T13:32:06.583+0000] {logging_mixin.py:188} INFO - [2026-05-27T13:32:06.582+0000] {dag.py:3954} INFO - Setting next_dagrun for data_quality to 2026-05-27 13:00:00+00:00, run_after=2026-05-28 13:00:00+00:00
[2026-05-27T13:32:06.591+0000] {logging_mixin.py:188} INFO - [2026-05-27T13:32:06.590+0000] {dag.py:3954} INFO - Setting next_dagrun for produce_json to 2026-05-27 11:00:00+00:00, run_after=2026-05-28 11:00:00+00:00
[2026-05-27T13:32:06.595+0000] {logging_mixin.py:188} INFO - [2026-05-27T13:32:06.595+0000] {dag.py:3954} INFO - Setting next_dagrun for update_db to 2026-05-27 12:00:00+00:00, run_after=2026-05-28 12:00:00+00:00
[2026-05-27T13:32:06.626+0000] {processor.py:183} INFO - Processing /opt/airflow/dags/main.py took 0.551 seconds
[2026-05-27T13:32:37.092+0000] {processor.py:161} INFO - Started process (PID=1758) to work on /opt/airflow/dags/main.py
[2026-05-27T13:32:37.095+0000] {processor.py:830} INFO - Processing file /opt/airflow/dags/main.py for tasks to queue
[2026-05-27T13:32:37.098+0000] {logging_mixin.py:188} INFO - [2026-05-27T13:32:37.097+0000] {dagbag.py:545} INFO - Filling up the DagBag from /opt/airflow/dags/main.py
[2026-05-27T13:32:37.451+0000] {processor.py:840} INFO - DAG(s) 'update_db', 'produce_json', 'data_quality' retrieved from /opt/airflow/dags/main.py
[2026-05-27T13:32:37.529+0000] {logging_mixin.py:188} INFO - [2026-05-27T13:32:37.529+0000] {dag.py:3096} INFO - Sync 3 DAGs
[2026-05-27T13:32:37.579+0000] {logging_mixin.py:188} INFO - [2026-05-27T13:32:37.579+0000] {dag.py:3954} INFO - Setting next_dagrun for data_quality to 2026-05-27 13:00:00+00:00, run_after=2026-05-28 13:00:00+00:00
[2026-05-27T13:32:37.587+0000] {logging_mixin.py:188} INFO - [2026-05-27T13:32:37.587+0000] {dag.py:3954} INFO - Setting next_dagrun for produce_json to 2026-05-27 11:00:00+00:00, run_after=2026-05-28 11:00:00+00:00
[2026-05-27T13:32:37.592+0000] {logging_mixin.py:188} INFO - [2026-05-27T13:32:37.592+0000] {dag.py:3954} INFO - Setting next_dagrun for update_db to 2026-05-27 12:00:00+00:00, run_after=2026-05-28 12:00:00+00:00
[2026-05-27T13:32:37.681+0000] {processor.py:183} INFO - Processing /opt/airflow/dags/main.py took 0.604 seconds
[2026-05-27T13:33:08.165+0000] {processor.py:161} INFO - Started process (PID=1765) to work on /opt/airflow/dags/main.py
[2026-05-27T13:33:08.167+0000] {processor.py:830} INFO - Processing file /opt/airflow/dags/main.py for tasks to queue
[2026-05-27T13:33:08.170+0000] {logging_mixin.py:188} INFO - [2026-05-27T13:33:08.169+0000] {dagbag.py:545} INFO - Filling up the DagBag from /opt/airflow/dags/main.py
[2026-05-27T13:33:08.487+0000] {processor.py:840} INFO - DAG(s) 'produce_json', 'data_quality', 'update_db' retrieved from /opt/airflow/dags/main.py
[2026-05-27T13:33:08.552+0000] {logging_mixin.py:188} INFO - [2026-05-27T13:33:08.551+0000] {dag.py:3096} INFO - Sync 3 DAGs
[2026-05-27T13:33:08.580+0000] {logging_mixin.py:188} INFO - [2026-05-27T13:33:08.580+0000] {dag.py:3954} INFO - Setting next_dagrun for data_quality to 2026-05-27 13:00:00+00:00, run_after=2026-05-28 13:00:00+00:00
[2026-05-27T13:33:08.587+0000] {logging_mixin.py:188} INFO - [2026-05-27T13:33:08.587+0000] {dag.py:3954} INFO - Setting next_dagrun for produce_json to 2026-05-27 11:00:00+00:00, run_after=2026-05-28 11:00:00+00:00
[2026-05-27T13:33:08.592+0000] {logging_mixin.py:188} INFO - [2026-05-27T13:33:08.591+0000] {dag.py:3954} INFO - Setting next_dagrun for update_db to 2026-05-27 12:00:00+00:00, run_after=2026-05-28 12:00:00+00:00
[2026-05-27T13:33:08.679+0000] {processor.py:183} INFO - Processing /opt/airflow/dags/main.py took 0.539 seconds
[2026-05-27T13:33:39.210+0000] {processor.py:161} INFO - Started process (PID=1773) to work on /opt/airflow/dags/main.py
[2026-05-27T13:33:39.212+0000] {processor.py:830} INFO - Processing file /opt/airflow/dags/main.py for tasks to queue
[2026-05-27T13:33:39.213+0000] {logging_mixin.py:188} INFO - [2026-05-27T13:33:39.213+0000] {dagbag.py:545} INFO - Filling up the DagBag from /opt/airflow/dags/main.py
[2026-05-27T13:33:39.373+0000] {processor.py:840} INFO - DAG(s) 'produce_json', 'data_quality', 'update_db' retrieved from /opt/airflow/dags/main.py
[2026-05-27T13:33:39.445+0000] {logging_mixin.py:188} INFO - [2026-05-27T13:33:39.445+0000] {dag.py:3096} INFO - Sync 3 DAGs
[2026-05-27T13:33:39.477+0000] {logging_mixin.py:188} INFO - [2026-05-27T13:33:39.477+0000] {dag.py:3954} INFO - Setting next_dagrun for data_quality to 2026-05-27 13:00:00+00:00, run_after=2026-05-28 13:00:00+00:00
[2026-05-27T13:33:39.484+0000] {logging_mixin.py:188} INFO - [2026-05-27T13:33:39.483+0000] {dag.py:3954} INFO - Setting next_dagrun for produce_json to 2026-05-27 11:00:00+00:00, run_after=2026-05-28 11:00:00+00:00
[2026-05-27T13:33:39.488+0000] {logging_mixin.py:188} INFO - [2026-05-27T13:33:39.488+0000] {dag.py:3954} INFO - Setting next_dagrun for update_db to 2026-05-27 12:00:00+00:00, run_after=2026-05-28 12:00:00+00:00
[2026-05-27T13:33:39.508+0000] {processor.py:183} INFO - Processing /opt/airflow/dags/main.py took 0.307 seconds
[2026-05-27T13:34:09.706+0000] {processor.py:161} INFO - Started process (PID=1780) to work on /opt/airflow/dags/main.py
[2026-05-27T13:34:09.709+0000] {processor.py:830} INFO - Processing file /opt/airflow/dags/main.py for tasks to queue
[2026-05-27T13:34:09.711+0000] {logging_mixin.py:188} INFO - [2026-05-27T13:34:09.711+0000] {dagbag.py:545} INFO - Filling up the DagBag from /opt/airflow/dags/main.py
[2026-05-27T13:34:09.953+0000] {processor.py:840} INFO - DAG(s) 'data_quality', 'update_db', 'produce_json' retrieved from /opt/airflow/dags/main.py
[2026-05-27T13:34:09.994+0000] {logging_mixin.py:188} INFO - [2026-05-27T13:34:09.994+0000] {dag.py:3096} INFO - Sync 3 DAGs
[2026-05-27T13:34:10.026+0000] {logging_mixin.py:188} INFO - [2026-05-27T13:34:10.026+0000] {dag.py:3954} INFO - Setting next_dagrun for data_quality to 2026-05-27 13:00:00+00:00, run_after=2026-05-28 13:00:00+00:00
[2026-05-27T13:34:10.037+0000] {logging_mixin.py:188} INFO - [2026-05-27T13:34:10.036+0000] {dag.py:3954} INFO - Setting next_dagrun for produce_json to 2026-05-27 11:00:00+00:00, run_after=2026-05-28 11:00:00+00:00
[2026-05-27T13:34:10.043+0000] {logging_mixin.py:188} INFO - [2026-05-27T13:34:10.043+0000] {dag.py:3954} INFO - Setting next_dagrun for update_db to 2026-05-27 12:00:00+00:00, run_after=2026-05-28 12:00:00+00:00
[2026-05-27T13:34:10.138+0000] {processor.py:183} INFO - Processing /opt/airflow/dags/main.py took 0.460 seconds
[2026-05-27T13:34:40.393+0000] {processor.py:161} INFO - Started process (PID=1787) to work on /opt/airflow/dags/main.py
[2026-05-27T13:34:40.395+0000] {processor.py:830} INFO - Processing file /opt/airflow/dags/main.py for tasks to queue
[2026-05-27T13:34:40.397+0000] {logging_mixin.py:188} INFO - [2026-05-27T13:34:40.397+0000] {dagbag.py:545} INFO - Filling up the DagBag from /opt/airflow/dags/main.py
[2026-05-27T13:34:40.679+0000] {processor.py:840} INFO - DAG(s) 'data_quality', 'produce_json', 'update_db' retrieved from /opt/airflow/dags/main.py
[2026-05-27T13:34:40.729+0000] {logging_mixin.py:188} INFO - [2026-05-27T13:34:40.729+0000] {dag.py:3096} INFO - Sync 3 DAGs
[2026-05-27T13:34:40.757+0000] {logging_mixin.py:188} INFO - [2026-05-27T13:34:40.757+0000] {dag.py:3954} INFO - Setting next_dagrun for data_quality to 2026-05-27 13:00:00+00:00, run_after=2026-05-28 13:00:00+00:00
[2026-05-27T13:34:40.765+0000] {logging_mixin.py:188} INFO - [2026-05-27T13:34:40.765+0000] {dag.py:3954} INFO - Setting next_dagrun for produce_json to 2026-05-27 11:00:00+00:00, run_after=2026-05-28 11:00:00+00:00
[2026-05-27T13:34:40.770+0000] {logging_mixin.py:188} INFO - [2026-05-27T13:34:40.769+0000] {dag.py:3954} INFO - Setting next_dagrun for update_db to 2026-05-27 12:00:00+00:00, run_after=2026-05-28 12:00:00+00:00
[2026-05-27T13:34:40.841+0000] {processor.py:183} INFO - Processing /opt/airflow/dags/main.py took 0.470 seconds
[2026-05-27T13:35:11.005+0000] {processor.py:161} INFO - Started process (PID=1794) to work on /opt/airflow/dags/main.py
[2026-05-27T13:35:11.007+0000] {processor.py:830} INFO - Processing file /opt/airflow/dags/main.py for tasks to queue
[2026-05-27T13:35:11.009+0000] {logging_mixin.py:188} INFO - [2026-05-27T13:35:11.008+0000] {dagbag.py:545} INFO - Filling up the DagBag from /opt/airflow/dags/main.py
[2026-05-27T13:35:11.351+0000] {processor.py:840} INFO - DAG(s) 'update_db', 'data_quality', 'produce_json' retrieved from /opt/airflow/dags/main.py
[2026-05-27T13:35:11.400+0000] {logging_mixin.py:188} INFO - [2026-05-27T13:35:11.400+0000] {dag.py:3096} INFO - Sync 3 DAGs
[2026-05-27T13:35:11.429+0000] {logging_mixin.py:188} INFO - [2026-05-27T13:35:11.429+0000] {dag.py:3954} INFO - Setting next_dagrun for data_quality to 2026-05-27 13:00:00+00:00, run_after=2026-05-28 13:00:00+00:00
[2026-05-27T13:35:11.436+0000] {logging_mixin.py:188} INFO - [2026-05-27T13:35:11.436+0000] {dag.py:3954} INFO - Setting next_dagrun for produce_json to 2026-05-27 11:00:00+00:00, run_after=2026-05-28 11:00:00+00:00
[2026-05-27T13:35:11.440+0000] {logging_mixin.py:188} INFO - [2026-05-27T13:35:11.440+0000] {dag.py:3954} INFO - Setting next_dagrun for update_db to 2026-05-27 12:00:00+00:00, run_after=2026-05-28 12:00:00+00:00
[2026-05-27T13:35:11.460+0000] {processor.py:183} INFO - Processing /opt/airflow/dags/main.py took 0.467 seconds
[2026-05-27T13:35:41.724+0000] {processor.py:161} INFO - Started process (PID=1801) to work on /opt/airflow/dags/main.py
[2026-05-27T13:35:41.726+0000] {processor.py:830} INFO - Processing file /opt/airflow/dags/main.py for tasks to queue
[2026-05-27T13:35:41.729+0000] {logging_mixin.py:188} INFO - [2026-05-27T13:35:41.728+0000] {dagbag.py:545} INFO - Filling up the DagBag from /opt/airflow/dags/main.py
[2026-05-27T13:35:42.017+0000] {processor.py:840} INFO - DAG(s) 'produce_json', 'update_db', 'data_quality' retrieved from /opt/airflow/dags/main.py
[2026-05-27T13:35:42.079+0000] {logging_mixin.py:188} INFO - [2026-05-27T13:35:42.079+0000] {dag.py:3096} INFO - Sync 3 DAGs
[2026-05-27T13:35:42.110+0000] {logging_mixin.py:188} INFO - [2026-05-27T13:35:42.109+0000] {dag.py:3954} INFO - Setting next_dagrun for data_quality to 2026-05-27 13:00:00+00:00, run_after=2026-05-28 13:00:00+00:00
[2026-05-27T13:35:42.117+0000] {logging_mixin.py:188} INFO - [2026-05-27T13:35:42.117+0000] {dag.py:3954} INFO - Setting next_dagrun for produce_json to 2026-05-27 11:00:00+00:00, run_after=2026-05-28 11:00:00+00:00
[2026-05-27T13:35:42.122+0000] {logging_mixin.py:188} INFO - [2026-05-27T13:35:42.122+0000] {dag.py:3954} INFO - Setting next_dagrun for update_db to 2026-05-27 12:00:00+00:00, run_after=2026-05-28 12:00:00+00:00
[2026-05-27T13:35:42.147+0000] {processor.py:183} INFO - Processing /opt/airflow/dags/main.py took 0.447 seconds
[2026-05-27T13:36:12.873+0000] {processor.py:161} INFO - Started process (PID=1808) to work on /opt/airflow/dags/main.py
[2026-05-27T13:36:12.875+0000] {processor.py:830} INFO - Processing file /opt/airflow/dags/main.py for tasks to queue
[2026-05-27T13:36:12.878+0000] {logging_mixin.py:188} INFO - [2026-05-27T13:36:12.877+0000] {dagbag.py:545} INFO - Filling up the DagBag from /opt/airflow/dags/main.py
[2026-05-27T13:36:13.117+0000] {processor.py:840} INFO - DAG(s) 'produce_json', 'data_quality', 'update_db' retrieved from /opt/airflow/dags/main.py
[2026-05-27T13:36:13.167+0000] {logging_mixin.py:188} INFO - [2026-05-27T13:36:13.167+0000] {dag.py:3096} INFO - Sync 3 DAGs
[2026-05-27T13:36:13.191+0000] {logging_mixin.py:188} INFO - [2026-05-27T13:36:13.190+0000] {dag.py:3954} INFO - Setting next_dagrun for data_quality to 2026-05-27 13:00:00+00:00, run_after=2026-05-28 13:00:00+00:00
[2026-05-27T13:36:13.198+0000] {logging_mixin.py:188} INFO - [2026-05-27T13:36:13.198+0000] {dag.py:3954} INFO - Setting next_dagrun for produce_json to 2026-05-27 11:00:00+00:00, run_after=2026-05-28 11:00:00+00:00
[2026-05-27T13:36:13.202+0000] {logging_mixin.py:188} INFO - [2026-05-27T13:36:13.202+0000] {dag.py:3954} INFO - Setting next_dagrun for update_db to 2026-05-27 12:00:00+00:00, run_after=2026-05-28 12:00:00+00:00
[2026-05-27T13:36:13.271+0000] {processor.py:183} INFO - Processing /opt/airflow/dags/main.py took 0.414 seconds
[2026-05-27T13:36:43.807+0000] {processor.py:161} INFO - Started process (PID=1815) to work on /opt/airflow/dags/main.py
[2026-05-27T13:36:43.810+0000] {processor.py:830} INFO - Processing file /opt/airflow/dags/main.py for tasks to queue
[2026-05-27T13:36:43.812+0000] {logging_mixin.py:188} INFO - [2026-05-27T13:36:43.811+0000] {dagbag.py:545} INFO - Filling up the DagBag from /opt/airflow/dags/main.py
[2026-05-27T13:36:44.148+0000] {processor.py:840} INFO - DAG(s) 'produce_json', 'data_quality', 'update_db' retrieved from /opt/airflow/dags/main.py
[2026-05-27T13:36:44.223+0000] {logging_mixin.py:188} INFO - [2026-05-27T13:36:44.223+0000] {dag.py:3096} INFO - Sync 3 DAGs
[2026-05-27T13:36:44.254+0000] {logging_mixin.py:188} INFO - [2026-05-27T13:36:44.254+0000] {dag.py:3954} INFO - Setting next_dagrun for data_quality to 2026-05-27 13:00:00+00:00, run_after=2026-05-28 13:00:00+00:00
[2026-05-27T13:36:44.263+0000] {logging_mixin.py:188} INFO - [2026-05-27T13:36:44.262+0000] {dag.py:3954} INFO - Setting next_dagrun for produce_json to 2026-05-27 11:00:00+00:00, run_after=2026-05-28 11:00:00+00:00
[2026-05-27T13:36:44.268+0000] {logging_mixin.py:188} INFO - [2026-05-27T13:36:44.267+0000] {dag.py:3954} INFO - Setting next_dagrun for update_db to 2026-05-27 12:00:00+00:00, run_after=2026-05-28 12:00:00+00:00
[2026-05-27T13:36:44.352+0000] {processor.py:183} INFO - Processing /opt/airflow/dags/main.py took 0.567 seconds
[2026-05-27T13:37:14.683+0000] {processor.py:161} INFO - Started process (PID=1822) to work on /opt/airflow/dags/main.py
[2026-05-27T13:37:14.685+0000] {processor.py:830} INFO - Processing file /opt/airflow/dags/main.py for tasks to queue
[2026-05-27T13:37:14.686+0000] {logging_mixin.py:188} INFO - [2026-05-27T13:37:14.686+0000] {dagbag.py:545} INFO - Filling up the DagBag from /opt/airflow/dags/main.py
[2026-05-27T13:37:14.883+0000] {processor.py:840} INFO - DAG(s) 'update_db', 'data_quality', 'produce_json' retrieved from /opt/airflow/dags/main.py
[2026-05-27T13:37:14.929+0000] {logging_mixin.py:188} INFO - [2026-05-27T13:37:14.929+0000] {dag.py:3096} INFO - Sync 3 DAGs
[2026-05-27T13:37:14.956+0000] {logging_mixin.py:188} INFO - [2026-05-27T13:37:14.956+0000] {dag.py:3954} INFO - Setting next_dagrun for data_quality to 2026-05-27 13:00:00+00:00, run_after=2026-05-28 13:00:00+00:00
[2026-05-27T13:37:14.963+0000] {logging_mixin.py:188} INFO - [2026-05-27T13:37:14.963+0000] {dag.py:3954} INFO - Setting next_dagrun for produce_json to 2026-05-27 11:00:00+00:00, run_after=2026-05-28 11:00:00+00:00
[2026-05-27T13:37:14.967+0000] {logging_mixin.py:188} INFO - [2026-05-27T13:37:14.967+0000] {dag.py:3954} INFO - Setting next_dagrun for update_db to 2026-05-27 12:00:00+00:00, run_after=2026-05-28 12:00:00+00:00
[2026-05-27T13:37:14.997+0000] {processor.py:183} INFO - Processing /opt/airflow/dags/main.py took 0.325 seconds
[2026-05-27T13:37:45.219+0000] {processor.py:161} INFO - Started process (PID=1829) to work on /opt/airflow/dags/main.py
[2026-05-27T13:37:45.222+0000] {processor.py:830} INFO - Processing file /opt/airflow/dags/main.py for tasks to queue
[2026-05-27T13:37:45.224+0000] {logging_mixin.py:188} INFO - [2026-05-27T13:37:45.224+0000] {dagbag.py:545} INFO - Filling up the DagBag from /opt/airflow/dags/main.py
[2026-05-27T13:37:45.526+0000] {processor.py:840} INFO - DAG(s) 'produce_json', 'data_quality', 'update_db' retrieved from /opt/airflow/dags/main.py
[2026-05-27T13:37:45.571+0000] {logging_mixin.py:188} INFO - [2026-05-27T13:37:45.570+0000] {dag.py:3096} INFO - Sync 3 DAGs
[2026-05-27T13:37:45.597+0000] {logging_mixin.py:188} INFO - [2026-05-27T13:37:45.597+0000] {dag.py:3954} INFO - Setting next_dagrun for data_quality to 2026-05-27 13:00:00+00:00, run_after=2026-05-28 13:00:00+00:00
[2026-05-27T13:37:45.603+0000] {logging_mixin.py:188} INFO - [2026-05-27T13:37:45.603+0000] {dag.py:3954} INFO - Setting next_dagrun for produce_json to 2026-05-27 11:00:00+00:00, run_after=2026-05-28 11:00:00+00:00
[2026-05-27T13:37:45.607+0000] {logging_mixin.py:188} INFO - [2026-05-27T13:37:45.607+0000] {dag.py:3954} INFO - Setting next_dagrun for update_db to 2026-05-27 12:00:00+00:00, run_after=2026-05-28 12:00:00+00:00
[2026-05-27T13:37:45.629+0000] {processor.py:183} INFO - Processing /opt/airflow/dags/main.py took 0.433 seconds
[2026-05-27T13:38:15.857+0000] {processor.py:161} INFO - Started process (PID=1836) to work on /opt/airflow/dags/main.py
[2026-05-27T13:38:15.859+0000] {processor.py:830} INFO - Processing file /opt/airflow/dags/main.py for tasks to queue
[2026-05-27T13:38:15.861+0000] {logging_mixin.py:188} INFO - [2026-05-27T13:38:15.861+0000] {dagbag.py:545} INFO - Filling up the DagBag from /opt/airflow/dags/main.py
[2026-05-27T13:38:16.145+0000] {processor.py:840} INFO - DAG(s) 'update_db', 'produce_json', 'data_quality' retrieved from /opt/airflow/dags/main.py
[2026-05-27T13:38:16.196+0000] {logging_mixin.py:188} INFO - [2026-05-27T13:38:16.196+0000] {dag.py:3096} INFO - Sync 3 DAGs
[2026-05-27T13:38:16.228+0000] {logging_mixin.py:188} INFO - [2026-05-27T13:38:16.227+0000] {dag.py:3954} INFO - Setting next_dagrun for data_quality to 2026-05-27 13:00:00+00:00, run_after=2026-05-28 13:00:00+00:00
[2026-05-27T13:38:16.236+0000] {logging_mixin.py:188} INFO - [2026-05-27T13:38:16.236+0000] {dag.py:3954} INFO - Setting next_dagrun for produce_json to 2026-05-27 11:00:00+00:00, run_after=2026-05-28 11:00:00+00:00
[2026-05-27T13:38:16.241+0000] {logging_mixin.py:188} INFO - [2026-05-27T13:38:16.241+0000] {dag.py:3954} INFO - Setting next_dagrun for update_db to 2026-05-27 12:00:00+00:00, run_after=2026-05-28 12:00:00+00:00
[2026-05-27T13:38:16.266+0000] {processor.py:183} INFO - Processing /opt/airflow/dags/main.py took 0.428 seconds
[2026-05-27T13:38:46.492+0000] {processor.py:161} INFO - Started process (PID=1849) to work on /opt/airflow/dags/main.py
[2026-05-27T13:38:46.495+0000] {processor.py:830} INFO - Processing file /opt/airflow/dags/main.py for tasks to queue
[2026-05-27T13:38:46.497+0000] {logging_mixin.py:188} INFO - [2026-05-27T13:38:46.497+0000] {dagbag.py:545} INFO - Filling up the DagBag from /opt/airflow/dags/main.py
[2026-05-27T13:38:46.816+0000] {processor.py:840} INFO - DAG(s) 'data_quality', 'update_db', 'produce_json' retrieved from /opt/airflow/dags/main.py
[2026-05-27T13:38:46.895+0000] {logging_mixin.py:188} INFO - [2026-05-27T13:38:46.895+0000] {dag.py:3096} INFO - Sync 3 DAGs
[2026-05-27T13:38:46.930+0000] {logging_mixin.py:188} INFO - [2026-05-27T13:38:46.929+0000] {dag.py:3954} INFO - Setting next_dagrun for data_quality to 2026-05-27 13:00:00+00:00, run_after=2026-05-28 13:00:00+00:00
[2026-05-27T13:38:46.937+0000] {logging_mixin.py:188} INFO - [2026-05-27T13:38:46.937+0000] {dag.py:3954} INFO - Setting next_dagrun for produce_json to 2026-05-27 11:00:00+00:00, run_after=2026-05-28 11:00:00+00:00
[2026-05-27T13:38:46.942+0000] {logging_mixin.py:188} INFO - [2026-05-27T13:38:46.942+0000] {dag.py:3954} INFO - Setting next_dagrun for update_db to 2026-05-27 12:00:00+00:00, run_after=2026-05-28 12:00:00+00:00
[2026-05-27T13:38:46.965+0000] {processor.py:183} INFO - Processing /opt/airflow/dags/main.py took 0.494 seconds
[2026-05-27T13:39:17.141+0000] {processor.py:161} INFO - Started process (PID=1856) to work on /opt/airflow/dags/main.py
[2026-05-27T13:39:17.145+0000] {processor.py:830} INFO - Processing file /opt/airflow/dags/main.py for tasks to queue
[2026-05-27T13:39:17.149+0000] {logging_mixin.py:188} INFO - [2026-05-27T13:39:17.148+0000] {dagbag.py:545} INFO - Filling up the DagBag from /opt/airflow/dags/main.py
[2026-05-27T13:39:17.477+0000] {processor.py:840} INFO - DAG(s) 'update_db', 'produce_json', 'data_quality' retrieved from /opt/airflow/dags/main.py
[2026-05-27T13:39:17.526+0000] {logging_mixin.py:188} INFO - [2026-05-27T13:39:17.526+0000] {dag.py:3096} INFO - Sync 3 DAGs
[2026-05-27T13:39:17.553+0000] {logging_mixin.py:188} INFO - [2026-05-27T13:39:17.552+0000] {dag.py:3954} INFO - Setting next_dagrun for data_quality to 2026-05-27 13:00:00+00:00, run_after=2026-05-28 13:00:00+00:00
[2026-05-27T13:39:17.559+0000] {logging_mixin.py:188} INFO - [2026-05-27T13:39:17.559+0000] {dag.py:3954} INFO - Setting next_dagrun for produce_json to 2026-05-27 11:00:00+00:00, run_after=2026-05-28 11:00:00+00:00
[2026-05-27T13:39:17.563+0000] {logging_mixin.py:188} INFO - [2026-05-27T13:39:17.563+0000] {dag.py:3954} INFO - Setting next_dagrun for update_db to 2026-05-27 12:00:00+00:00, run_after=2026-05-28 12:00:00+00:00
[2026-05-27T13:39:17.583+0000] {processor.py:183} INFO - Processing /opt/airflow/dags/main.py took 0.466 seconds
[2026-05-27T13:39:47.788+0000] {processor.py:161} INFO - Started process (PID=1863) to work on /opt/airflow/dags/main.py
[2026-05-27T13:39:47.790+0000] {processor.py:830} INFO - Processing file /opt/airflow/dags/main.py for tasks to queue
[2026-05-27T13:39:47.792+0000] {logging_mixin.py:188} INFO - [2026-05-27T13:39:47.791+0000] {dagbag.py:545} INFO - Filling up the DagBag from /opt/airflow/dags/main.py
[2026-05-27T13:39:48.055+0000] {processor.py:840} INFO - DAG(s) 'update_db', 'produce_json', 'data_quality' retrieved from /opt/airflow/dags/main.py
[2026-05-27T13:39:48.102+0000] {logging_mixin.py:188} INFO - [2026-05-27T13:39:48.102+0000] {dag.py:3096} INFO - Sync 3 DAGs
[2026-05-27T13:39:48.134+0000] {logging_mixin.py:188} INFO - [2026-05-27T13:39:48.133+0000] {dag.py:3954} INFO - Setting next_dagrun for data_quality to 2026-05-27 13:00:00+00:00, run_after=2026-05-28 13:00:00+00:00
[2026-05-27T13:39:48.143+0000] {logging_mixin.py:188} INFO - [2026-05-27T13:39:48.143+0000] {dag.py:3954} INFO - Setting next_dagrun for produce_json to 2026-05-27 11:00:00+00:00, run_after=2026-05-28 11:00:00+00:00
[2026-05-27T13:39:48.148+0000] {logging_mixin.py:188} INFO - [2026-05-27T13:39:48.148+0000] {dag.py:3954} INFO - Setting next_dagrun for update_db to 2026-05-27 12:00:00+00:00, run_after=2026-05-28 12:00:00+00:00
[2026-05-27T13:39:48.216+0000] {processor.py:183} INFO - Processing /opt/airflow/dags/main.py took 0.438 seconds
[2026-05-27T13:40:18.433+0000] {processor.py:161} INFO - Started process (PID=1870) to work on /opt/airflow/dags/main.py
[2026-05-27T13:40:18.435+0000] {processor.py:830} INFO - Processing file /opt/airflow/dags/main.py for tasks to queue
[2026-05-27T13:40:18.437+0000] {logging_mixin.py:188} INFO - [2026-05-27T13:40:18.437+0000] {dagbag.py:545} INFO - Filling up the DagBag from /opt/airflow/dags/main.py
[2026-05-27T13:40:18.698+0000] {processor.py:840} INFO - DAG(s) 'update_db', 'data_quality', 'produce_json' retrieved from /opt/airflow/dags/main.py
[2026-05-27T13:40:18.767+0000] {logging_mixin.py:188} INFO - [2026-05-27T13:40:18.767+0000] {dag.py:3096} INFO - Sync 3 DAGs
[2026-05-27T13:40:18.820+0000] {logging_mixin.py:188} INFO - [2026-05-27T13:40:18.819+0000] {dag.py:3954} INFO - Setting next_dagrun for data_quality to 2026-05-27 13:00:00+00:00, run_after=2026-05-28 13:00:00+00:00
[2026-05-27T13:40:18.830+0000] {logging_mixin.py:188} INFO - [2026-05-27T13:40:18.829+0000] {dag.py:3954} INFO - Setting next_dagrun for produce_json to 2026-05-27 11:00:00+00:00, run_after=2026-05-28 11:00:00+00:00
[2026-05-27T13:40:18.836+0000] {logging_mixin.py:188} INFO - [2026-05-27T13:40:18.836+0000] {dag.py:3954} INFO - Setting next_dagrun for update_db to 2026-05-27 12:00:00+00:00, run_after=2026-05-28 12:00:00+00:00
[2026-05-27T13:40:18.893+0000] {processor.py:183} INFO - Processing /opt/airflow/dags/main.py took 0.471 seconds
[2026-05-27T13:40:49.027+0000] {processor.py:161} INFO - Started process (PID=1877) to work on /opt/airflow/dags/main.py
[2026-05-27T13:40:49.029+0000] {processor.py:830} INFO - Processing file /opt/airflow/dags/main.py for tasks to queue
[2026-05-27T13:40:49.030+0000] {logging_mixin.py:188} INFO - [2026-05-27T13:40:49.030+0000] {dagbag.py:545} INFO - Filling up the DagBag from /opt/airflow/dags/main.py
[2026-05-27T13:40:49.394+0000] {processor.py:840} INFO - DAG(s) 'data_quality', 'produce_json', 'update_db' retrieved from /opt/airflow/dags/main.py
[2026-05-27T13:40:49.469+0000] {logging_mixin.py:188} INFO - [2026-05-27T13:40:49.469+0000] {dag.py:3096} INFO - Sync 3 DAGs
[2026-05-27T13:40:49.510+0000] {logging_mixin.py:188} INFO - [2026-05-27T13:40:49.510+0000] {dag.py:3954} INFO - Setting next_dagrun for data_quality to 2026-05-27 13:00:00+00:00, run_after=2026-05-28 13:00:00+00:00
[2026-05-27T13:40:49.521+0000] {logging_mixin.py:188} INFO - [2026-05-27T13:40:49.521+0000] {dag.py:3954} INFO - Setting next_dagrun for produce_json to 2026-05-27 11:00:00+00:00, run_after=2026-05-28 11:00:00+00:00
[2026-05-27T13:40:49.526+0000] {logging_mixin.py:188} INFO - [2026-05-27T13:40:49.526+0000] {dag.py:3954} INFO - Setting next_dagrun for update_db to 2026-05-27 12:00:00+00:00, run_after=2026-05-28 12:00:00+00:00
[2026-05-27T13:40:49.547+0000] {processor.py:183} INFO - Processing /opt/airflow/dags/main.py took 0.528 seconds
[2026-05-27T13:41:20.451+0000] {processor.py:161} INFO - Started process (PID=1884) to work on /opt/airflow/dags/main.py
[2026-05-27T13:41:20.454+0000] {processor.py:830} INFO - Processing file /opt/airflow/dags/main.py for tasks to queue
[2026-05-27T13:41:20.456+0000] {logging_mixin.py:188} INFO - [2026-05-27T13:41:20.455+0000] {dagbag.py:545} INFO - Filling up the DagBag from /opt/airflow/dags/main.py
[2026-05-27T13:41:20.801+0000] {processor.py:840} INFO - DAG(s) 'produce_json', 'data_quality', 'update_db' retrieved from /opt/airflow/dags/main.py
[2026-05-27T13:41:20.868+0000] {logging_mixin.py:188} INFO - [2026-05-27T13:41:20.868+0000] {dag.py:3096} INFO - Sync 3 DAGs
[2026-05-27T13:41:20.896+0000] {logging_mixin.py:188} INFO - [2026-05-27T13:41:20.895+0000] {dag.py:3954} INFO - Setting next_dagrun for data_quality to 2026-05-27 13:00:00+00:00, run_after=2026-05-28 13:00:00+00:00
[2026-05-27T13:41:20.902+0000] {logging_mixin.py:188} INFO - [2026-05-27T13:41:20.902+0000] {dag.py:3954} INFO - Setting next_dagrun for produce_json to 2026-05-27 11:00:00+00:00, run_after=2026-05-28 11:00:00+00:00
[2026-05-27T13:41:20.906+0000] {logging_mixin.py:188} INFO - [2026-05-27T13:41:20.906+0000] {dag.py:3954} INFO - Setting next_dagrun for update_db to 2026-05-27 12:00:00+00:00, run_after=2026-05-28 12:00:00+00:00
[2026-05-27T13:41:20.995+0000] {processor.py:183} INFO - Processing /opt/airflow/dags/main.py took 0.560 seconds
[2026-05-27T13:41:51.485+0000] {processor.py:161} INFO - Started process (PID=1891) to work on /opt/airflow/dags/main.py
[2026-05-27T13:41:51.487+0000] {processor.py:830} INFO - Processing file /opt/airflow/dags/main.py for tasks to queue
[2026-05-27T13:41:51.490+0000] {logging_mixin.py:188} INFO - [2026-05-27T13:41:51.489+0000] {dagbag.py:545} INFO - Filling up the DagBag from /opt/airflow/dags/main.py
[2026-05-27T13:41:51.878+0000] {processor.py:840} INFO - DAG(s) 'produce_json', 'data_quality', 'update_db' retrieved from /opt/airflow/dags/main.py
[2026-05-27T13:41:51.932+0000] {logging_mixin.py:188} INFO - [2026-05-27T13:41:51.932+0000] {dag.py:3096} INFO - Sync 3 DAGs
[2026-05-27T13:41:51.979+0000] {logging_mixin.py:188} INFO - [2026-05-27T13:41:51.978+0000] {dag.py:3954} INFO - Setting next_dagrun for data_quality to 2026-05-27 13:00:00+00:00, run_after=2026-05-28 13:00:00+00:00
[2026-05-27T13:41:51.991+0000] {logging_mixin.py:188} INFO - [2026-05-27T13:41:51.991+0000] {dag.py:3954} INFO - Setting next_dagrun for produce_json to 2026-05-27 11:00:00+00:00, run_after=2026-05-28 11:00:00+00:00
[2026-05-27T13:41:51.999+0000] {logging_mixin.py:188} INFO - [2026-05-27T13:41:51.999+0000] {dag.py:3954} INFO - Setting next_dagrun for update_db to 2026-05-27 12:00:00+00:00, run_after=2026-05-28 12:00:00+00:00
[2026-05-27T13:41:52.092+0000] {processor.py:183} INFO - Processing /opt/airflow/dags/main.py took 0.615 seconds
[2026-05-27T13:42:22.279+0000] {processor.py:161} INFO - Started process (PID=1898) to work on /opt/airflow/dags/main.py
[2026-05-27T13:42:22.281+0000] {processor.py:830} INFO - Processing file /opt/airflow/dags/main.py for tasks to queue
[2026-05-27T13:42:22.284+0000] {logging_mixin.py:188} INFO - [2026-05-27T13:42:22.283+0000] {dagbag.py:545} INFO - Filling up the DagBag from /opt/airflow/dags/main.py
[2026-05-27T13:42:22.552+0000] {processor.py:840} INFO - DAG(s) 'data_quality', 'produce_json', 'update_db' retrieved from /opt/airflow/dags/main.py
[2026-05-27T13:42:22.633+0000] {logging_mixin.py:188} INFO - [2026-05-27T13:42:22.632+0000] {dag.py:3096} INFO - Sync 3 DAGs
[2026-05-27T13:42:22.671+0000] {logging_mixin.py:188} INFO - [2026-05-27T13:42:22.671+0000] {dag.py:3954} INFO - Setting next_dagrun for data_quality to 2026-05-27 13:00:00+00:00, run_after=2026-05-28 13:00:00+00:00
[2026-05-27T13:42:22.678+0000] {logging_mixin.py:188} INFO - [2026-05-27T13:42:22.678+0000] {dag.py:3954} INFO - Setting next_dagrun for produce_json to 2026-05-27 11:00:00+00:00, run_after=2026-05-28 11:00:00+00:00
[2026-05-27T13:42:22.683+0000] {logging_mixin.py:188} INFO - [2026-05-27T13:42:22.682+0000] {dag.py:3954} INFO - Setting next_dagrun for update_db to 2026-05-27 12:00:00+00:00, run_after=2026-05-28 12:00:00+00:00
[2026-05-27T13:42:22.705+0000] {processor.py:183} INFO - Processing /opt/airflow/dags/main.py took 0.449 seconds
[2026-05-27T13:42:53.022+0000] {processor.py:161} INFO - Started process (PID=1905) to work on /opt/airflow/dags/main.py
[2026-05-27T13:42:53.025+0000] {processor.py:830} INFO - Processing file /opt/airflow/dags/main.py for tasks to queue
[2026-05-27T13:42:53.027+0000] {logging_mixin.py:188} INFO - [2026-05-27T13:42:53.027+0000] {dagbag.py:545} INFO - Filling up the DagBag from /opt/airflow/dags/main.py
[2026-05-27T13:42:53.377+0000] {processor.py:840} INFO - DAG(s) 'produce_json', 'update_db', 'data_quality' retrieved from /opt/airflow/dags/main.py
[2026-05-27T13:42:53.418+0000] {logging_mixin.py:188} INFO - [2026-05-27T13:42:53.418+0000] {dag.py:3096} INFO - Sync 3 DAGs
[2026-05-27T13:42:53.441+0000] {logging_mixin.py:188} INFO - [2026-05-27T13:42:53.441+0000] {dag.py:3954} INFO - Setting next_dagrun for data_quality to 2026-05-27 13:00:00+00:00, run_after=2026-05-28 13:00:00+00:00
[2026-05-27T13:42:53.447+0000] {logging_mixin.py:188} INFO - [2026-05-27T13:42:53.447+0000] {dag.py:3954} INFO - Setting next_dagrun for produce_json to 2026-05-27 11:00:00+00:00, run_after=2026-05-28 11:00:00+00:00
[2026-05-27T13:42:53.451+0000] {logging_mixin.py:188} INFO - [2026-05-27T13:42:53.451+0000] {dag.py:3954} INFO - Setting next_dagrun for update_db to 2026-05-27 12:00:00+00:00, run_after=2026-05-28 12:00:00+00:00
[2026-05-27T13:42:53.533+0000] {processor.py:183} INFO - Processing /opt/airflow/dags/main.py took 0.532 seconds
[2026-05-27T13:43:24.016+0000] {processor.py:161} INFO - Started process (PID=1912) to work on /opt/airflow/dags/main.py
[2026-05-27T13:43:24.018+0000] {processor.py:830} INFO - Processing file /opt/airflow/dags/main.py for tasks to queue
[2026-05-27T13:43:24.020+0000] {logging_mixin.py:188} INFO - [2026-05-27T13:43:24.020+0000] {dagbag.py:545} INFO - Filling up the DagBag from /opt/airflow/dags/main.py
[2026-05-27T13:43:24.334+0000] {processor.py:840} INFO - DAG(s) 'update_db', 'data_quality', 'produce_json' retrieved from /opt/airflow/dags/main.py
[2026-05-27T13:43:24.397+0000] {logging_mixin.py:188} INFO - [2026-05-27T13:43:24.397+0000] {dag.py:3096} INFO - Sync 3 DAGs
[2026-05-27T13:43:24.422+0000] {logging_mixin.py:188} INFO - [2026-05-27T13:43:24.422+0000] {dag.py:3954} INFO - Setting next_dagrun for data_quality to 2026-05-27 13:00:00+00:00, run_after=2026-05-28 13:00:00+00:00
[2026-05-27T13:43:24.428+0000] {logging_mixin.py:188} INFO - [2026-05-27T13:43:24.428+0000] {dag.py:3954} INFO - Setting next_dagrun for produce_json to 2026-05-27 11:00:00+00:00, run_after=2026-05-28 11:00:00+00:00
[2026-05-27T13:43:24.432+0000] {logging_mixin.py:188} INFO - [2026-05-27T13:43:24.432+0000] {dag.py:3954} INFO - Setting next_dagrun for update_db to 2026-05-27 12:00:00+00:00, run_after=2026-05-28 12:00:00+00:00
[2026-05-27T13:43:24.454+0000] {processor.py:183} INFO - Processing /opt/airflow/dags/main.py took 0.456 seconds
[2026-05-27T13:43:54.906+0000] {processor.py:161} INFO - Started process (PID=1919) to work on /opt/airflow/dags/main.py
[2026-05-27T13:43:54.908+0000] {processor.py:830} INFO - Processing file /opt/airflow/dags/main.py for tasks to queue
[2026-05-27T13:43:54.910+0000] {logging_mixin.py:188} INFO - [2026-05-27T13:43:54.910+0000] {dagbag.py:545} INFO - Filling up the DagBag from /opt/airflow/dags/main.py
[2026-05-27T13:43:55.211+0000] {processor.py:840} INFO - DAG(s) 'update_db', 'data_quality', 'produce_json' retrieved from /opt/airflow/dags/main.py
[2026-05-27T13:43:55.252+0000] {logging_mixin.py:188} INFO - [2026-05-27T13:43:55.252+0000] {dag.py:3096} INFO - Sync 3 DAGs
[2026-05-27T13:43:55.284+0000] {logging_mixin.py:188} INFO - [2026-05-27T13:43:55.284+0000] {dag.py:3954} INFO - Setting next_dagrun for data_quality to 2026-05-27 13:00:00+00:00, run_after=2026-05-28 13:00:00+00:00
[2026-05-27T13:43:55.290+0000] {logging_mixin.py:188} INFO - [2026-05-27T13:43:55.290+0000] {dag.py:3954} INFO - Setting next_dagrun for produce_json to 2026-05-27 11:00:00+00:00, run_after=2026-05-28 11:00:00+00:00
[2026-05-27T13:43:55.296+0000] {logging_mixin.py:188} INFO - [2026-05-27T13:43:55.295+0000] {dag.py:3954} INFO - Setting next_dagrun for update_db to 2026-05-27 12:00:00+00:00, run_after=2026-05-28 12:00:00+00:00
[2026-05-27T13:43:55.318+0000] {processor.py:183} INFO - Processing /opt/airflow/dags/main.py took 0.422 seconds
[2026-05-27T13:44:25.807+0000] {processor.py:161} INFO - Started process (PID=1926) to work on /opt/airflow/dags/main.py
[2026-05-27T13:44:25.810+0000] {processor.py:830} INFO - Processing file /opt/airflow/dags/main.py for tasks to queue
[2026-05-27T13:44:25.813+0000] {logging_mixin.py:188} INFO - [2026-05-27T13:44:25.812+0000] {dagbag.py:545} INFO - Filling up the DagBag from /opt/airflow/dags/main.py
[2026-05-27T13:44:26.092+0000] {processor.py:840} INFO - DAG(s) 'update_db', 'data_quality', 'produce_json' retrieved from /opt/airflow/dags/main.py
[2026-05-27T13:44:26.137+0000] {logging_mixin.py:188} INFO - [2026-05-27T13:44:26.136+0000] {dag.py:3096} INFO - Sync 3 DAGs
[2026-05-27T13:44:26.165+0000] {logging_mixin.py:188} INFO - [2026-05-27T13:44:26.164+0000] {dag.py:3954} INFO - Setting next_dagrun for data_quality to 2026-05-27 13:00:00+00:00, run_after=2026-05-28 13:00:00+00:00
[2026-05-27T13:44:26.172+0000] {logging_mixin.py:188} INFO - [2026-05-27T13:44:26.171+0000] {dag.py:3954} INFO - Setting next_dagrun for produce_json to 2026-05-27 11:00:00+00:00, run_after=2026-05-28 11:00:00+00:00
[2026-05-27T13:44:26.176+0000] {logging_mixin.py:188} INFO - [2026-05-27T13:44:26.176+0000] {dag.py:3954} INFO - Setting next_dagrun for update_db to 2026-05-27 12:00:00+00:00, run_after=2026-05-28 12:00:00+00:00
[2026-05-27T13:44:26.246+0000] {processor.py:183} INFO - Processing /opt/airflow/dags/main.py took 0.456 seconds
[2026-05-27T13:44:56.714+0000] {processor.py:161} INFO - Started process (PID=1933) to work on /opt/airflow/dags/main.py
[2026-05-27T13:44:56.717+0000] {processor.py:830} INFO - Processing file /opt/airflow/dags/main.py for tasks to queue
[2026-05-27T13:44:56.720+0000] {logging_mixin.py:188} INFO - [2026-05-27T13:44:56.719+0000] {dagbag.py:545} INFO - Filling up the DagBag from /opt/airflow/dags/main.py
[2026-05-27T13:44:56.960+0000] {processor.py:840} INFO - DAG(s) 'produce_json', 'data_quality', 'update_db' retrieved from /opt/airflow/dags/main.py
[2026-05-27T13:44:57.033+0000] {logging_mixin.py:188} INFO - [2026-05-27T13:44:57.033+0000] {dag.py:3096} INFO - Sync 3 DAGs
[2026-05-27T13:44:57.066+0000] {logging_mixin.py:188} INFO - [2026-05-27T13:44:57.066+0000] {dag.py:3954} INFO - Setting next_dagrun for data_quality to 2026-05-27 13:00:00+00:00, run_after=2026-05-28 13:00:00+00:00
[2026-05-27T13:44:57.073+0000] {logging_mixin.py:188} INFO - [2026-05-27T13:44:57.073+0000] {dag.py:3954} INFO - Setting next_dagrun for produce_json to 2026-05-27 11:00:00+00:00, run_after=2026-05-28 11:00:00+00:00
[2026-05-27T13:44:57.077+0000] {logging_mixin.py:188} INFO - [2026-05-27T13:44:57.077+0000] {dag.py:3954} INFO - Setting next_dagrun for update_db to 2026-05-27 12:00:00+00:00, run_after=2026-05-28 12:00:00+00:00
[2026-05-27T13:44:57.102+0000] {processor.py:183} INFO - Processing /opt/airflow/dags/main.py took 0.406 seconds
[2026-05-27T13:45:27.607+0000] {processor.py:161} INFO - Started process (PID=1940) to work on /opt/airflow/dags/main.py
[2026-05-27T13:45:27.609+0000] {processor.py:830} INFO - Processing file /opt/airflow/dags/main.py for tasks to queue
[2026-05-27T13:45:27.611+0000] {logging_mixin.py:188} INFO - [2026-05-27T13:45:27.610+0000] {dagbag.py:545} INFO - Filling up the DagBag from /opt/airflow/dags/main.py
[2026-05-27T13:45:27.934+0000] {processor.py:840} INFO - DAG(s) 'data_quality', 'update_db', 'produce_json' retrieved from /opt/airflow/dags/main.py
[2026-05-27T13:45:28.005+0000] {logging_mixin.py:188} INFO - [2026-05-27T13:45:28.005+0000] {dag.py:3096} INFO - Sync 3 DAGs
[2026-05-27T13:45:28.033+0000] {logging_mixin.py:188} INFO - [2026-05-27T13:45:28.033+0000] {dag.py:3954} INFO - Setting next_dagrun for data_quality to 2026-05-27 13:00:00+00:00, run_after=2026-05-28 13:00:00+00:00
[2026-05-27T13:45:28.046+0000] {logging_mixin.py:188} INFO - [2026-05-27T13:45:28.045+0000] {dag.py:3954} INFO - Setting next_dagrun for produce_json to 2026-05-27 11:00:00+00:00, run_after=2026-05-28 11:00:00+00:00
[2026-05-27T13:45:28.053+0000] {logging_mixin.py:188} INFO - [2026-05-27T13:45:28.053+0000] {dag.py:3954} INFO - Setting next_dagrun for update_db to 2026-05-27 12:00:00+00:00, run_after=2026-05-28 12:00:00+00:00
[2026-05-27T13:45:28.142+0000] {processor.py:183} INFO - Processing /opt/airflow/dags/main.py took 0.552 seconds
[2026-05-27T13:45:59.234+0000] {processor.py:161} INFO - Started process (PID=1947) to work on /opt/airflow/dags/main.py
[2026-05-27T13:45:59.236+0000] {processor.py:830} INFO - Processing file /opt/airflow/dags/main.py for tasks to queue
[2026-05-27T13:45:59.238+0000] {logging_mixin.py:188} INFO - [2026-05-27T13:45:59.237+0000] {dagbag.py:545} INFO - Filling up the DagBag from /opt/airflow/dags/main.py
[2026-05-27T13:45:59.518+0000] {processor.py:840} INFO - DAG(s) 'data_quality', 'produce_json', 'update_db' retrieved from /opt/airflow/dags/main.py
[2026-05-27T13:45:59.571+0000] {logging_mixin.py:188} INFO - [2026-05-27T13:45:59.570+0000] {dag.py:3096} INFO - Sync 3 DAGs
[2026-05-27T13:45:59.595+0000] {logging_mixin.py:188} INFO - [2026-05-27T13:45:59.595+0000] {dag.py:3954} INFO - Setting next_dagrun for data_quality to 2026-05-27 13:00:00+00:00, run_after=2026-05-28 13:00:00+00:00
[2026-05-27T13:45:59.606+0000] {logging_mixin.py:188} INFO - [2026-05-27T13:45:59.606+0000] {dag.py:3954} INFO - Setting next_dagrun for produce_json to 2026-05-27 11:00:00+00:00, run_after=2026-05-28 11:00:00+00:00
[2026-05-27T13:45:59.612+0000] {logging_mixin.py:188} INFO - [2026-05-27T13:45:59.611+0000] {dag.py:3954} INFO - Setting next_dagrun for update_db to 2026-05-27 12:00:00+00:00, run_after=2026-05-28 12:00:00+00:00
[2026-05-27T13:45:59.691+0000] {processor.py:183} INFO - Processing /opt/airflow/dags/main.py took 0.469 seconds
[2026-05-27T13:46:30.139+0000] {processor.py:161} INFO - Started process (PID=1954) to work on /opt/airflow/dags/main.py
[2026-05-27T13:46:30.141+0000] {processor.py:830} INFO - Processing file /opt/airflow/dags/main.py for tasks to queue
[2026-05-27T13:46:30.143+0000] {logging_mixin.py:188} INFO - [2026-05-27T13:46:30.142+0000] {dagbag.py:545} INFO - Filling up the DagBag from /opt/airflow/dags/main.py
[2026-05-27T13:46:30.379+0000] {processor.py:840} INFO - DAG(s) 'produce_json', 'update_db', 'data_quality' retrieved from /opt/airflow/dags/main.py
[2026-05-27T13:46:30.432+0000] {logging_mixin.py:188} INFO - [2026-05-27T13:46:30.432+0000] {dag.py:3096} INFO - Sync 3 DAGs
[2026-05-27T13:46:30.455+0000] {logging_mixin.py:188} INFO - [2026-05-27T13:46:30.455+0000] {dag.py:3954} INFO - Setting next_dagrun for data_quality to 2026-05-27 13:00:00+00:00, run_after=2026-05-28 13:00:00+00:00
[2026-05-27T13:46:30.466+0000] {logging_mixin.py:188} INFO - [2026-05-27T13:46:30.465+0000] {dag.py:3954} INFO - Setting next_dagrun for produce_json to 2026-05-27 11:00:00+00:00, run_after=2026-05-28 11:00:00+00:00
[2026-05-27T13:46:30.470+0000] {logging_mixin.py:188} INFO - [2026-05-27T13:46:30.470+0000] {dag.py:3954} INFO - Setting next_dagrun for update_db to 2026-05-27 12:00:00+00:00, run_after=2026-05-28 12:00:00+00:00
[2026-05-27T13:46:30.546+0000] {processor.py:183} INFO - Processing /opt/airflow/dags/main.py took 0.421 seconds
[2026-05-27T13:47:01.000+0000] {processor.py:161} INFO - Started process (PID=1961) to work on /opt/airflow/dags/main.py
[2026-05-27T13:47:01.001+0000] {processor.py:830} INFO - Processing file /opt/airflow/dags/main.py for tasks to queue
[2026-05-27T13:47:01.002+0000] {logging_mixin.py:188} INFO - [2026-05-27T13:47:01.002+0000] {dagbag.py:545} INFO - Filling up the DagBag from /opt/airflow/dags/main.py
[2026-05-27T13:47:01.192+0000] {processor.py:840} INFO - DAG(s) 'produce_json', 'data_quality', 'update_db' retrieved from /opt/airflow/dags/main.py
[2026-05-27T13:47:01.236+0000] {logging_mixin.py:188} INFO - [2026-05-27T13:47:01.235+0000] {dag.py:3096} INFO - Sync 3 DAGs
[2026-05-27T13:47:01.264+0000] {logging_mixin.py:188} INFO - [2026-05-27T13:47:01.264+0000] {dag.py:3954} INFO - Setting next_dagrun for data_quality to 2026-05-27 13:00:00+00:00, run_after=2026-05-28 13:00:00+00:00
[2026-05-27T13:47:01.272+0000] {logging_mixin.py:188} INFO - [2026-05-27T13:47:01.272+0000] {dag.py:3954} INFO - Setting next_dagrun for produce_json to 2026-05-27 11:00:00+00:00, run_after=2026-05-28 11:00:00+00:00
[2026-05-27T13:47:01.276+0000] {logging_mixin.py:188} INFO - [2026-05-27T13:47:01.276+0000] {dag.py:3954} INFO - Setting next_dagrun for update_db to 2026-05-27 12:00:00+00:00, run_after=2026-05-28 12:00:00+00:00
[2026-05-27T13:47:01.330+0000] {processor.py:183} INFO - Processing /opt/airflow/dags/main.py took 0.338 seconds
[2026-05-27T13:47:31.448+0000] {processor.py:161} INFO - Started process (PID=1968) to work on /opt/airflow/dags/main.py
[2026-05-27T13:47:31.451+0000] {processor.py:830} INFO - Processing file /opt/airflow/dags/main.py for tasks to queue
[2026-05-27T13:47:31.453+0000] {logging_mixin.py:188} INFO - [2026-05-27T13:47:31.452+0000] {dagbag.py:545} INFO - Filling up the DagBag from /opt/airflow/dags/main.py
[2026-05-27T13:47:31.663+0000] {processor.py:840} INFO - DAG(s) 'update_db', 'data_quality', 'produce_json' retrieved from /opt/airflow/dags/main.py
[2026-05-27T13:47:31.703+0000] {logging_mixin.py:188} INFO - [2026-05-27T13:47:31.702+0000] {dag.py:3096} INFO - Sync 3 DAGs
[2026-05-27T13:47:31.728+0000] {logging_mixin.py:188} INFO - [2026-05-27T13:47:31.727+0000] {dag.py:3954} INFO - Setting next_dagrun for data_quality to 2026-05-27 13:00:00+00:00, run_after=2026-05-28 13:00:00+00:00
[2026-05-27T13:47:31.734+0000] {logging_mixin.py:188} INFO - [2026-05-27T13:47:31.734+0000] {dag.py:3954} INFO - Setting next_dagrun for produce_json to 2026-05-27 11:00:00+00:00, run_after=2026-05-28 11:00:00+00:00
[2026-05-27T13:47:31.738+0000] {logging_mixin.py:188} INFO - [2026-05-27T13:47:31.738+0000] {dag.py:3954} INFO - Setting next_dagrun for update_db to 2026-05-27 12:00:00+00:00, run_after=2026-05-28 12:00:00+00:00
[2026-05-27T13:47:31.819+0000] {processor.py:183} INFO - Processing /opt/airflow/dags/main.py took 0.397 seconds
[2026-05-27T13:48:02.221+0000] {processor.py:161} INFO - Started process (PID=1975) to work on /opt/airflow/dags/main.py
[2026-05-27T13:48:02.224+0000] {processor.py:830} INFO - Processing file /opt/airflow/dags/main.py for tasks to queue
[2026-05-27T13:48:02.226+0000] {logging_mixin.py:188} INFO - [2026-05-27T13:48:02.225+0000] {dagbag.py:545} INFO - Filling up the DagBag from /opt/airflow/dags/main.py
[2026-05-27T13:48:02.436+0000] {processor.py:840} INFO - DAG(s) 'data_quality', 'update_db', 'produce_json' retrieved from /opt/airflow/dags/main.py
[2026-05-27T13:48:02.500+0000] {logging_mixin.py:188} INFO - [2026-05-27T13:48:02.500+0000] {dag.py:3096} INFO - Sync 3 DAGs
[2026-05-27T13:48:02.535+0000] {logging_mixin.py:188} INFO - [2026-05-27T13:48:02.535+0000] {dag.py:3954} INFO - Setting next_dagrun for data_quality to 2026-05-27 13:00:00+00:00, run_after=2026-05-28 13:00:00+00:00
[2026-05-27T13:48:02.543+0000] {logging_mixin.py:188} INFO - [2026-05-27T13:48:02.543+0000] {dag.py:3954} INFO - Setting next_dagrun for produce_json to 2026-05-27 11:00:00+00:00, run_after=2026-05-28 11:00:00+00:00
[2026-05-27T13:48:02.547+0000] {logging_mixin.py:188} INFO - [2026-05-27T13:48:02.547+0000] {dag.py:3954} INFO - Setting next_dagrun for update_db to 2026-05-27 12:00:00+00:00, run_after=2026-05-28 12:00:00+00:00
[2026-05-27T13:48:02.628+0000] {processor.py:183} INFO - Processing /opt/airflow/dags/main.py took 0.431 seconds
[2026-05-27T13:48:33.081+0000] {processor.py:161} INFO - Started process (PID=1982) to work on /opt/airflow/dags/main.py
[2026-05-27T13:48:33.083+0000] {processor.py:830} INFO - Processing file /opt/airflow/dags/main.py for tasks to queue
[2026-05-27T13:48:33.085+0000] {logging_mixin.py:188} INFO - [2026-05-27T13:48:33.084+0000] {dagbag.py:545} INFO - Filling up the DagBag from /opt/airflow/dags/main.py
[2026-05-27T13:48:33.293+0000] {processor.py:840} INFO - DAG(s) 'data_quality', 'update_db', 'produce_json' retrieved from /opt/airflow/dags/main.py
[2026-05-27T13:48:33.335+0000] {logging_mixin.py:188} INFO - [2026-05-27T13:48:33.335+0000] {dag.py:3096} INFO - Sync 3 DAGs
[2026-05-27T13:48:33.372+0000] {logging_mixin.py:188} INFO - [2026-05-27T13:48:33.372+0000] {dag.py:3954} INFO - Setting next_dagrun for data_quality to 2026-05-27 13:00:00+00:00, run_after=2026-05-28 13:00:00+00:00
[2026-05-27T13:48:33.382+0000] {logging_mixin.py:188} INFO - [2026-05-27T13:48:33.382+0000] {dag.py:3954} INFO - Setting next_dagrun for produce_json to 2026-05-27 11:00:00+00:00, run_after=2026-05-28 11:00:00+00:00
[2026-05-27T13:48:33.390+0000] {logging_mixin.py:188} INFO - [2026-05-27T13:48:33.389+0000] {dag.py:3954} INFO - Setting next_dagrun for update_db to 2026-05-27 12:00:00+00:00, run_after=2026-05-28 12:00:00+00:00
[2026-05-27T13:48:33.463+0000] {processor.py:183} INFO - Processing /opt/airflow/dags/main.py took 0.390 seconds
[2026-05-27T14:19:06.151+0000] {processor.py:161} INFO - Started process (PID=1983) to work on /opt/airflow/dags/main.py
[2026-05-27T14:19:06.153+0000] {processor.py:830} INFO - Processing file /opt/airflow/dags/main.py for tasks to queue
[2026-05-27T14:19:06.156+0000] {logging_mixin.py:188} INFO - [2026-05-27T14:19:06.155+0000] {dagbag.py:545} INFO - Filling up the DagBag from /opt/airflow/dags/main.py
[2026-05-27T14:19:06.556+0000] {processor.py:840} INFO - DAG(s) 'produce_json', 'data_quality', 'update_db' retrieved from /opt/airflow/dags/main.py
[2026-05-27T14:19:06.726+0000] {logging_mixin.py:188} INFO - [2026-05-27T14:19:06.725+0000] {dag.py:3096} INFO - Sync 3 DAGs
[2026-05-27T14:19:06.855+0000] {logging_mixin.py:188} INFO - [2026-05-27T14:19:06.854+0000] {dag.py:3954} INFO - Setting next_dagrun for data_quality to 2026-05-27 13:00:00+00:00, run_after=2026-05-28 13:00:00+00:00
[2026-05-27T14:19:06.887+0000] {logging_mixin.py:188} INFO - [2026-05-27T14:19:06.886+0000] {dag.py:3954} INFO - Setting next_dagrun for produce_json to 2026-05-27 11:00:00+00:00, run_after=2026-05-28 11:00:00+00:00
[2026-05-27T14:19:06.907+0000] {logging_mixin.py:188} INFO - [2026-05-27T14:19:06.907+0000] {dag.py:3954} INFO - Setting next_dagrun for update_db to 2026-05-27 12:00:00+00:00, run_after=2026-05-28 12:00:00+00:00
[2026-05-27T14:19:06.994+0000] {processor.py:183} INFO - Processing /opt/airflow/dags/main.py took 0.859 seconds
[2026-05-27T14:19:37.274+0000] {processor.py:161} INFO - Started process (PID=1991) to work on /opt/airflow/dags/main.py
[2026-05-27T14:19:37.275+0000] {processor.py:830} INFO - Processing file /opt/airflow/dags/main.py for tasks to queue
[2026-05-27T14:19:37.276+0000] {logging_mixin.py:188} INFO - [2026-05-27T14:19:37.276+0000] {dagbag.py:545} INFO - Filling up the DagBag from /opt/airflow/dags/main.py
[2026-05-27T14:19:37.458+0000] {processor.py:840} INFO - DAG(s) 'data_quality', 'update_db', 'produce_json' retrieved from /opt/airflow/dags/main.py
[2026-05-27T14:19:37.493+0000] {logging_mixin.py:188} INFO - [2026-05-27T14:19:37.493+0000] {dag.py:3096} INFO - Sync 3 DAGs
[2026-05-27T14:19:37.514+0000] {logging_mixin.py:188} INFO - [2026-05-27T14:19:37.514+0000] {dag.py:3954} INFO - Setting next_dagrun for data_quality to 2026-05-27 13:00:00+00:00, run_after=2026-05-28 13:00:00+00:00
[2026-05-27T14:19:37.519+0000] {logging_mixin.py:188} INFO - [2026-05-27T14:19:37.519+0000] {dag.py:3954} INFO - Setting next_dagrun for produce_json to 2026-05-27 11:00:00+00:00, run_after=2026-05-28 11:00:00+00:00
[2026-05-27T14:19:37.523+0000] {logging_mixin.py:188} INFO - [2026-05-27T14:19:37.523+0000] {dag.py:3954} INFO - Setting next_dagrun for update_db to 2026-05-27 12:00:00+00:00, run_after=2026-05-28 12:00:00+00:00
[2026-05-27T14:19:37.582+0000] {processor.py:183} INFO - Processing /opt/airflow/dags/main.py took 0.316 seconds
[2026-05-27T14:20:07.861+0000] {processor.py:161} INFO - Started process (PID=1998) to work on /opt/airflow/dags/main.py
[2026-05-27T14:20:07.863+0000] {processor.py:830} INFO - Processing file /opt/airflow/dags/main.py for tasks to queue
[2026-05-27T14:20:07.864+0000] {logging_mixin.py:188} INFO - [2026-05-27T14:20:07.864+0000] {dagbag.py:545} INFO - Filling up the DagBag from /opt/airflow/dags/main.py
[2026-05-27T14:20:08.041+0000] {processor.py:840} INFO - DAG(s) 'update_db', 'data_quality', 'produce_json' retrieved from /opt/airflow/dags/main.py
[2026-05-27T14:20:08.081+0000] {logging_mixin.py:188} INFO - [2026-05-27T14:20:08.081+0000] {dag.py:3096} INFO - Sync 3 DAGs
[2026-05-27T14:20:08.106+0000] {logging_mixin.py:188} INFO - [2026-05-27T14:20:08.106+0000] {dag.py:3954} INFO - Setting next_dagrun for data_quality to 2026-05-27 13:00:00+00:00, run_after=2026-05-28 13:00:00+00:00
[2026-05-27T14:20:08.111+0000] {logging_mixin.py:188} INFO - [2026-05-27T14:20:08.111+0000] {dag.py:3954} INFO - Setting next_dagrun for produce_json to 2026-05-27 11:00:00+00:00, run_after=2026-05-28 11:00:00+00:00
[2026-05-27T14:20:08.114+0000] {logging_mixin.py:188} INFO - [2026-05-27T14:20:08.114+0000] {dag.py:3954} INFO - Setting next_dagrun for update_db to 2026-05-27 12:00:00+00:00, run_after=2026-05-28 12:00:00+00:00
[2026-05-27T14:20:08.132+0000] {processor.py:183} INFO - Processing /opt/airflow/dags/main.py took 0.279 seconds
[2026-05-27T14:20:38.488+0000] {processor.py:161} INFO - Started process (PID=2005) to work on /opt/airflow/dags/main.py
[2026-05-27T14:20:38.492+0000] {processor.py:830} INFO - Processing file /opt/airflow/dags/main.py for tasks to queue
[2026-05-27T14:20:38.494+0000] {logging_mixin.py:188} INFO - [2026-05-27T14:20:38.494+0000] {dagbag.py:545} INFO - Filling up the DagBag from /opt/airflow/dags/main.py
[2026-05-27T14:20:38.885+0000] {processor.py:840} INFO - DAG(s) 'update_db', 'produce_json', 'data_quality' retrieved from /opt/airflow/dags/main.py
[2026-05-27T14:20:38.934+0000] {logging_mixin.py:188} INFO - [2026-05-27T14:20:38.934+0000] {dag.py:3096} INFO - Sync 3 DAGs
[2026-05-27T14:20:38.971+0000] {logging_mixin.py:188} INFO - [2026-05-27T14:20:38.971+0000] {dag.py:3954} INFO - Setting next_dagrun for data_quality to 2026-05-27 13:00:00+00:00, run_after=2026-05-28 13:00:00+00:00
[2026-05-27T14:20:38.986+0000] {logging_mixin.py:188} INFO - [2026-05-27T14:20:38.985+0000] {dag.py:3954} INFO - Setting next_dagrun for produce_json to 2026-05-27 11:00:00+00:00, run_after=2026-05-28 11:00:00+00:00
[2026-05-27T14:20:38.994+0000] {logging_mixin.py:188} INFO - [2026-05-27T14:20:38.994+0000] {dag.py:3954} INFO - Setting next_dagrun for update_db to 2026-05-27 12:00:00+00:00, run_after=2026-05-28 12:00:00+00:00
[2026-05-27T14:20:39.060+0000] {processor.py:183} INFO - Processing /opt/airflow/dags/main.py took 0.634 seconds
[2026-05-27T14:21:09.433+0000] {processor.py:161} INFO - Started process (PID=2012) to work on /opt/airflow/dags/main.py
[2026-05-27T14:21:09.434+0000] {processor.py:830} INFO - Processing file /opt/airflow/dags/main.py for tasks to queue
[2026-05-27T14:21:09.435+0000] {logging_mixin.py:188} INFO - [2026-05-27T14:21:09.435+0000] {dagbag.py:545} INFO - Filling up the DagBag from /opt/airflow/dags/main.py
[2026-05-27T14:21:09.810+0000] {processor.py:840} INFO - DAG(s) 'data_quality', 'update_db', 'produce_json' retrieved from /opt/airflow/dags/main.py
[2026-05-27T14:21:09.861+0000] {logging_mixin.py:188} INFO - [2026-05-27T14:21:09.861+0000] {dag.py:3096} INFO - Sync 3 DAGs
[2026-05-27T14:21:09.892+0000] {logging_mixin.py:188} INFO - [2026-05-27T14:21:09.892+0000] {dag.py:3954} INFO - Setting next_dagrun for data_quality to 2026-05-27 13:00:00+00:00, run_after=2026-05-28 13:00:00+00:00
[2026-05-27T14:21:09.905+0000] {logging_mixin.py:188} INFO - [2026-05-27T14:21:09.905+0000] {dag.py:3954} INFO - Setting next_dagrun for produce_json to 2026-05-27 11:00:00+00:00, run_after=2026-05-28 11:00:00+00:00
[2026-05-27T14:21:09.909+0000] {logging_mixin.py:188} INFO - [2026-05-27T14:21:09.909+0000] {dag.py:3954} INFO - Setting next_dagrun for update_db to 2026-05-27 12:00:00+00:00, run_after=2026-05-28 12:00:00+00:00
[2026-05-27T14:21:09.934+0000] {processor.py:183} INFO - Processing /opt/airflow/dags/main.py took 0.510 seconds
[2026-05-27T14:21:40.414+0000] {processor.py:161} INFO - Started process (PID=2019) to work on /opt/airflow/dags/main.py
[2026-05-27T14:21:40.416+0000] {processor.py:830} INFO - Processing file /opt/airflow/dags/main.py for tasks to queue
[2026-05-27T14:21:40.417+0000] {logging_mixin.py:188} INFO - [2026-05-27T14:21:40.417+0000] {dagbag.py:545} INFO - Filling up the DagBag from /opt/airflow/dags/main.py
[2026-05-27T14:21:40.670+0000] {processor.py:840} INFO - DAG(s) 'update_db', 'produce_json', 'data_quality' retrieved from /opt/airflow/dags/main.py
[2026-05-27T14:21:40.718+0000] {logging_mixin.py:188} INFO - [2026-05-27T14:21:40.718+0000] {dag.py:3096} INFO - Sync 3 DAGs
[2026-05-27T14:21:40.749+0000] {logging_mixin.py:188} INFO - [2026-05-27T14:21:40.749+0000] {dag.py:3954} INFO - Setting next_dagrun for data_quality to 2026-05-27 13:00:00+00:00, run_after=2026-05-28 13:00:00+00:00
[2026-05-27T14:21:40.757+0000] {logging_mixin.py:188} INFO - [2026-05-27T14:21:40.756+0000] {dag.py:3954} INFO - Setting next_dagrun for produce_json to 2026-05-27 11:00:00+00:00, run_after=2026-05-28 11:00:00+00:00
[2026-05-27T14:21:40.761+0000] {logging_mixin.py:188} INFO - [2026-05-27T14:21:40.761+0000] {dag.py:3954} INFO - Setting next_dagrun for update_db to 2026-05-27 12:00:00+00:00, run_after=2026-05-28 12:00:00+00:00
[2026-05-27T14:21:40.789+0000] {processor.py:183} INFO - Processing /opt/airflow/dags/main.py took 0.387 seconds
[2026-05-27T14:22:11.175+0000] {processor.py:161} INFO - Started process (PID=2026) to work on /opt/airflow/dags/main.py
[2026-05-27T14:22:11.177+0000] {processor.py:830} INFO - Processing file /opt/airflow/dags/main.py for tasks to queue
[2026-05-27T14:22:11.179+0000] {logging_mixin.py:188} INFO - [2026-05-27T14:22:11.178+0000] {dagbag.py:545} INFO - Filling up the DagBag from /opt/airflow/dags/main.py
[2026-05-27T14:22:11.539+0000] {processor.py:840} INFO - DAG(s) 'produce_json', 'update_db', 'data_quality' retrieved from /opt/airflow/dags/main.py
[2026-05-27T14:22:11.602+0000] {logging_mixin.py:188} INFO - [2026-05-27T14:22:11.601+0000] {dag.py:3096} INFO - Sync 3 DAGs
[2026-05-27T14:22:11.637+0000] {logging_mixin.py:188} INFO - [2026-05-27T14:22:11.637+0000] {dag.py:3954} INFO - Setting next_dagrun for data_quality to 2026-05-27 13:00:00+00:00, run_after=2026-05-28 13:00:00+00:00
[2026-05-27T14:22:11.647+0000] {logging_mixin.py:188} INFO - [2026-05-27T14:22:11.647+0000] {dag.py:3954} INFO - Setting next_dagrun for produce_json to 2026-05-27 11:00:00+00:00, run_after=2026-05-28 11:00:00+00:00
[2026-05-27T14:22:11.652+0000] {logging_mixin.py:188} INFO - [2026-05-27T14:22:11.652+0000] {dag.py:3954} INFO - Setting next_dagrun for update_db to 2026-05-27 12:00:00+00:00, run_after=2026-05-28 12:00:00+00:00
[2026-05-27T14:22:11.744+0000] {processor.py:183} INFO - Processing /opt/airflow/dags/main.py took 0.581 seconds
[2026-05-27T14:22:42.311+0000] {processor.py:161} INFO - Started process (PID=2033) to work on /opt/airflow/dags/main.py
[2026-05-27T14:22:42.314+0000] {processor.py:830} INFO - Processing file /opt/airflow/dags/main.py for tasks to queue
[2026-05-27T14:22:42.317+0000] {logging_mixin.py:188} INFO - [2026-05-27T14:22:42.316+0000] {dagbag.py:545} INFO - Filling up the DagBag from /opt/airflow/dags/main.py
[2026-05-27T14:22:42.693+0000] {processor.py:840} INFO - DAG(s) 'produce_json', 'data_quality', 'update_db' retrieved from /opt/airflow/dags/main.py
[2026-05-27T14:22:42.772+0000] {logging_mixin.py:188} INFO - [2026-05-27T14:22:42.771+0000] {dag.py:3096} INFO - Sync 3 DAGs
[2026-05-27T14:22:42.811+0000] {logging_mixin.py:188} INFO - [2026-05-27T14:22:42.811+0000] {dag.py:3954} INFO - Setting next_dagrun for data_quality to 2026-05-27 13:00:00+00:00, run_after=2026-05-28 13:00:00+00:00
[2026-05-27T14:22:42.821+0000] {logging_mixin.py:188} INFO - [2026-05-27T14:22:42.820+0000] {dag.py:3954} INFO - Setting next_dagrun for produce_json to 2026-05-27 11:00:00+00:00, run_after=2026-05-28 11:00:00+00:00
[2026-05-27T14:22:42.827+0000] {logging_mixin.py:188} INFO - [2026-05-27T14:22:42.826+0000] {dag.py:3954} INFO - Setting next_dagrun for update_db to 2026-05-27 12:00:00+00:00, run_after=2026-05-28 12:00:00+00:00
[2026-05-27T14:22:42.900+0000] {processor.py:183} INFO - Processing /opt/airflow/dags/main.py took 0.611 seconds
[2026-05-27T14:23:13.282+0000] {processor.py:161} INFO - Started process (PID=2046) to work on /opt/airflow/dags/main.py
[2026-05-27T14:23:13.283+0000] {processor.py:830} INFO - Processing file /opt/airflow/dags/main.py for tasks to queue
[2026-05-27T14:23:13.285+0000] {logging_mixin.py:188} INFO - [2026-05-27T14:23:13.284+0000] {dagbag.py:545} INFO - Filling up the DagBag from /opt/airflow/dags/main.py
[2026-05-27T14:23:13.546+0000] {processor.py:840} INFO - DAG(s) 'data_quality', 'produce_json', 'update_db' retrieved from /opt/airflow/dags/main.py
[2026-05-27T14:23:13.594+0000] {logging_mixin.py:188} INFO - [2026-05-27T14:23:13.594+0000] {dag.py:3096} INFO - Sync 3 DAGs
[2026-05-27T14:23:13.622+0000] {logging_mixin.py:188} INFO - [2026-05-27T14:23:13.622+0000] {dag.py:3954} INFO - Setting next_dagrun for data_quality to 2026-05-27 13:00:00+00:00, run_after=2026-05-28 13:00:00+00:00
[2026-05-27T14:23:13.630+0000] {logging_mixin.py:188} INFO - [2026-05-27T14:23:13.629+0000] {dag.py:3954} INFO - Setting next_dagrun for produce_json to 2026-05-27 11:00:00+00:00, run_after=2026-05-28 11:00:00+00:00
[2026-05-27T14:23:13.634+0000] {logging_mixin.py:188} INFO - [2026-05-27T14:23:13.634+0000] {dag.py:3954} INFO - Setting next_dagrun for update_db to 2026-05-27 12:00:00+00:00, run_after=2026-05-28 12:00:00+00:00
[2026-05-27T14:23:13.693+0000] {processor.py:183} INFO - Processing /opt/airflow/dags/main.py took 0.421 seconds
[2026-05-27T14:23:44.130+0000] {processor.py:161} INFO - Started process (PID=2053) to work on /opt/airflow/dags/main.py
[2026-05-27T14:23:44.133+0000] {processor.py:830} INFO - Processing file /opt/airflow/dags/main.py for tasks to queue
[2026-05-27T14:23:44.135+0000] {logging_mixin.py:188} INFO - [2026-05-27T14:23:44.135+0000] {dagbag.py:545} INFO - Filling up the DagBag from /opt/airflow/dags/main.py
[2026-05-27T14:23:44.460+0000] {processor.py:840} INFO - DAG(s) 'produce_json', 'update_db', 'data_quality' retrieved from /opt/airflow/dags/main.py
[2026-05-27T14:23:44.506+0000] {logging_mixin.py:188} INFO - [2026-05-27T14:23:44.506+0000] {dag.py:3096} INFO - Sync 3 DAGs
[2026-05-27T14:23:44.535+0000] {logging_mixin.py:188} INFO - [2026-05-27T14:23:44.535+0000] {dag.py:3954} INFO - Setting next_dagrun for data_quality to 2026-05-27 13:00:00+00:00, run_after=2026-05-28 13:00:00+00:00
[2026-05-27T14:23:44.542+0000] {logging_mixin.py:188} INFO - [2026-05-27T14:23:44.542+0000] {dag.py:3954} INFO - Setting next_dagrun for produce_json to 2026-05-27 11:00:00+00:00, run_after=2026-05-28 11:00:00+00:00
[2026-05-27T14:23:44.547+0000] {logging_mixin.py:188} INFO - [2026-05-27T14:23:44.546+0000] {dag.py:3954} INFO - Setting next_dagrun for update_db to 2026-05-27 12:00:00+00:00, run_after=2026-05-28 12:00:00+00:00
[2026-05-27T14:23:44.633+0000] {processor.py:183} INFO - Processing /opt/airflow/dags/main.py took 0.518 seconds
[2026-05-27T14:24:15.727+0000] {processor.py:161} INFO - Started process (PID=2060) to work on /opt/airflow/dags/main.py
[2026-05-27T14:24:15.729+0000] {processor.py:830} INFO - Processing file /opt/airflow/dags/main.py for tasks to queue
[2026-05-27T14:24:15.732+0000] {logging_mixin.py:188} INFO - [2026-05-27T14:24:15.731+0000] {dagbag.py:545} INFO - Filling up the DagBag from /opt/airflow/dags/main.py
[2026-05-27T14:24:16.063+0000] {processor.py:840} INFO - DAG(s) 'update_db', 'produce_json', 'data_quality' retrieved from /opt/airflow/dags/main.py
[2026-05-27T14:24:16.131+0000] {logging_mixin.py:188} INFO - [2026-05-27T14:24:16.130+0000] {dag.py:3096} INFO - Sync 3 DAGs
[2026-05-27T14:24:16.167+0000] {logging_mixin.py:188} INFO - [2026-05-27T14:24:16.167+0000] {dag.py:3954} INFO - Setting next_dagrun for data_quality to 2026-05-27 13:00:00+00:00, run_after=2026-05-28 13:00:00+00:00
[2026-05-27T14:24:16.176+0000] {logging_mixin.py:188} INFO - [2026-05-27T14:24:16.176+0000] {dag.py:3954} INFO - Setting next_dagrun for produce_json to 2026-05-27 11:00:00+00:00, run_after=2026-05-28 11:00:00+00:00
[2026-05-27T14:24:16.183+0000] {logging_mixin.py:188} INFO - [2026-05-27T14:24:16.183+0000] {dag.py:3954} INFO - Setting next_dagrun for update_db to 2026-05-27 12:00:00+00:00, run_after=2026-05-28 12:00:00+00:00
[2026-05-27T14:24:16.275+0000] {processor.py:183} INFO - Processing /opt/airflow/dags/main.py took 0.568 seconds
[2026-05-27T14:24:46.742+0000] {processor.py:161} INFO - Started process (PID=2067) to work on /opt/airflow/dags/main.py
[2026-05-27T14:24:46.745+0000] {processor.py:830} INFO - Processing file /opt/airflow/dags/main.py for tasks to queue
[2026-05-27T14:24:46.748+0000] {logging_mixin.py:188} INFO - [2026-05-27T14:24:46.747+0000] {dagbag.py:545} INFO - Filling up the DagBag from /opt/airflow/dags/main.py
[2026-05-27T14:24:47.053+0000] {processor.py:840} INFO - DAG(s) 'update_db', 'produce_json', 'data_quality' retrieved from /opt/airflow/dags/main.py
[2026-05-27T14:24:47.099+0000] {logging_mixin.py:188} INFO - [2026-05-27T14:24:47.099+0000] {dag.py:3096} INFO - Sync 3 DAGs
[2026-05-27T14:24:47.128+0000] {logging_mixin.py:188} INFO - [2026-05-27T14:24:47.128+0000] {dag.py:3954} INFO - Setting next_dagrun for data_quality to 2026-05-27 13:00:00+00:00, run_after=2026-05-28 13:00:00+00:00
[2026-05-27T14:24:47.136+0000] {logging_mixin.py:188} INFO - [2026-05-27T14:24:47.136+0000] {dag.py:3954} INFO - Setting next_dagrun for produce_json to 2026-05-27 11:00:00+00:00, run_after=2026-05-28 11:00:00+00:00
[2026-05-27T14:24:47.141+0000] {logging_mixin.py:188} INFO - [2026-05-27T14:24:47.141+0000] {dag.py:3954} INFO - Setting next_dagrun for update_db to 2026-05-27 12:00:00+00:00, run_after=2026-05-28 12:00:00+00:00
[2026-05-27T14:24:47.171+0000] {processor.py:183} INFO - Processing /opt/airflow/dags/main.py took 0.447 seconds
[2026-05-27T14:25:17.502+0000] {processor.py:161} INFO - Started process (PID=2074) to work on /opt/airflow/dags/main.py
[2026-05-27T14:25:17.506+0000] {processor.py:830} INFO - Processing file /opt/airflow/dags/main.py for tasks to queue
[2026-05-27T14:25:17.509+0000] {logging_mixin.py:188} INFO - [2026-05-27T14:25:17.508+0000] {dagbag.py:545} INFO - Filling up the DagBag from /opt/airflow/dags/main.py
[2026-05-27T14:25:17.764+0000] {processor.py:840} INFO - DAG(s) 'produce_json', 'data_quality', 'update_db' retrieved from /opt/airflow/dags/main.py
[2026-05-27T14:25:17.816+0000] {logging_mixin.py:188} INFO - [2026-05-27T14:25:17.815+0000] {dag.py:3096} INFO - Sync 3 DAGs
[2026-05-27T14:25:17.846+0000] {logging_mixin.py:188} INFO - [2026-05-27T14:25:17.846+0000] {dag.py:3954} INFO - Setting next_dagrun for data_quality to 2026-05-27 13:00:00+00:00, run_after=2026-05-28 13:00:00+00:00
[2026-05-27T14:25:17.854+0000] {logging_mixin.py:188} INFO - [2026-05-27T14:25:17.854+0000] {dag.py:3954} INFO - Setting next_dagrun for produce_json to 2026-05-27 11:00:00+00:00, run_after=2026-05-28 11:00:00+00:00
[2026-05-27T14:25:17.859+0000] {logging_mixin.py:188} INFO - [2026-05-27T14:25:17.859+0000] {dag.py:3954} INFO - Setting next_dagrun for update_db to 2026-05-27 12:00:00+00:00, run_after=2026-05-28 12:00:00+00:00
[2026-05-27T14:25:17.886+0000] {processor.py:183} INFO - Processing /opt/airflow/dags/main.py took 0.403 seconds
[2026-05-27T14:25:48.302+0000] {processor.py:161} INFO - Started process (PID=2081) to work on /opt/airflow/dags/main.py
[2026-05-27T14:25:48.305+0000] {processor.py:830} INFO - Processing file /opt/airflow/dags/main.py for tasks to queue
[2026-05-27T14:25:48.307+0000] {logging_mixin.py:188} INFO - [2026-05-27T14:25:48.306+0000] {dagbag.py:545} INFO - Filling up the DagBag from /opt/airflow/dags/main.py
[2026-05-27T14:25:48.511+0000] {processor.py:840} INFO - DAG(s) 'data_quality', 'produce_json', 'update_db' retrieved from /opt/airflow/dags/main.py
[2026-05-27T14:25:48.558+0000] {logging_mixin.py:188} INFO - [2026-05-27T14:25:48.558+0000] {dag.py:3096} INFO - Sync 3 DAGs
[2026-05-27T14:25:48.587+0000] {logging_mixin.py:188} INFO - [2026-05-27T14:25:48.587+0000] {dag.py:3954} INFO - Setting next_dagrun for data_quality to 2026-05-27 13:00:00+00:00, run_after=2026-05-28 13:00:00+00:00
[2026-05-27T14:25:48.594+0000] {logging_mixin.py:188} INFO - [2026-05-27T14:25:48.593+0000] {dag.py:3954} INFO - Setting next_dagrun for produce_json to 2026-05-27 11:00:00+00:00, run_after=2026-05-28 11:00:00+00:00
[2026-05-27T14:25:48.598+0000] {logging_mixin.py:188} INFO - [2026-05-27T14:25:48.598+0000] {dag.py:3954} INFO - Setting next_dagrun for update_db to 2026-05-27 12:00:00+00:00, run_after=2026-05-28 12:00:00+00:00
[2026-05-27T14:25:48.620+0000] {processor.py:183} INFO - Processing /opt/airflow/dags/main.py took 0.333 seconds
[2026-05-27T14:26:19.018+0000] {processor.py:161} INFO - Started process (PID=2088) to work on /opt/airflow/dags/main.py
[2026-05-27T14:26:19.020+0000] {processor.py:830} INFO - Processing file /opt/airflow/dags/main.py for tasks to queue
[2026-05-27T14:26:19.021+0000] {logging_mixin.py:188} INFO - [2026-05-27T14:26:19.020+0000] {dagbag.py:545} INFO - Filling up the DagBag from /opt/airflow/dags/main.py
[2026-05-27T14:26:19.252+0000] {processor.py:840} INFO - DAG(s) 'data_quality', 'produce_json', 'update_db' retrieved from /opt/airflow/dags/main.py
[2026-05-27T14:26:19.314+0000] {logging_mixin.py:188} INFO - [2026-05-27T14:26:19.314+0000] {dag.py:3096} INFO - Sync 3 DAGs
[2026-05-27T14:26:19.351+0000] {logging_mixin.py:188} INFO - [2026-05-27T14:26:19.350+0000] {dag.py:3954} INFO - Setting next_dagrun for data_quality to 2026-05-27 13:00:00+00:00, run_after=2026-05-28 13:00:00+00:00
[2026-05-27T14:26:19.362+0000] {logging_mixin.py:188} INFO - [2026-05-27T14:26:19.362+0000] {dag.py:3954} INFO - Setting next_dagrun for produce_json to 2026-05-27 11:00:00+00:00, run_after=2026-05-28 11:00:00+00:00
[2026-05-27T14:26:19.366+0000] {logging_mixin.py:188} INFO - [2026-05-27T14:26:19.366+0000] {dag.py:3954} INFO - Setting next_dagrun for update_db to 2026-05-27 12:00:00+00:00, run_after=2026-05-28 12:00:00+00:00
[2026-05-27T14:26:19.432+0000] {processor.py:183} INFO - Processing /opt/airflow/dags/main.py took 0.425 seconds
[2026-05-27T14:26:49.837+0000] {processor.py:161} INFO - Started process (PID=2095) to work on /opt/airflow/dags/main.py
[2026-05-27T14:26:49.839+0000] {processor.py:830} INFO - Processing file /opt/airflow/dags/main.py for tasks to queue
[2026-05-27T14:26:49.840+0000] {logging_mixin.py:188} INFO - [2026-05-27T14:26:49.840+0000] {dagbag.py:545} INFO - Filling up the DagBag from /opt/airflow/dags/main.py
[2026-05-27T14:26:50.184+0000] {processor.py:840} INFO - DAG(s) 'produce_json', 'update_db', 'data_quality' retrieved from /opt/airflow/dags/main.py
[2026-05-27T14:26:50.231+0000] {logging_mixin.py:188} INFO - [2026-05-27T14:26:50.231+0000] {dag.py:3096} INFO - Sync 3 DAGs
[2026-05-27T14:26:50.257+0000] {logging_mixin.py:188} INFO - [2026-05-27T14:26:50.257+0000] {dag.py:3954} INFO - Setting next_dagrun for data_quality to 2026-05-27 13:00:00+00:00, run_after=2026-05-28 13:00:00+00:00
[2026-05-27T14:26:50.265+0000] {logging_mixin.py:188} INFO - [2026-05-27T14:26:50.265+0000] {dag.py:3954} INFO - Setting next_dagrun for produce_json to 2026-05-27 11:00:00+00:00, run_after=2026-05-28 11:00:00+00:00
[2026-05-27T14:26:50.269+0000] {logging_mixin.py:188} INFO - [2026-05-27T14:26:50.269+0000] {dag.py:3954} INFO - Setting next_dagrun for update_db to 2026-05-27 12:00:00+00:00, run_after=2026-05-28 12:00:00+00:00
[2026-05-27T14:26:50.292+0000] {processor.py:183} INFO - Processing /opt/airflow/dags/main.py took 0.466 seconds
[2026-05-27T14:27:20.717+0000] {processor.py:161} INFO - Started process (PID=2102) to work on /opt/airflow/dags/main.py
[2026-05-27T14:27:20.719+0000] {processor.py:830} INFO - Processing file /opt/airflow/dags/main.py for tasks to queue
[2026-05-27T14:27:20.721+0000] {logging_mixin.py:188} INFO - [2026-05-27T14:27:20.721+0000] {dagbag.py:545} INFO - Filling up the DagBag from /opt/airflow/dags/main.py
[2026-05-27T14:27:20.969+0000] {processor.py:840} INFO - DAG(s) 'update_db', 'produce_json', 'data_quality' retrieved from /opt/airflow/dags/main.py
[2026-05-27T14:27:21.019+0000] {logging_mixin.py:188} INFO - [2026-05-27T14:27:21.019+0000] {dag.py:3096} INFO - Sync 3 DAGs
[2026-05-27T14:27:21.047+0000] {logging_mixin.py:188} INFO - [2026-05-27T14:27:21.047+0000] {dag.py:3954} INFO - Setting next_dagrun for data_quality to 2026-05-27 13:00:00+00:00, run_after=2026-05-28 13:00:00+00:00
[2026-05-27T14:27:21.053+0000] {logging_mixin.py:188} INFO - [2026-05-27T14:27:21.053+0000] {dag.py:3954} INFO - Setting next_dagrun for produce_json to 2026-05-27 11:00:00+00:00, run_after=2026-05-28 11:00:00+00:00
[2026-05-27T14:27:21.058+0000] {logging_mixin.py:188} INFO - [2026-05-27T14:27:21.058+0000] {dag.py:3954} INFO - Setting next_dagrun for update_db to 2026-05-27 12:00:00+00:00, run_after=2026-05-28 12:00:00+00:00
[2026-05-27T14:27:21.144+0000] {processor.py:183} INFO - Processing /opt/airflow/dags/main.py took 0.438 seconds
[2026-05-27T14:27:51.576+0000] {processor.py:161} INFO - Started process (PID=2109) to work on /opt/airflow/dags/main.py
[2026-05-27T14:27:51.579+0000] {processor.py:830} INFO - Processing file /opt/airflow/dags/main.py for tasks to queue
[2026-05-27T14:27:51.582+0000] {logging_mixin.py:188} INFO - [2026-05-27T14:27:51.581+0000] {dagbag.py:545} INFO - Filling up the DagBag from /opt/airflow/dags/main.py
[2026-05-27T14:27:51.877+0000] {processor.py:840} INFO - DAG(s) 'update_db', 'data_quality', 'produce_json' retrieved from /opt/airflow/dags/main.py
[2026-05-27T14:27:51.938+0000] {logging_mixin.py:188} INFO - [2026-05-27T14:27:51.938+0000] {dag.py:3096} INFO - Sync 3 DAGs
[2026-05-27T14:27:51.967+0000] {logging_mixin.py:188} INFO - [2026-05-27T14:27:51.967+0000] {dag.py:3954} INFO - Setting next_dagrun for data_quality to 2026-05-27 13:00:00+00:00, run_after=2026-05-28 13:00:00+00:00
[2026-05-27T14:27:51.976+0000] {logging_mixin.py:188} INFO - [2026-05-27T14:27:51.976+0000] {dag.py:3954} INFO - Setting next_dagrun for produce_json to 2026-05-27 11:00:00+00:00, run_after=2026-05-28 11:00:00+00:00
[2026-05-27T14:27:51.980+0000] {logging_mixin.py:188} INFO - [2026-05-27T14:27:51.980+0000] {dag.py:3954} INFO - Setting next_dagrun for update_db to 2026-05-27 12:00:00+00:00, run_after=2026-05-28 12:00:00+00:00
[2026-05-27T14:27:52.053+0000] {processor.py:183} INFO - Processing /opt/airflow/dags/main.py took 0.496 seconds
[2026-05-27T14:28:22.485+0000] {processor.py:161} INFO - Started process (PID=2116) to work on /opt/airflow/dags/main.py
[2026-05-27T14:28:22.487+0000] {processor.py:830} INFO - Processing file /opt/airflow/dags/main.py for tasks to queue
[2026-05-27T14:28:22.489+0000] {logging_mixin.py:188} INFO - [2026-05-27T14:28:22.489+0000] {dagbag.py:545} INFO - Filling up the DagBag from /opt/airflow/dags/main.py
[2026-05-27T14:28:22.808+0000] {processor.py:840} INFO - DAG(s) 'produce_json', 'data_quality', 'update_db' retrieved from /opt/airflow/dags/main.py
[2026-05-27T14:28:22.854+0000] {logging_mixin.py:188} INFO - [2026-05-27T14:28:22.854+0000] {dag.py:3096} INFO - Sync 3 DAGs
[2026-05-27T14:28:22.885+0000] {logging_mixin.py:188} INFO - [2026-05-27T14:28:22.885+0000] {dag.py:3954} INFO - Setting next_dagrun for data_quality to 2026-05-27 13:00:00+00:00, run_after=2026-05-28 13:00:00+00:00
[2026-05-27T14:28:22.896+0000] {logging_mixin.py:188} INFO - [2026-05-27T14:28:22.895+0000] {dag.py:3954} INFO - Setting next_dagrun for produce_json to 2026-05-27 11:00:00+00:00, run_after=2026-05-28 11:00:00+00:00
[2026-05-27T14:28:22.904+0000] {logging_mixin.py:188} INFO - [2026-05-27T14:28:22.904+0000] {dag.py:3954} INFO - Setting next_dagrun for update_db to 2026-05-27 12:00:00+00:00, run_after=2026-05-28 12:00:00+00:00
[2026-05-27T14:28:23.000+0000] {processor.py:183} INFO - Processing /opt/airflow/dags/main.py took 0.532 seconds
[2026-05-27T14:28:53.425+0000] {processor.py:161} INFO - Started process (PID=2123) to work on /opt/airflow/dags/main.py
[2026-05-27T14:28:53.428+0000] {processor.py:830} INFO - Processing file /opt/airflow/dags/main.py for tasks to queue
[2026-05-27T14:28:53.430+0000] {logging_mixin.py:188} INFO - [2026-05-27T14:28:53.430+0000] {dagbag.py:545} INFO - Filling up the DagBag from /opt/airflow/dags/main.py
[2026-05-27T14:28:53.710+0000] {processor.py:840} INFO - DAG(s) 'update_db', 'data_quality', 'produce_json' retrieved from /opt/airflow/dags/main.py
[2026-05-27T14:28:53.776+0000] {logging_mixin.py:188} INFO - [2026-05-27T14:28:53.776+0000] {dag.py:3096} INFO - Sync 3 DAGs
[2026-05-27T14:28:53.811+0000] {logging_mixin.py:188} INFO - [2026-05-27T14:28:53.810+0000] {dag.py:3954} INFO - Setting next_dagrun for data_quality to 2026-05-27 13:00:00+00:00, run_after=2026-05-28 13:00:00+00:00
[2026-05-27T14:28:53.819+0000] {logging_mixin.py:188} INFO - [2026-05-27T14:28:53.819+0000] {dag.py:3954} INFO - Setting next_dagrun for produce_json to 2026-05-27 11:00:00+00:00, run_after=2026-05-28 11:00:00+00:00
[2026-05-27T14:28:53.824+0000] {logging_mixin.py:188} INFO - [2026-05-27T14:28:53.824+0000] {dag.py:3954} INFO - Setting next_dagrun for update_db to 2026-05-27 12:00:00+00:00, run_after=2026-05-28 12:00:00+00:00
[2026-05-27T14:28:53.898+0000] {processor.py:183} INFO - Processing /opt/airflow/dags/main.py took 0.489 seconds
[2026-05-27T14:29:24.594+0000] {processor.py:161} INFO - Started process (PID=2130) to work on /opt/airflow/dags/main.py
[2026-05-27T14:29:24.595+0000] {processor.py:830} INFO - Processing file /opt/airflow/dags/main.py for tasks to queue
[2026-05-27T14:29:24.597+0000] {logging_mixin.py:188} INFO - [2026-05-27T14:29:24.596+0000] {dagbag.py:545} INFO - Filling up the DagBag from /opt/airflow/dags/main.py
[2026-05-27T14:29:24.860+0000] {processor.py:840} INFO - DAG(s) 'produce_json', 'data_quality', 'update_db' retrieved from /opt/airflow/dags/main.py
[2026-05-27T14:29:24.907+0000] {logging_mixin.py:188} INFO - [2026-05-27T14:29:24.906+0000] {dag.py:3096} INFO - Sync 3 DAGs
[2026-05-27T14:29:24.935+0000] {logging_mixin.py:188} INFO - [2026-05-27T14:29:24.935+0000] {dag.py:3954} INFO - Setting next_dagrun for data_quality to 2026-05-27 13:00:00+00:00, run_after=2026-05-28 13:00:00+00:00
[2026-05-27T14:29:24.944+0000] {logging_mixin.py:188} INFO - [2026-05-27T14:29:24.943+0000] {dag.py:3954} INFO - Setting next_dagrun for produce_json to 2026-05-27 11:00:00+00:00, run_after=2026-05-28 11:00:00+00:00
[2026-05-27T14:29:24.948+0000] {logging_mixin.py:188} INFO - [2026-05-27T14:29:24.948+0000] {dag.py:3954} INFO - Setting next_dagrun for update_db to 2026-05-27 12:00:00+00:00, run_after=2026-05-28 12:00:00+00:00
[2026-05-27T14:29:25.024+0000] {processor.py:183} INFO - Processing /opt/airflow/dags/main.py took 0.440 seconds
[2026-05-27T14:29:55.433+0000] {processor.py:161} INFO - Started process (PID=2137) to work on /opt/airflow/dags/main.py
[2026-05-27T14:29:55.435+0000] {processor.py:830} INFO - Processing file /opt/airflow/dags/main.py for tasks to queue
[2026-05-27T14:29:55.438+0000] {logging_mixin.py:188} INFO - [2026-05-27T14:29:55.437+0000] {dagbag.py:545} INFO - Filling up the DagBag from /opt/airflow/dags/main.py
[2026-05-27T14:29:55.724+0000] {processor.py:840} INFO - DAG(s) 'produce_json', 'data_quality', 'update_db' retrieved from /opt/airflow/dags/main.py
[2026-05-27T14:29:55.774+0000] {logging_mixin.py:188} INFO - [2026-05-27T14:29:55.774+0000] {dag.py:3096} INFO - Sync 3 DAGs
[2026-05-27T14:29:55.806+0000] {logging_mixin.py:188} INFO - [2026-05-27T14:29:55.806+0000] {dag.py:3954} INFO - Setting next_dagrun for data_quality to 2026-05-27 13:00:00+00:00, run_after=2026-05-28 13:00:00+00:00
[2026-05-27T14:29:55.817+0000] {logging_mixin.py:188} INFO - [2026-05-27T14:29:55.816+0000] {dag.py:3954} INFO - Setting next_dagrun for produce_json to 2026-05-27 11:00:00+00:00, run_after=2026-05-28 11:00:00+00:00
[2026-05-27T14:29:55.825+0000] {logging_mixin.py:188} INFO - [2026-05-27T14:29:55.825+0000] {dag.py:3954} INFO - Setting next_dagrun for update_db to 2026-05-27 12:00:00+00:00, run_after=2026-05-28 12:00:00+00:00
[2026-05-27T14:29:55.919+0000] {processor.py:183} INFO - Processing /opt/airflow/dags/main.py took 0.500 seconds
[2026-05-27T14:30:26.364+0000] {processor.py:161} INFO - Started process (PID=2144) to work on /opt/airflow/dags/main.py
[2026-05-27T14:30:26.367+0000] {processor.py:830} INFO - Processing file /opt/airflow/dags/main.py for tasks to queue
[2026-05-27T14:30:26.369+0000] {logging_mixin.py:188} INFO - [2026-05-27T14:30:26.368+0000] {dagbag.py:545} INFO - Filling up the DagBag from /opt/airflow/dags/main.py
[2026-05-27T14:30:26.639+0000] {processor.py:840} INFO - DAG(s) 'update_db', 'data_quality', 'produce_json' retrieved from /opt/airflow/dags/main.py
[2026-05-27T14:30:26.692+0000] {logging_mixin.py:188} INFO - [2026-05-27T14:30:26.691+0000] {dag.py:3096} INFO - Sync 3 DAGs
[2026-05-27T14:30:26.722+0000] {logging_mixin.py:188} INFO - [2026-05-27T14:30:26.722+0000] {dag.py:3954} INFO - Setting next_dagrun for data_quality to 2026-05-27 13:00:00+00:00, run_after=2026-05-28 13:00:00+00:00
[2026-05-27T14:30:26.733+0000] {logging_mixin.py:188} INFO - [2026-05-27T14:30:26.733+0000] {dag.py:3954} INFO - Setting next_dagrun for produce_json to 2026-05-27 11:00:00+00:00, run_after=2026-05-28 11:00:00+00:00
[2026-05-27T14:30:26.738+0000] {logging_mixin.py:188} INFO - [2026-05-27T14:30:26.738+0000] {dag.py:3954} INFO - Setting next_dagrun for update_db to 2026-05-27 12:00:00+00:00, run_after=2026-05-28 12:00:00+00:00
[2026-05-27T14:30:26.781+0000] {processor.py:183} INFO - Processing /opt/airflow/dags/main.py took 0.433 seconds
[2026-05-27T14:30:57.231+0000] {processor.py:161} INFO - Started process (PID=2151) to work on /opt/airflow/dags/main.py
[2026-05-27T14:30:57.233+0000] {processor.py:830} INFO - Processing file /opt/airflow/dags/main.py for tasks to queue
[2026-05-27T14:30:57.235+0000] {logging_mixin.py:188} INFO - [2026-05-27T14:30:57.235+0000] {dagbag.py:545} INFO - Filling up the DagBag from /opt/airflow/dags/main.py
[2026-05-27T14:30:57.534+0000] {processor.py:840} INFO - DAG(s) 'update_db', 'produce_json', 'data_quality' retrieved from /opt/airflow/dags/main.py
[2026-05-27T14:30:57.585+0000] {logging_mixin.py:188} INFO - [2026-05-27T14:30:57.585+0000] {dag.py:3096} INFO - Sync 3 DAGs
[2026-05-27T14:30:57.615+0000] {logging_mixin.py:188} INFO - [2026-05-27T14:30:57.615+0000] {dag.py:3954} INFO - Setting next_dagrun for data_quality to 2026-05-27 13:00:00+00:00, run_after=2026-05-28 13:00:00+00:00
[2026-05-27T14:30:57.623+0000] {logging_mixin.py:188} INFO - [2026-05-27T14:30:57.623+0000] {dag.py:3954} INFO - Setting next_dagrun for produce_json to 2026-05-27 11:00:00+00:00, run_after=2026-05-28 11:00:00+00:00
[2026-05-27T14:30:57.628+0000] {logging_mixin.py:188} INFO - [2026-05-27T14:30:57.628+0000] {dag.py:3954} INFO - Setting next_dagrun for update_db to 2026-05-27 12:00:00+00:00, run_after=2026-05-28 12:00:00+00:00
[2026-05-27T14:30:57.711+0000] {processor.py:183} INFO - Processing /opt/airflow/dags/main.py took 0.498 seconds
[2026-05-27T14:31:28.175+0000] {processor.py:161} INFO - Started process (PID=2158) to work on /opt/airflow/dags/main.py
[2026-05-27T14:31:28.178+0000] {processor.py:830} INFO - Processing file /opt/airflow/dags/main.py for tasks to queue
[2026-05-27T14:31:28.181+0000] {logging_mixin.py:188} INFO - [2026-05-27T14:31:28.180+0000] {dagbag.py:545} INFO - Filling up the DagBag from /opt/airflow/dags/main.py
[2026-05-27T14:31:28.452+0000] {processor.py:840} INFO - DAG(s) 'update_db', 'data_quality', 'produce_json' retrieved from /opt/airflow/dags/main.py
[2026-05-27T14:31:28.500+0000] {logging_mixin.py:188} INFO - [2026-05-27T14:31:28.500+0000] {dag.py:3096} INFO - Sync 3 DAGs
[2026-05-27T14:31:28.538+0000] {logging_mixin.py:188} INFO - [2026-05-27T14:31:28.537+0000] {dag.py:3954} INFO - Setting next_dagrun for data_quality to 2026-05-27 13:00:00+00:00, run_after=2026-05-28 13:00:00+00:00
[2026-05-27T14:31:28.548+0000] {logging_mixin.py:188} INFO - [2026-05-27T14:31:28.548+0000] {dag.py:3954} INFO - Setting next_dagrun for produce_json to 2026-05-27 11:00:00+00:00, run_after=2026-05-28 11:00:00+00:00
[2026-05-27T14:31:28.556+0000] {logging_mixin.py:188} INFO - [2026-05-27T14:31:28.555+0000] {dag.py:3954} INFO - Setting next_dagrun for update_db to 2026-05-27 12:00:00+00:00, run_after=2026-05-28 12:00:00+00:00
[2026-05-27T14:31:28.653+0000] {processor.py:183} INFO - Processing /opt/airflow/dags/main.py took 0.494 seconds
[2026-05-27T14:31:59.049+0000] {processor.py:161} INFO - Started process (PID=2165) to work on /opt/airflow/dags/main.py
[2026-05-27T14:31:59.051+0000] {processor.py:830} INFO - Processing file /opt/airflow/dags/main.py for tasks to queue
[2026-05-27T14:31:59.053+0000] {logging_mixin.py:188} INFO - [2026-05-27T14:31:59.053+0000] {dagbag.py:545} INFO - Filling up the DagBag from /opt/airflow/dags/main.py
[2026-05-27T14:31:59.347+0000] {processor.py:840} INFO - DAG(s) 'produce_json', 'data_quality', 'update_db' retrieved from /opt/airflow/dags/main.py
[2026-05-27T14:31:59.392+0000] {logging_mixin.py:188} INFO - [2026-05-27T14:31:59.392+0000] {dag.py:3096} INFO - Sync 3 DAGs
[2026-05-27T14:31:59.418+0000] {logging_mixin.py:188} INFO - [2026-05-27T14:31:59.418+0000] {dag.py:3954} INFO - Setting next_dagrun for data_quality to 2026-05-27 13:00:00+00:00, run_after=2026-05-28 13:00:00+00:00
[2026-05-27T14:31:59.424+0000] {logging_mixin.py:188} INFO - [2026-05-27T14:31:59.424+0000] {dag.py:3954} INFO - Setting next_dagrun for produce_json to 2026-05-27 11:00:00+00:00, run_after=2026-05-28 11:00:00+00:00
[2026-05-27T14:31:59.428+0000] {logging_mixin.py:188} INFO - [2026-05-27T14:31:59.428+0000] {dag.py:3954} INFO - Setting next_dagrun for update_db to 2026-05-27 12:00:00+00:00, run_after=2026-05-28 12:00:00+00:00
[2026-05-27T14:31:59.468+0000] {processor.py:183} INFO - Processing /opt/airflow/dags/main.py took 0.428 seconds
[2026-05-27T14:32:29.893+0000] {processor.py:161} INFO - Started process (PID=2172) to work on /opt/airflow/dags/main.py
[2026-05-27T14:32:29.896+0000] {processor.py:830} INFO - Processing file /opt/airflow/dags/main.py for tasks to queue
[2026-05-27T14:32:29.899+0000] {logging_mixin.py:188} INFO - [2026-05-27T14:32:29.898+0000] {dagbag.py:545} INFO - Filling up the DagBag from /opt/airflow/dags/main.py
[2026-05-27T14:32:30.162+0000] {processor.py:840} INFO - DAG(s) 'data_quality', 'produce_json', 'update_db' retrieved from /opt/airflow/dags/main.py
[2026-05-27T14:32:30.212+0000] {logging_mixin.py:188} INFO - [2026-05-27T14:32:30.211+0000] {dag.py:3096} INFO - Sync 3 DAGs
[2026-05-27T14:32:30.241+0000] {logging_mixin.py:188} INFO - [2026-05-27T14:32:30.241+0000] {dag.py:3954} INFO - Setting next_dagrun for data_quality to 2026-05-27 13:00:00+00:00, run_after=2026-05-28 13:00:00+00:00
[2026-05-27T14:32:30.249+0000] {logging_mixin.py:188} INFO - [2026-05-27T14:32:30.248+0000] {dag.py:3954} INFO - Setting next_dagrun for produce_json to 2026-05-27 11:00:00+00:00, run_after=2026-05-28 11:00:00+00:00
[2026-05-27T14:32:30.253+0000] {logging_mixin.py:188} INFO - [2026-05-27T14:32:30.253+0000] {dag.py:3954} INFO - Setting next_dagrun for update_db to 2026-05-27 12:00:00+00:00, run_after=2026-05-28 12:00:00+00:00
[2026-05-27T14:32:30.342+0000] {processor.py:183} INFO - Processing /opt/airflow/dags/main.py took 0.467 seconds
[2026-05-27T14:33:00.825+0000] {processor.py:161} INFO - Started process (PID=2180) to work on /opt/airflow/dags/main.py
[2026-05-27T14:33:00.828+0000] {processor.py:830} INFO - Processing file /opt/airflow/dags/main.py for tasks to queue
[2026-05-27T14:33:00.831+0000] {logging_mixin.py:188} INFO - [2026-05-27T14:33:00.830+0000] {dagbag.py:545} INFO - Filling up the DagBag from /opt/airflow/dags/main.py
[2026-05-27T14:33:01.107+0000] {processor.py:840} INFO - DAG(s) 'update_db', 'data_quality', 'produce_json' retrieved from /opt/airflow/dags/main.py
[2026-05-27T14:33:01.154+0000] {logging_mixin.py:188} INFO - [2026-05-27T14:33:01.154+0000] {dag.py:3096} INFO - Sync 3 DAGs
[2026-05-27T14:33:01.181+0000] {logging_mixin.py:188} INFO - [2026-05-27T14:33:01.181+0000] {dag.py:3954} INFO - Setting next_dagrun for data_quality to 2026-05-27 13:00:00+00:00, run_after=2026-05-28 13:00:00+00:00
[2026-05-27T14:33:01.189+0000] {logging_mixin.py:188} INFO - [2026-05-27T14:33:01.188+0000] {dag.py:3954} INFO - Setting next_dagrun for produce_json to 2026-05-27 11:00:00+00:00, run_after=2026-05-28 11:00:00+00:00
[2026-05-27T14:33:01.194+0000] {logging_mixin.py:188} INFO - [2026-05-27T14:33:01.194+0000] {dag.py:3954} INFO - Setting next_dagrun for update_db to 2026-05-27 12:00:00+00:00, run_after=2026-05-28 12:00:00+00:00
[2026-05-27T14:33:01.283+0000] {processor.py:183} INFO - Processing /opt/airflow/dags/main.py took 0.476 seconds
[2026-05-27T14:33:31.595+0000] {processor.py:161} INFO - Started process (PID=2187) to work on /opt/airflow/dags/main.py
[2026-05-27T14:33:31.597+0000] {processor.py:830} INFO - Processing file /opt/airflow/dags/main.py for tasks to queue
[2026-05-27T14:33:31.599+0000] {logging_mixin.py:188} INFO - [2026-05-27T14:33:31.598+0000] {dagbag.py:545} INFO - Filling up the DagBag from /opt/airflow/dags/main.py
[2026-05-27T14:33:31.825+0000] {processor.py:840} INFO - DAG(s) 'produce_json', 'data_quality', 'update_db' retrieved from /opt/airflow/dags/main.py
[2026-05-27T14:33:31.879+0000] {logging_mixin.py:188} INFO - [2026-05-27T14:33:31.879+0000] {dag.py:3096} INFO - Sync 3 DAGs
[2026-05-27T14:33:31.913+0000] {logging_mixin.py:188} INFO - [2026-05-27T14:33:31.913+0000] {dag.py:3954} INFO - Setting next_dagrun for data_quality to 2026-05-27 13:00:00+00:00, run_after=2026-05-28 13:00:00+00:00
[2026-05-27T14:33:31.921+0000] {logging_mixin.py:188} INFO - [2026-05-27T14:33:31.920+0000] {dag.py:3954} INFO - Setting next_dagrun for produce_json to 2026-05-27 11:00:00+00:00, run_after=2026-05-28 11:00:00+00:00
[2026-05-27T14:33:31.925+0000] {logging_mixin.py:188} INFO - [2026-05-27T14:33:31.925+0000] {dag.py:3954} INFO - Setting next_dagrun for update_db to 2026-05-27 12:00:00+00:00, run_after=2026-05-28 12:00:00+00:00
[2026-05-27T14:33:31.996+0000] {processor.py:183} INFO - Processing /opt/airflow/dags/main.py took 0.413 seconds
[2026-05-27T14:34:02.407+0000] {processor.py:161} INFO - Started process (PID=2194) to work on /opt/airflow/dags/main.py
[2026-05-27T14:34:02.408+0000] {processor.py:830} INFO - Processing file /opt/airflow/dags/main.py for tasks to queue
[2026-05-27T14:34:02.410+0000] {logging_mixin.py:188} INFO - [2026-05-27T14:34:02.409+0000] {dagbag.py:545} INFO - Filling up the DagBag from /opt/airflow/dags/main.py
[2026-05-27T14:34:02.641+0000] {processor.py:840} INFO - DAG(s) 'update_db', 'produce_json', 'data_quality' retrieved from /opt/airflow/dags/main.py
[2026-05-27T14:34:02.692+0000] {logging_mixin.py:188} INFO - [2026-05-27T14:34:02.692+0000] {dag.py:3096} INFO - Sync 3 DAGs
[2026-05-27T14:34:02.729+0000] {logging_mixin.py:188} INFO - [2026-05-27T14:34:02.729+0000] {dag.py:3954} INFO - Setting next_dagrun for data_quality to 2026-05-27 13:00:00+00:00, run_after=2026-05-28 13:00:00+00:00
[2026-05-27T14:34:02.742+0000] {logging_mixin.py:188} INFO - [2026-05-27T14:34:02.742+0000] {dag.py:3954} INFO - Setting next_dagrun for produce_json to 2026-05-27 11:00:00+00:00, run_after=2026-05-28 11:00:00+00:00
[2026-05-27T14:34:02.746+0000] {logging_mixin.py:188} INFO - [2026-05-27T14:34:02.746+0000] {dag.py:3954} INFO - Setting next_dagrun for update_db to 2026-05-27 12:00:00+00:00, run_after=2026-05-28 12:00:00+00:00
[2026-05-27T14:34:02.815+0000] {processor.py:183} INFO - Processing /opt/airflow/dags/main.py took 0.417 seconds
[2026-05-27T14:34:33.369+0000] {processor.py:161} INFO - Started process (PID=2201) to work on /opt/airflow/dags/main.py
[2026-05-27T14:34:33.371+0000] {processor.py:830} INFO - Processing file /opt/airflow/dags/main.py for tasks to queue
[2026-05-27T14:34:33.373+0000] {logging_mixin.py:188} INFO - [2026-05-27T14:34:33.372+0000] {dagbag.py:545} INFO - Filling up the DagBag from /opt/airflow/dags/main.py
[2026-05-27T14:34:33.602+0000] {processor.py:840} INFO - DAG(s) 'update_db', 'produce_json', 'data_quality' retrieved from /opt/airflow/dags/main.py
[2026-05-27T14:34:33.655+0000] {logging_mixin.py:188} INFO - [2026-05-27T14:34:33.655+0000] {dag.py:3096} INFO - Sync 3 DAGs
[2026-05-27T14:34:33.685+0000] {logging_mixin.py:188} INFO - [2026-05-27T14:34:33.684+0000] {dag.py:3954} INFO - Setting next_dagrun for data_quality to 2026-05-27 13:00:00+00:00, run_after=2026-05-28 13:00:00+00:00
[2026-05-27T14:34:33.695+0000] {logging_mixin.py:188} INFO - [2026-05-27T14:34:33.695+0000] {dag.py:3954} INFO - Setting next_dagrun for produce_json to 2026-05-27 11:00:00+00:00, run_after=2026-05-28 11:00:00+00:00
[2026-05-27T14:34:33.703+0000] {logging_mixin.py:188} INFO - [2026-05-27T14:34:33.702+0000] {dag.py:3954} INFO - Setting next_dagrun for update_db to 2026-05-27 12:00:00+00:00, run_after=2026-05-28 12:00:00+00:00
[2026-05-27T14:34:33.794+0000] {processor.py:183} INFO - Processing /opt/airflow/dags/main.py took 0.442 seconds
[2026-05-27T14:35:04.242+0000] {processor.py:161} INFO - Started process (PID=2208) to work on /opt/airflow/dags/main.py
[2026-05-27T14:35:04.244+0000] {processor.py:830} INFO - Processing file /opt/airflow/dags/main.py for tasks to queue
[2026-05-27T14:35:04.245+0000] {logging_mixin.py:188} INFO - [2026-05-27T14:35:04.245+0000] {dagbag.py:545} INFO - Filling up the DagBag from /opt/airflow/dags/main.py
[2026-05-27T14:35:04.522+0000] {processor.py:840} INFO - DAG(s) 'update_db', 'produce_json', 'data_quality' retrieved from /opt/airflow/dags/main.py
[2026-05-27T14:35:04.581+0000] {logging_mixin.py:188} INFO - [2026-05-27T14:35:04.580+0000] {dag.py:3096} INFO - Sync 3 DAGs
[2026-05-27T14:35:04.620+0000] {logging_mixin.py:188} INFO - [2026-05-27T14:35:04.620+0000] {dag.py:3954} INFO - Setting next_dagrun for data_quality to 2026-05-27 13:00:00+00:00, run_after=2026-05-28 13:00:00+00:00
[2026-05-27T14:35:04.629+0000] {logging_mixin.py:188} INFO - [2026-05-27T14:35:04.629+0000] {dag.py:3954} INFO - Setting next_dagrun for produce_json to 2026-05-27 11:00:00+00:00, run_after=2026-05-28 11:00:00+00:00
[2026-05-27T14:35:04.633+0000] {logging_mixin.py:188} INFO - [2026-05-27T14:35:04.633+0000] {dag.py:3954} INFO - Setting next_dagrun for update_db to 2026-05-27 12:00:00+00:00, run_after=2026-05-28 12:00:00+00:00
[2026-05-27T14:35:04.660+0000] {processor.py:183} INFO - Processing /opt/airflow/dags/main.py took 0.429 seconds
[2026-05-27T14:35:35.052+0000] {processor.py:161} INFO - Started process (PID=2215) to work on /opt/airflow/dags/main.py
[2026-05-27T14:35:35.054+0000] {processor.py:830} INFO - Processing file /opt/airflow/dags/main.py for tasks to queue
[2026-05-27T14:35:35.055+0000] {logging_mixin.py:188} INFO - [2026-05-27T14:35:35.055+0000] {dagbag.py:545} INFO - Filling up the DagBag from /opt/airflow/dags/main.py
[2026-05-27T14:35:35.364+0000] {processor.py:840} INFO - DAG(s) 'data_quality', 'update_db', 'produce_json' retrieved from /opt/airflow/dags/main.py
[2026-05-27T14:35:35.442+0000] {logging_mixin.py:188} INFO - [2026-05-27T14:35:35.441+0000] {dag.py:3096} INFO - Sync 3 DAGs
[2026-05-27T14:35:35.484+0000] {logging_mixin.py:188} INFO - [2026-05-27T14:35:35.483+0000] {dag.py:3954} INFO - Setting next_dagrun for data_quality to 2026-05-27 13:00:00+00:00, run_after=2026-05-28 13:00:00+00:00
[2026-05-27T14:35:35.492+0000] {logging_mixin.py:188} INFO - [2026-05-27T14:35:35.492+0000] {dag.py:3954} INFO - Setting next_dagrun for produce_json to 2026-05-27 11:00:00+00:00, run_after=2026-05-28 11:00:00+00:00
[2026-05-27T14:35:35.497+0000] {logging_mixin.py:188} INFO - [2026-05-27T14:35:35.497+0000] {dag.py:3954} INFO - Setting next_dagrun for update_db to 2026-05-27 12:00:00+00:00, run_after=2026-05-28 12:00:00+00:00
[2026-05-27T14:35:35.584+0000] {processor.py:183} INFO - Processing /opt/airflow/dags/main.py took 0.541 seconds
[2026-05-27T14:36:06.016+0000] {processor.py:161} INFO - Started process (PID=2222) to work on /opt/airflow/dags/main.py
[2026-05-27T14:36:06.018+0000] {processor.py:830} INFO - Processing file /opt/airflow/dags/main.py for tasks to queue
[2026-05-27T14:36:06.021+0000] {logging_mixin.py:188} INFO - [2026-05-27T14:36:06.020+0000] {dagbag.py:545} INFO - Filling up the DagBag from /opt/airflow/dags/main.py
[2026-05-27T14:36:06.274+0000] {processor.py:840} INFO - DAG(s) 'update_db', 'data_quality', 'produce_json' retrieved from /opt/airflow/dags/main.py
[2026-05-27T14:36:06.360+0000] {logging_mixin.py:188} INFO - [2026-05-27T14:36:06.359+0000] {dag.py:3096} INFO - Sync 3 DAGs
[2026-05-27T14:36:06.398+0000] {logging_mixin.py:188} INFO - [2026-05-27T14:36:06.398+0000] {dag.py:3954} INFO - Setting next_dagrun for data_quality to 2026-05-27 13:00:00+00:00, run_after=2026-05-28 13:00:00+00:00
[2026-05-27T14:36:06.405+0000] {logging_mixin.py:188} INFO - [2026-05-27T14:36:06.405+0000] {dag.py:3954} INFO - Setting next_dagrun for produce_json to 2026-05-27 11:00:00+00:00, run_after=2026-05-28 11:00:00+00:00
[2026-05-27T14:36:06.410+0000] {logging_mixin.py:188} INFO - [2026-05-27T14:36:06.410+0000] {dag.py:3954} INFO - Setting next_dagrun for update_db to 2026-05-27 12:00:00+00:00, run_after=2026-05-28 12:00:00+00:00
[2026-05-27T14:36:06.454+0000] {processor.py:183} INFO - Processing /opt/airflow/dags/main.py took 0.450 seconds
[2026-05-27T14:36:36.858+0000] {processor.py:161} INFO - Started process (PID=2229) to work on /opt/airflow/dags/main.py
[2026-05-27T14:36:36.861+0000] {processor.py:830} INFO - Processing file /opt/airflow/dags/main.py for tasks to queue
[2026-05-27T14:36:36.863+0000] {logging_mixin.py:188} INFO - [2026-05-27T14:36:36.863+0000] {dagbag.py:545} INFO - Filling up the DagBag from /opt/airflow/dags/main.py
[2026-05-27T14:36:37.181+0000] {processor.py:840} INFO - DAG(s) 'produce_json', 'data_quality', 'update_db' retrieved from /opt/airflow/dags/main.py
[2026-05-27T14:36:37.225+0000] {logging_mixin.py:188} INFO - [2026-05-27T14:36:37.224+0000] {dag.py:3096} INFO - Sync 3 DAGs
[2026-05-27T14:36:37.252+0000] {logging_mixin.py:188} INFO - [2026-05-27T14:36:37.252+0000] {dag.py:3954} INFO - Setting next_dagrun for data_quality to 2026-05-27 13:00:00+00:00, run_after=2026-05-28 13:00:00+00:00
[2026-05-27T14:36:37.258+0000] {logging_mixin.py:188} INFO - [2026-05-27T14:36:37.258+0000] {dag.py:3954} INFO - Setting next_dagrun for produce_json to 2026-05-27 11:00:00+00:00, run_after=2026-05-28 11:00:00+00:00
[2026-05-27T14:36:37.263+0000] {logging_mixin.py:188} INFO - [2026-05-27T14:36:37.263+0000] {dag.py:3954} INFO - Setting next_dagrun for update_db to 2026-05-27 12:00:00+00:00, run_after=2026-05-28 12:00:00+00:00
[2026-05-27T14:36:37.288+0000] {processor.py:183} INFO - Processing /opt/airflow/dags/main.py took 0.446 seconds
[2026-05-27T14:37:07.721+0000] {processor.py:161} INFO - Started process (PID=2236) to work on /opt/airflow/dags/main.py
[2026-05-27T14:37:07.724+0000] {processor.py:830} INFO - Processing file /opt/airflow/dags/main.py for tasks to queue
[2026-05-27T14:37:07.726+0000] {logging_mixin.py:188} INFO - [2026-05-27T14:37:07.725+0000] {dagbag.py:545} INFO - Filling up the DagBag from /opt/airflow/dags/main.py
[2026-05-27T14:37:08.026+0000] {processor.py:840} INFO - DAG(s) 'update_db', 'produce_json', 'data_quality' retrieved from /opt/airflow/dags/main.py
[2026-05-27T14:37:08.117+0000] {logging_mixin.py:188} INFO - [2026-05-27T14:37:08.116+0000] {dag.py:3096} INFO - Sync 3 DAGs
[2026-05-27T14:37:08.145+0000] {logging_mixin.py:188} INFO - [2026-05-27T14:37:08.145+0000] {dag.py:3954} INFO - Setting next_dagrun for data_quality to 2026-05-27 13:00:00+00:00, run_after=2026-05-28 13:00:00+00:00
[2026-05-27T14:37:08.153+0000] {logging_mixin.py:188} INFO - [2026-05-27T14:37:08.153+0000] {dag.py:3954} INFO - Setting next_dagrun for produce_json to 2026-05-27 11:00:00+00:00, run_after=2026-05-28 11:00:00+00:00
[2026-05-27T14:37:08.157+0000] {logging_mixin.py:188} INFO - [2026-05-27T14:37:08.157+0000] {dag.py:3954} INFO - Setting next_dagrun for update_db to 2026-05-27 12:00:00+00:00, run_after=2026-05-28 12:00:00+00:00
[2026-05-27T14:37:08.239+0000] {processor.py:183} INFO - Processing /opt/airflow/dags/main.py took 0.536 seconds
[2026-05-27T14:37:38.599+0000] {processor.py:161} INFO - Started process (PID=2243) to work on /opt/airflow/dags/main.py
[2026-05-27T14:37:38.602+0000] {processor.py:830} INFO - Processing file /opt/airflow/dags/main.py for tasks to queue
[2026-05-27T14:37:38.605+0000] {logging_mixin.py:188} INFO - [2026-05-27T14:37:38.604+0000] {dagbag.py:545} INFO - Filling up the DagBag from /opt/airflow/dags/main.py
[2026-05-27T14:37:38.917+0000] {processor.py:840} INFO - DAG(s) 'produce_json', 'update_db', 'data_quality' retrieved from /opt/airflow/dags/main.py
[2026-05-27T14:37:38.973+0000] {logging_mixin.py:188} INFO - [2026-05-27T14:37:38.972+0000] {dag.py:3096} INFO - Sync 3 DAGs
[2026-05-27T14:37:39.015+0000] {logging_mixin.py:188} INFO - [2026-05-27T14:37:39.015+0000] {dag.py:3954} INFO - Setting next_dagrun for data_quality to 2026-05-27 13:00:00+00:00, run_after=2026-05-28 13:00:00+00:00
[2026-05-27T14:37:39.024+0000] {logging_mixin.py:188} INFO - [2026-05-27T14:37:39.024+0000] {dag.py:3954} INFO - Setting next_dagrun for produce_json to 2026-05-27 11:00:00+00:00, run_after=2026-05-28 11:00:00+00:00
[2026-05-27T14:37:39.030+0000] {logging_mixin.py:188} INFO - [2026-05-27T14:37:39.030+0000] {dag.py:3954} INFO - Setting next_dagrun for update_db to 2026-05-27 12:00:00+00:00, run_after=2026-05-28 12:00:00+00:00
[2026-05-27T14:37:39.104+0000] {processor.py:183} INFO - Processing /opt/airflow/dags/main.py took 0.520 seconds
[2026-05-27T14:38:09.505+0000] {processor.py:161} INFO - Started process (PID=2250) to work on /opt/airflow/dags/main.py
[2026-05-27T14:38:09.507+0000] {processor.py:830} INFO - Processing file /opt/airflow/dags/main.py for tasks to queue
[2026-05-27T14:38:09.508+0000] {logging_mixin.py:188} INFO - [2026-05-27T14:38:09.508+0000] {dagbag.py:545} INFO - Filling up the DagBag from /opt/airflow/dags/main.py
[2026-05-27T14:38:09.685+0000] {processor.py:840} INFO - DAG(s) 'update_db', 'produce_json', 'data_quality' retrieved from /opt/airflow/dags/main.py
[2026-05-27T14:38:09.746+0000] {logging_mixin.py:188} INFO - [2026-05-27T14:38:09.746+0000] {dag.py:3096} INFO - Sync 3 DAGs
[2026-05-27T14:38:09.797+0000] {logging_mixin.py:188} INFO - [2026-05-27T14:38:09.796+0000] {dag.py:3954} INFO - Setting next_dagrun for data_quality to 2026-05-27 13:00:00+00:00, run_after=2026-05-28 13:00:00+00:00
[2026-05-27T14:38:09.806+0000] {logging_mixin.py:188} INFO - [2026-05-27T14:38:09.806+0000] {dag.py:3954} INFO - Setting next_dagrun for produce_json to 2026-05-27 11:00:00+00:00, run_after=2026-05-28 11:00:00+00:00
[2026-05-27T14:38:09.812+0000] {logging_mixin.py:188} INFO - [2026-05-27T14:38:09.811+0000] {dag.py:3954} INFO - Setting next_dagrun for update_db to 2026-05-27 12:00:00+00:00, run_after=2026-05-28 12:00:00+00:00
[2026-05-27T14:38:09.905+0000] {processor.py:183} INFO - Processing /opt/airflow/dags/main.py took 0.409 seconds
[2026-05-27T14:38:40.331+0000] {processor.py:161} INFO - Started process (PID=2257) to work on /opt/airflow/dags/main.py
[2026-05-27T14:38:40.332+0000] {processor.py:830} INFO - Processing file /opt/airflow/dags/main.py for tasks to queue
[2026-05-27T14:38:40.334+0000] {logging_mixin.py:188} INFO - [2026-05-27T14:38:40.333+0000] {dagbag.py:545} INFO - Filling up the DagBag from /opt/airflow/dags/main.py
[2026-05-27T14:38:40.582+0000] {processor.py:840} INFO - DAG(s) 'data_quality', 'produce_json', 'update_db' retrieved from /opt/airflow/dags/main.py
[2026-05-27T14:38:40.642+0000] {logging_mixin.py:188} INFO - [2026-05-27T14:38:40.642+0000] {dag.py:3096} INFO - Sync 3 DAGs
[2026-05-27T14:38:40.675+0000] {logging_mixin.py:188} INFO - [2026-05-27T14:38:40.675+0000] {dag.py:3954} INFO - Setting next_dagrun for data_quality to 2026-05-27 13:00:00+00:00, run_after=2026-05-28 13:00:00+00:00
[2026-05-27T14:38:40.684+0000] {logging_mixin.py:188} INFO - [2026-05-27T14:38:40.684+0000] {dag.py:3954} INFO - Setting next_dagrun for produce_json to 2026-05-27 11:00:00+00:00, run_after=2026-05-28 11:00:00+00:00
[2026-05-27T14:38:40.689+0000] {logging_mixin.py:188} INFO - [2026-05-27T14:38:40.689+0000] {dag.py:3954} INFO - Setting next_dagrun for update_db to 2026-05-27 12:00:00+00:00, run_after=2026-05-28 12:00:00+00:00
[2026-05-27T14:38:40.714+0000] {processor.py:183} INFO - Processing /opt/airflow/dags/main.py took 0.393 seconds
[2026-05-27T14:39:11.538+0000] {processor.py:161} INFO - Started process (PID=2264) to work on /opt/airflow/dags/main.py
[2026-05-27T14:39:11.540+0000] {processor.py:830} INFO - Processing file /opt/airflow/dags/main.py for tasks to queue
[2026-05-27T14:39:11.542+0000] {logging_mixin.py:188} INFO - [2026-05-27T14:39:11.542+0000] {dagbag.py:545} INFO - Filling up the DagBag from /opt/airflow/dags/main.py
[2026-05-27T14:39:11.759+0000] {processor.py:840} INFO - DAG(s) 'produce_json', 'update_db', 'data_quality' retrieved from /opt/airflow/dags/main.py
[2026-05-27T14:39:11.819+0000] {logging_mixin.py:188} INFO - [2026-05-27T14:39:11.819+0000] {dag.py:3096} INFO - Sync 3 DAGs
[2026-05-27T14:39:11.844+0000] {logging_mixin.py:188} INFO - [2026-05-27T14:39:11.843+0000] {dag.py:3954} INFO - Setting next_dagrun for data_quality to 2026-05-27 13:00:00+00:00, run_after=2026-05-28 13:00:00+00:00
[2026-05-27T14:39:11.850+0000] {logging_mixin.py:188} INFO - [2026-05-27T14:39:11.850+0000] {dag.py:3954} INFO - Setting next_dagrun for produce_json to 2026-05-27 11:00:00+00:00, run_after=2026-05-28 11:00:00+00:00
[2026-05-27T14:39:11.854+0000] {logging_mixin.py:188} INFO - [2026-05-27T14:39:11.854+0000] {dag.py:3954} INFO - Setting next_dagrun for update_db to 2026-05-27 12:00:00+00:00, run_after=2026-05-28 12:00:00+00:00
[2026-05-27T14:39:11.940+0000] {processor.py:183} INFO - Processing /opt/airflow/dags/main.py took 0.410 seconds
[2026-05-27T14:39:42.443+0000] {processor.py:161} INFO - Started process (PID=2271) to work on /opt/airflow/dags/main.py
[2026-05-27T14:39:42.446+0000] {processor.py:830} INFO - Processing file /opt/airflow/dags/main.py for tasks to queue
[2026-05-27T14:39:42.449+0000] {logging_mixin.py:188} INFO - [2026-05-27T14:39:42.448+0000] {dagbag.py:545} INFO - Filling up the DagBag from /opt/airflow/dags/main.py
[2026-05-27T14:39:42.781+0000] {processor.py:840} INFO - DAG(s) 'data_quality', 'produce_json', 'update_db' retrieved from /opt/airflow/dags/main.py
[2026-05-27T14:39:42.855+0000] {logging_mixin.py:188} INFO - [2026-05-27T14:39:42.855+0000] {dag.py:3096} INFO - Sync 3 DAGs
[2026-05-27T14:39:42.887+0000] {logging_mixin.py:188} INFO - [2026-05-27T14:39:42.886+0000] {dag.py:3954} INFO - Setting next_dagrun for data_quality to 2026-05-27 13:00:00+00:00, run_after=2026-05-28 13:00:00+00:00
[2026-05-27T14:39:42.894+0000] {logging_mixin.py:188} INFO - [2026-05-27T14:39:42.894+0000] {dag.py:3954} INFO - Setting next_dagrun for produce_json to 2026-05-27 11:00:00+00:00, run_after=2026-05-28 11:00:00+00:00
[2026-05-27T14:39:42.902+0000] {logging_mixin.py:188} INFO - [2026-05-27T14:39:42.902+0000] {dag.py:3954} INFO - Setting next_dagrun for update_db to 2026-05-27 12:00:00+00:00, run_after=2026-05-28 12:00:00+00:00
[2026-05-27T14:39:42.990+0000] {processor.py:183} INFO - Processing /opt/airflow/dags/main.py took 0.572 seconds
[2026-05-27T14:40:13.396+0000] {processor.py:161} INFO - Started process (PID=2278) to work on /opt/airflow/dags/main.py
[2026-05-27T14:40:13.399+0000] {processor.py:830} INFO - Processing file /opt/airflow/dags/main.py for tasks to queue
[2026-05-27T14:40:13.401+0000] {logging_mixin.py:188} INFO - [2026-05-27T14:40:13.400+0000] {dagbag.py:545} INFO - Filling up the DagBag from /opt/airflow/dags/main.py
[2026-05-27T14:40:13.699+0000] {processor.py:840} INFO - DAG(s) 'produce_json', 'update_db', 'data_quality' retrieved from /opt/airflow/dags/main.py
[2026-05-27T14:40:13.744+0000] {logging_mixin.py:188} INFO - [2026-05-27T14:40:13.743+0000] {dag.py:3096} INFO - Sync 3 DAGs
[2026-05-27T14:40:13.779+0000] {logging_mixin.py:188} INFO - [2026-05-27T14:40:13.779+0000] {dag.py:3954} INFO - Setting next_dagrun for data_quality to 2026-05-27 13:00:00+00:00, run_after=2026-05-28 13:00:00+00:00
[2026-05-27T14:40:13.786+0000] {logging_mixin.py:188} INFO - [2026-05-27T14:40:13.786+0000] {dag.py:3954} INFO - Setting next_dagrun for produce_json to 2026-05-27 11:00:00+00:00, run_after=2026-05-28 11:00:00+00:00
[2026-05-27T14:40:13.790+0000] {logging_mixin.py:188} INFO - [2026-05-27T14:40:13.790+0000] {dag.py:3954} INFO - Setting next_dagrun for update_db to 2026-05-27 12:00:00+00:00, run_after=2026-05-28 12:00:00+00:00
[2026-05-27T14:40:13.813+0000] {processor.py:183} INFO - Processing /opt/airflow/dags/main.py took 0.440 seconds
[2026-05-27T14:40:44.280+0000] {processor.py:161} INFO - Started process (PID=2285) to work on /opt/airflow/dags/main.py
[2026-05-27T14:40:44.283+0000] {processor.py:830} INFO - Processing file /opt/airflow/dags/main.py for tasks to queue
[2026-05-27T14:40:44.285+0000] {logging_mixin.py:188} INFO - [2026-05-27T14:40:44.284+0000] {dagbag.py:545} INFO - Filling up the DagBag from /opt/airflow/dags/main.py
[2026-05-27T14:40:44.570+0000] {processor.py:840} INFO - DAG(s) 'produce_json', 'update_db', 'data_quality' retrieved from /opt/airflow/dags/main.py
[2026-05-27T14:40:44.612+0000] {logging_mixin.py:188} INFO - [2026-05-27T14:40:44.611+0000] {dag.py:3096} INFO - Sync 3 DAGs
[2026-05-27T14:40:44.638+0000] {logging_mixin.py:188} INFO - [2026-05-27T14:40:44.638+0000] {dag.py:3954} INFO - Setting next_dagrun for data_quality to 2026-05-27 13:00:00+00:00, run_after=2026-05-28 13:00:00+00:00
[2026-05-27T14:40:44.645+0000] {logging_mixin.py:188} INFO - [2026-05-27T14:40:44.644+0000] {dag.py:3954} INFO - Setting next_dagrun for produce_json to 2026-05-27 11:00:00+00:00, run_after=2026-05-28 11:00:00+00:00
[2026-05-27T14:40:44.649+0000] {logging_mixin.py:188} INFO - [2026-05-27T14:40:44.649+0000] {dag.py:3954} INFO - Setting next_dagrun for update_db to 2026-05-27 12:00:00+00:00, run_after=2026-05-28 12:00:00+00:00
[2026-05-27T14:40:44.734+0000] {processor.py:183} INFO - Processing /opt/airflow/dags/main.py took 0.472 seconds
[2026-05-27T14:41:15.267+0000] {processor.py:161} INFO - Started process (PID=2292) to work on /opt/airflow/dags/main.py
[2026-05-27T14:41:15.269+0000] {processor.py:830} INFO - Processing file /opt/airflow/dags/main.py for tasks to queue
[2026-05-27T14:41:15.272+0000] {logging_mixin.py:188} INFO - [2026-05-27T14:41:15.271+0000] {dagbag.py:545} INFO - Filling up the DagBag from /opt/airflow/dags/main.py
[2026-05-27T14:41:15.534+0000] {processor.py:840} INFO - DAG(s) 'update_db', 'data_quality', 'produce_json' retrieved from /opt/airflow/dags/main.py
[2026-05-27T14:41:15.604+0000] {logging_mixin.py:188} INFO - [2026-05-27T14:41:15.604+0000] {dag.py:3096} INFO - Sync 3 DAGs
[2026-05-27T14:41:15.629+0000] {logging_mixin.py:188} INFO - [2026-05-27T14:41:15.629+0000] {dag.py:3954} INFO - Setting next_dagrun for data_quality to 2026-05-27 13:00:00+00:00, run_after=2026-05-28 13:00:00+00:00
[2026-05-27T14:41:15.635+0000] {logging_mixin.py:188} INFO - [2026-05-27T14:41:15.635+0000] {dag.py:3954} INFO - Setting next_dagrun for produce_json to 2026-05-27 11:00:00+00:00, run_after=2026-05-28 11:00:00+00:00
[2026-05-27T14:41:15.639+0000] {logging_mixin.py:188} INFO - [2026-05-27T14:41:15.639+0000] {dag.py:3954} INFO - Setting next_dagrun for update_db to 2026-05-27 12:00:00+00:00, run_after=2026-05-28 12:00:00+00:00
[2026-05-27T14:41:15.716+0000] {processor.py:183} INFO - Processing /opt/airflow/dags/main.py took 0.469 seconds
[2026-05-27T14:41:46.035+0000] {processor.py:161} INFO - Started process (PID=2299) to work on /opt/airflow/dags/main.py
[2026-05-27T14:41:46.038+0000] {processor.py:830} INFO - Processing file /opt/airflow/dags/main.py for tasks to queue
[2026-05-27T14:41:46.040+0000] {logging_mixin.py:188} INFO - [2026-05-27T14:41:46.039+0000] {dagbag.py:545} INFO - Filling up the DagBag from /opt/airflow/dags/main.py
[2026-05-27T14:41:46.301+0000] {processor.py:840} INFO - DAG(s) 'produce_json', 'update_db', 'data_quality' retrieved from /opt/airflow/dags/main.py
[2026-05-27T14:41:46.352+0000] {logging_mixin.py:188} INFO - [2026-05-27T14:41:46.351+0000] {dag.py:3096} INFO - Sync 3 DAGs
[2026-05-27T14:41:46.383+0000] {logging_mixin.py:188} INFO - [2026-05-27T14:41:46.383+0000] {dag.py:3954} INFO - Setting next_dagrun for data_quality to 2026-05-27 13:00:00+00:00, run_after=2026-05-28 13:00:00+00:00
[2026-05-27T14:41:46.392+0000] {logging_mixin.py:188} INFO - [2026-05-27T14:41:46.392+0000] {dag.py:3954} INFO - Setting next_dagrun for produce_json to 2026-05-27 11:00:00+00:00, run_after=2026-05-28 11:00:00+00:00
[2026-05-27T14:41:46.397+0000] {logging_mixin.py:188} INFO - [2026-05-27T14:41:46.396+0000] {dag.py:3954} INFO - Setting next_dagrun for update_db to 2026-05-27 12:00:00+00:00, run_after=2026-05-28 12:00:00+00:00
[2026-05-27T14:41:46.459+0000] {processor.py:183} INFO - Processing /opt/airflow/dags/main.py took 0.438 seconds
[2026-05-27T14:42:16.567+0000] {processor.py:161} INFO - Started process (PID=2306) to work on /opt/airflow/dags/main.py
[2026-05-27T14:42:16.569+0000] {processor.py:830} INFO - Processing file /opt/airflow/dags/main.py for tasks to queue
[2026-05-27T14:42:16.571+0000] {logging_mixin.py:188} INFO - [2026-05-27T14:42:16.571+0000] {dagbag.py:545} INFO - Filling up the DagBag from /opt/airflow/dags/main.py
[2026-05-27T14:42:16.895+0000] {processor.py:840} INFO - DAG(s) 'produce_json', 'data_quality', 'update_db' retrieved from /opt/airflow/dags/main.py
[2026-05-27T14:42:16.953+0000] {logging_mixin.py:188} INFO - [2026-05-27T14:42:16.953+0000] {dag.py:3096} INFO - Sync 3 DAGs
[2026-05-27T14:42:16.984+0000] {logging_mixin.py:188} INFO - [2026-05-27T14:42:16.984+0000] {dag.py:3954} INFO - Setting next_dagrun for data_quality to 2026-05-27 13:00:00+00:00, run_after=2026-05-28 13:00:00+00:00
[2026-05-27T14:42:16.991+0000] {logging_mixin.py:188} INFO - [2026-05-27T14:42:16.991+0000] {dag.py:3954} INFO - Setting next_dagrun for produce_json to 2026-05-27 11:00:00+00:00, run_after=2026-05-28 11:00:00+00:00
[2026-05-27T14:42:16.995+0000] {logging_mixin.py:188} INFO - [2026-05-27T14:42:16.995+0000] {dag.py:3954} INFO - Setting next_dagrun for update_db to 2026-05-27 12:00:00+00:00, run_after=2026-05-28 12:00:00+00:00
[2026-05-27T14:42:17.053+0000] {processor.py:183} INFO - Processing /opt/airflow/dags/main.py took 0.497 seconds
[2026-05-27T14:42:47.224+0000] {processor.py:161} INFO - Started process (PID=2313) to work on /opt/airflow/dags/main.py
[2026-05-27T14:42:47.226+0000] {processor.py:830} INFO - Processing file /opt/airflow/dags/main.py for tasks to queue
[2026-05-27T14:42:47.228+0000] {logging_mixin.py:188} INFO - [2026-05-27T14:42:47.227+0000] {dagbag.py:545} INFO - Filling up the DagBag from /opt/airflow/dags/main.py
[2026-05-27T14:42:47.531+0000] {processor.py:840} INFO - DAG(s) 'data_quality', 'update_db', 'produce_json' retrieved from /opt/airflow/dags/main.py
[2026-05-27T14:42:47.586+0000] {logging_mixin.py:188} INFO - [2026-05-27T14:42:47.585+0000] {dag.py:3096} INFO - Sync 3 DAGs
[2026-05-27T14:42:47.616+0000] {logging_mixin.py:188} INFO - [2026-05-27T14:42:47.616+0000] {dag.py:3954} INFO - Setting next_dagrun for data_quality to 2026-05-27 13:00:00+00:00, run_after=2026-05-28 13:00:00+00:00
[2026-05-27T14:42:47.625+0000] {logging_mixin.py:188} INFO - [2026-05-27T14:42:47.625+0000] {dag.py:3954} INFO - Setting next_dagrun for produce_json to 2026-05-27 11:00:00+00:00, run_after=2026-05-28 11:00:00+00:00
[2026-05-27T14:42:47.631+0000] {logging_mixin.py:188} INFO - [2026-05-27T14:42:47.631+0000] {dag.py:3954} INFO - Setting next_dagrun for update_db to 2026-05-27 12:00:00+00:00, run_after=2026-05-28 12:00:00+00:00
[2026-05-27T14:42:47.658+0000] {processor.py:183} INFO - Processing /opt/airflow/dags/main.py took 0.445 seconds
[2026-05-27T14:43:17.780+0000] {processor.py:161} INFO - Started process (PID=2320) to work on /opt/airflow/dags/main.py
[2026-05-27T14:43:17.782+0000] {processor.py:830} INFO - Processing file /opt/airflow/dags/main.py for tasks to queue
[2026-05-27T14:43:17.784+0000] {logging_mixin.py:188} INFO - [2026-05-27T14:43:17.783+0000] {dagbag.py:545} INFO - Filling up the DagBag from /opt/airflow/dags/main.py
[2026-05-27T14:43:18.049+0000] {processor.py:840} INFO - DAG(s) 'data_quality', 'produce_json', 'update_db' retrieved from /opt/airflow/dags/main.py
[2026-05-27T14:43:18.102+0000] {logging_mixin.py:188} INFO - [2026-05-27T14:43:18.101+0000] {dag.py:3096} INFO - Sync 3 DAGs
[2026-05-27T14:43:18.137+0000] {logging_mixin.py:188} INFO - [2026-05-27T14:43:18.137+0000] {dag.py:3954} INFO - Setting next_dagrun for data_quality to 2026-05-27 13:00:00+00:00, run_after=2026-05-28 13:00:00+00:00
[2026-05-27T14:43:18.146+0000] {logging_mixin.py:188} INFO - [2026-05-27T14:43:18.146+0000] {dag.py:3954} INFO - Setting next_dagrun for produce_json to 2026-05-27 11:00:00+00:00, run_after=2026-05-28 11:00:00+00:00
[2026-05-27T14:43:18.151+0000] {logging_mixin.py:188} INFO - [2026-05-27T14:43:18.151+0000] {dag.py:3954} INFO - Setting next_dagrun for update_db to 2026-05-27 12:00:00+00:00, run_after=2026-05-28 12:00:00+00:00
[2026-05-27T14:43:18.232+0000] {processor.py:183} INFO - Processing /opt/airflow/dags/main.py took 0.464 seconds
[2026-05-27T14:43:48.430+0000] {processor.py:161} INFO - Started process (PID=2327) to work on /opt/airflow/dags/main.py
[2026-05-27T14:43:48.433+0000] {processor.py:830} INFO - Processing file /opt/airflow/dags/main.py for tasks to queue
[2026-05-27T14:43:48.436+0000] {logging_mixin.py:188} INFO - [2026-05-27T14:43:48.435+0000] {dagbag.py:545} INFO - Filling up the DagBag from /opt/airflow/dags/main.py
[2026-05-27T14:43:48.813+0000] {processor.py:840} INFO - DAG(s) 'update_db', 'produce_json', 'data_quality' retrieved from /opt/airflow/dags/main.py
[2026-05-27T14:43:48.860+0000] {logging_mixin.py:188} INFO - [2026-05-27T14:43:48.860+0000] {dag.py:3096} INFO - Sync 3 DAGs
[2026-05-27T14:43:48.896+0000] {logging_mixin.py:188} INFO - [2026-05-27T14:43:48.896+0000] {dag.py:3954} INFO - Setting next_dagrun for data_quality to 2026-05-27 13:00:00+00:00, run_after=2026-05-28 13:00:00+00:00
[2026-05-27T14:43:48.903+0000] {logging_mixin.py:188} INFO - [2026-05-27T14:43:48.903+0000] {dag.py:3954} INFO - Setting next_dagrun for produce_json to 2026-05-27 11:00:00+00:00, run_after=2026-05-28 11:00:00+00:00
[2026-05-27T14:43:48.908+0000] {logging_mixin.py:188} INFO - [2026-05-27T14:43:48.908+0000] {dag.py:3954} INFO - Setting next_dagrun for update_db to 2026-05-27 12:00:00+00:00, run_after=2026-05-28 12:00:00+00:00
[2026-05-27T14:43:48.930+0000] {processor.py:183} INFO - Processing /opt/airflow/dags/main.py took 0.519 seconds
[2026-05-27T14:44:19.324+0000] {processor.py:161} INFO - Started process (PID=2340) to work on /opt/airflow/dags/main.py
[2026-05-27T14:44:19.326+0000] {processor.py:830} INFO - Processing file /opt/airflow/dags/main.py for tasks to queue
[2026-05-27T14:44:19.327+0000] {logging_mixin.py:188} INFO - [2026-05-27T14:44:19.327+0000] {dagbag.py:545} INFO - Filling up the DagBag from /opt/airflow/dags/main.py
[2026-05-27T14:44:19.583+0000] {processor.py:840} INFO - DAG(s) 'data_quality', 'update_db', 'produce_json' retrieved from /opt/airflow/dags/main.py
[2026-05-27T14:44:19.638+0000] {logging_mixin.py:188} INFO - [2026-05-27T14:44:19.638+0000] {dag.py:3096} INFO - Sync 3 DAGs
[2026-05-27T14:44:19.670+0000] {logging_mixin.py:188} INFO - [2026-05-27T14:44:19.670+0000] {dag.py:3954} INFO - Setting next_dagrun for data_quality to 2026-05-27 13:00:00+00:00, run_after=2026-05-28 13:00:00+00:00
[2026-05-27T14:44:19.678+0000] {logging_mixin.py:188} INFO - [2026-05-27T14:44:19.678+0000] {dag.py:3954} INFO - Setting next_dagrun for produce_json to 2026-05-27 11:00:00+00:00, run_after=2026-05-28 11:00:00+00:00
[2026-05-27T14:44:19.684+0000] {logging_mixin.py:188} INFO - [2026-05-27T14:44:19.683+0000] {dag.py:3954} INFO - Setting next_dagrun for update_db to 2026-05-27 12:00:00+00:00, run_after=2026-05-28 12:00:00+00:00
[2026-05-27T14:44:19.725+0000] {processor.py:183} INFO - Processing /opt/airflow/dags/main.py took 0.412 seconds
[2026-05-27T14:44:50.176+0000] {processor.py:161} INFO - Started process (PID=2348) to work on /opt/airflow/dags/main.py
[2026-05-27T14:44:50.178+0000] {processor.py:830} INFO - Processing file /opt/airflow/dags/main.py for tasks to queue
[2026-05-27T14:44:50.180+0000] {logging_mixin.py:188} INFO - [2026-05-27T14:44:50.179+0000] {dagbag.py:545} INFO - Filling up the DagBag from /opt/airflow/dags/main.py
[2026-05-27T14:44:50.495+0000] {processor.py:840} INFO - DAG(s) 'update_db', 'produce_json', 'data_quality' retrieved from /opt/airflow/dags/main.py
[2026-05-27T14:44:50.572+0000] {logging_mixin.py:188} INFO - [2026-05-27T14:44:50.572+0000] {dag.py:3096} INFO - Sync 3 DAGs
[2026-05-27T14:44:50.629+0000] {logging_mixin.py:188} INFO - [2026-05-27T14:44:50.629+0000] {dag.py:3954} INFO - Setting next_dagrun for data_quality to 2026-05-27 13:00:00+00:00, run_after=2026-05-28 13:00:00+00:00
[2026-05-27T14:44:50.640+0000] {logging_mixin.py:188} INFO - [2026-05-27T14:44:50.640+0000] {dag.py:3954} INFO - Setting next_dagrun for produce_json to 2026-05-27 11:00:00+00:00, run_after=2026-05-28 11:00:00+00:00
[2026-05-27T14:44:50.647+0000] {logging_mixin.py:188} INFO - [2026-05-27T14:44:50.647+0000] {dag.py:3954} INFO - Setting next_dagrun for update_db to 2026-05-27 12:00:00+00:00, run_after=2026-05-28 12:00:00+00:00
[2026-05-27T14:44:50.671+0000] {processor.py:183} INFO - Processing /opt/airflow/dags/main.py took 0.512 seconds
[2026-05-27T14:45:21.056+0000] {processor.py:161} INFO - Started process (PID=2355) to work on /opt/airflow/dags/main.py
[2026-05-27T14:45:21.058+0000] {processor.py:830} INFO - Processing file /opt/airflow/dags/main.py for tasks to queue
[2026-05-27T14:45:21.060+0000] {logging_mixin.py:188} INFO - [2026-05-27T14:45:21.059+0000] {dagbag.py:545} INFO - Filling up the DagBag from /opt/airflow/dags/main.py
[2026-05-27T14:45:21.301+0000] {processor.py:840} INFO - DAG(s) 'data_quality', 'update_db', 'produce_json' retrieved from /opt/airflow/dags/main.py
[2026-05-27T14:45:21.368+0000] {logging_mixin.py:188} INFO - [2026-05-27T14:45:21.368+0000] {dag.py:3096} INFO - Sync 3 DAGs
[2026-05-27T14:45:21.402+0000] {logging_mixin.py:188} INFO - [2026-05-27T14:45:21.402+0000] {dag.py:3954} INFO - Setting next_dagrun for data_quality to 2026-05-27 13:00:00+00:00, run_after=2026-05-28 13:00:00+00:00
[2026-05-27T14:45:21.413+0000] {logging_mixin.py:188} INFO - [2026-05-27T14:45:21.413+0000] {dag.py:3954} INFO - Setting next_dagrun for produce_json to 2026-05-27 11:00:00+00:00, run_after=2026-05-28 11:00:00+00:00
[2026-05-27T14:45:21.419+0000] {logging_mixin.py:188} INFO - [2026-05-27T14:45:21.419+0000] {dag.py:3954} INFO - Setting next_dagrun for update_db to 2026-05-27 12:00:00+00:00, run_after=2026-05-28 12:00:00+00:00
[2026-05-27T14:45:21.515+0000] {processor.py:183} INFO - Processing /opt/airflow/dags/main.py took 0.470 seconds
[2026-05-27T14:45:51.898+0000] {processor.py:161} INFO - Started process (PID=2363) to work on /opt/airflow/dags/main.py
[2026-05-27T14:45:51.900+0000] {processor.py:830} INFO - Processing file /opt/airflow/dags/main.py for tasks to queue
[2026-05-27T14:45:51.901+0000] {logging_mixin.py:188} INFO - [2026-05-27T14:45:51.901+0000] {dagbag.py:545} INFO - Filling up the DagBag from /opt/airflow/dags/main.py
[2026-05-27T14:45:52.145+0000] {processor.py:840} INFO - DAG(s) 'data_quality', 'produce_json', 'update_db' retrieved from /opt/airflow/dags/main.py
[2026-05-27T14:45:52.200+0000] {logging_mixin.py:188} INFO - [2026-05-27T14:45:52.199+0000] {dag.py:3096} INFO - Sync 3 DAGs
[2026-05-27T14:45:52.232+0000] {logging_mixin.py:188} INFO - [2026-05-27T14:45:52.232+0000] {dag.py:3954} INFO - Setting next_dagrun for data_quality to 2026-05-27 13:00:00+00:00, run_after=2026-05-28 13:00:00+00:00
[2026-05-27T14:45:52.240+0000] {logging_mixin.py:188} INFO - [2026-05-27T14:45:52.239+0000] {dag.py:3954} INFO - Setting next_dagrun for produce_json to 2026-05-27 11:00:00+00:00, run_after=2026-05-28 11:00:00+00:00
[2026-05-27T14:45:52.245+0000] {logging_mixin.py:188} INFO - [2026-05-27T14:45:52.244+0000] {dag.py:3954} INFO - Setting next_dagrun for update_db to 2026-05-27 12:00:00+00:00, run_after=2026-05-28 12:00:00+00:00
[2026-05-27T14:45:52.300+0000] {processor.py:183} INFO - Processing /opt/airflow/dags/main.py took 0.412 seconds
[2026-05-27T14:46:22.736+0000] {processor.py:161} INFO - Started process (PID=2370) to work on /opt/airflow/dags/main.py
[2026-05-27T14:46:22.739+0000] {processor.py:830} INFO - Processing file /opt/airflow/dags/main.py for tasks to queue
[2026-05-27T14:46:22.742+0000] {logging_mixin.py:188} INFO - [2026-05-27T14:46:22.741+0000] {dagbag.py:545} INFO - Filling up the DagBag from /opt/airflow/dags/main.py
[2026-05-27T14:46:23.070+0000] {processor.py:840} INFO - DAG(s) 'produce_json', 'update_db', 'data_quality' retrieved from /opt/airflow/dags/main.py
[2026-05-27T14:46:23.145+0000] {logging_mixin.py:188} INFO - [2026-05-27T14:46:23.145+0000] {dag.py:3096} INFO - Sync 3 DAGs
[2026-05-27T14:46:23.181+0000] {logging_mixin.py:188} INFO - [2026-05-27T14:46:23.181+0000] {dag.py:3954} INFO - Setting next_dagrun for data_quality to 2026-05-27 13:00:00+00:00, run_after=2026-05-28 13:00:00+00:00
[2026-05-27T14:46:23.189+0000] {logging_mixin.py:188} INFO - [2026-05-27T14:46:23.189+0000] {dag.py:3954} INFO - Setting next_dagrun for produce_json to 2026-05-27 11:00:00+00:00, run_after=2026-05-28 11:00:00+00:00
[2026-05-27T14:46:23.193+0000] {logging_mixin.py:188} INFO - [2026-05-27T14:46:23.193+0000] {dag.py:3954} INFO - Setting next_dagrun for update_db to 2026-05-27 12:00:00+00:00, run_after=2026-05-28 12:00:00+00:00
[2026-05-27T14:46:23.271+0000] {processor.py:183} INFO - Processing /opt/airflow/dags/main.py took 0.553 seconds
[2026-05-27T14:46:53.590+0000] {processor.py:161} INFO - Started process (PID=2377) to work on /opt/airflow/dags/main.py
[2026-05-27T14:46:53.592+0000] {processor.py:830} INFO - Processing file /opt/airflow/dags/main.py for tasks to queue
[2026-05-27T14:46:53.594+0000] {logging_mixin.py:188} INFO - [2026-05-27T14:46:53.594+0000] {dagbag.py:545} INFO - Filling up the DagBag from /opt/airflow/dags/main.py
[2026-05-27T14:46:53.835+0000] {processor.py:840} INFO - DAG(s) 'produce_json', 'update_db', 'data_quality' retrieved from /opt/airflow/dags/main.py
[2026-05-27T14:46:53.877+0000] {logging_mixin.py:188} INFO - [2026-05-27T14:46:53.877+0000] {dag.py:3096} INFO - Sync 3 DAGs
[2026-05-27T14:46:53.904+0000] {logging_mixin.py:188} INFO - [2026-05-27T14:46:53.903+0000] {dag.py:3954} INFO - Setting next_dagrun for data_quality to 2026-05-27 13:00:00+00:00, run_after=2026-05-28 13:00:00+00:00
[2026-05-27T14:46:53.911+0000] {logging_mixin.py:188} INFO - [2026-05-27T14:46:53.910+0000] {dag.py:3954} INFO - Setting next_dagrun for produce_json to 2026-05-27 11:00:00+00:00, run_after=2026-05-28 11:00:00+00:00
[2026-05-27T14:46:53.915+0000] {logging_mixin.py:188} INFO - [2026-05-27T14:46:53.915+0000] {dag.py:3954} INFO - Setting next_dagrun for update_db to 2026-05-27 12:00:00+00:00, run_after=2026-05-28 12:00:00+00:00
[2026-05-27T14:46:53.999+0000] {processor.py:183} INFO - Processing /opt/airflow/dags/main.py took 0.428 seconds
[2026-05-27T14:47:24.529+0000] {processor.py:161} INFO - Started process (PID=2384) to work on /opt/airflow/dags/main.py
[2026-05-27T14:47:24.532+0000] {processor.py:830} INFO - Processing file /opt/airflow/dags/main.py for tasks to queue
[2026-05-27T14:47:24.534+0000] {logging_mixin.py:188} INFO - [2026-05-27T14:47:24.533+0000] {dagbag.py:545} INFO - Filling up the DagBag from /opt/airflow/dags/main.py
[2026-05-27T14:47:24.836+0000] {processor.py:840} INFO - DAG(s) 'produce_json', 'update_db', 'data_quality' retrieved from /opt/airflow/dags/main.py
[2026-05-27T14:47:24.891+0000] {logging_mixin.py:188} INFO - [2026-05-27T14:47:24.891+0000] {dag.py:3096} INFO - Sync 3 DAGs
[2026-05-27T14:47:24.925+0000] {logging_mixin.py:188} INFO - [2026-05-27T14:47:24.924+0000] {dag.py:3954} INFO - Setting next_dagrun for data_quality to 2026-05-27 13:00:00+00:00, run_after=2026-05-28 13:00:00+00:00
[2026-05-27T14:47:24.938+0000] {logging_mixin.py:188} INFO - [2026-05-27T14:47:24.937+0000] {dag.py:3954} INFO - Setting next_dagrun for produce_json to 2026-05-27 11:00:00+00:00, run_after=2026-05-28 11:00:00+00:00
[2026-05-27T14:47:24.946+0000] {logging_mixin.py:188} INFO - [2026-05-27T14:47:24.945+0000] {dag.py:3954} INFO - Setting next_dagrun for update_db to 2026-05-27 12:00:00+00:00, run_after=2026-05-28 12:00:00+00:00
[2026-05-27T14:47:24.987+0000] {processor.py:183} INFO - Processing /opt/airflow/dags/main.py took 0.478 seconds
[2026-05-27T14:47:55.401+0000] {processor.py:161} INFO - Started process (PID=2391) to work on /opt/airflow/dags/main.py
[2026-05-27T14:47:55.403+0000] {processor.py:830} INFO - Processing file /opt/airflow/dags/main.py for tasks to queue
[2026-05-27T14:47:55.405+0000] {logging_mixin.py:188} INFO - [2026-05-27T14:47:55.404+0000] {dagbag.py:545} INFO - Filling up the DagBag from /opt/airflow/dags/main.py
[2026-05-27T14:47:55.691+0000] {processor.py:840} INFO - DAG(s) 'data_quality', 'update_db', 'produce_json' retrieved from /opt/airflow/dags/main.py
[2026-05-27T14:47:55.749+0000] {logging_mixin.py:188} INFO - [2026-05-27T14:47:55.748+0000] {dag.py:3096} INFO - Sync 3 DAGs
[2026-05-27T14:47:55.781+0000] {logging_mixin.py:188} INFO - [2026-05-27T14:47:55.781+0000] {dag.py:3954} INFO - Setting next_dagrun for data_quality to 2026-05-27 13:00:00+00:00, run_after=2026-05-28 13:00:00+00:00
[2026-05-27T14:47:55.789+0000] {logging_mixin.py:188} INFO - [2026-05-27T14:47:55.789+0000] {dag.py:3954} INFO - Setting next_dagrun for produce_json to 2026-05-27 11:00:00+00:00, run_after=2026-05-28 11:00:00+00:00
[2026-05-27T14:47:55.798+0000] {logging_mixin.py:188} INFO - [2026-05-27T14:47:55.797+0000] {dag.py:3954} INFO - Setting next_dagrun for update_db to 2026-05-27 12:00:00+00:00, run_after=2026-05-28 12:00:00+00:00
[2026-05-27T14:47:55.839+0000] {processor.py:183} INFO - Processing /opt/airflow/dags/main.py took 0.449 seconds
[2026-05-27T14:48:26.190+0000] {processor.py:161} INFO - Started process (PID=2398) to work on /opt/airflow/dags/main.py
[2026-05-27T14:48:26.193+0000] {processor.py:830} INFO - Processing file /opt/airflow/dags/main.py for tasks to queue
[2026-05-27T14:48:26.194+0000] {logging_mixin.py:188} INFO - [2026-05-27T14:48:26.194+0000] {dagbag.py:545} INFO - Filling up the DagBag from /opt/airflow/dags/main.py
[2026-05-27T14:48:26.427+0000] {processor.py:840} INFO - DAG(s) 'produce_json', 'update_db', 'data_quality' retrieved from /opt/airflow/dags/main.py
[2026-05-27T14:48:26.479+0000] {logging_mixin.py:188} INFO - [2026-05-27T14:48:26.478+0000] {dag.py:3096} INFO - Sync 3 DAGs
[2026-05-27T14:48:26.529+0000] {logging_mixin.py:188} INFO - [2026-05-27T14:48:26.529+0000] {dag.py:3954} INFO - Setting next_dagrun for data_quality to 2026-05-27 13:00:00+00:00, run_after=2026-05-28 13:00:00+00:00
[2026-05-27T14:48:26.544+0000] {logging_mixin.py:188} INFO - [2026-05-27T14:48:26.543+0000] {dag.py:3954} INFO - Setting next_dagrun for produce_json to 2026-05-27 11:00:00+00:00, run_after=2026-05-28 11:00:00+00:00
[2026-05-27T14:48:26.551+0000] {logging_mixin.py:188} INFO - [2026-05-27T14:48:26.551+0000] {dag.py:3954} INFO - Setting next_dagrun for update_db to 2026-05-27 12:00:00+00:00, run_after=2026-05-28 12:00:00+00:00
[2026-05-27T14:48:26.577+0000] {processor.py:183} INFO - Processing /opt/airflow/dags/main.py took 0.395 seconds
[2026-05-27T14:48:57.041+0000] {processor.py:161} INFO - Started process (PID=2405) to work on /opt/airflow/dags/main.py
[2026-05-27T14:48:57.044+0000] {processor.py:830} INFO - Processing file /opt/airflow/dags/main.py for tasks to queue
[2026-05-27T14:48:57.046+0000] {logging_mixin.py:188} INFO - [2026-05-27T14:48:57.045+0000] {dagbag.py:545} INFO - Filling up the DagBag from /opt/airflow/dags/main.py
[2026-05-27T14:48:57.373+0000] {processor.py:840} INFO - DAG(s) 'produce_json', 'data_quality', 'update_db' retrieved from /opt/airflow/dags/main.py
[2026-05-27T14:48:57.430+0000] {logging_mixin.py:188} INFO - [2026-05-27T14:48:57.430+0000] {dag.py:3096} INFO - Sync 3 DAGs
[2026-05-27T14:48:57.456+0000] {logging_mixin.py:188} INFO - [2026-05-27T14:48:57.456+0000] {dag.py:3954} INFO - Setting next_dagrun for data_quality to 2026-05-27 13:00:00+00:00, run_after=2026-05-28 13:00:00+00:00
[2026-05-27T14:48:57.463+0000] {logging_mixin.py:188} INFO - [2026-05-27T14:48:57.463+0000] {dag.py:3954} INFO - Setting next_dagrun for produce_json to 2026-05-27 11:00:00+00:00, run_after=2026-05-28 11:00:00+00:00
[2026-05-27T14:48:57.467+0000] {logging_mixin.py:188} INFO - [2026-05-27T14:48:57.467+0000] {dag.py:3954} INFO - Setting next_dagrun for update_db to 2026-05-27 12:00:00+00:00, run_after=2026-05-28 12:00:00+00:00
[2026-05-27T14:48:57.531+0000] {processor.py:183} INFO - Processing /opt/airflow/dags/main.py took 0.510 seconds
[2026-05-27T14:49:28.501+0000] {processor.py:161} INFO - Started process (PID=2413) to work on /opt/airflow/dags/main.py
[2026-05-27T14:49:28.504+0000] {processor.py:830} INFO - Processing file /opt/airflow/dags/main.py for tasks to queue
[2026-05-27T14:49:28.505+0000] {logging_mixin.py:188} INFO - [2026-05-27T14:49:28.505+0000] {dagbag.py:545} INFO - Filling up the DagBag from /opt/airflow/dags/main.py
[2026-05-27T14:49:28.751+0000] {processor.py:840} INFO - DAG(s) 'produce_json', 'data_quality', 'update_db' retrieved from /opt/airflow/dags/main.py
[2026-05-27T14:49:28.807+0000] {logging_mixin.py:188} INFO - [2026-05-27T14:49:28.807+0000] {dag.py:3096} INFO - Sync 3 DAGs
[2026-05-27T14:49:28.845+0000] {logging_mixin.py:188} INFO - [2026-05-27T14:49:28.844+0000] {dag.py:3954} INFO - Setting next_dagrun for data_quality to 2026-05-27 13:00:00+00:00, run_after=2026-05-28 13:00:00+00:00
[2026-05-27T14:49:28.853+0000] {logging_mixin.py:188} INFO - [2026-05-27T14:49:28.852+0000] {dag.py:3954} INFO - Setting next_dagrun for produce_json to 2026-05-27 11:00:00+00:00, run_after=2026-05-28 11:00:00+00:00
[2026-05-27T14:49:28.857+0000] {logging_mixin.py:188} INFO - [2026-05-27T14:49:28.857+0000] {dag.py:3954} INFO - Setting next_dagrun for update_db to 2026-05-27 12:00:00+00:00, run_after=2026-05-28 12:00:00+00:00
[2026-05-27T14:49:28.883+0000] {processor.py:183} INFO - Processing /opt/airflow/dags/main.py took 0.393 seconds
[2026-05-27T14:49:59.318+0000] {processor.py:161} INFO - Started process (PID=2420) to work on /opt/airflow/dags/main.py
[2026-05-27T14:49:59.321+0000] {processor.py:830} INFO - Processing file /opt/airflow/dags/main.py for tasks to queue
[2026-05-27T14:49:59.323+0000] {logging_mixin.py:188} INFO - [2026-05-27T14:49:59.322+0000] {dagbag.py:545} INFO - Filling up the DagBag from /opt/airflow/dags/main.py
[2026-05-27T14:49:59.596+0000] {processor.py:840} INFO - DAG(s) 'data_quality', 'produce_json', 'update_db' retrieved from /opt/airflow/dags/main.py
[2026-05-27T14:49:59.650+0000] {logging_mixin.py:188} INFO - [2026-05-27T14:49:59.650+0000] {dag.py:3096} INFO - Sync 3 DAGs
[2026-05-27T14:49:59.680+0000] {logging_mixin.py:188} INFO - [2026-05-27T14:49:59.679+0000] {dag.py:3954} INFO - Setting next_dagrun for data_quality to 2026-05-27 13:00:00+00:00, run_after=2026-05-28 13:00:00+00:00
[2026-05-27T14:49:59.687+0000] {logging_mixin.py:188} INFO - [2026-05-27T14:49:59.687+0000] {dag.py:3954} INFO - Setting next_dagrun for produce_json to 2026-05-27 11:00:00+00:00, run_after=2026-05-28 11:00:00+00:00
[2026-05-27T14:49:59.691+0000] {logging_mixin.py:188} INFO - [2026-05-27T14:49:59.691+0000] {dag.py:3954} INFO - Setting next_dagrun for update_db to 2026-05-27 12:00:00+00:00, run_after=2026-05-28 12:00:00+00:00
[2026-05-27T14:49:59.750+0000] {processor.py:183} INFO - Processing /opt/airflow/dags/main.py took 0.453 seconds
[2026-05-27T14:50:30.223+0000] {processor.py:161} INFO - Started process (PID=2427) to work on /opt/airflow/dags/main.py
[2026-05-27T14:50:30.225+0000] {processor.py:830} INFO - Processing file /opt/airflow/dags/main.py for tasks to queue
[2026-05-27T14:50:30.228+0000] {logging_mixin.py:188} INFO - [2026-05-27T14:50:30.227+0000] {dagbag.py:545} INFO - Filling up the DagBag from /opt/airflow/dags/main.py
[2026-05-27T14:50:30.536+0000] {processor.py:840} INFO - DAG(s) 'produce_json', 'update_db', 'data_quality' retrieved from /opt/airflow/dags/main.py
[2026-05-27T14:50:30.584+0000] {logging_mixin.py:188} INFO - [2026-05-27T14:50:30.584+0000] {dag.py:3096} INFO - Sync 3 DAGs
[2026-05-27T14:50:30.612+0000] {logging_mixin.py:188} INFO - [2026-05-27T14:50:30.612+0000] {dag.py:3954} INFO - Setting next_dagrun for data_quality to 2026-05-27 13:00:00+00:00, run_after=2026-05-28 13:00:00+00:00
[2026-05-27T14:50:30.620+0000] {logging_mixin.py:188} INFO - [2026-05-27T14:50:30.620+0000] {dag.py:3954} INFO - Setting next_dagrun for produce_json to 2026-05-27 11:00:00+00:00, run_after=2026-05-28 11:00:00+00:00
[2026-05-27T14:50:30.625+0000] {logging_mixin.py:188} INFO - [2026-05-27T14:50:30.625+0000] {dag.py:3954} INFO - Setting next_dagrun for update_db to 2026-05-27 12:00:00+00:00, run_after=2026-05-28 12:00:00+00:00
[2026-05-27T14:50:30.712+0000] {processor.py:183} INFO - Processing /opt/airflow/dags/main.py took 0.506 seconds
[2026-05-27T14:51:01.123+0000] {processor.py:161} INFO - Started process (PID=2434) to work on /opt/airflow/dags/main.py
[2026-05-27T14:51:01.125+0000] {processor.py:830} INFO - Processing file /opt/airflow/dags/main.py for tasks to queue
[2026-05-27T14:51:01.127+0000] {logging_mixin.py:188} INFO - [2026-05-27T14:51:01.127+0000] {dagbag.py:545} INFO - Filling up the DagBag from /opt/airflow/dags/main.py
[2026-05-27T14:51:01.411+0000] {processor.py:840} INFO - DAG(s) 'data_quality', 'update_db', 'produce_json' retrieved from /opt/airflow/dags/main.py
[2026-05-27T14:51:01.462+0000] {logging_mixin.py:188} INFO - [2026-05-27T14:51:01.462+0000] {dag.py:3096} INFO - Sync 3 DAGs
[2026-05-27T14:51:01.492+0000] {logging_mixin.py:188} INFO - [2026-05-27T14:51:01.491+0000] {dag.py:3954} INFO - Setting next_dagrun for data_quality to 2026-05-27 13:00:00+00:00, run_after=2026-05-28 13:00:00+00:00
[2026-05-27T14:51:01.505+0000] {logging_mixin.py:188} INFO - [2026-05-27T14:51:01.504+0000] {dag.py:3954} INFO - Setting next_dagrun for produce_json to 2026-05-27 11:00:00+00:00, run_after=2026-05-28 11:00:00+00:00
[2026-05-27T14:51:01.512+0000] {logging_mixin.py:188} INFO - [2026-05-27T14:51:01.511+0000] {dag.py:3954} INFO - Setting next_dagrun for update_db to 2026-05-27 12:00:00+00:00, run_after=2026-05-28 12:00:00+00:00
[2026-05-27T14:51:01.582+0000] {processor.py:183} INFO - Processing /opt/airflow/dags/main.py took 0.474 seconds
[2026-05-27T14:51:32.031+0000] {processor.py:161} INFO - Started process (PID=2441) to work on /opt/airflow/dags/main.py
[2026-05-27T14:51:32.033+0000] {processor.py:830} INFO - Processing file /opt/airflow/dags/main.py for tasks to queue
[2026-05-27T14:51:32.035+0000] {logging_mixin.py:188} INFO - [2026-05-27T14:51:32.035+0000] {dagbag.py:545} INFO - Filling up the DagBag from /opt/airflow/dags/main.py
[2026-05-27T14:51:32.305+0000] {processor.py:840} INFO - DAG(s) 'update_db', 'produce_json', 'data_quality' retrieved from /opt/airflow/dags/main.py
[2026-05-27T14:51:32.358+0000] {logging_mixin.py:188} INFO - [2026-05-27T14:51:32.358+0000] {dag.py:3096} INFO - Sync 3 DAGs
[2026-05-27T14:51:32.395+0000] {logging_mixin.py:188} INFO - [2026-05-27T14:51:32.394+0000] {dag.py:3954} INFO - Setting next_dagrun for data_quality to 2026-05-27 13:00:00+00:00, run_after=2026-05-28 13:00:00+00:00
[2026-05-27T14:51:32.406+0000] {logging_mixin.py:188} INFO - [2026-05-27T14:51:32.406+0000] {dag.py:3954} INFO - Setting next_dagrun for produce_json to 2026-05-27 11:00:00+00:00, run_after=2026-05-28 11:00:00+00:00
[2026-05-27T14:51:32.414+0000] {logging_mixin.py:188} INFO - [2026-05-27T14:51:32.414+0000] {dag.py:3954} INFO - Setting next_dagrun for update_db to 2026-05-27 12:00:00+00:00, run_after=2026-05-28 12:00:00+00:00
[2026-05-27T14:51:32.454+0000] {processor.py:183} INFO - Processing /opt/airflow/dags/main.py took 0.433 seconds
[2026-05-27T14:52:02.952+0000] {processor.py:161} INFO - Started process (PID=2448) to work on /opt/airflow/dags/main.py
[2026-05-27T14:52:02.954+0000] {processor.py:830} INFO - Processing file /opt/airflow/dags/main.py for tasks to queue
[2026-05-27T14:52:02.956+0000] {logging_mixin.py:188} INFO - [2026-05-27T14:52:02.956+0000] {dagbag.py:545} INFO - Filling up the DagBag from /opt/airflow/dags/main.py
[2026-05-27T14:52:03.252+0000] {processor.py:840} INFO - DAG(s) 'produce_json', 'data_quality', 'update_db' retrieved from /opt/airflow/dags/main.py
[2026-05-27T14:52:03.337+0000] {logging_mixin.py:188} INFO - [2026-05-27T14:52:03.337+0000] {dag.py:3096} INFO - Sync 3 DAGs
[2026-05-27T14:52:03.364+0000] {logging_mixin.py:188} INFO - [2026-05-27T14:52:03.363+0000] {dag.py:3954} INFO - Setting next_dagrun for data_quality to 2026-05-27 13:00:00+00:00, run_after=2026-05-28 13:00:00+00:00
[2026-05-27T14:52:03.370+0000] {logging_mixin.py:188} INFO - [2026-05-27T14:52:03.370+0000] {dag.py:3954} INFO - Setting next_dagrun for produce_json to 2026-05-27 11:00:00+00:00, run_after=2026-05-28 11:00:00+00:00
[2026-05-27T14:52:03.377+0000] {logging_mixin.py:188} INFO - [2026-05-27T14:52:03.376+0000] {dag.py:3954} INFO - Setting next_dagrun for update_db to 2026-05-27 12:00:00+00:00, run_after=2026-05-28 12:00:00+00:00
[2026-05-27T14:52:03.447+0000] {processor.py:183} INFO - Processing /opt/airflow/dags/main.py took 0.514 seconds
[2026-05-27T14:52:33.854+0000] {processor.py:161} INFO - Started process (PID=2455) to work on /opt/airflow/dags/main.py
[2026-05-27T14:52:33.856+0000] {processor.py:830} INFO - Processing file /opt/airflow/dags/main.py for tasks to queue
[2026-05-27T14:52:33.859+0000] {logging_mixin.py:188} INFO - [2026-05-27T14:52:33.858+0000] {dagbag.py:545} INFO - Filling up the DagBag from /opt/airflow/dags/main.py
[2026-05-27T14:52:34.223+0000] {processor.py:840} INFO - DAG(s) 'update_db', 'produce_json', 'data_quality' retrieved from /opt/airflow/dags/main.py
[2026-05-27T14:52:34.296+0000] {logging_mixin.py:188} INFO - [2026-05-27T14:52:34.296+0000] {dag.py:3096} INFO - Sync 3 DAGs
[2026-05-27T14:52:34.328+0000] {logging_mixin.py:188} INFO - [2026-05-27T14:52:34.327+0000] {dag.py:3954} INFO - Setting next_dagrun for data_quality to 2026-05-27 13:00:00+00:00, run_after=2026-05-28 13:00:00+00:00
[2026-05-27T14:52:34.334+0000] {logging_mixin.py:188} INFO - [2026-05-27T14:52:34.334+0000] {dag.py:3954} INFO - Setting next_dagrun for produce_json to 2026-05-27 11:00:00+00:00, run_after=2026-05-28 11:00:00+00:00
[2026-05-27T14:52:34.338+0000] {logging_mixin.py:188} INFO - [2026-05-27T14:52:34.337+0000] {dag.py:3954} INFO - Setting next_dagrun for update_db to 2026-05-27 12:00:00+00:00, run_after=2026-05-28 12:00:00+00:00
[2026-05-27T14:52:34.420+0000] {processor.py:183} INFO - Processing /opt/airflow/dags/main.py took 0.582 seconds
[2026-05-27T14:53:04.900+0000] {processor.py:161} INFO - Started process (PID=2462) to work on /opt/airflow/dags/main.py
[2026-05-27T14:53:04.902+0000] {processor.py:830} INFO - Processing file /opt/airflow/dags/main.py for tasks to queue
[2026-05-27T14:53:04.905+0000] {logging_mixin.py:188} INFO - [2026-05-27T14:53:04.904+0000] {dagbag.py:545} INFO - Filling up the DagBag from /opt/airflow/dags/main.py
[2026-05-27T14:53:05.206+0000] {processor.py:840} INFO - DAG(s) 'update_db', 'data_quality', 'produce_json' retrieved from /opt/airflow/dags/main.py
[2026-05-27T14:53:05.254+0000] {logging_mixin.py:188} INFO - [2026-05-27T14:53:05.253+0000] {dag.py:3096} INFO - Sync 3 DAGs
[2026-05-27T14:53:05.295+0000] {logging_mixin.py:188} INFO - [2026-05-27T14:53:05.295+0000] {dag.py:3954} INFO - Setting next_dagrun for data_quality to 2026-05-27 13:00:00+00:00, run_after=2026-05-28 13:00:00+00:00
[2026-05-27T14:53:05.307+0000] {logging_mixin.py:188} INFO - [2026-05-27T14:53:05.307+0000] {dag.py:3954} INFO - Setting next_dagrun for produce_json to 2026-05-27 11:00:00+00:00, run_after=2026-05-28 11:00:00+00:00
[2026-05-27T14:53:05.312+0000] {logging_mixin.py:188} INFO - [2026-05-27T14:53:05.312+0000] {dag.py:3954} INFO - Setting next_dagrun for update_db to 2026-05-27 12:00:00+00:00, run_after=2026-05-28 12:00:00+00:00
[2026-05-27T14:53:05.383+0000] {processor.py:183} INFO - Processing /opt/airflow/dags/main.py took 0.497 seconds
[2026-05-27T14:53:35.712+0000] {processor.py:161} INFO - Started process (PID=2469) to work on /opt/airflow/dags/main.py
[2026-05-27T14:53:35.714+0000] {processor.py:830} INFO - Processing file /opt/airflow/dags/main.py for tasks to queue
[2026-05-27T14:53:35.716+0000] {logging_mixin.py:188} INFO - [2026-05-27T14:53:35.715+0000] {dagbag.py:545} INFO - Filling up the DagBag from /opt/airflow/dags/main.py
[2026-05-27T14:53:36.041+0000] {processor.py:840} INFO - DAG(s) 'produce_json', 'update_db', 'data_quality' retrieved from /opt/airflow/dags/main.py
[2026-05-27T14:53:36.081+0000] {logging_mixin.py:188} INFO - [2026-05-27T14:53:36.081+0000] {dag.py:3096} INFO - Sync 3 DAGs
[2026-05-27T14:53:36.109+0000] {logging_mixin.py:188} INFO - [2026-05-27T14:53:36.109+0000] {dag.py:3954} INFO - Setting next_dagrun for data_quality to 2026-05-27 13:00:00+00:00, run_after=2026-05-28 13:00:00+00:00
[2026-05-27T14:53:36.115+0000] {logging_mixin.py:188} INFO - [2026-05-27T14:53:36.115+0000] {dag.py:3954} INFO - Setting next_dagrun for produce_json to 2026-05-27 11:00:00+00:00, run_after=2026-05-28 11:00:00+00:00
[2026-05-27T14:53:36.120+0000] {logging_mixin.py:188} INFO - [2026-05-27T14:53:36.119+0000] {dag.py:3954} INFO - Setting next_dagrun for update_db to 2026-05-27 12:00:00+00:00, run_after=2026-05-28 12:00:00+00:00
[2026-05-27T14:53:36.140+0000] {processor.py:183} INFO - Processing /opt/airflow/dags/main.py took 0.453 seconds
[2026-05-27T14:54:06.629+0000] {processor.py:161} INFO - Started process (PID=2476) to work on /opt/airflow/dags/main.py
[2026-05-27T14:54:06.633+0000] {processor.py:830} INFO - Processing file /opt/airflow/dags/main.py for tasks to queue
[2026-05-27T14:54:06.636+0000] {logging_mixin.py:188} INFO - [2026-05-27T14:54:06.635+0000] {dagbag.py:545} INFO - Filling up the DagBag from /opt/airflow/dags/main.py
[2026-05-27T14:54:06.868+0000] {processor.py:840} INFO - DAG(s) 'data_quality', 'update_db', 'produce_json' retrieved from /opt/airflow/dags/main.py
[2026-05-27T14:54:06.944+0000] {logging_mixin.py:188} INFO - [2026-05-27T14:54:06.944+0000] {dag.py:3096} INFO - Sync 3 DAGs
[2026-05-27T14:54:06.998+0000] {logging_mixin.py:188} INFO - [2026-05-27T14:54:06.998+0000] {dag.py:3954} INFO - Setting next_dagrun for data_quality to 2026-05-27 13:00:00+00:00, run_after=2026-05-28 13:00:00+00:00
[2026-05-27T14:54:07.011+0000] {logging_mixin.py:188} INFO - [2026-05-27T14:54:07.011+0000] {dag.py:3954} INFO - Setting next_dagrun for produce_json to 2026-05-27 11:00:00+00:00, run_after=2026-05-28 11:00:00+00:00
[2026-05-27T14:54:07.016+0000] {logging_mixin.py:188} INFO - [2026-05-27T14:54:07.016+0000] {dag.py:3954} INFO - Setting next_dagrun for update_db to 2026-05-27 12:00:00+00:00, run_after=2026-05-28 12:00:00+00:00
[2026-05-27T14:54:07.101+0000] {processor.py:183} INFO - Processing /opt/airflow/dags/main.py took 0.492 seconds
[2026-05-27T14:54:38.037+0000] {processor.py:161} INFO - Started process (PID=2483) to work on /opt/airflow/dags/main.py
[2026-05-27T14:54:38.038+0000] {processor.py:830} INFO - Processing file /opt/airflow/dags/main.py for tasks to queue
[2026-05-27T14:54:38.040+0000] {logging_mixin.py:188} INFO - [2026-05-27T14:54:38.040+0000] {dagbag.py:545} INFO - Filling up the DagBag from /opt/airflow/dags/main.py
[2026-05-27T14:54:38.454+0000] {processor.py:840} INFO - DAG(s) 'data_quality', 'update_db', 'produce_json' retrieved from /opt/airflow/dags/main.py
[2026-05-27T14:54:38.507+0000] {logging_mixin.py:188} INFO - [2026-05-27T14:54:38.507+0000] {dag.py:3096} INFO - Sync 3 DAGs
[2026-05-27T14:54:38.557+0000] {logging_mixin.py:188} INFO - [2026-05-27T14:54:38.557+0000] {dag.py:3954} INFO - Setting next_dagrun for data_quality to 2026-05-27 13:00:00+00:00, run_after=2026-05-28 13:00:00+00:00
[2026-05-27T14:54:38.565+0000] {logging_mixin.py:188} INFO - [2026-05-27T14:54:38.565+0000] {dag.py:3954} INFO - Setting next_dagrun for produce_json to 2026-05-27 11:00:00+00:00, run_after=2026-05-28 11:00:00+00:00
[2026-05-27T14:54:38.570+0000] {logging_mixin.py:188} INFO - [2026-05-27T14:54:38.570+0000] {dag.py:3954} INFO - Setting next_dagrun for update_db to 2026-05-27 12:00:00+00:00, run_after=2026-05-28 12:00:00+00:00
[2026-05-27T14:54:38.640+0000] {processor.py:183} INFO - Processing /opt/airflow/dags/main.py took 0.613 seconds
[2026-05-27T14:55:09.166+0000] {processor.py:161} INFO - Started process (PID=2490) to work on /opt/airflow/dags/main.py
[2026-05-27T14:55:09.169+0000] {processor.py:830} INFO - Processing file /opt/airflow/dags/main.py for tasks to queue
[2026-05-27T14:55:09.171+0000] {logging_mixin.py:188} INFO - [2026-05-27T14:55:09.170+0000] {dagbag.py:545} INFO - Filling up the DagBag from /opt/airflow/dags/main.py
[2026-05-27T14:55:09.432+0000] {processor.py:840} INFO - DAG(s) 'update_db', 'data_quality', 'produce_json' retrieved from /opt/airflow/dags/main.py
[2026-05-27T14:55:09.505+0000] {logging_mixin.py:188} INFO - [2026-05-27T14:55:09.505+0000] {dag.py:3096} INFO - Sync 3 DAGs
[2026-05-27T14:55:09.531+0000] {logging_mixin.py:188} INFO - [2026-05-27T14:55:09.531+0000] {dag.py:3954} INFO - Setting next_dagrun for data_quality to 2026-05-27 13:00:00+00:00, run_after=2026-05-28 13:00:00+00:00
[2026-05-27T14:55:09.537+0000] {logging_mixin.py:188} INFO - [2026-05-27T14:55:09.537+0000] {dag.py:3954} INFO - Setting next_dagrun for produce_json to 2026-05-27 11:00:00+00:00, run_after=2026-05-28 11:00:00+00:00
[2026-05-27T14:55:09.543+0000] {logging_mixin.py:188} INFO - [2026-05-27T14:55:09.543+0000] {dag.py:3954} INFO - Setting next_dagrun for update_db to 2026-05-27 12:00:00+00:00, run_after=2026-05-28 12:00:00+00:00
[2026-05-27T14:55:09.628+0000] {processor.py:183} INFO - Processing /opt/airflow/dags/main.py took 0.487 seconds
[2026-05-27T14:55:39.835+0000] {processor.py:161} INFO - Started process (PID=2497) to work on /opt/airflow/dags/main.py
[2026-05-27T14:55:39.837+0000] {processor.py:830} INFO - Processing file /opt/airflow/dags/main.py for tasks to queue
[2026-05-27T14:55:39.840+0000] {logging_mixin.py:188} INFO - [2026-05-27T14:55:39.839+0000] {dagbag.py:545} INFO - Filling up the DagBag from /opt/airflow/dags/main.py
[2026-05-27T14:55:40.197+0000] {processor.py:840} INFO - DAG(s) 'produce_json', 'update_db', 'data_quality' retrieved from /opt/airflow/dags/main.py
[2026-05-27T14:55:40.252+0000] {logging_mixin.py:188} INFO - [2026-05-27T14:55:40.252+0000] {dag.py:3096} INFO - Sync 3 DAGs
[2026-05-27T14:55:40.276+0000] {logging_mixin.py:188} INFO - [2026-05-27T14:55:40.276+0000] {dag.py:3954} INFO - Setting next_dagrun for data_quality to 2026-05-27 13:00:00+00:00, run_after=2026-05-28 13:00:00+00:00
[2026-05-27T14:55:40.282+0000] {logging_mixin.py:188} INFO - [2026-05-27T14:55:40.282+0000] {dag.py:3954} INFO - Setting next_dagrun for produce_json to 2026-05-27 11:00:00+00:00, run_after=2026-05-28 11:00:00+00:00
[2026-05-27T14:55:40.286+0000] {logging_mixin.py:188} INFO - [2026-05-27T14:55:40.286+0000] {dag.py:3954} INFO - Setting next_dagrun for update_db to 2026-05-27 12:00:00+00:00, run_after=2026-05-28 12:00:00+00:00
[2026-05-27T14:55:40.322+0000] {processor.py:183} INFO - Processing /opt/airflow/dags/main.py took 0.505 seconds
[2026-05-27T14:56:10.811+0000] {processor.py:161} INFO - Started process (PID=2504) to work on /opt/airflow/dags/main.py
[2026-05-27T14:56:10.814+0000] {processor.py:830} INFO - Processing file /opt/airflow/dags/main.py for tasks to queue
[2026-05-27T14:56:10.816+0000] {logging_mixin.py:188} INFO - [2026-05-27T14:56:10.816+0000] {dagbag.py:545} INFO - Filling up the DagBag from /opt/airflow/dags/main.py
[2026-05-27T14:56:11.172+0000] {processor.py:840} INFO - DAG(s) 'update_db', 'produce_json', 'data_quality' retrieved from /opt/airflow/dags/main.py
[2026-05-27T14:56:11.259+0000] {logging_mixin.py:188} INFO - [2026-05-27T14:56:11.258+0000] {dag.py:3096} INFO - Sync 3 DAGs
[2026-05-27T14:56:11.303+0000] {logging_mixin.py:188} INFO - [2026-05-27T14:56:11.303+0000] {dag.py:3954} INFO - Setting next_dagrun for data_quality to 2026-05-27 13:00:00+00:00, run_after=2026-05-28 13:00:00+00:00
[2026-05-27T14:56:11.310+0000] {logging_mixin.py:188} INFO - [2026-05-27T14:56:11.310+0000] {dag.py:3954} INFO - Setting next_dagrun for produce_json to 2026-05-27 11:00:00+00:00, run_after=2026-05-28 11:00:00+00:00
[2026-05-27T14:56:11.314+0000] {logging_mixin.py:188} INFO - [2026-05-27T14:56:11.314+0000] {dag.py:3954} INFO - Setting next_dagrun for update_db to 2026-05-27 12:00:00+00:00, run_after=2026-05-28 12:00:00+00:00
[2026-05-27T14:56:11.400+0000] {processor.py:183} INFO - Processing /opt/airflow/dags/main.py took 0.608 seconds
[2026-05-27T14:56:41.816+0000] {processor.py:161} INFO - Started process (PID=2511) to work on /opt/airflow/dags/main.py
[2026-05-27T14:56:41.819+0000] {processor.py:830} INFO - Processing file /opt/airflow/dags/main.py for tasks to queue
[2026-05-27T14:56:41.821+0000] {logging_mixin.py:188} INFO - [2026-05-27T14:56:41.820+0000] {dagbag.py:545} INFO - Filling up the DagBag from /opt/airflow/dags/main.py
[2026-05-27T14:56:42.200+0000] {processor.py:840} INFO - DAG(s) 'data_quality', 'update_db', 'produce_json' retrieved from /opt/airflow/dags/main.py
[2026-05-27T14:56:42.253+0000] {logging_mixin.py:188} INFO - [2026-05-27T14:56:42.252+0000] {dag.py:3096} INFO - Sync 3 DAGs
[2026-05-27T14:56:42.279+0000] {logging_mixin.py:188} INFO - [2026-05-27T14:56:42.279+0000] {dag.py:3954} INFO - Setting next_dagrun for data_quality to 2026-05-27 13:00:00+00:00, run_after=2026-05-28 13:00:00+00:00
[2026-05-27T14:56:42.286+0000] {logging_mixin.py:188} INFO - [2026-05-27T14:56:42.285+0000] {dag.py:3954} INFO - Setting next_dagrun for produce_json to 2026-05-27 11:00:00+00:00, run_after=2026-05-28 11:00:00+00:00
[2026-05-27T14:56:42.289+0000] {logging_mixin.py:188} INFO - [2026-05-27T14:56:42.289+0000] {dag.py:3954} INFO - Setting next_dagrun for update_db to 2026-05-27 12:00:00+00:00, run_after=2026-05-28 12:00:00+00:00
[2026-05-27T14:56:42.374+0000] {processor.py:183} INFO - Processing /opt/airflow/dags/main.py took 0.574 seconds
[2026-05-27T14:57:12.829+0000] {processor.py:161} INFO - Started process (PID=2518) to work on /opt/airflow/dags/main.py
[2026-05-27T14:57:12.832+0000] {processor.py:830} INFO - Processing file /opt/airflow/dags/main.py for tasks to queue
[2026-05-27T14:57:12.834+0000] {logging_mixin.py:188} INFO - [2026-05-27T14:57:12.833+0000] {dagbag.py:545} INFO - Filling up the DagBag from /opt/airflow/dags/main.py
[2026-05-27T14:57:13.092+0000] {processor.py:840} INFO - DAG(s) 'produce_json', 'update_db', 'data_quality' retrieved from /opt/airflow/dags/main.py
[2026-05-27T14:57:13.142+0000] {logging_mixin.py:188} INFO - [2026-05-27T14:57:13.142+0000] {dag.py:3096} INFO - Sync 3 DAGs
[2026-05-27T14:57:13.177+0000] {logging_mixin.py:188} INFO - [2026-05-27T14:57:13.177+0000] {dag.py:3954} INFO - Setting next_dagrun for data_quality to 2026-05-27 13:00:00+00:00, run_after=2026-05-28 13:00:00+00:00
[2026-05-27T14:57:13.184+0000] {logging_mixin.py:188} INFO - [2026-05-27T14:57:13.183+0000] {dag.py:3954} INFO - Setting next_dagrun for produce_json to 2026-05-27 11:00:00+00:00, run_after=2026-05-28 11:00:00+00:00
[2026-05-27T14:57:13.187+0000] {logging_mixin.py:188} INFO - [2026-05-27T14:57:13.187+0000] {dag.py:3954} INFO - Setting next_dagrun for update_db to 2026-05-27 12:00:00+00:00, run_after=2026-05-28 12:00:00+00:00
[2026-05-27T14:57:13.208+0000] {processor.py:183} INFO - Processing /opt/airflow/dags/main.py took 0.400 seconds
[2026-05-27T14:57:43.582+0000] {processor.py:161} INFO - Started process (PID=2525) to work on /opt/airflow/dags/main.py
[2026-05-27T14:57:43.584+0000] {processor.py:830} INFO - Processing file /opt/airflow/dags/main.py for tasks to queue
[2026-05-27T14:57:43.587+0000] {logging_mixin.py:188} INFO - [2026-05-27T14:57:43.586+0000] {dagbag.py:545} INFO - Filling up the DagBag from /opt/airflow/dags/main.py
[2026-05-27T14:57:43.924+0000] {processor.py:840} INFO - DAG(s) 'update_db', 'produce_json', 'data_quality' retrieved from /opt/airflow/dags/main.py
[2026-05-27T14:57:43.995+0000] {logging_mixin.py:188} INFO - [2026-05-27T14:57:43.995+0000] {dag.py:3096} INFO - Sync 3 DAGs
[2026-05-27T14:57:44.021+0000] {logging_mixin.py:188} INFO - [2026-05-27T14:57:44.021+0000] {dag.py:3954} INFO - Setting next_dagrun for data_quality to 2026-05-27 13:00:00+00:00, run_after=2026-05-28 13:00:00+00:00
[2026-05-27T14:57:44.031+0000] {logging_mixin.py:188} INFO - [2026-05-27T14:57:44.031+0000] {dag.py:3954} INFO - Setting next_dagrun for produce_json to 2026-05-27 11:00:00+00:00, run_after=2026-05-28 11:00:00+00:00
[2026-05-27T14:57:44.035+0000] {logging_mixin.py:188} INFO - [2026-05-27T14:57:44.035+0000] {dag.py:3954} INFO - Setting next_dagrun for update_db to 2026-05-27 12:00:00+00:00, run_after=2026-05-28 12:00:00+00:00
[2026-05-27T14:57:44.125+0000] {processor.py:183} INFO - Processing /opt/airflow/dags/main.py took 0.558 seconds
[2026-05-27T14:58:14.619+0000] {processor.py:161} INFO - Started process (PID=2532) to work on /opt/airflow/dags/main.py
[2026-05-27T14:58:14.622+0000] {processor.py:830} INFO - Processing file /opt/airflow/dags/main.py for tasks to queue
[2026-05-27T14:58:14.624+0000] {logging_mixin.py:188} INFO - [2026-05-27T14:58:14.623+0000] {dagbag.py:545} INFO - Filling up the DagBag from /opt/airflow/dags/main.py
[2026-05-27T14:58:14.972+0000] {processor.py:840} INFO - DAG(s) 'data_quality', 'produce_json', 'update_db' retrieved from /opt/airflow/dags/main.py
[2026-05-27T14:58:15.053+0000] {logging_mixin.py:188} INFO - [2026-05-27T14:58:15.053+0000] {dag.py:3096} INFO - Sync 3 DAGs
[2026-05-27T14:58:15.089+0000] {logging_mixin.py:188} INFO - [2026-05-27T14:58:15.089+0000] {dag.py:3954} INFO - Setting next_dagrun for data_quality to 2026-05-27 13:00:00+00:00, run_after=2026-05-28 13:00:00+00:00
[2026-05-27T14:58:15.098+0000] {logging_mixin.py:188} INFO - [2026-05-27T14:58:15.098+0000] {dag.py:3954} INFO - Setting next_dagrun for produce_json to 2026-05-27 11:00:00+00:00, run_after=2026-05-28 11:00:00+00:00
[2026-05-27T14:58:15.104+0000] {logging_mixin.py:188} INFO - [2026-05-27T14:58:15.104+0000] {dag.py:3954} INFO - Setting next_dagrun for update_db to 2026-05-27 12:00:00+00:00, run_after=2026-05-28 12:00:00+00:00
[2026-05-27T14:58:15.191+0000] {processor.py:183} INFO - Processing /opt/airflow/dags/main.py took 0.592 seconds
[2026-05-27T14:58:45.356+0000] {processor.py:161} INFO - Started process (PID=2539) to work on /opt/airflow/dags/main.py
[2026-05-27T14:58:45.358+0000] {processor.py:830} INFO - Processing file /opt/airflow/dags/main.py for tasks to queue
[2026-05-27T14:58:45.360+0000] {logging_mixin.py:188} INFO - [2026-05-27T14:58:45.360+0000] {dagbag.py:545} INFO - Filling up the DagBag from /opt/airflow/dags/main.py
[2026-05-27T14:58:45.580+0000] {processor.py:840} INFO - DAG(s) 'data_quality', 'produce_json', 'update_db' retrieved from /opt/airflow/dags/main.py
[2026-05-27T14:58:45.650+0000] {logging_mixin.py:188} INFO - [2026-05-27T14:58:45.650+0000] {dag.py:3096} INFO - Sync 3 DAGs
[2026-05-27T14:58:45.693+0000] {logging_mixin.py:188} INFO - [2026-05-27T14:58:45.693+0000] {dag.py:3954} INFO - Setting next_dagrun for data_quality to 2026-05-27 13:00:00+00:00, run_after=2026-05-28 13:00:00+00:00
[2026-05-27T14:58:45.703+0000] {logging_mixin.py:188} INFO - [2026-05-27T14:58:45.703+0000] {dag.py:3954} INFO - Setting next_dagrun for produce_json to 2026-05-27 11:00:00+00:00, run_after=2026-05-28 11:00:00+00:00
[2026-05-27T14:58:45.709+0000] {logging_mixin.py:188} INFO - [2026-05-27T14:58:45.709+0000] {dag.py:3954} INFO - Setting next_dagrun for update_db to 2026-05-27 12:00:00+00:00, run_after=2026-05-28 12:00:00+00:00
[2026-05-27T14:58:45.798+0000] {processor.py:183} INFO - Processing /opt/airflow/dags/main.py took 0.456 seconds
[2026-05-27T14:59:15.884+0000] {processor.py:161} INFO - Started process (PID=2546) to work on /opt/airflow/dags/main.py
[2026-05-27T14:59:15.886+0000] {processor.py:830} INFO - Processing file /opt/airflow/dags/main.py for tasks to queue
[2026-05-27T14:59:15.887+0000] {logging_mixin.py:188} INFO - [2026-05-27T14:59:15.887+0000] {dagbag.py:545} INFO - Filling up the DagBag from /opt/airflow/dags/main.py
[2026-05-27T14:59:16.100+0000] {processor.py:840} INFO - DAG(s) 'data_quality', 'update_db', 'produce_json' retrieved from /opt/airflow/dags/main.py
[2026-05-27T14:59:16.146+0000] {logging_mixin.py:188} INFO - [2026-05-27T14:59:16.146+0000] {dag.py:3096} INFO - Sync 3 DAGs
[2026-05-27T14:59:16.176+0000] {logging_mixin.py:188} INFO - [2026-05-27T14:59:16.175+0000] {dag.py:3954} INFO - Setting next_dagrun for data_quality to 2026-05-27 13:00:00+00:00, run_after=2026-05-28 13:00:00+00:00
[2026-05-27T14:59:16.183+0000] {logging_mixin.py:188} INFO - [2026-05-27T14:59:16.182+0000] {dag.py:3954} INFO - Setting next_dagrun for produce_json to 2026-05-27 11:00:00+00:00, run_after=2026-05-28 11:00:00+00:00
[2026-05-27T14:59:16.187+0000] {logging_mixin.py:188} INFO - [2026-05-27T14:59:16.186+0000] {dag.py:3954} INFO - Setting next_dagrun for update_db to 2026-05-27 12:00:00+00:00, run_after=2026-05-28 12:00:00+00:00
[2026-05-27T14:59:16.251+0000] {processor.py:183} INFO - Processing /opt/airflow/dags/main.py took 0.376 seconds
[2026-05-27T14:59:46.692+0000] {processor.py:161} INFO - Started process (PID=2553) to work on /opt/airflow/dags/main.py
[2026-05-27T14:59:46.694+0000] {processor.py:830} INFO - Processing file /opt/airflow/dags/main.py for tasks to queue
[2026-05-27T14:59:46.696+0000] {logging_mixin.py:188} INFO - [2026-05-27T14:59:46.695+0000] {dagbag.py:545} INFO - Filling up the DagBag from /opt/airflow/dags/main.py
[2026-05-27T14:59:47.007+0000] {processor.py:840} INFO - DAG(s) 'update_db', 'data_quality', 'produce_json' retrieved from /opt/airflow/dags/main.py
[2026-05-27T14:59:47.080+0000] {logging_mixin.py:188} INFO - [2026-05-27T14:59:47.079+0000] {dag.py:3096} INFO - Sync 3 DAGs
[2026-05-27T14:59:47.115+0000] {logging_mixin.py:188} INFO - [2026-05-27T14:59:47.115+0000] {dag.py:3954} INFO - Setting next_dagrun for data_quality to 2026-05-27 13:00:00+00:00, run_after=2026-05-28 13:00:00+00:00
[2026-05-27T14:59:47.122+0000] {logging_mixin.py:188} INFO - [2026-05-27T14:59:47.122+0000] {dag.py:3954} INFO - Setting next_dagrun for produce_json to 2026-05-27 11:00:00+00:00, run_after=2026-05-28 11:00:00+00:00
[2026-05-27T14:59:47.126+0000] {logging_mixin.py:188} INFO - [2026-05-27T14:59:47.126+0000] {dag.py:3954} INFO - Setting next_dagrun for update_db to 2026-05-27 12:00:00+00:00, run_after=2026-05-28 12:00:00+00:00
[2026-05-27T14:59:47.210+0000] {processor.py:183} INFO - Processing /opt/airflow/dags/main.py took 0.528 seconds
[2026-05-27T15:00:17.674+0000] {processor.py:161} INFO - Started process (PID=2560) to work on /opt/airflow/dags/main.py
[2026-05-27T15:00:17.676+0000] {processor.py:830} INFO - Processing file /opt/airflow/dags/main.py for tasks to queue
[2026-05-27T15:00:17.678+0000] {logging_mixin.py:188} INFO - [2026-05-27T15:00:17.678+0000] {dagbag.py:545} INFO - Filling up the DagBag from /opt/airflow/dags/main.py
[2026-05-27T15:00:18.004+0000] {processor.py:840} INFO - DAG(s) 'data_quality', 'produce_json', 'update_db' retrieved from /opt/airflow/dags/main.py
[2026-05-27T15:00:18.081+0000] {logging_mixin.py:188} INFO - [2026-05-27T15:00:18.081+0000] {dag.py:3096} INFO - Sync 3 DAGs
[2026-05-27T15:00:18.127+0000] {logging_mixin.py:188} INFO - [2026-05-27T15:00:18.126+0000] {dag.py:3954} INFO - Setting next_dagrun for data_quality to 2026-05-27 13:00:00+00:00, run_after=2026-05-28 13:00:00+00:00
[2026-05-27T15:00:18.140+0000] {logging_mixin.py:188} INFO - [2026-05-27T15:00:18.139+0000] {dag.py:3954} INFO - Setting next_dagrun for produce_json to 2026-05-27 11:00:00+00:00, run_after=2026-05-28 11:00:00+00:00
[2026-05-27T15:00:18.148+0000] {logging_mixin.py:188} INFO - [2026-05-27T15:00:18.148+0000] {dag.py:3954} INFO - Setting next_dagrun for update_db to 2026-05-27 12:00:00+00:00, run_after=2026-05-28 12:00:00+00:00
[2026-05-27T15:00:18.231+0000] {processor.py:183} INFO - Processing /opt/airflow/dags/main.py took 0.567 seconds
[2026-05-27T15:00:48.523+0000] {processor.py:161} INFO - Started process (PID=2567) to work on /opt/airflow/dags/main.py
[2026-05-27T15:00:48.525+0000] {processor.py:830} INFO - Processing file /opt/airflow/dags/main.py for tasks to queue
[2026-05-27T15:00:48.529+0000] {logging_mixin.py:188} INFO - [2026-05-27T15:00:48.528+0000] {dagbag.py:545} INFO - Filling up the DagBag from /opt/airflow/dags/main.py
[2026-05-27T15:00:48.800+0000] {processor.py:840} INFO - DAG(s) 'produce_json', 'update_db', 'data_quality' retrieved from /opt/airflow/dags/main.py
[2026-05-27T15:00:48.845+0000] {logging_mixin.py:188} INFO - [2026-05-27T15:00:48.845+0000] {dag.py:3096} INFO - Sync 3 DAGs
[2026-05-27T15:00:48.876+0000] {logging_mixin.py:188} INFO - [2026-05-27T15:00:48.876+0000] {dag.py:3954} INFO - Setting next_dagrun for data_quality to 2026-05-27 13:00:00+00:00, run_after=2026-05-28 13:00:00+00:00
[2026-05-27T15:00:48.885+0000] {logging_mixin.py:188} INFO - [2026-05-27T15:00:48.884+0000] {dag.py:3954} INFO - Setting next_dagrun for produce_json to 2026-05-27 11:00:00+00:00, run_after=2026-05-28 11:00:00+00:00
[2026-05-27T15:00:48.889+0000] {logging_mixin.py:188} INFO - [2026-05-27T15:00:48.889+0000] {dag.py:3954} INFO - Setting next_dagrun for update_db to 2026-05-27 12:00:00+00:00, run_after=2026-05-28 12:00:00+00:00
[2026-05-27T15:00:48.918+0000] {processor.py:183} INFO - Processing /opt/airflow/dags/main.py took 0.415 seconds
[2026-05-27T15:01:19.092+0000] {processor.py:161} INFO - Started process (PID=2574) to work on /opt/airflow/dags/main.py
[2026-05-27T15:01:19.094+0000] {processor.py:830} INFO - Processing file /opt/airflow/dags/main.py for tasks to queue
[2026-05-27T15:01:19.095+0000] {logging_mixin.py:188} INFO - [2026-05-27T15:01:19.095+0000] {dagbag.py:545} INFO - Filling up the DagBag from /opt/airflow/dags/main.py
[2026-05-27T15:01:19.417+0000] {processor.py:840} INFO - DAG(s) 'update_db', 'produce_json', 'data_quality' retrieved from /opt/airflow/dags/main.py
[2026-05-27T15:01:19.459+0000] {logging_mixin.py:188} INFO - [2026-05-27T15:01:19.459+0000] {dag.py:3096} INFO - Sync 3 DAGs
[2026-05-27T15:01:19.486+0000] {logging_mixin.py:188} INFO - [2026-05-27T15:01:19.485+0000] {dag.py:3954} INFO - Setting next_dagrun for data_quality to 2026-05-27 13:00:00+00:00, run_after=2026-05-28 13:00:00+00:00
[2026-05-27T15:01:19.494+0000] {logging_mixin.py:188} INFO - [2026-05-27T15:01:19.494+0000] {dag.py:3954} INFO - Setting next_dagrun for produce_json to 2026-05-27 11:00:00+00:00, run_after=2026-05-28 11:00:00+00:00
[2026-05-27T15:01:19.500+0000] {logging_mixin.py:188} INFO - [2026-05-27T15:01:19.500+0000] {dag.py:3954} INFO - Setting next_dagrun for update_db to 2026-05-27 12:00:00+00:00, run_after=2026-05-28 12:00:00+00:00
[2026-05-27T15:01:19.528+0000] {processor.py:183} INFO - Processing /opt/airflow/dags/main.py took 0.451 seconds
[2026-05-27T15:01:49.817+0000] {processor.py:161} INFO - Started process (PID=2581) to work on /opt/airflow/dags/main.py
[2026-05-27T15:01:49.820+0000] {processor.py:830} INFO - Processing file /opt/airflow/dags/main.py for tasks to queue
[2026-05-27T15:01:49.822+0000] {logging_mixin.py:188} INFO - [2026-05-27T15:01:49.822+0000] {dagbag.py:545} INFO - Filling up the DagBag from /opt/airflow/dags/main.py
[2026-05-27T15:01:50.062+0000] {processor.py:840} INFO - DAG(s) 'produce_json', 'data_quality', 'update_db' retrieved from /opt/airflow/dags/main.py
[2026-05-27T15:01:50.107+0000] {logging_mixin.py:188} INFO - [2026-05-27T15:01:50.107+0000] {dag.py:3096} INFO - Sync 3 DAGs
[2026-05-27T15:01:50.138+0000] {logging_mixin.py:188} INFO - [2026-05-27T15:01:50.138+0000] {dag.py:3954} INFO - Setting next_dagrun for data_quality to 2026-05-27 13:00:00+00:00, run_after=2026-05-28 13:00:00+00:00
[2026-05-27T15:01:50.146+0000] {logging_mixin.py:188} INFO - [2026-05-27T15:01:50.145+0000] {dag.py:3954} INFO - Setting next_dagrun for produce_json to 2026-05-27 11:00:00+00:00, run_after=2026-05-28 11:00:00+00:00
[2026-05-27T15:01:50.150+0000] {logging_mixin.py:188} INFO - [2026-05-27T15:01:50.150+0000] {dag.py:3954} INFO - Setting next_dagrun for update_db to 2026-05-27 12:00:00+00:00, run_after=2026-05-28 12:00:00+00:00
[2026-05-27T15:01:50.206+0000] {processor.py:183} INFO - Processing /opt/airflow/dags/main.py took 0.409 seconds
[2026-05-27T15:02:20.395+0000] {processor.py:161} INFO - Started process (PID=2588) to work on /opt/airflow/dags/main.py
[2026-05-27T15:02:20.398+0000] {processor.py:830} INFO - Processing file /opt/airflow/dags/main.py for tasks to queue
[2026-05-27T15:02:20.400+0000] {logging_mixin.py:188} INFO - [2026-05-27T15:02:20.399+0000] {dagbag.py:545} INFO - Filling up the DagBag from /opt/airflow/dags/main.py
[2026-05-27T15:02:20.710+0000] {processor.py:840} INFO - DAG(s) 'update_db', 'data_quality', 'produce_json' retrieved from /opt/airflow/dags/main.py
[2026-05-27T15:02:20.754+0000] {logging_mixin.py:188} INFO - [2026-05-27T15:02:20.754+0000] {dag.py:3096} INFO - Sync 3 DAGs
[2026-05-27T15:02:20.785+0000] {logging_mixin.py:188} INFO - [2026-05-27T15:02:20.785+0000] {dag.py:3954} INFO - Setting next_dagrun for data_quality to 2026-05-27 13:00:00+00:00, run_after=2026-05-28 13:00:00+00:00
[2026-05-27T15:02:20.793+0000] {logging_mixin.py:188} INFO - [2026-05-27T15:02:20.792+0000] {dag.py:3954} INFO - Setting next_dagrun for produce_json to 2026-05-27 11:00:00+00:00, run_after=2026-05-28 11:00:00+00:00
[2026-05-27T15:02:20.796+0000] {logging_mixin.py:188} INFO - [2026-05-27T15:02:20.796+0000] {dag.py:3954} INFO - Setting next_dagrun for update_db to 2026-05-27 12:00:00+00:00, run_after=2026-05-28 12:00:00+00:00
[2026-05-27T15:02:20.820+0000] {processor.py:183} INFO - Processing /opt/airflow/dags/main.py took 0.443 seconds
[2026-05-27T15:02:51.123+0000] {processor.py:161} INFO - Started process (PID=2595) to work on /opt/airflow/dags/main.py
[2026-05-27T15:02:51.125+0000] {processor.py:830} INFO - Processing file /opt/airflow/dags/main.py for tasks to queue
[2026-05-27T15:02:51.127+0000] {logging_mixin.py:188} INFO - [2026-05-27T15:02:51.126+0000] {dagbag.py:545} INFO - Filling up the DagBag from /opt/airflow/dags/main.py
[2026-05-27T15:02:51.484+0000] {processor.py:840} INFO - DAG(s) 'data_quality', 'update_db', 'produce_json' retrieved from /opt/airflow/dags/main.py
[2026-05-27T15:02:51.537+0000] {logging_mixin.py:188} INFO - [2026-05-27T15:02:51.537+0000] {dag.py:3096} INFO - Sync 3 DAGs
[2026-05-27T15:02:51.562+0000] {logging_mixin.py:188} INFO - [2026-05-27T15:02:51.562+0000] {dag.py:3954} INFO - Setting next_dagrun for data_quality to 2026-05-27 13:00:00+00:00, run_after=2026-05-28 13:00:00+00:00
[2026-05-27T15:02:51.569+0000] {logging_mixin.py:188} INFO - [2026-05-27T15:02:51.569+0000] {dag.py:3954} INFO - Setting next_dagrun for produce_json to 2026-05-27 11:00:00+00:00, run_after=2026-05-28 11:00:00+00:00
[2026-05-27T15:02:51.573+0000] {logging_mixin.py:188} INFO - [2026-05-27T15:02:51.573+0000] {dag.py:3954} INFO - Setting next_dagrun for update_db to 2026-05-27 12:00:00+00:00, run_after=2026-05-28 12:00:00+00:00
[2026-05-27T15:02:51.661+0000] {processor.py:183} INFO - Processing /opt/airflow/dags/main.py took 0.555 seconds
[2026-05-27T15:03:22.200+0000] {processor.py:161} INFO - Started process (PID=2602) to work on /opt/airflow/dags/main.py
[2026-05-27T15:03:22.203+0000] {processor.py:830} INFO - Processing file /opt/airflow/dags/main.py for tasks to queue
[2026-05-27T15:03:22.206+0000] {logging_mixin.py:188} INFO - [2026-05-27T15:03:22.205+0000] {dagbag.py:545} INFO - Filling up the DagBag from /opt/airflow/dags/main.py
[2026-05-27T15:03:22.625+0000] {processor.py:840} INFO - DAG(s) 'produce_json', 'update_db', 'data_quality' retrieved from /opt/airflow/dags/main.py
[2026-05-27T15:03:22.710+0000] {logging_mixin.py:188} INFO - [2026-05-27T15:03:22.709+0000] {dag.py:3096} INFO - Sync 3 DAGs
[2026-05-27T15:03:22.747+0000] {logging_mixin.py:188} INFO - [2026-05-27T15:03:22.747+0000] {dag.py:3954} INFO - Setting next_dagrun for data_quality to 2026-05-27 13:00:00+00:00, run_after=2026-05-28 13:00:00+00:00
[2026-05-27T15:03:22.755+0000] {logging_mixin.py:188} INFO - [2026-05-27T15:03:22.755+0000] {dag.py:3954} INFO - Setting next_dagrun for produce_json to 2026-05-27 11:00:00+00:00, run_after=2026-05-28 11:00:00+00:00
[2026-05-27T15:03:22.760+0000] {logging_mixin.py:188} INFO - [2026-05-27T15:03:22.760+0000] {dag.py:3954} INFO - Setting next_dagrun for update_db to 2026-05-27 12:00:00+00:00, run_after=2026-05-28 12:00:00+00:00
[2026-05-27T15:03:22.848+0000] {processor.py:183} INFO - Processing /opt/airflow/dags/main.py took 0.679 seconds
[2026-05-27T15:03:53.059+0000] {processor.py:161} INFO - Started process (PID=2609) to work on /opt/airflow/dags/main.py
[2026-05-27T15:03:53.061+0000] {processor.py:830} INFO - Processing file /opt/airflow/dags/main.py for tasks to queue
[2026-05-27T15:03:53.064+0000] {logging_mixin.py:188} INFO - [2026-05-27T15:03:53.063+0000] {dagbag.py:545} INFO - Filling up the DagBag from /opt/airflow/dags/main.py
[2026-05-27T15:03:53.298+0000] {processor.py:840} INFO - DAG(s) 'update_db', 'produce_json', 'data_quality' retrieved from /opt/airflow/dags/main.py
[2026-05-27T15:03:53.372+0000] {logging_mixin.py:188} INFO - [2026-05-27T15:03:53.372+0000] {dag.py:3096} INFO - Sync 3 DAGs
[2026-05-27T15:03:53.418+0000] {logging_mixin.py:188} INFO - [2026-05-27T15:03:53.418+0000] {dag.py:3954} INFO - Setting next_dagrun for data_quality to 2026-05-27 13:00:00+00:00, run_after=2026-05-28 13:00:00+00:00
[2026-05-27T15:03:53.425+0000] {logging_mixin.py:188} INFO - [2026-05-27T15:03:53.425+0000] {dag.py:3954} INFO - Setting next_dagrun for produce_json to 2026-05-27 11:00:00+00:00, run_after=2026-05-28 11:00:00+00:00
[2026-05-27T15:03:53.429+0000] {logging_mixin.py:188} INFO - [2026-05-27T15:03:53.429+0000] {dag.py:3954} INFO - Setting next_dagrun for update_db to 2026-05-27 12:00:00+00:00, run_after=2026-05-28 12:00:00+00:00
[2026-05-27T15:03:53.514+0000] {processor.py:183} INFO - Processing /opt/airflow/dags/main.py took 0.479 seconds
[2026-05-27T15:04:24.211+0000] {processor.py:161} INFO - Started process (PID=2616) to work on /opt/airflow/dags/main.py
[2026-05-27T15:04:24.213+0000] {processor.py:830} INFO - Processing file /opt/airflow/dags/main.py for tasks to queue
[2026-05-27T15:04:24.214+0000] {logging_mixin.py:188} INFO - [2026-05-27T15:04:24.214+0000] {dagbag.py:545} INFO - Filling up the DagBag from /opt/airflow/dags/main.py
[2026-05-27T15:04:24.539+0000] {processor.py:840} INFO - DAG(s) 'data_quality', 'produce_json', 'update_db' retrieved from /opt/airflow/dags/main.py
[2026-05-27T15:04:24.593+0000] {logging_mixin.py:188} INFO - [2026-05-27T15:04:24.592+0000] {dag.py:3096} INFO - Sync 3 DAGs
[2026-05-27T15:04:24.617+0000] {logging_mixin.py:188} INFO - [2026-05-27T15:04:24.617+0000] {dag.py:3954} INFO - Setting next_dagrun for data_quality to 2026-05-27 13:00:00+00:00, run_after=2026-05-28 13:00:00+00:00
[2026-05-27T15:04:24.624+0000] {logging_mixin.py:188} INFO - [2026-05-27T15:04:24.624+0000] {dag.py:3954} INFO - Setting next_dagrun for produce_json to 2026-05-27 11:00:00+00:00, run_after=2026-05-28 11:00:00+00:00
[2026-05-27T15:04:24.629+0000] {logging_mixin.py:188} INFO - [2026-05-27T15:04:24.629+0000] {dag.py:3954} INFO - Setting next_dagrun for update_db to 2026-05-27 12:00:00+00:00, run_after=2026-05-28 12:00:00+00:00
[2026-05-27T15:04:24.718+0000] {processor.py:183} INFO - Processing /opt/airflow/dags/main.py took 0.517 seconds
[2026-05-27T15:04:55.178+0000] {processor.py:161} INFO - Started process (PID=2629) to work on /opt/airflow/dags/main.py
[2026-05-27T15:04:55.181+0000] {processor.py:830} INFO - Processing file /opt/airflow/dags/main.py for tasks to queue
[2026-05-27T15:04:55.183+0000] {logging_mixin.py:188} INFO - [2026-05-27T15:04:55.183+0000] {dagbag.py:545} INFO - Filling up the DagBag from /opt/airflow/dags/main.py
[2026-05-27T15:04:55.492+0000] {processor.py:840} INFO - DAG(s) 'produce_json', 'update_db', 'data_quality' retrieved from /opt/airflow/dags/main.py
[2026-05-27T15:04:55.542+0000] {logging_mixin.py:188} INFO - [2026-05-27T15:04:55.541+0000] {dag.py:3096} INFO - Sync 3 DAGs
[2026-05-27T15:04:55.579+0000] {logging_mixin.py:188} INFO - [2026-05-27T15:04:55.579+0000] {dag.py:3954} INFO - Setting next_dagrun for data_quality to 2026-05-27 13:00:00+00:00, run_after=2026-05-28 13:00:00+00:00
[2026-05-27T15:04:55.594+0000] {logging_mixin.py:188} INFO - [2026-05-27T15:04:55.593+0000] {dag.py:3954} INFO - Setting next_dagrun for produce_json to 2026-05-27 11:00:00+00:00, run_after=2026-05-28 11:00:00+00:00
[2026-05-27T15:04:55.603+0000] {logging_mixin.py:188} INFO - [2026-05-27T15:04:55.602+0000] {dag.py:3954} INFO - Setting next_dagrun for update_db to 2026-05-27 12:00:00+00:00, run_after=2026-05-28 12:00:00+00:00
[2026-05-27T15:04:55.635+0000] {processor.py:183} INFO - Processing /opt/airflow/dags/main.py took 0.477 seconds
[2026-05-27T15:05:25.960+0000] {processor.py:161} INFO - Started process (PID=2636) to work on /opt/airflow/dags/main.py
[2026-05-27T15:05:25.963+0000] {processor.py:830} INFO - Processing file /opt/airflow/dags/main.py for tasks to queue
[2026-05-27T15:05:25.966+0000] {logging_mixin.py:188} INFO - [2026-05-27T15:05:25.965+0000] {dagbag.py:545} INFO - Filling up the DagBag from /opt/airflow/dags/main.py
[2026-05-27T15:05:26.308+0000] {processor.py:840} INFO - DAG(s) 'data_quality', 'update_db', 'produce_json' retrieved from /opt/airflow/dags/main.py
[2026-05-27T15:05:26.362+0000] {logging_mixin.py:188} INFO - [2026-05-27T15:05:26.361+0000] {dag.py:3096} INFO - Sync 3 DAGs
[2026-05-27T15:05:26.393+0000] {logging_mixin.py:188} INFO - [2026-05-27T15:05:26.392+0000] {dag.py:3954} INFO - Setting next_dagrun for data_quality to 2026-05-27 13:00:00+00:00, run_after=2026-05-28 13:00:00+00:00
[2026-05-27T15:05:26.400+0000] {logging_mixin.py:188} INFO - [2026-05-27T15:05:26.400+0000] {dag.py:3954} INFO - Setting next_dagrun for produce_json to 2026-05-27 11:00:00+00:00, run_after=2026-05-28 11:00:00+00:00
[2026-05-27T15:05:26.405+0000] {logging_mixin.py:188} INFO - [2026-05-27T15:05:26.405+0000] {dag.py:3954} INFO - Setting next_dagrun for update_db to 2026-05-27 12:00:00+00:00, run_after=2026-05-28 12:00:00+00:00
[2026-05-27T15:05:26.493+0000] {processor.py:183} INFO - Processing /opt/airflow/dags/main.py took 0.549 seconds
[2026-05-27T15:05:56.916+0000] {processor.py:161} INFO - Started process (PID=2643) to work on /opt/airflow/dags/main.py
[2026-05-27T15:05:56.919+0000] {processor.py:830} INFO - Processing file /opt/airflow/dags/main.py for tasks to queue
[2026-05-27T15:05:56.921+0000] {logging_mixin.py:188} INFO - [2026-05-27T15:05:56.921+0000] {dagbag.py:545} INFO - Filling up the DagBag from /opt/airflow/dags/main.py
[2026-05-27T15:05:57.185+0000] {processor.py:840} INFO - DAG(s) 'update_db', 'produce_json', 'data_quality' retrieved from /opt/airflow/dags/main.py
[2026-05-27T15:05:57.231+0000] {logging_mixin.py:188} INFO - [2026-05-27T15:05:57.230+0000] {dag.py:3096} INFO - Sync 3 DAGs
[2026-05-27T15:05:57.260+0000] {logging_mixin.py:188} INFO - [2026-05-27T15:05:57.260+0000] {dag.py:3954} INFO - Setting next_dagrun for data_quality to 2026-05-27 13:00:00+00:00, run_after=2026-05-28 13:00:00+00:00
[2026-05-27T15:05:57.268+0000] {logging_mixin.py:188} INFO - [2026-05-27T15:05:57.268+0000] {dag.py:3954} INFO - Setting next_dagrun for produce_json to 2026-05-27 11:00:00+00:00, run_after=2026-05-28 11:00:00+00:00
[2026-05-27T15:05:57.272+0000] {logging_mixin.py:188} INFO - [2026-05-27T15:05:57.272+0000] {dag.py:3954} INFO - Setting next_dagrun for update_db to 2026-05-27 12:00:00+00:00, run_after=2026-05-28 12:00:00+00:00
[2026-05-27T15:05:57.313+0000] {processor.py:183} INFO - Processing /opt/airflow/dags/main.py took 0.414 seconds
[2026-05-27T15:06:27.672+0000] {processor.py:161} INFO - Started process (PID=2650) to work on /opt/airflow/dags/main.py
[2026-05-27T15:06:27.674+0000] {processor.py:830} INFO - Processing file /opt/airflow/dags/main.py for tasks to queue
[2026-05-27T15:06:27.676+0000] {logging_mixin.py:188} INFO - [2026-05-27T15:06:27.676+0000] {dagbag.py:545} INFO - Filling up the DagBag from /opt/airflow/dags/main.py
[2026-05-27T15:06:27.872+0000] {processor.py:840} INFO - DAG(s) 'data_quality', 'produce_json', 'update_db' retrieved from /opt/airflow/dags/main.py
[2026-05-27T15:06:27.922+0000] {logging_mixin.py:188} INFO - [2026-05-27T15:06:27.922+0000] {dag.py:3096} INFO - Sync 3 DAGs
[2026-05-27T15:06:27.955+0000] {logging_mixin.py:188} INFO - [2026-05-27T15:06:27.955+0000] {dag.py:3954} INFO - Setting next_dagrun for data_quality to 2026-05-27 13:00:00+00:00, run_after=2026-05-28 13:00:00+00:00
[2026-05-27T15:06:27.963+0000] {logging_mixin.py:188} INFO - [2026-05-27T15:06:27.963+0000] {dag.py:3954} INFO - Setting next_dagrun for produce_json to 2026-05-27 11:00:00+00:00, run_after=2026-05-28 11:00:00+00:00
[2026-05-27T15:06:27.968+0000] {logging_mixin.py:188} INFO - [2026-05-27T15:06:27.968+0000] {dag.py:3954} INFO - Setting next_dagrun for update_db to 2026-05-27 12:00:00+00:00, run_after=2026-05-28 12:00:00+00:00
[2026-05-27T15:06:28.020+0000] {processor.py:183} INFO - Processing /opt/airflow/dags/main.py took 0.358 seconds
[2026-05-27T15:06:58.096+0000] {processor.py:161} INFO - Started process (PID=2657) to work on /opt/airflow/dags/main.py
[2026-05-27T15:06:58.098+0000] {processor.py:830} INFO - Processing file /opt/airflow/dags/main.py for tasks to queue
[2026-05-27T15:06:58.100+0000] {logging_mixin.py:188} INFO - [2026-05-27T15:06:58.099+0000] {dagbag.py:545} INFO - Filling up the DagBag from /opt/airflow/dags/main.py
[2026-05-27T15:06:58.306+0000] {processor.py:840} INFO - DAG(s) 'produce_json', 'update_db', 'data_quality' retrieved from /opt/airflow/dags/main.py
[2026-05-27T15:06:58.357+0000] {logging_mixin.py:188} INFO - [2026-05-27T15:06:58.356+0000] {dag.py:3096} INFO - Sync 3 DAGs
[2026-05-27T15:06:58.386+0000] {logging_mixin.py:188} INFO - [2026-05-27T15:06:58.386+0000] {dag.py:3954} INFO - Setting next_dagrun for data_quality to 2026-05-27 13:00:00+00:00, run_after=2026-05-28 13:00:00+00:00
[2026-05-27T15:06:58.393+0000] {logging_mixin.py:188} INFO - [2026-05-27T15:06:58.393+0000] {dag.py:3954} INFO - Setting next_dagrun for produce_json to 2026-05-27 11:00:00+00:00, run_after=2026-05-28 11:00:00+00:00
[2026-05-27T15:06:58.397+0000] {logging_mixin.py:188} INFO - [2026-05-27T15:06:58.397+0000] {dag.py:3954} INFO - Setting next_dagrun for update_db to 2026-05-27 12:00:00+00:00, run_after=2026-05-28 12:00:00+00:00
[2026-05-27T15:06:58.462+0000] {processor.py:183} INFO - Processing /opt/airflow/dags/main.py took 0.379 seconds
[2026-05-27T15:07:28.798+0000] {processor.py:161} INFO - Started process (PID=2664) to work on /opt/airflow/dags/main.py
[2026-05-27T15:07:28.800+0000] {processor.py:830} INFO - Processing file /opt/airflow/dags/main.py for tasks to queue
[2026-05-27T15:07:28.801+0000] {logging_mixin.py:188} INFO - [2026-05-27T15:07:28.801+0000] {dagbag.py:545} INFO - Filling up the DagBag from /opt/airflow/dags/main.py
[2026-05-27T15:07:29.140+0000] {processor.py:840} INFO - DAG(s) 'update_db', 'data_quality', 'produce_json' retrieved from /opt/airflow/dags/main.py
[2026-05-27T15:07:29.204+0000] {logging_mixin.py:188} INFO - [2026-05-27T15:07:29.204+0000] {dag.py:3096} INFO - Sync 3 DAGs
[2026-05-27T15:07:29.236+0000] {logging_mixin.py:188} INFO - [2026-05-27T15:07:29.235+0000] {dag.py:3954} INFO - Setting next_dagrun for data_quality to 2026-05-27 13:00:00+00:00, run_after=2026-05-28 13:00:00+00:00
[2026-05-27T15:07:29.242+0000] {logging_mixin.py:188} INFO - [2026-05-27T15:07:29.242+0000] {dag.py:3954} INFO - Setting next_dagrun for produce_json to 2026-05-27 11:00:00+00:00, run_after=2026-05-28 11:00:00+00:00
[2026-05-27T15:07:29.247+0000] {logging_mixin.py:188} INFO - [2026-05-27T15:07:29.247+0000] {dag.py:3954} INFO - Setting next_dagrun for update_db to 2026-05-27 12:00:00+00:00, run_after=2026-05-28 12:00:00+00:00
[2026-05-27T15:07:29.270+0000] {processor.py:183} INFO - Processing /opt/airflow/dags/main.py took 0.486 seconds
[2026-05-27T15:07:59.665+0000] {processor.py:161} INFO - Started process (PID=2671) to work on /opt/airflow/dags/main.py
[2026-05-27T15:07:59.667+0000] {processor.py:830} INFO - Processing file /opt/airflow/dags/main.py for tasks to queue
[2026-05-27T15:07:59.669+0000] {logging_mixin.py:188} INFO - [2026-05-27T15:07:59.669+0000] {dagbag.py:545} INFO - Filling up the DagBag from /opt/airflow/dags/main.py
[2026-05-27T15:07:59.951+0000] {processor.py:840} INFO - DAG(s) 'data_quality', 'update_db', 'produce_json' retrieved from /opt/airflow/dags/main.py
[2026-05-27T15:07:59.999+0000] {logging_mixin.py:188} INFO - [2026-05-27T15:07:59.999+0000] {dag.py:3096} INFO - Sync 3 DAGs
[2026-05-27T15:08:00.033+0000] {logging_mixin.py:188} INFO - [2026-05-27T15:08:00.033+0000] {dag.py:3954} INFO - Setting next_dagrun for data_quality to 2026-05-27 13:00:00+00:00, run_after=2026-05-28 13:00:00+00:00
[2026-05-27T15:08:00.041+0000] {logging_mixin.py:188} INFO - [2026-05-27T15:08:00.041+0000] {dag.py:3954} INFO - Setting next_dagrun for produce_json to 2026-05-27 11:00:00+00:00, run_after=2026-05-28 11:00:00+00:00
[2026-05-27T15:08:00.046+0000] {logging_mixin.py:188} INFO - [2026-05-27T15:08:00.046+0000] {dag.py:3954} INFO - Setting next_dagrun for update_db to 2026-05-27 12:00:00+00:00, run_after=2026-05-28 12:00:00+00:00
[2026-05-27T15:08:00.086+0000] {processor.py:183} INFO - Processing /opt/airflow/dags/main.py took 0.436 seconds
[2026-05-27T15:08:30.529+0000] {processor.py:161} INFO - Started process (PID=2678) to work on /opt/airflow/dags/main.py
[2026-05-27T15:08:30.532+0000] {processor.py:830} INFO - Processing file /opt/airflow/dags/main.py for tasks to queue
[2026-05-27T15:08:30.535+0000] {logging_mixin.py:188} INFO - [2026-05-27T15:08:30.534+0000] {dagbag.py:545} INFO - Filling up the DagBag from /opt/airflow/dags/main.py
[2026-05-27T15:08:30.833+0000] {processor.py:840} INFO - DAG(s) 'data_quality', 'produce_json', 'update_db' retrieved from /opt/airflow/dags/main.py
[2026-05-27T15:08:30.889+0000] {logging_mixin.py:188} INFO - [2026-05-27T15:08:30.889+0000] {dag.py:3096} INFO - Sync 3 DAGs
[2026-05-27T15:08:30.922+0000] {logging_mixin.py:188} INFO - [2026-05-27T15:08:30.922+0000] {dag.py:3954} INFO - Setting next_dagrun for data_quality to 2026-05-27 13:00:00+00:00, run_after=2026-05-28 13:00:00+00:00
[2026-05-27T15:08:30.932+0000] {logging_mixin.py:188} INFO - [2026-05-27T15:08:30.932+0000] {dag.py:3954} INFO - Setting next_dagrun for produce_json to 2026-05-27 11:00:00+00:00, run_after=2026-05-28 11:00:00+00:00
[2026-05-27T15:08:30.937+0000] {logging_mixin.py:188} INFO - [2026-05-27T15:08:30.937+0000] {dag.py:3954} INFO - Setting next_dagrun for update_db to 2026-05-27 12:00:00+00:00, run_after=2026-05-28 12:00:00+00:00
[2026-05-27T15:08:30.999+0000] {processor.py:183} INFO - Processing /opt/airflow/dags/main.py took 0.486 seconds
[2026-05-27T15:09:01.393+0000] {processor.py:161} INFO - Started process (PID=2685) to work on /opt/airflow/dags/main.py
[2026-05-27T15:09:01.395+0000] {processor.py:830} INFO - Processing file /opt/airflow/dags/main.py for tasks to queue
[2026-05-27T15:09:01.397+0000] {logging_mixin.py:188} INFO - [2026-05-27T15:09:01.396+0000] {dagbag.py:545} INFO - Filling up the DagBag from /opt/airflow/dags/main.py
[2026-05-27T15:09:01.627+0000] {processor.py:840} INFO - DAG(s) 'update_db', 'data_quality', 'produce_json' retrieved from /opt/airflow/dags/main.py
[2026-05-27T15:09:01.692+0000] {logging_mixin.py:188} INFO - [2026-05-27T15:09:01.691+0000] {dag.py:3096} INFO - Sync 3 DAGs
[2026-05-27T15:09:01.724+0000] {logging_mixin.py:188} INFO - [2026-05-27T15:09:01.724+0000] {dag.py:3954} INFO - Setting next_dagrun for data_quality to 2026-05-27 13:00:00+00:00, run_after=2026-05-28 13:00:00+00:00
[2026-05-27T15:09:01.733+0000] {logging_mixin.py:188} INFO - [2026-05-27T15:09:01.732+0000] {dag.py:3954} INFO - Setting next_dagrun for produce_json to 2026-05-27 11:00:00+00:00, run_after=2026-05-28 11:00:00+00:00
[2026-05-27T15:09:01.738+0000] {logging_mixin.py:188} INFO - [2026-05-27T15:09:01.737+0000] {dag.py:3954} INFO - Setting next_dagrun for update_db to 2026-05-27 12:00:00+00:00, run_after=2026-05-28 12:00:00+00:00
[2026-05-27T15:09:01.759+0000] {processor.py:183} INFO - Processing /opt/airflow/dags/main.py took 0.381 seconds
[2026-05-27T15:09:32.142+0000] {processor.py:161} INFO - Started process (PID=2692) to work on /opt/airflow/dags/main.py
[2026-05-27T15:09:32.145+0000] {processor.py:830} INFO - Processing file /opt/airflow/dags/main.py for tasks to queue
[2026-05-27T15:09:32.148+0000] {logging_mixin.py:188} INFO - [2026-05-27T15:09:32.147+0000] {dagbag.py:545} INFO - Filling up the DagBag from /opt/airflow/dags/main.py
[2026-05-27T15:09:32.451+0000] {processor.py:840} INFO - DAG(s) 'data_quality', 'produce_json', 'update_db' retrieved from /opt/airflow/dags/main.py
[2026-05-27T15:09:32.523+0000] {logging_mixin.py:188} INFO - [2026-05-27T15:09:32.522+0000] {dag.py:3096} INFO - Sync 3 DAGs
[2026-05-27T15:09:32.563+0000] {logging_mixin.py:188} INFO - [2026-05-27T15:09:32.562+0000] {dag.py:3954} INFO - Setting next_dagrun for data_quality to 2026-05-27 13:00:00+00:00, run_after=2026-05-28 13:00:00+00:00
[2026-05-27T15:09:32.580+0000] {logging_mixin.py:188} INFO - [2026-05-27T15:09:32.579+0000] {dag.py:3954} INFO - Setting next_dagrun for produce_json to 2026-05-27 11:00:00+00:00, run_after=2026-05-28 11:00:00+00:00
[2026-05-27T15:09:32.605+0000] {logging_mixin.py:188} INFO - [2026-05-27T15:09:32.604+0000] {dag.py:3954} INFO - Setting next_dagrun for update_db to 2026-05-27 12:00:00+00:00, run_after=2026-05-28 12:00:00+00:00
[2026-05-27T15:09:32.647+0000] {processor.py:183} INFO - Processing /opt/airflow/dags/main.py took 0.524 seconds
[2026-05-27T15:10:03.061+0000] {processor.py:161} INFO - Started process (PID=2699) to work on /opt/airflow/dags/main.py
[2026-05-27T15:10:03.063+0000] {processor.py:830} INFO - Processing file /opt/airflow/dags/main.py for tasks to queue
[2026-05-27T15:10:03.064+0000] {logging_mixin.py:188} INFO - [2026-05-27T15:10:03.064+0000] {dagbag.py:545} INFO - Filling up the DagBag from /opt/airflow/dags/main.py
[2026-05-27T15:10:03.328+0000] {processor.py:840} INFO - DAG(s) 'produce_json', 'update_db', 'data_quality' retrieved from /opt/airflow/dags/main.py
[2026-05-27T15:10:03.385+0000] {logging_mixin.py:188} INFO - [2026-05-27T15:10:03.385+0000] {dag.py:3096} INFO - Sync 3 DAGs
[2026-05-27T15:10:03.415+0000] {logging_mixin.py:188} INFO - [2026-05-27T15:10:03.415+0000] {dag.py:3954} INFO - Setting next_dagrun for data_quality to 2026-05-27 13:00:00+00:00, run_after=2026-05-28 13:00:00+00:00
[2026-05-27T15:10:03.423+0000] {logging_mixin.py:188} INFO - [2026-05-27T15:10:03.422+0000] {dag.py:3954} INFO - Setting next_dagrun for produce_json to 2026-05-27 11:00:00+00:00, run_after=2026-05-28 11:00:00+00:00
[2026-05-27T15:10:03.427+0000] {logging_mixin.py:188} INFO - [2026-05-27T15:10:03.427+0000] {dag.py:3954} INFO - Setting next_dagrun for update_db to 2026-05-27 12:00:00+00:00, run_after=2026-05-28 12:00:00+00:00
[2026-05-27T15:10:03.457+0000] {processor.py:183} INFO - Processing /opt/airflow/dags/main.py took 0.405 seconds
[2026-05-27T15:10:33.898+0000] {processor.py:161} INFO - Started process (PID=2706) to work on /opt/airflow/dags/main.py
[2026-05-27T15:10:33.900+0000] {processor.py:830} INFO - Processing file /opt/airflow/dags/main.py for tasks to queue
[2026-05-27T15:10:33.903+0000] {logging_mixin.py:188} INFO - [2026-05-27T15:10:33.902+0000] {dagbag.py:545} INFO - Filling up the DagBag from /opt/airflow/dags/main.py
[2026-05-27T15:10:34.221+0000] {processor.py:840} INFO - DAG(s) 'update_db', 'produce_json', 'data_quality' retrieved from /opt/airflow/dags/main.py
[2026-05-27T15:10:34.288+0000] {logging_mixin.py:188} INFO - [2026-05-27T15:10:34.287+0000] {dag.py:3096} INFO - Sync 3 DAGs
[2026-05-27T15:10:34.312+0000] {logging_mixin.py:188} INFO - [2026-05-27T15:10:34.312+0000] {dag.py:3954} INFO - Setting next_dagrun for data_quality to 2026-05-27 13:00:00+00:00, run_after=2026-05-28 13:00:00+00:00
[2026-05-27T15:10:34.318+0000] {logging_mixin.py:188} INFO - [2026-05-27T15:10:34.318+0000] {dag.py:3954} INFO - Setting next_dagrun for produce_json to 2026-05-27 11:00:00+00:00, run_after=2026-05-28 11:00:00+00:00
[2026-05-27T15:10:34.322+0000] {logging_mixin.py:188} INFO - [2026-05-27T15:10:34.322+0000] {dag.py:3954} INFO - Setting next_dagrun for update_db to 2026-05-27 12:00:00+00:00, run_after=2026-05-28 12:00:00+00:00
[2026-05-27T15:10:34.405+0000] {processor.py:183} INFO - Processing /opt/airflow/dags/main.py took 0.524 seconds
[2026-05-27T15:11:04.840+0000] {processor.py:161} INFO - Started process (PID=2713) to work on /opt/airflow/dags/main.py
[2026-05-27T15:11:04.843+0000] {processor.py:830} INFO - Processing file /opt/airflow/dags/main.py for tasks to queue
[2026-05-27T15:11:04.845+0000] {logging_mixin.py:188} INFO - [2026-05-27T15:11:04.844+0000] {dagbag.py:545} INFO - Filling up the DagBag from /opt/airflow/dags/main.py
[2026-05-27T15:11:05.133+0000] {processor.py:840} INFO - DAG(s) 'produce_json', 'data_quality', 'update_db' retrieved from /opt/airflow/dags/main.py
[2026-05-27T15:11:05.180+0000] {logging_mixin.py:188} INFO - [2026-05-27T15:11:05.180+0000] {dag.py:3096} INFO - Sync 3 DAGs
[2026-05-27T15:11:05.211+0000] {logging_mixin.py:188} INFO - [2026-05-27T15:11:05.211+0000] {dag.py:3954} INFO - Setting next_dagrun for data_quality to 2026-05-27 13:00:00+00:00, run_after=2026-05-28 13:00:00+00:00
[2026-05-27T15:11:05.221+0000] {logging_mixin.py:188} INFO - [2026-05-27T15:11:05.221+0000] {dag.py:3954} INFO - Setting next_dagrun for produce_json to 2026-05-27 11:00:00+00:00, run_after=2026-05-28 11:00:00+00:00
[2026-05-27T15:11:05.227+0000] {logging_mixin.py:188} INFO - [2026-05-27T15:11:05.226+0000] {dag.py:3954} INFO - Setting next_dagrun for update_db to 2026-05-27 12:00:00+00:00, run_after=2026-05-28 12:00:00+00:00
[2026-05-27T15:11:05.312+0000] {processor.py:183} INFO - Processing /opt/airflow/dags/main.py took 0.488 seconds
[2026-05-27T15:11:35.715+0000] {processor.py:161} INFO - Started process (PID=2720) to work on /opt/airflow/dags/main.py
[2026-05-27T15:11:35.719+0000] {processor.py:830} INFO - Processing file /opt/airflow/dags/main.py for tasks to queue
[2026-05-27T15:11:35.721+0000] {logging_mixin.py:188} INFO - [2026-05-27T15:11:35.721+0000] {dagbag.py:545} INFO - Filling up the DagBag from /opt/airflow/dags/main.py
[2026-05-27T15:11:35.964+0000] {processor.py:840} INFO - DAG(s) 'update_db', 'data_quality', 'produce_json' retrieved from /opt/airflow/dags/main.py
[2026-05-27T15:11:36.044+0000] {logging_mixin.py:188} INFO - [2026-05-27T15:11:36.043+0000] {dag.py:3096} INFO - Sync 3 DAGs
[2026-05-27T15:11:36.089+0000] {logging_mixin.py:188} INFO - [2026-05-27T15:11:36.088+0000] {dag.py:3954} INFO - Setting next_dagrun for data_quality to 2026-05-27 13:00:00+00:00, run_after=2026-05-28 13:00:00+00:00
[2026-05-27T15:11:36.103+0000] {logging_mixin.py:188} INFO - [2026-05-27T15:11:36.102+0000] {dag.py:3954} INFO - Setting next_dagrun for produce_json to 2026-05-27 11:00:00+00:00, run_after=2026-05-28 11:00:00+00:00
[2026-05-27T15:11:36.111+0000] {logging_mixin.py:188} INFO - [2026-05-27T15:11:36.111+0000] {dag.py:3954} INFO - Setting next_dagrun for update_db to 2026-05-27 12:00:00+00:00, run_after=2026-05-28 12:00:00+00:00
[2026-05-27T15:11:36.191+0000] {processor.py:183} INFO - Processing /opt/airflow/dags/main.py took 0.485 seconds
[2026-05-27T15:12:06.578+0000] {processor.py:161} INFO - Started process (PID=2727) to work on /opt/airflow/dags/main.py
[2026-05-27T15:12:06.580+0000] {processor.py:830} INFO - Processing file /opt/airflow/dags/main.py for tasks to queue
[2026-05-27T15:12:06.582+0000] {logging_mixin.py:188} INFO - [2026-05-27T15:12:06.581+0000] {dagbag.py:545} INFO - Filling up the DagBag from /opt/airflow/dags/main.py
[2026-05-27T15:12:06.804+0000] {processor.py:840} INFO - DAG(s) 'update_db', 'produce_json', 'data_quality' retrieved from /opt/airflow/dags/main.py
[2026-05-27T15:12:06.847+0000] {logging_mixin.py:188} INFO - [2026-05-27T15:12:06.847+0000] {dag.py:3096} INFO - Sync 3 DAGs
[2026-05-27T15:12:06.873+0000] {logging_mixin.py:188} INFO - [2026-05-27T15:12:06.873+0000] {dag.py:3954} INFO - Setting next_dagrun for data_quality to 2026-05-27 13:00:00+00:00, run_after=2026-05-28 13:00:00+00:00
[2026-05-27T15:12:06.881+0000] {logging_mixin.py:188} INFO - [2026-05-27T15:12:06.881+0000] {dag.py:3954} INFO - Setting next_dagrun for produce_json to 2026-05-27 11:00:00+00:00, run_after=2026-05-28 11:00:00+00:00
[2026-05-27T15:12:06.886+0000] {logging_mixin.py:188} INFO - [2026-05-27T15:12:06.886+0000] {dag.py:3954} INFO - Setting next_dagrun for update_db to 2026-05-27 12:00:00+00:00, run_after=2026-05-28 12:00:00+00:00
[2026-05-27T15:12:06.971+0000] {processor.py:183} INFO - Processing /opt/airflow/dags/main.py took 0.405 seconds
[2026-05-27T15:12:37.414+0000] {processor.py:161} INFO - Started process (PID=2734) to work on /opt/airflow/dags/main.py
[2026-05-27T15:12:37.416+0000] {processor.py:830} INFO - Processing file /opt/airflow/dags/main.py for tasks to queue
[2026-05-27T15:12:37.418+0000] {logging_mixin.py:188} INFO - [2026-05-27T15:12:37.417+0000] {dagbag.py:545} INFO - Filling up the DagBag from /opt/airflow/dags/main.py
[2026-05-27T15:12:37.747+0000] {processor.py:840} INFO - DAG(s) 'produce_json', 'update_db', 'data_quality' retrieved from /opt/airflow/dags/main.py
[2026-05-27T15:12:37.798+0000] {logging_mixin.py:188} INFO - [2026-05-27T15:12:37.798+0000] {dag.py:3096} INFO - Sync 3 DAGs
[2026-05-27T15:12:37.832+0000] {logging_mixin.py:188} INFO - [2026-05-27T15:12:37.832+0000] {dag.py:3954} INFO - Setting next_dagrun for data_quality to 2026-05-27 13:00:00+00:00, run_after=2026-05-28 13:00:00+00:00
[2026-05-27T15:12:37.840+0000] {logging_mixin.py:188} INFO - [2026-05-27T15:12:37.840+0000] {dag.py:3954} INFO - Setting next_dagrun for produce_json to 2026-05-27 11:00:00+00:00, run_after=2026-05-28 11:00:00+00:00
[2026-05-27T15:12:37.845+0000] {logging_mixin.py:188} INFO - [2026-05-27T15:12:37.845+0000] {dag.py:3954} INFO - Setting next_dagrun for update_db to 2026-05-27 12:00:00+00:00, run_after=2026-05-28 12:00:00+00:00
[2026-05-27T15:12:37.929+0000] {processor.py:183} INFO - Processing /opt/airflow/dags/main.py took 0.531 seconds
[2026-05-27T15:13:08.351+0000] {processor.py:161} INFO - Started process (PID=2741) to work on /opt/airflow/dags/main.py
[2026-05-27T15:13:08.353+0000] {processor.py:830} INFO - Processing file /opt/airflow/dags/main.py for tasks to queue
[2026-05-27T15:13:08.355+0000] {logging_mixin.py:188} INFO - [2026-05-27T15:13:08.355+0000] {dagbag.py:545} INFO - Filling up the DagBag from /opt/airflow/dags/main.py
[2026-05-27T15:13:08.634+0000] {processor.py:840} INFO - DAG(s) 'produce_json', 'data_quality', 'update_db' retrieved from /opt/airflow/dags/main.py
[2026-05-27T15:13:08.693+0000] {logging_mixin.py:188} INFO - [2026-05-27T15:13:08.693+0000] {dag.py:3096} INFO - Sync 3 DAGs
[2026-05-27T15:13:08.734+0000] {logging_mixin.py:188} INFO - [2026-05-27T15:13:08.733+0000] {dag.py:3954} INFO - Setting next_dagrun for data_quality to 2026-05-27 13:00:00+00:00, run_after=2026-05-28 13:00:00+00:00
[2026-05-27T15:13:08.741+0000] {logging_mixin.py:188} INFO - [2026-05-27T15:13:08.741+0000] {dag.py:3954} INFO - Setting next_dagrun for produce_json to 2026-05-27 11:00:00+00:00, run_after=2026-05-28 11:00:00+00:00
[2026-05-27T15:13:08.746+0000] {logging_mixin.py:188} INFO - [2026-05-27T15:13:08.746+0000] {dag.py:3954} INFO - Setting next_dagrun for update_db to 2026-05-27 12:00:00+00:00, run_after=2026-05-28 12:00:00+00:00
[2026-05-27T15:13:08.781+0000] {processor.py:183} INFO - Processing /opt/airflow/dags/main.py took 0.446 seconds
[2026-05-27T15:13:39.227+0000] {processor.py:161} INFO - Started process (PID=2748) to work on /opt/airflow/dags/main.py
[2026-05-27T15:13:39.229+0000] {processor.py:830} INFO - Processing file /opt/airflow/dags/main.py for tasks to queue
[2026-05-27T15:13:39.230+0000] {logging_mixin.py:188} INFO - [2026-05-27T15:13:39.230+0000] {dagbag.py:545} INFO - Filling up the DagBag from /opt/airflow/dags/main.py
[2026-05-27T15:13:39.533+0000] {processor.py:840} INFO - DAG(s) 'produce_json', 'data_quality', 'update_db' retrieved from /opt/airflow/dags/main.py
[2026-05-27T15:13:39.577+0000] {logging_mixin.py:188} INFO - [2026-05-27T15:13:39.577+0000] {dag.py:3096} INFO - Sync 3 DAGs
[2026-05-27T15:13:39.609+0000] {logging_mixin.py:188} INFO - [2026-05-27T15:13:39.609+0000] {dag.py:3954} INFO - Setting next_dagrun for data_quality to 2026-05-27 13:00:00+00:00, run_after=2026-05-28 13:00:00+00:00
[2026-05-27T15:13:39.617+0000] {logging_mixin.py:188} INFO - [2026-05-27T15:13:39.617+0000] {dag.py:3954} INFO - Setting next_dagrun for produce_json to 2026-05-27 11:00:00+00:00, run_after=2026-05-28 11:00:00+00:00
[2026-05-27T15:13:39.622+0000] {logging_mixin.py:188} INFO - [2026-05-27T15:13:39.622+0000] {dag.py:3954} INFO - Setting next_dagrun for update_db to 2026-05-27 12:00:00+00:00, run_after=2026-05-28 12:00:00+00:00
[2026-05-27T15:13:39.647+0000] {processor.py:183} INFO - Processing /opt/airflow/dags/main.py took 0.437 seconds
[2026-05-27T15:14:10.120+0000] {processor.py:161} INFO - Started process (PID=2755) to work on /opt/airflow/dags/main.py
[2026-05-27T15:14:10.121+0000] {processor.py:830} INFO - Processing file /opt/airflow/dags/main.py for tasks to queue
[2026-05-27T15:14:10.123+0000] {logging_mixin.py:188} INFO - [2026-05-27T15:14:10.122+0000] {dagbag.py:545} INFO - Filling up the DagBag from /opt/airflow/dags/main.py
[2026-05-27T15:14:10.465+0000] {processor.py:840} INFO - DAG(s) 'update_db', 'data_quality', 'produce_json' retrieved from /opt/airflow/dags/main.py
[2026-05-27T15:14:10.529+0000] {logging_mixin.py:188} INFO - [2026-05-27T15:14:10.529+0000] {dag.py:3096} INFO - Sync 3 DAGs
[2026-05-27T15:14:10.565+0000] {logging_mixin.py:188} INFO - [2026-05-27T15:14:10.565+0000] {dag.py:3954} INFO - Setting next_dagrun for data_quality to 2026-05-27 13:00:00+00:00, run_after=2026-05-28 13:00:00+00:00
[2026-05-27T15:14:10.588+0000] {logging_mixin.py:188} INFO - [2026-05-27T15:14:10.587+0000] {dag.py:3954} INFO - Setting next_dagrun for produce_json to 2026-05-27 11:00:00+00:00, run_after=2026-05-28 11:00:00+00:00
[2026-05-27T15:14:10.597+0000] {logging_mixin.py:188} INFO - [2026-05-27T15:14:10.597+0000] {dag.py:3954} INFO - Setting next_dagrun for update_db to 2026-05-27 12:00:00+00:00, run_after=2026-05-28 12:00:00+00:00
[2026-05-27T15:14:10.682+0000] {processor.py:183} INFO - Processing /opt/airflow/dags/main.py took 0.571 seconds
[2026-05-27T15:14:41.136+0000] {processor.py:161} INFO - Started process (PID=2762) to work on /opt/airflow/dags/main.py
[2026-05-27T15:14:41.138+0000] {processor.py:830} INFO - Processing file /opt/airflow/dags/main.py for tasks to queue
[2026-05-27T15:14:41.140+0000] {logging_mixin.py:188} INFO - [2026-05-27T15:14:41.139+0000] {dagbag.py:545} INFO - Filling up the DagBag from /opt/airflow/dags/main.py
[2026-05-27T15:14:41.365+0000] {processor.py:840} INFO - DAG(s) 'update_db', 'data_quality', 'produce_json' retrieved from /opt/airflow/dags/main.py
[2026-05-27T15:14:41.409+0000] {logging_mixin.py:188} INFO - [2026-05-27T15:14:41.408+0000] {dag.py:3096} INFO - Sync 3 DAGs
[2026-05-27T15:14:41.447+0000] {logging_mixin.py:188} INFO - [2026-05-27T15:14:41.446+0000] {dag.py:3954} INFO - Setting next_dagrun for data_quality to 2026-05-27 13:00:00+00:00, run_after=2026-05-28 13:00:00+00:00
[2026-05-27T15:14:41.455+0000] {logging_mixin.py:188} INFO - [2026-05-27T15:14:41.455+0000] {dag.py:3954} INFO - Setting next_dagrun for produce_json to 2026-05-27 11:00:00+00:00, run_after=2026-05-28 11:00:00+00:00
[2026-05-27T15:14:41.459+0000] {logging_mixin.py:188} INFO - [2026-05-27T15:14:41.459+0000] {dag.py:3954} INFO - Setting next_dagrun for update_db to 2026-05-27 12:00:00+00:00, run_after=2026-05-28 12:00:00+00:00
[2026-05-27T15:14:41.546+0000] {processor.py:183} INFO - Processing /opt/airflow/dags/main.py took 0.423 seconds
[2026-05-27T15:15:11.836+0000] {processor.py:161} INFO - Started process (PID=2769) to work on /opt/airflow/dags/main.py
[2026-05-27T15:15:11.839+0000] {processor.py:830} INFO - Processing file /opt/airflow/dags/main.py for tasks to queue
[2026-05-27T15:15:11.840+0000] {logging_mixin.py:188} INFO - [2026-05-27T15:15:11.840+0000] {dagbag.py:545} INFO - Filling up the DagBag from /opt/airflow/dags/main.py
[2026-05-27T15:15:12.062+0000] {processor.py:840} INFO - DAG(s) 'update_db', 'produce_json', 'data_quality' retrieved from /opt/airflow/dags/main.py
[2026-05-27T15:15:12.173+0000] {logging_mixin.py:188} INFO - [2026-05-27T15:15:12.173+0000] {dag.py:3096} INFO - Sync 3 DAGs
[2026-05-27T15:15:12.217+0000] {logging_mixin.py:188} INFO - [2026-05-27T15:15:12.217+0000] {dag.py:3954} INFO - Setting next_dagrun for data_quality to 2026-05-27 13:00:00+00:00, run_after=2026-05-28 13:00:00+00:00
[2026-05-27T15:15:12.226+0000] {logging_mixin.py:188} INFO - [2026-05-27T15:15:12.226+0000] {dag.py:3954} INFO - Setting next_dagrun for produce_json to 2026-05-27 11:00:00+00:00, run_after=2026-05-28 11:00:00+00:00
[2026-05-27T15:15:12.234+0000] {logging_mixin.py:188} INFO - [2026-05-27T15:15:12.233+0000] {dag.py:3954} INFO - Setting next_dagrun for update_db to 2026-05-27 12:00:00+00:00, run_after=2026-05-28 12:00:00+00:00
[2026-05-27T15:15:12.295+0000] {processor.py:183} INFO - Processing /opt/airflow/dags/main.py took 0.468 seconds
[2026-05-27T15:15:42.737+0000] {processor.py:161} INFO - Started process (PID=2776) to work on /opt/airflow/dags/main.py
[2026-05-27T15:15:42.739+0000] {processor.py:830} INFO - Processing file /opt/airflow/dags/main.py for tasks to queue
[2026-05-27T15:15:42.742+0000] {logging_mixin.py:188} INFO - [2026-05-27T15:15:42.741+0000] {dagbag.py:545} INFO - Filling up the DagBag from /opt/airflow/dags/main.py
[2026-05-27T15:15:43.002+0000] {processor.py:840} INFO - DAG(s) 'produce_json', 'update_db', 'data_quality' retrieved from /opt/airflow/dags/main.py
[2026-05-27T15:15:43.063+0000] {logging_mixin.py:188} INFO - [2026-05-27T15:15:43.063+0000] {dag.py:3096} INFO - Sync 3 DAGs
[2026-05-27T15:15:43.096+0000] {logging_mixin.py:188} INFO - [2026-05-27T15:15:43.096+0000] {dag.py:3954} INFO - Setting next_dagrun for data_quality to 2026-05-27 13:00:00+00:00, run_after=2026-05-28 13:00:00+00:00
[2026-05-27T15:15:43.104+0000] {logging_mixin.py:188} INFO - [2026-05-27T15:15:43.104+0000] {dag.py:3954} INFO - Setting next_dagrun for produce_json to 2026-05-27 11:00:00+00:00, run_after=2026-05-28 11:00:00+00:00
[2026-05-27T15:15:43.108+0000] {logging_mixin.py:188} INFO - [2026-05-27T15:15:43.108+0000] {dag.py:3954} INFO - Setting next_dagrun for update_db to 2026-05-27 12:00:00+00:00, run_after=2026-05-28 12:00:00+00:00
[2026-05-27T15:15:43.132+0000] {processor.py:183} INFO - Processing /opt/airflow/dags/main.py took 0.406 seconds
[2026-05-27T15:16:13.577+0000] {processor.py:161} INFO - Started process (PID=2783) to work on /opt/airflow/dags/main.py
[2026-05-27T15:16:13.579+0000] {processor.py:830} INFO - Processing file /opt/airflow/dags/main.py for tasks to queue
[2026-05-27T15:16:13.581+0000] {logging_mixin.py:188} INFO - [2026-05-27T15:16:13.581+0000] {dagbag.py:545} INFO - Filling up the DagBag from /opt/airflow/dags/main.py
[2026-05-27T15:16:13.841+0000] {processor.py:840} INFO - DAG(s) 'data_quality', 'produce_json', 'update_db' retrieved from /opt/airflow/dags/main.py
[2026-05-27T15:16:13.893+0000] {logging_mixin.py:188} INFO - [2026-05-27T15:16:13.893+0000] {dag.py:3096} INFO - Sync 3 DAGs
[2026-05-27T15:16:13.921+0000] {logging_mixin.py:188} INFO - [2026-05-27T15:16:13.921+0000] {dag.py:3954} INFO - Setting next_dagrun for data_quality to 2026-05-27 13:00:00+00:00, run_after=2026-05-28 13:00:00+00:00
[2026-05-27T15:16:13.928+0000] {logging_mixin.py:188} INFO - [2026-05-27T15:16:13.927+0000] {dag.py:3954} INFO - Setting next_dagrun for produce_json to 2026-05-27 11:00:00+00:00, run_after=2026-05-28 11:00:00+00:00
[2026-05-27T15:16:13.931+0000] {logging_mixin.py:188} INFO - [2026-05-27T15:16:13.931+0000] {dag.py:3954} INFO - Setting next_dagrun for update_db to 2026-05-27 12:00:00+00:00, run_after=2026-05-28 12:00:00+00:00
[2026-05-27T15:16:14.020+0000] {processor.py:183} INFO - Processing /opt/airflow/dags/main.py took 0.459 seconds
[2026-05-27T15:16:44.477+0000] {processor.py:161} INFO - Started process (PID=2790) to work on /opt/airflow/dags/main.py
[2026-05-27T15:16:44.479+0000] {processor.py:830} INFO - Processing file /opt/airflow/dags/main.py for tasks to queue
[2026-05-27T15:16:44.480+0000] {logging_mixin.py:188} INFO - [2026-05-27T15:16:44.480+0000] {dagbag.py:545} INFO - Filling up the DagBag from /opt/airflow/dags/main.py
[2026-05-27T15:16:44.768+0000] {processor.py:840} INFO - DAG(s) 'data_quality', 'produce_json', 'update_db' retrieved from /opt/airflow/dags/main.py
[2026-05-27T15:16:44.824+0000] {logging_mixin.py:188} INFO - [2026-05-27T15:16:44.824+0000] {dag.py:3096} INFO - Sync 3 DAGs
[2026-05-27T15:16:44.863+0000] {logging_mixin.py:188} INFO - [2026-05-27T15:16:44.863+0000] {dag.py:3954} INFO - Setting next_dagrun for data_quality to 2026-05-27 13:00:00+00:00, run_after=2026-05-28 13:00:00+00:00
[2026-05-27T15:16:44.873+0000] {logging_mixin.py:188} INFO - [2026-05-27T15:16:44.873+0000] {dag.py:3954} INFO - Setting next_dagrun for produce_json to 2026-05-27 11:00:00+00:00, run_after=2026-05-28 11:00:00+00:00
[2026-05-27T15:16:44.879+0000] {logging_mixin.py:188} INFO - [2026-05-27T15:16:44.879+0000] {dag.py:3954} INFO - Setting next_dagrun for update_db to 2026-05-27 12:00:00+00:00, run_after=2026-05-28 12:00:00+00:00
[2026-05-27T15:16:44.977+0000] {processor.py:183} INFO - Processing /opt/airflow/dags/main.py took 0.510 seconds
[2026-05-27T15:17:15.446+0000] {processor.py:161} INFO - Started process (PID=2797) to work on /opt/airflow/dags/main.py
[2026-05-27T15:17:15.449+0000] {processor.py:830} INFO - Processing file /opt/airflow/dags/main.py for tasks to queue
[2026-05-27T15:17:15.451+0000] {logging_mixin.py:188} INFO - [2026-05-27T15:17:15.450+0000] {dagbag.py:545} INFO - Filling up the DagBag from /opt/airflow/dags/main.py
[2026-05-27T15:17:15.791+0000] {processor.py:840} INFO - DAG(s) 'produce_json', 'data_quality', 'update_db' retrieved from /opt/airflow/dags/main.py
[2026-05-27T15:17:15.858+0000] {logging_mixin.py:188} INFO - [2026-05-27T15:17:15.858+0000] {dag.py:3096} INFO - Sync 3 DAGs
[2026-05-27T15:17:15.891+0000] {logging_mixin.py:188} INFO - [2026-05-27T15:17:15.890+0000] {dag.py:3954} INFO - Setting next_dagrun for data_quality to 2026-05-27 13:00:00+00:00, run_after=2026-05-28 13:00:00+00:00
[2026-05-27T15:17:15.898+0000] {logging_mixin.py:188} INFO - [2026-05-27T15:17:15.898+0000] {dag.py:3954} INFO - Setting next_dagrun for produce_json to 2026-05-27 11:00:00+00:00, run_after=2026-05-28 11:00:00+00:00
[2026-05-27T15:17:15.903+0000] {logging_mixin.py:188} INFO - [2026-05-27T15:17:15.903+0000] {dag.py:3954} INFO - Setting next_dagrun for update_db to 2026-05-27 12:00:00+00:00, run_after=2026-05-28 12:00:00+00:00
[2026-05-27T15:17:15.990+0000] {processor.py:183} INFO - Processing /opt/airflow/dags/main.py took 0.564 seconds
[2026-05-27T15:17:46.124+0000] {processor.py:161} INFO - Started process (PID=2804) to work on /opt/airflow/dags/main.py
[2026-05-27T15:17:46.125+0000] {processor.py:830} INFO - Processing file /opt/airflow/dags/main.py for tasks to queue
[2026-05-27T15:17:46.126+0000] {logging_mixin.py:188} INFO - [2026-05-27T15:17:46.126+0000] {dagbag.py:545} INFO - Filling up the DagBag from /opt/airflow/dags/main.py
[2026-05-27T15:17:46.243+0000] {processor.py:840} INFO - DAG(s) 'produce_json', 'update_db', 'data_quality' retrieved from /opt/airflow/dags/main.py
[2026-05-27T15:17:46.275+0000] {logging_mixin.py:188} INFO - [2026-05-27T15:17:46.275+0000] {dag.py:3096} INFO - Sync 3 DAGs
[2026-05-27T15:17:46.296+0000] {logging_mixin.py:188} INFO - [2026-05-27T15:17:46.296+0000] {dag.py:3954} INFO - Setting next_dagrun for data_quality to 2026-05-27 13:00:00+00:00, run_after=2026-05-28 13:00:00+00:00
[2026-05-27T15:17:46.301+0000] {logging_mixin.py:188} INFO - [2026-05-27T15:17:46.301+0000] {dag.py:3954} INFO - Setting next_dagrun for produce_json to 2026-05-27 11:00:00+00:00, run_after=2026-05-28 11:00:00+00:00
[2026-05-27T15:17:46.304+0000] {logging_mixin.py:188} INFO - [2026-05-27T15:17:46.304+0000] {dag.py:3954} INFO - Setting next_dagrun for update_db to 2026-05-27 12:00:00+00:00, run_after=2026-05-28 12:00:00+00:00
[2026-05-27T15:17:46.329+0000] {processor.py:183} INFO - Processing /opt/airflow/dags/main.py took 0.212 seconds
[2026-05-27T15:18:16.534+0000] {processor.py:161} INFO - Started process (PID=2811) to work on /opt/airflow/dags/main.py
[2026-05-27T15:18:16.535+0000] {processor.py:830} INFO - Processing file /opt/airflow/dags/main.py for tasks to queue
[2026-05-27T15:18:16.536+0000] {logging_mixin.py:188} INFO - [2026-05-27T15:18:16.536+0000] {dagbag.py:545} INFO - Filling up the DagBag from /opt/airflow/dags/main.py
[2026-05-27T15:18:16.687+0000] {processor.py:840} INFO - DAG(s) 'update_db', 'produce_json', 'data_quality' retrieved from /opt/airflow/dags/main.py
[2026-05-27T15:18:16.725+0000] {logging_mixin.py:188} INFO - [2026-05-27T15:18:16.725+0000] {dag.py:3096} INFO - Sync 3 DAGs
[2026-05-27T15:18:16.746+0000] {logging_mixin.py:188} INFO - [2026-05-27T15:18:16.746+0000] {dag.py:3954} INFO - Setting next_dagrun for data_quality to 2026-05-27 13:00:00+00:00, run_after=2026-05-28 13:00:00+00:00
[2026-05-27T15:18:16.751+0000] {logging_mixin.py:188} INFO - [2026-05-27T15:18:16.751+0000] {dag.py:3954} INFO - Setting next_dagrun for produce_json to 2026-05-27 11:00:00+00:00, run_after=2026-05-28 11:00:00+00:00
[2026-05-27T15:18:16.754+0000] {logging_mixin.py:188} INFO - [2026-05-27T15:18:16.754+0000] {dag.py:3954} INFO - Setting next_dagrun for update_db to 2026-05-27 12:00:00+00:00, run_after=2026-05-28 12:00:00+00:00
[2026-05-27T15:18:16.771+0000] {processor.py:183} INFO - Processing /opt/airflow/dags/main.py took 0.243 seconds
[2026-05-27T15:18:47.051+0000] {processor.py:161} INFO - Started process (PID=2818) to work on /opt/airflow/dags/main.py
[2026-05-27T15:18:47.053+0000] {processor.py:830} INFO - Processing file /opt/airflow/dags/main.py for tasks to queue
[2026-05-27T15:18:47.054+0000] {logging_mixin.py:188} INFO - [2026-05-27T15:18:47.054+0000] {dagbag.py:545} INFO - Filling up the DagBag from /opt/airflow/dags/main.py
[2026-05-27T15:18:47.184+0000] {processor.py:840} INFO - DAG(s) 'data_quality', 'update_db', 'produce_json' retrieved from /opt/airflow/dags/main.py
[2026-05-27T15:18:47.221+0000] {logging_mixin.py:188} INFO - [2026-05-27T15:18:47.221+0000] {dag.py:3096} INFO - Sync 3 DAGs
[2026-05-27T15:18:47.246+0000] {logging_mixin.py:188} INFO - [2026-05-27T15:18:47.246+0000] {dag.py:3954} INFO - Setting next_dagrun for data_quality to 2026-05-27 13:00:00+00:00, run_after=2026-05-28 13:00:00+00:00
[2026-05-27T15:18:47.251+0000] {logging_mixin.py:188} INFO - [2026-05-27T15:18:47.251+0000] {dag.py:3954} INFO - Setting next_dagrun for produce_json to 2026-05-27 11:00:00+00:00, run_after=2026-05-28 11:00:00+00:00
[2026-05-27T15:18:47.254+0000] {logging_mixin.py:188} INFO - [2026-05-27T15:18:47.254+0000] {dag.py:3954} INFO - Setting next_dagrun for update_db to 2026-05-27 12:00:00+00:00, run_after=2026-05-28 12:00:00+00:00
[2026-05-27T15:18:47.285+0000] {processor.py:183} INFO - Processing /opt/airflow/dags/main.py took 0.240 seconds
[2026-05-27T15:19:17.519+0000] {processor.py:161} INFO - Started process (PID=2825) to work on /opt/airflow/dags/main.py
[2026-05-27T15:19:17.520+0000] {processor.py:830} INFO - Processing file /opt/airflow/dags/main.py for tasks to queue
[2026-05-27T15:19:17.521+0000] {logging_mixin.py:188} INFO - [2026-05-27T15:19:17.521+0000] {dagbag.py:545} INFO - Filling up the DagBag from /opt/airflow/dags/main.py
[2026-05-27T15:19:17.746+0000] {processor.py:840} INFO - DAG(s) 'produce_json', 'data_quality', 'update_db' retrieved from /opt/airflow/dags/main.py
[2026-05-27T15:19:17.777+0000] {logging_mixin.py:188} INFO - [2026-05-27T15:19:17.777+0000] {dag.py:3096} INFO - Sync 3 DAGs
[2026-05-27T15:19:17.798+0000] {logging_mixin.py:188} INFO - [2026-05-27T15:19:17.798+0000] {dag.py:3954} INFO - Setting next_dagrun for data_quality to 2026-05-27 13:00:00+00:00, run_after=2026-05-28 13:00:00+00:00
[2026-05-27T15:19:17.803+0000] {logging_mixin.py:188} INFO - [2026-05-27T15:19:17.803+0000] {dag.py:3954} INFO - Setting next_dagrun for produce_json to 2026-05-27 11:00:00+00:00, run_after=2026-05-28 11:00:00+00:00
[2026-05-27T15:19:17.807+0000] {logging_mixin.py:188} INFO - [2026-05-27T15:19:17.806+0000] {dag.py:3954} INFO - Setting next_dagrun for update_db to 2026-05-27 12:00:00+00:00, run_after=2026-05-28 12:00:00+00:00
[2026-05-27T15:19:17.824+0000] {processor.py:183} INFO - Processing /opt/airflow/dags/main.py took 0.311 seconds
[2026-05-27T15:19:48.125+0000] {processor.py:161} INFO - Started process (PID=2832) to work on /opt/airflow/dags/main.py
[2026-05-27T15:19:48.126+0000] {processor.py:830} INFO - Processing file /opt/airflow/dags/main.py for tasks to queue
[2026-05-27T15:19:48.127+0000] {logging_mixin.py:188} INFO - [2026-05-27T15:19:48.127+0000] {dagbag.py:545} INFO - Filling up the DagBag from /opt/airflow/dags/main.py
[2026-05-27T15:19:48.253+0000] {processor.py:840} INFO - DAG(s) 'produce_json', 'data_quality', 'update_db' retrieved from /opt/airflow/dags/main.py
[2026-05-27T15:19:48.287+0000] {logging_mixin.py:188} INFO - [2026-05-27T15:19:48.287+0000] {dag.py:3096} INFO - Sync 3 DAGs
[2026-05-27T15:19:48.307+0000] {logging_mixin.py:188} INFO - [2026-05-27T15:19:48.307+0000] {dag.py:3954} INFO - Setting next_dagrun for data_quality to 2026-05-27 13:00:00+00:00, run_after=2026-05-28 13:00:00+00:00
[2026-05-27T15:19:48.313+0000] {logging_mixin.py:188} INFO - [2026-05-27T15:19:48.312+0000] {dag.py:3954} INFO - Setting next_dagrun for produce_json to 2026-05-27 11:00:00+00:00, run_after=2026-05-28 11:00:00+00:00
[2026-05-27T15:19:48.316+0000] {logging_mixin.py:188} INFO - [2026-05-27T15:19:48.316+0000] {dag.py:3954} INFO - Setting next_dagrun for update_db to 2026-05-27 12:00:00+00:00, run_after=2026-05-28 12:00:00+00:00
[2026-05-27T15:19:48.334+0000] {processor.py:183} INFO - Processing /opt/airflow/dags/main.py took 0.216 seconds
[2026-05-27T15:20:18.433+0000] {processor.py:161} INFO - Started process (PID=2839) to work on /opt/airflow/dags/main.py
[2026-05-27T15:20:18.435+0000] {processor.py:830} INFO - Processing file /opt/airflow/dags/main.py for tasks to queue
[2026-05-27T15:20:18.436+0000] {logging_mixin.py:188} INFO - [2026-05-27T15:20:18.435+0000] {dagbag.py:545} INFO - Filling up the DagBag from /opt/airflow/dags/main.py
[2026-05-27T15:20:18.553+0000] {processor.py:840} INFO - DAG(s) 'produce_json', 'update_db', 'data_quality' retrieved from /opt/airflow/dags/main.py
[2026-05-27T15:20:18.586+0000] {logging_mixin.py:188} INFO - [2026-05-27T15:20:18.586+0000] {dag.py:3096} INFO - Sync 3 DAGs
[2026-05-27T15:20:18.607+0000] {logging_mixin.py:188} INFO - [2026-05-27T15:20:18.607+0000] {dag.py:3954} INFO - Setting next_dagrun for data_quality to 2026-05-27 13:00:00+00:00, run_after=2026-05-28 13:00:00+00:00
[2026-05-27T15:20:18.612+0000] {logging_mixin.py:188} INFO - [2026-05-27T15:20:18.612+0000] {dag.py:3954} INFO - Setting next_dagrun for produce_json to 2026-05-27 11:00:00+00:00, run_after=2026-05-28 11:00:00+00:00
[2026-05-27T15:20:18.615+0000] {logging_mixin.py:188} INFO - [2026-05-27T15:20:18.615+0000] {dag.py:3954} INFO - Setting next_dagrun for update_db to 2026-05-27 12:00:00+00:00, run_after=2026-05-28 12:00:00+00:00
[2026-05-27T15:20:18.632+0000] {processor.py:183} INFO - Processing /opt/airflow/dags/main.py took 0.206 seconds
[2026-05-27T15:20:48.868+0000] {processor.py:161} INFO - Started process (PID=2846) to work on /opt/airflow/dags/main.py
[2026-05-27T15:20:48.869+0000] {processor.py:830} INFO - Processing file /opt/airflow/dags/main.py for tasks to queue
[2026-05-27T15:20:48.872+0000] {logging_mixin.py:188} INFO - [2026-05-27T15:20:48.871+0000] {dagbag.py:545} INFO - Filling up the DagBag from /opt/airflow/dags/main.py
[2026-05-27T15:20:48.988+0000] {processor.py:840} INFO - DAG(s) 'data_quality', 'update_db', 'produce_json' retrieved from /opt/airflow/dags/main.py
[2026-05-27T15:20:49.022+0000] {logging_mixin.py:188} INFO - [2026-05-27T15:20:49.022+0000] {dag.py:3096} INFO - Sync 3 DAGs
[2026-05-27T15:20:49.045+0000] {logging_mixin.py:188} INFO - [2026-05-27T15:20:49.045+0000] {dag.py:3954} INFO - Setting next_dagrun for data_quality to 2026-05-27 13:00:00+00:00, run_after=2026-05-28 13:00:00+00:00
[2026-05-27T15:20:49.051+0000] {logging_mixin.py:188} INFO - [2026-05-27T15:20:49.050+0000] {dag.py:3954} INFO - Setting next_dagrun for produce_json to 2026-05-27 11:00:00+00:00, run_after=2026-05-28 11:00:00+00:00
[2026-05-27T15:20:49.054+0000] {logging_mixin.py:188} INFO - [2026-05-27T15:20:49.054+0000] {dag.py:3954} INFO - Setting next_dagrun for update_db to 2026-05-27 12:00:00+00:00, run_after=2026-05-28 12:00:00+00:00
[2026-05-27T15:20:49.073+0000] {processor.py:183} INFO - Processing /opt/airflow/dags/main.py took 0.211 seconds
[2026-05-27T15:21:19.158+0000] {processor.py:161} INFO - Started process (PID=2853) to work on /opt/airflow/dags/main.py
[2026-05-27T15:21:19.159+0000] {processor.py:830} INFO - Processing file /opt/airflow/dags/main.py for tasks to queue
[2026-05-27T15:21:19.160+0000] {logging_mixin.py:188} INFO - [2026-05-27T15:21:19.160+0000] {dagbag.py:545} INFO - Filling up the DagBag from /opt/airflow/dags/main.py
[2026-05-27T15:21:19.274+0000] {processor.py:840} INFO - DAG(s) 'produce_json', 'data_quality', 'update_db' retrieved from /opt/airflow/dags/main.py
[2026-05-27T15:21:19.306+0000] {logging_mixin.py:188} INFO - [2026-05-27T15:21:19.306+0000] {dag.py:3096} INFO - Sync 3 DAGs
[2026-05-27T15:21:19.327+0000] {logging_mixin.py:188} INFO - [2026-05-27T15:21:19.326+0000] {dag.py:3954} INFO - Setting next_dagrun for data_quality to 2026-05-27 13:00:00+00:00, run_after=2026-05-28 13:00:00+00:00
[2026-05-27T15:21:19.331+0000] {logging_mixin.py:188} INFO - [2026-05-27T15:21:19.331+0000] {dag.py:3954} INFO - Setting next_dagrun for produce_json to 2026-05-27 11:00:00+00:00, run_after=2026-05-28 11:00:00+00:00
[2026-05-27T15:21:19.335+0000] {logging_mixin.py:188} INFO - [2026-05-27T15:21:19.334+0000] {dag.py:3954} INFO - Setting next_dagrun for update_db to 2026-05-27 12:00:00+00:00, run_after=2026-05-28 12:00:00+00:00
[2026-05-27T15:21:19.350+0000] {processor.py:183} INFO - Processing /opt/airflow/dags/main.py took 0.199 seconds
[2026-05-27T15:21:49.530+0000] {processor.py:161} INFO - Started process (PID=2860) to work on /opt/airflow/dags/main.py
[2026-05-27T15:21:49.531+0000] {processor.py:830} INFO - Processing file /opt/airflow/dags/main.py for tasks to queue
[2026-05-27T15:21:49.533+0000] {logging_mixin.py:188} INFO - [2026-05-27T15:21:49.532+0000] {dagbag.py:545} INFO - Filling up the DagBag from /opt/airflow/dags/main.py
[2026-05-27T15:21:49.654+0000] {processor.py:840} INFO - DAG(s) 'produce_json', 'update_db', 'data_quality' retrieved from /opt/airflow/dags/main.py
[2026-05-27T15:21:49.687+0000] {logging_mixin.py:188} INFO - [2026-05-27T15:21:49.686+0000] {dag.py:3096} INFO - Sync 3 DAGs
[2026-05-27T15:21:49.707+0000] {logging_mixin.py:188} INFO - [2026-05-27T15:21:49.707+0000] {dag.py:3954} INFO - Setting next_dagrun for data_quality to 2026-05-27 13:00:00+00:00, run_after=2026-05-28 13:00:00+00:00
[2026-05-27T15:21:49.713+0000] {logging_mixin.py:188} INFO - [2026-05-27T15:21:49.712+0000] {dag.py:3954} INFO - Setting next_dagrun for produce_json to 2026-05-27 11:00:00+00:00, run_after=2026-05-28 11:00:00+00:00
[2026-05-27T15:21:49.716+0000] {logging_mixin.py:188} INFO - [2026-05-27T15:21:49.716+0000] {dag.py:3954} INFO - Setting next_dagrun for update_db to 2026-05-27 12:00:00+00:00, run_after=2026-05-28 12:00:00+00:00
[2026-05-27T15:21:49.738+0000] {processor.py:183} INFO - Processing /opt/airflow/dags/main.py took 0.219 seconds
[2026-05-27T15:22:19.802+0000] {processor.py:161} INFO - Started process (PID=2867) to work on /opt/airflow/dags/main.py
[2026-05-27T15:22:19.804+0000] {processor.py:830} INFO - Processing file /opt/airflow/dags/main.py for tasks to queue
[2026-05-27T15:22:19.805+0000] {logging_mixin.py:188} INFO - [2026-05-27T15:22:19.805+0000] {dagbag.py:545} INFO - Filling up the DagBag from /opt/airflow/dags/main.py
[2026-05-27T15:22:19.923+0000] {processor.py:840} INFO - DAG(s) 'produce_json', 'update_db', 'data_quality' retrieved from /opt/airflow/dags/main.py
[2026-05-27T15:22:19.961+0000] {logging_mixin.py:188} INFO - [2026-05-27T15:22:19.961+0000] {dag.py:3096} INFO - Sync 3 DAGs
[2026-05-27T15:22:19.985+0000] {logging_mixin.py:188} INFO - [2026-05-27T15:22:19.985+0000] {dag.py:3954} INFO - Setting next_dagrun for data_quality to 2026-05-27 13:00:00+00:00, run_after=2026-05-28 13:00:00+00:00
[2026-05-27T15:22:19.992+0000] {logging_mixin.py:188} INFO - [2026-05-27T15:22:19.992+0000] {dag.py:3954} INFO - Setting next_dagrun for produce_json to 2026-05-27 11:00:00+00:00, run_after=2026-05-28 11:00:00+00:00
[2026-05-27T15:22:19.995+0000] {logging_mixin.py:188} INFO - [2026-05-27T15:22:19.995+0000] {dag.py:3954} INFO - Setting next_dagrun for update_db to 2026-05-27 12:00:00+00:00, run_after=2026-05-28 12:00:00+00:00
[2026-05-27T15:22:20.013+0000] {processor.py:183} INFO - Processing /opt/airflow/dags/main.py took 0.218 seconds
[2026-05-27T15:22:50.287+0000] {processor.py:161} INFO - Started process (PID=2874) to work on /opt/airflow/dags/main.py
[2026-05-27T15:22:50.288+0000] {processor.py:830} INFO - Processing file /opt/airflow/dags/main.py for tasks to queue
[2026-05-27T15:22:50.289+0000] {logging_mixin.py:188} INFO - [2026-05-27T15:22:50.289+0000] {dagbag.py:545} INFO - Filling up the DagBag from /opt/airflow/dags/main.py
[2026-05-27T15:22:50.412+0000] {processor.py:840} INFO - DAG(s) 'produce_json', 'data_quality', 'update_db' retrieved from /opt/airflow/dags/main.py
[2026-05-27T15:22:50.446+0000] {logging_mixin.py:188} INFO - [2026-05-27T15:22:50.446+0000] {dag.py:3096} INFO - Sync 3 DAGs
[2026-05-27T15:22:50.466+0000] {logging_mixin.py:188} INFO - [2026-05-27T15:22:50.466+0000] {dag.py:3954} INFO - Setting next_dagrun for data_quality to 2026-05-27 13:00:00+00:00, run_after=2026-05-28 13:00:00+00:00
[2026-05-27T15:22:50.473+0000] {logging_mixin.py:188} INFO - [2026-05-27T15:22:50.472+0000] {dag.py:3954} INFO - Setting next_dagrun for produce_json to 2026-05-27 11:00:00+00:00, run_after=2026-05-28 11:00:00+00:00
[2026-05-27T15:22:50.476+0000] {logging_mixin.py:188} INFO - [2026-05-27T15:22:50.476+0000] {dag.py:3954} INFO - Setting next_dagrun for update_db to 2026-05-27 12:00:00+00:00, run_after=2026-05-28 12:00:00+00:00
[2026-05-27T15:22:50.493+0000] {processor.py:183} INFO - Processing /opt/airflow/dags/main.py took 0.213 seconds
[2026-05-27T15:23:20.578+0000] {processor.py:161} INFO - Started process (PID=2881) to work on /opt/airflow/dags/main.py
[2026-05-27T15:23:20.580+0000] {processor.py:830} INFO - Processing file /opt/airflow/dags/main.py for tasks to queue
[2026-05-27T15:23:20.581+0000] {logging_mixin.py:188} INFO - [2026-05-27T15:23:20.581+0000] {dagbag.py:545} INFO - Filling up the DagBag from /opt/airflow/dags/main.py
[2026-05-27T15:23:20.715+0000] {processor.py:840} INFO - DAG(s) 'update_db', 'produce_json', 'data_quality' retrieved from /opt/airflow/dags/main.py
[2026-05-27T15:23:20.755+0000] {logging_mixin.py:188} INFO - [2026-05-27T15:23:20.754+0000] {dag.py:3096} INFO - Sync 3 DAGs
[2026-05-27T15:23:20.781+0000] {logging_mixin.py:188} INFO - [2026-05-27T15:23:20.781+0000] {dag.py:3954} INFO - Setting next_dagrun for data_quality to 2026-05-27 13:00:00+00:00, run_after=2026-05-28 13:00:00+00:00
[2026-05-27T15:23:20.787+0000] {logging_mixin.py:188} INFO - [2026-05-27T15:23:20.787+0000] {dag.py:3954} INFO - Setting next_dagrun for produce_json to 2026-05-27 11:00:00+00:00, run_after=2026-05-28 11:00:00+00:00
[2026-05-27T15:23:20.790+0000] {logging_mixin.py:188} INFO - [2026-05-27T15:23:20.790+0000] {dag.py:3954} INFO - Setting next_dagrun for update_db to 2026-05-27 12:00:00+00:00, run_after=2026-05-28 12:00:00+00:00
[2026-05-27T15:23:20.809+0000] {processor.py:183} INFO - Processing /opt/airflow/dags/main.py took 0.241 seconds
[2026-05-27T15:23:51.064+0000] {processor.py:161} INFO - Started process (PID=2888) to work on /opt/airflow/dags/main.py
[2026-05-27T15:23:51.065+0000] {processor.py:830} INFO - Processing file /opt/airflow/dags/main.py for tasks to queue
[2026-05-27T15:23:51.066+0000] {logging_mixin.py:188} INFO - [2026-05-27T15:23:51.066+0000] {dagbag.py:545} INFO - Filling up the DagBag from /opt/airflow/dags/main.py
[2026-05-27T15:23:51.195+0000] {processor.py:840} INFO - DAG(s) 'data_quality', 'update_db', 'produce_json' retrieved from /opt/airflow/dags/main.py
[2026-05-27T15:23:51.227+0000] {logging_mixin.py:188} INFO - [2026-05-27T15:23:51.227+0000] {dag.py:3096} INFO - Sync 3 DAGs
[2026-05-27T15:23:51.247+0000] {logging_mixin.py:188} INFO - [2026-05-27T15:23:51.247+0000] {dag.py:3954} INFO - Setting next_dagrun for data_quality to 2026-05-27 13:00:00+00:00, run_after=2026-05-28 13:00:00+00:00
[2026-05-27T15:23:51.252+0000] {logging_mixin.py:188} INFO - [2026-05-27T15:23:51.252+0000] {dag.py:3954} INFO - Setting next_dagrun for produce_json to 2026-05-27 11:00:00+00:00, run_after=2026-05-28 11:00:00+00:00
[2026-05-27T15:23:51.255+0000] {logging_mixin.py:188} INFO - [2026-05-27T15:23:51.255+0000] {dag.py:3954} INFO - Setting next_dagrun for update_db to 2026-05-27 12:00:00+00:00, run_after=2026-05-28 12:00:00+00:00
[2026-05-27T15:23:51.271+0000] {processor.py:183} INFO - Processing /opt/airflow/dags/main.py took 0.215 seconds
[2026-05-27T15:24:21.577+0000] {processor.py:161} INFO - Started process (PID=2895) to work on /opt/airflow/dags/main.py
[2026-05-27T15:24:21.578+0000] {processor.py:830} INFO - Processing file /opt/airflow/dags/main.py for tasks to queue
[2026-05-27T15:24:21.580+0000] {logging_mixin.py:188} INFO - [2026-05-27T15:24:21.579+0000] {dagbag.py:545} INFO - Filling up the DagBag from /opt/airflow/dags/main.py
[2026-05-27T15:24:21.709+0000] {processor.py:840} INFO - DAG(s) 'update_db', 'data_quality', 'produce_json' retrieved from /opt/airflow/dags/main.py
[2026-05-27T15:24:21.742+0000] {logging_mixin.py:188} INFO - [2026-05-27T15:24:21.742+0000] {dag.py:3096} INFO - Sync 3 DAGs
[2026-05-27T15:24:21.761+0000] {logging_mixin.py:188} INFO - [2026-05-27T15:24:21.761+0000] {dag.py:3954} INFO - Setting next_dagrun for data_quality to 2026-05-27 13:00:00+00:00, run_after=2026-05-28 13:00:00+00:00
[2026-05-27T15:24:21.766+0000] {logging_mixin.py:188} INFO - [2026-05-27T15:24:21.766+0000] {dag.py:3954} INFO - Setting next_dagrun for produce_json to 2026-05-27 11:00:00+00:00, run_after=2026-05-28 11:00:00+00:00
[2026-05-27T15:24:21.769+0000] {logging_mixin.py:188} INFO - [2026-05-27T15:24:21.769+0000] {dag.py:3954} INFO - Setting next_dagrun for update_db to 2026-05-27 12:00:00+00:00, run_after=2026-05-28 12:00:00+00:00
[2026-05-27T15:24:21.796+0000] {processor.py:183} INFO - Processing /opt/airflow/dags/main.py took 0.225 seconds
[2026-05-27T15:24:51.877+0000] {processor.py:161} INFO - Started process (PID=2902) to work on /opt/airflow/dags/main.py
[2026-05-27T15:24:51.878+0000] {processor.py:830} INFO - Processing file /opt/airflow/dags/main.py for tasks to queue
[2026-05-27T15:24:51.880+0000] {logging_mixin.py:188} INFO - [2026-05-27T15:24:51.879+0000] {dagbag.py:545} INFO - Filling up the DagBag from /opt/airflow/dags/main.py
[2026-05-27T15:24:51.992+0000] {processor.py:840} INFO - DAG(s) 'produce_json', 'data_quality', 'update_db' retrieved from /opt/airflow/dags/main.py
[2026-05-27T15:24:52.024+0000] {logging_mixin.py:188} INFO - [2026-05-27T15:24:52.024+0000] {dag.py:3096} INFO - Sync 3 DAGs
[2026-05-27T15:24:52.043+0000] {logging_mixin.py:188} INFO - [2026-05-27T15:24:52.043+0000] {dag.py:3954} INFO - Setting next_dagrun for data_quality to 2026-05-27 13:00:00+00:00, run_after=2026-05-28 13:00:00+00:00
[2026-05-27T15:24:52.048+0000] {logging_mixin.py:188} INFO - [2026-05-27T15:24:52.048+0000] {dag.py:3954} INFO - Setting next_dagrun for produce_json to 2026-05-27 11:00:00+00:00, run_after=2026-05-28 11:00:00+00:00
[2026-05-27T15:24:52.051+0000] {logging_mixin.py:188} INFO - [2026-05-27T15:24:52.051+0000] {dag.py:3954} INFO - Setting next_dagrun for update_db to 2026-05-27 12:00:00+00:00, run_after=2026-05-28 12:00:00+00:00
[2026-05-27T15:24:52.077+0000] {processor.py:183} INFO - Processing /opt/airflow/dags/main.py took 0.206 seconds
[2026-05-27T15:25:22.442+0000] {processor.py:161} INFO - Started process (PID=2909) to work on /opt/airflow/dags/main.py
[2026-05-27T15:25:22.443+0000] {processor.py:830} INFO - Processing file /opt/airflow/dags/main.py for tasks to queue
[2026-05-27T15:25:22.444+0000] {logging_mixin.py:188} INFO - [2026-05-27T15:25:22.444+0000] {dagbag.py:545} INFO - Filling up the DagBag from /opt/airflow/dags/main.py
[2026-05-27T15:25:22.560+0000] {processor.py:840} INFO - DAG(s) 'update_db', 'data_quality', 'produce_json' retrieved from /opt/airflow/dags/main.py
[2026-05-27T15:25:22.591+0000] {logging_mixin.py:188} INFO - [2026-05-27T15:25:22.591+0000] {dag.py:3096} INFO - Sync 3 DAGs
[2026-05-27T15:25:22.610+0000] {logging_mixin.py:188} INFO - [2026-05-27T15:25:22.610+0000] {dag.py:3954} INFO - Setting next_dagrun for data_quality to 2026-05-27 13:00:00+00:00, run_after=2026-05-28 13:00:00+00:00
[2026-05-27T15:25:22.615+0000] {logging_mixin.py:188} INFO - [2026-05-27T15:25:22.615+0000] {dag.py:3954} INFO - Setting next_dagrun for produce_json to 2026-05-27 11:00:00+00:00, run_after=2026-05-28 11:00:00+00:00
[2026-05-27T15:25:22.618+0000] {logging_mixin.py:188} INFO - [2026-05-27T15:25:22.618+0000] {dag.py:3954} INFO - Setting next_dagrun for update_db to 2026-05-27 12:00:00+00:00, run_after=2026-05-28 12:00:00+00:00
[2026-05-27T15:25:22.647+0000] {processor.py:183} INFO - Processing /opt/airflow/dags/main.py took 0.211 seconds
[2026-05-27T15:25:52.790+0000] {processor.py:161} INFO - Started process (PID=2916) to work on /opt/airflow/dags/main.py
[2026-05-27T15:25:52.791+0000] {processor.py:830} INFO - Processing file /opt/airflow/dags/main.py for tasks to queue
[2026-05-27T15:25:52.792+0000] {logging_mixin.py:188} INFO - [2026-05-27T15:25:52.792+0000] {dagbag.py:545} INFO - Filling up the DagBag from /opt/airflow/dags/main.py
[2026-05-27T15:25:52.915+0000] {processor.py:840} INFO - DAG(s) 'produce_json', 'update_db', 'data_quality' retrieved from /opt/airflow/dags/main.py
[2026-05-27T15:25:52.947+0000] {logging_mixin.py:188} INFO - [2026-05-27T15:25:52.947+0000] {dag.py:3096} INFO - Sync 3 DAGs
[2026-05-27T15:25:52.967+0000] {logging_mixin.py:188} INFO - [2026-05-27T15:25:52.967+0000] {dag.py:3954} INFO - Setting next_dagrun for data_quality to 2026-05-27 13:00:00+00:00, run_after=2026-05-28 13:00:00+00:00
[2026-05-27T15:25:52.972+0000] {logging_mixin.py:188} INFO - [2026-05-27T15:25:52.972+0000] {dag.py:3954} INFO - Setting next_dagrun for produce_json to 2026-05-27 11:00:00+00:00, run_after=2026-05-28 11:00:00+00:00
[2026-05-27T15:25:52.975+0000] {logging_mixin.py:188} INFO - [2026-05-27T15:25:52.975+0000] {dag.py:3954} INFO - Setting next_dagrun for update_db to 2026-05-27 12:00:00+00:00, run_after=2026-05-28 12:00:00+00:00
[2026-05-27T15:25:53.006+0000] {processor.py:183} INFO - Processing /opt/airflow/dags/main.py took 0.223 seconds
[2026-05-27T15:26:23.296+0000] {processor.py:161} INFO - Started process (PID=2923) to work on /opt/airflow/dags/main.py
[2026-05-27T15:26:23.298+0000] {processor.py:830} INFO - Processing file /opt/airflow/dags/main.py for tasks to queue
[2026-05-27T15:26:23.299+0000] {logging_mixin.py:188} INFO - [2026-05-27T15:26:23.299+0000] {dagbag.py:545} INFO - Filling up the DagBag from /opt/airflow/dags/main.py
[2026-05-27T15:26:23.420+0000] {processor.py:840} INFO - DAG(s) 'data_quality', 'update_db', 'produce_json' retrieved from /opt/airflow/dags/main.py
[2026-05-27T15:26:23.454+0000] {logging_mixin.py:188} INFO - [2026-05-27T15:26:23.453+0000] {dag.py:3096} INFO - Sync 3 DAGs
[2026-05-27T15:26:23.474+0000] {logging_mixin.py:188} INFO - [2026-05-27T15:26:23.474+0000] {dag.py:3954} INFO - Setting next_dagrun for data_quality to 2026-05-27 13:00:00+00:00, run_after=2026-05-28 13:00:00+00:00
[2026-05-27T15:26:23.479+0000] {logging_mixin.py:188} INFO - [2026-05-27T15:26:23.479+0000] {dag.py:3954} INFO - Setting next_dagrun for produce_json to 2026-05-27 11:00:00+00:00, run_after=2026-05-28 11:00:00+00:00
[2026-05-27T15:26:23.482+0000] {logging_mixin.py:188} INFO - [2026-05-27T15:26:23.482+0000] {dag.py:3954} INFO - Setting next_dagrun for update_db to 2026-05-27 12:00:00+00:00, run_after=2026-05-28 12:00:00+00:00
[2026-05-27T15:26:23.498+0000] {processor.py:183} INFO - Processing /opt/airflow/dags/main.py took 0.208 seconds
[2026-05-27T15:26:53.608+0000] {processor.py:161} INFO - Started process (PID=2930) to work on /opt/airflow/dags/main.py
[2026-05-27T15:26:53.609+0000] {processor.py:830} INFO - Processing file /opt/airflow/dags/main.py for tasks to queue
[2026-05-27T15:26:53.610+0000] {logging_mixin.py:188} INFO - [2026-05-27T15:26:53.610+0000] {dagbag.py:545} INFO - Filling up the DagBag from /opt/airflow/dags/main.py
[2026-05-27T15:26:53.736+0000] {processor.py:840} INFO - DAG(s) 'produce_json', 'data_quality', 'update_db' retrieved from /opt/airflow/dags/main.py
[2026-05-27T15:26:53.769+0000] {logging_mixin.py:188} INFO - [2026-05-27T15:26:53.769+0000] {dag.py:3096} INFO - Sync 3 DAGs
[2026-05-27T15:26:53.789+0000] {logging_mixin.py:188} INFO - [2026-05-27T15:26:53.789+0000] {dag.py:3954} INFO - Setting next_dagrun for data_quality to 2026-05-27 13:00:00+00:00, run_after=2026-05-28 13:00:00+00:00
[2026-05-27T15:26:53.794+0000] {logging_mixin.py:188} INFO - [2026-05-27T15:26:53.794+0000] {dag.py:3954} INFO - Setting next_dagrun for produce_json to 2026-05-27 11:00:00+00:00, run_after=2026-05-28 11:00:00+00:00
[2026-05-27T15:26:53.797+0000] {logging_mixin.py:188} INFO - [2026-05-27T15:26:53.797+0000] {dag.py:3954} INFO - Setting next_dagrun for update_db to 2026-05-27 12:00:00+00:00, run_after=2026-05-28 12:00:00+00:00
[2026-05-27T15:26:53.811+0000] {processor.py:183} INFO - Processing /opt/airflow/dags/main.py took 0.210 seconds
[2026-05-27T15:27:23.966+0000] {processor.py:161} INFO - Started process (PID=2937) to work on /opt/airflow/dags/main.py
[2026-05-27T15:27:23.967+0000] {processor.py:830} INFO - Processing file /opt/airflow/dags/main.py for tasks to queue
[2026-05-27T15:27:23.968+0000] {logging_mixin.py:188} INFO - [2026-05-27T15:27:23.968+0000] {dagbag.py:545} INFO - Filling up the DagBag from /opt/airflow/dags/main.py
[2026-05-27T15:27:24.088+0000] {processor.py:840} INFO - DAG(s) 'update_db', 'produce_json', 'data_quality' retrieved from /opt/airflow/dags/main.py
[2026-05-27T15:27:24.120+0000] {logging_mixin.py:188} INFO - [2026-05-27T15:27:24.120+0000] {dag.py:3096} INFO - Sync 3 DAGs
[2026-05-27T15:27:24.140+0000] {logging_mixin.py:188} INFO - [2026-05-27T15:27:24.140+0000] {dag.py:3954} INFO - Setting next_dagrun for data_quality to 2026-05-27 13:00:00+00:00, run_after=2026-05-28 13:00:00+00:00
[2026-05-27T15:27:24.144+0000] {logging_mixin.py:188} INFO - [2026-05-27T15:27:24.144+0000] {dag.py:3954} INFO - Setting next_dagrun for produce_json to 2026-05-27 11:00:00+00:00, run_after=2026-05-28 11:00:00+00:00
[2026-05-27T15:27:24.147+0000] {logging_mixin.py:188} INFO - [2026-05-27T15:27:24.147+0000] {dag.py:3954} INFO - Setting next_dagrun for update_db to 2026-05-27 12:00:00+00:00, run_after=2026-05-28 12:00:00+00:00
[2026-05-27T15:27:24.175+0000] {processor.py:183} INFO - Processing /opt/airflow/dags/main.py took 0.216 seconds
[2026-05-27T15:27:54.480+0000] {processor.py:161} INFO - Started process (PID=2944) to work on /opt/airflow/dags/main.py
[2026-05-27T15:27:54.481+0000] {processor.py:830} INFO - Processing file /opt/airflow/dags/main.py for tasks to queue
[2026-05-27T15:27:54.482+0000] {logging_mixin.py:188} INFO - [2026-05-27T15:27:54.482+0000] {dagbag.py:545} INFO - Filling up the DagBag from /opt/airflow/dags/main.py
[2026-05-27T15:27:54.626+0000] {processor.py:840} INFO - DAG(s) 'produce_json', 'data_quality', 'update_db' retrieved from /opt/airflow/dags/main.py
[2026-05-27T15:27:54.658+0000] {logging_mixin.py:188} INFO - [2026-05-27T15:27:54.658+0000] {dag.py:3096} INFO - Sync 3 DAGs
[2026-05-27T15:27:54.679+0000] {logging_mixin.py:188} INFO - [2026-05-27T15:27:54.679+0000] {dag.py:3954} INFO - Setting next_dagrun for data_quality to 2026-05-27 13:00:00+00:00, run_after=2026-05-28 13:00:00+00:00
[2026-05-27T15:27:54.684+0000] {logging_mixin.py:188} INFO - [2026-05-27T15:27:54.684+0000] {dag.py:3954} INFO - Setting next_dagrun for produce_json to 2026-05-27 11:00:00+00:00, run_after=2026-05-28 11:00:00+00:00
[2026-05-27T15:27:54.688+0000] {logging_mixin.py:188} INFO - [2026-05-27T15:27:54.688+0000] {dag.py:3954} INFO - Setting next_dagrun for update_db to 2026-05-27 12:00:00+00:00, run_after=2026-05-28 12:00:00+00:00
[2026-05-27T15:27:54.716+0000] {processor.py:183} INFO - Processing /opt/airflow/dags/main.py took 0.243 seconds
[2026-05-27T15:28:24.961+0000] {processor.py:161} INFO - Started process (PID=2951) to work on /opt/airflow/dags/main.py
[2026-05-27T15:28:24.963+0000] {processor.py:830} INFO - Processing file /opt/airflow/dags/main.py for tasks to queue
[2026-05-27T15:28:24.964+0000] {logging_mixin.py:188} INFO - [2026-05-27T15:28:24.963+0000] {dagbag.py:545} INFO - Filling up the DagBag from /opt/airflow/dags/main.py
[2026-05-27T15:28:25.083+0000] {processor.py:840} INFO - DAG(s) 'produce_json', 'update_db', 'data_quality' retrieved from /opt/airflow/dags/main.py
[2026-05-27T15:28:25.116+0000] {logging_mixin.py:188} INFO - [2026-05-27T15:28:25.115+0000] {dag.py:3096} INFO - Sync 3 DAGs
[2026-05-27T15:28:25.136+0000] {logging_mixin.py:188} INFO - [2026-05-27T15:28:25.136+0000] {dag.py:3954} INFO - Setting next_dagrun for data_quality to 2026-05-27 13:00:00+00:00, run_after=2026-05-28 13:00:00+00:00
[2026-05-27T15:28:25.142+0000] {logging_mixin.py:188} INFO - [2026-05-27T15:28:25.142+0000] {dag.py:3954} INFO - Setting next_dagrun for produce_json to 2026-05-27 11:00:00+00:00, run_after=2026-05-28 11:00:00+00:00
[2026-05-27T15:28:25.145+0000] {logging_mixin.py:188} INFO - [2026-05-27T15:28:25.145+0000] {dag.py:3954} INFO - Setting next_dagrun for update_db to 2026-05-27 12:00:00+00:00, run_after=2026-05-28 12:00:00+00:00
[2026-05-27T15:28:25.172+0000] {processor.py:183} INFO - Processing /opt/airflow/dags/main.py took 0.217 seconds
[2026-05-27T15:28:55.414+0000] {processor.py:161} INFO - Started process (PID=2958) to work on /opt/airflow/dags/main.py
[2026-05-27T15:28:55.415+0000] {processor.py:830} INFO - Processing file /opt/airflow/dags/main.py for tasks to queue
[2026-05-27T15:28:55.417+0000] {logging_mixin.py:188} INFO - [2026-05-27T15:28:55.416+0000] {dagbag.py:545} INFO - Filling up the DagBag from /opt/airflow/dags/main.py
[2026-05-27T15:28:55.545+0000] {processor.py:840} INFO - DAG(s) 'data_quality', 'produce_json', 'update_db' retrieved from /opt/airflow/dags/main.py
[2026-05-27T15:28:55.583+0000] {logging_mixin.py:188} INFO - [2026-05-27T15:28:55.582+0000] {dag.py:3096} INFO - Sync 3 DAGs
[2026-05-27T15:28:55.610+0000] {logging_mixin.py:188} INFO - [2026-05-27T15:28:55.610+0000] {dag.py:3954} INFO - Setting next_dagrun for data_quality to 2026-05-27 13:00:00+00:00, run_after=2026-05-28 13:00:00+00:00
[2026-05-27T15:28:55.615+0000] {logging_mixin.py:188} INFO - [2026-05-27T15:28:55.615+0000] {dag.py:3954} INFO - Setting next_dagrun for produce_json to 2026-05-27 11:00:00+00:00, run_after=2026-05-28 11:00:00+00:00
[2026-05-27T15:28:55.618+0000] {logging_mixin.py:188} INFO - [2026-05-27T15:28:55.618+0000] {dag.py:3954} INFO - Setting next_dagrun for update_db to 2026-05-27 12:00:00+00:00, run_after=2026-05-28 12:00:00+00:00
[2026-05-27T15:28:55.635+0000] {processor.py:183} INFO - Processing /opt/airflow/dags/main.py took 0.229 seconds
[2026-05-27T15:29:25.885+0000] {processor.py:161} INFO - Started process (PID=2965) to work on /opt/airflow/dags/main.py
[2026-05-27T15:29:25.886+0000] {processor.py:830} INFO - Processing file /opt/airflow/dags/main.py for tasks to queue
[2026-05-27T15:29:25.887+0000] {logging_mixin.py:188} INFO - [2026-05-27T15:29:25.887+0000] {dagbag.py:545} INFO - Filling up the DagBag from /opt/airflow/dags/main.py
[2026-05-27T15:29:25.998+0000] {processor.py:840} INFO - DAG(s) 'produce_json', 'update_db', 'data_quality' retrieved from /opt/airflow/dags/main.py
[2026-05-27T15:29:26.032+0000] {logging_mixin.py:188} INFO - [2026-05-27T15:29:26.032+0000] {dag.py:3096} INFO - Sync 3 DAGs
[2026-05-27T15:29:26.055+0000] {logging_mixin.py:188} INFO - [2026-05-27T15:29:26.055+0000] {dag.py:3954} INFO - Setting next_dagrun for data_quality to 2026-05-27 13:00:00+00:00, run_after=2026-05-28 13:00:00+00:00
[2026-05-27T15:29:26.060+0000] {logging_mixin.py:188} INFO - [2026-05-27T15:29:26.060+0000] {dag.py:3954} INFO - Setting next_dagrun for produce_json to 2026-05-27 11:00:00+00:00, run_after=2026-05-28 11:00:00+00:00
[2026-05-27T15:29:26.064+0000] {logging_mixin.py:188} INFO - [2026-05-27T15:29:26.063+0000] {dag.py:3954} INFO - Setting next_dagrun for update_db to 2026-05-27 12:00:00+00:00, run_after=2026-05-28 12:00:00+00:00
[2026-05-27T15:29:26.081+0000] {processor.py:183} INFO - Processing /opt/airflow/dags/main.py took 0.202 seconds
[2026-05-27T15:29:56.212+0000] {processor.py:161} INFO - Started process (PID=2972) to work on /opt/airflow/dags/main.py
[2026-05-27T15:29:56.214+0000] {processor.py:830} INFO - Processing file /opt/airflow/dags/main.py for tasks to queue
[2026-05-27T15:29:56.215+0000] {logging_mixin.py:188} INFO - [2026-05-27T15:29:56.215+0000] {dagbag.py:545} INFO - Filling up the DagBag from /opt/airflow/dags/main.py
[2026-05-27T15:29:56.340+0000] {processor.py:840} INFO - DAG(s) 'produce_json', 'update_db', 'data_quality' retrieved from /opt/airflow/dags/main.py
[2026-05-27T15:29:56.373+0000] {logging_mixin.py:188} INFO - [2026-05-27T15:29:56.373+0000] {dag.py:3096} INFO - Sync 3 DAGs
[2026-05-27T15:29:56.396+0000] {logging_mixin.py:188} INFO - [2026-05-27T15:29:56.396+0000] {dag.py:3954} INFO - Setting next_dagrun for data_quality to 2026-05-27 13:00:00+00:00, run_after=2026-05-28 13:00:00+00:00
[2026-05-27T15:29:56.403+0000] {logging_mixin.py:188} INFO - [2026-05-27T15:29:56.403+0000] {dag.py:3954} INFO - Setting next_dagrun for produce_json to 2026-05-27 11:00:00+00:00, run_after=2026-05-28 11:00:00+00:00
[2026-05-27T15:29:56.407+0000] {logging_mixin.py:188} INFO - [2026-05-27T15:29:56.407+0000] {dag.py:3954} INFO - Setting next_dagrun for update_db to 2026-05-27 12:00:00+00:00, run_after=2026-05-28 12:00:00+00:00
[2026-05-27T15:29:56.429+0000] {processor.py:183} INFO - Processing /opt/airflow/dags/main.py took 0.224 seconds
[2026-05-27T15:30:26.605+0000] {processor.py:161} INFO - Started process (PID=2979) to work on /opt/airflow/dags/main.py
[2026-05-27T15:30:26.607+0000] {processor.py:830} INFO - Processing file /opt/airflow/dags/main.py for tasks to queue
[2026-05-27T15:30:26.608+0000] {logging_mixin.py:188} INFO - [2026-05-27T15:30:26.608+0000] {dagbag.py:545} INFO - Filling up the DagBag from /opt/airflow/dags/main.py
[2026-05-27T15:30:26.760+0000] {processor.py:840} INFO - DAG(s) 'update_db', 'produce_json', 'data_quality' retrieved from /opt/airflow/dags/main.py
[2026-05-27T15:30:26.795+0000] {logging_mixin.py:188} INFO - [2026-05-27T15:30:26.794+0000] {dag.py:3096} INFO - Sync 3 DAGs
[2026-05-27T15:30:26.817+0000] {logging_mixin.py:188} INFO - [2026-05-27T15:30:26.817+0000] {dag.py:3954} INFO - Setting next_dagrun for data_quality to 2026-05-27 13:00:00+00:00, run_after=2026-05-28 13:00:00+00:00
[2026-05-27T15:30:26.822+0000] {logging_mixin.py:188} INFO - [2026-05-27T15:30:26.822+0000] {dag.py:3954} INFO - Setting next_dagrun for produce_json to 2026-05-27 11:00:00+00:00, run_after=2026-05-28 11:00:00+00:00
[2026-05-27T15:30:26.825+0000] {logging_mixin.py:188} INFO - [2026-05-27T15:30:26.825+0000] {dag.py:3954} INFO - Setting next_dagrun for update_db to 2026-05-27 12:00:00+00:00, run_after=2026-05-28 12:00:00+00:00
[2026-05-27T15:30:26.842+0000] {processor.py:183} INFO - Processing /opt/airflow/dags/main.py took 0.243 seconds
[2026-05-27T15:30:56.906+0000] {processor.py:161} INFO - Started process (PID=2986) to work on /opt/airflow/dags/main.py
[2026-05-27T15:30:56.907+0000] {processor.py:830} INFO - Processing file /opt/airflow/dags/main.py for tasks to queue
[2026-05-27T15:30:56.908+0000] {logging_mixin.py:188} INFO - [2026-05-27T15:30:56.908+0000] {dagbag.py:545} INFO - Filling up the DagBag from /opt/airflow/dags/main.py
[2026-05-27T15:30:57.088+0000] {processor.py:840} INFO - DAG(s) 'produce_json', 'data_quality', 'update_db' retrieved from /opt/airflow/dags/main.py
[2026-05-27T15:30:57.119+0000] {logging_mixin.py:188} INFO - [2026-05-27T15:30:57.118+0000] {dag.py:3096} INFO - Sync 3 DAGs
[2026-05-27T15:30:57.139+0000] {logging_mixin.py:188} INFO - [2026-05-27T15:30:57.138+0000] {dag.py:3954} INFO - Setting next_dagrun for data_quality to 2026-05-27 13:00:00+00:00, run_after=2026-05-28 13:00:00+00:00
[2026-05-27T15:30:57.144+0000] {logging_mixin.py:188} INFO - [2026-05-27T15:30:57.143+0000] {dag.py:3954} INFO - Setting next_dagrun for produce_json to 2026-05-27 11:00:00+00:00, run_after=2026-05-28 11:00:00+00:00
[2026-05-27T15:30:57.147+0000] {logging_mixin.py:188} INFO - [2026-05-27T15:30:57.147+0000] {dag.py:3954} INFO - Setting next_dagrun for update_db to 2026-05-27 12:00:00+00:00, run_after=2026-05-28 12:00:00+00:00
[2026-05-27T15:30:57.164+0000] {processor.py:183} INFO - Processing /opt/airflow/dags/main.py took 0.265 seconds
[2026-05-27T15:31:27.334+0000] {processor.py:161} INFO - Started process (PID=2993) to work on /opt/airflow/dags/main.py
[2026-05-27T15:31:27.336+0000] {processor.py:830} INFO - Processing file /opt/airflow/dags/main.py for tasks to queue
[2026-05-27T15:31:27.337+0000] {logging_mixin.py:188} INFO - [2026-05-27T15:31:27.337+0000] {dagbag.py:545} INFO - Filling up the DagBag from /opt/airflow/dags/main.py
[2026-05-27T15:31:27.460+0000] {processor.py:840} INFO - DAG(s) 'produce_json', 'data_quality', 'update_db' retrieved from /opt/airflow/dags/main.py
[2026-05-27T15:31:27.494+0000] {logging_mixin.py:188} INFO - [2026-05-27T15:31:27.494+0000] {dag.py:3096} INFO - Sync 3 DAGs
[2026-05-27T15:31:27.517+0000] {logging_mixin.py:188} INFO - [2026-05-27T15:31:27.517+0000] {dag.py:3954} INFO - Setting next_dagrun for data_quality to 2026-05-27 13:00:00+00:00, run_after=2026-05-28 13:00:00+00:00
[2026-05-27T15:31:27.523+0000] {logging_mixin.py:188} INFO - [2026-05-27T15:31:27.523+0000] {dag.py:3954} INFO - Setting next_dagrun for produce_json to 2026-05-27 11:00:00+00:00, run_after=2026-05-28 11:00:00+00:00
[2026-05-27T15:31:27.527+0000] {logging_mixin.py:188} INFO - [2026-05-27T15:31:27.526+0000] {dag.py:3954} INFO - Setting next_dagrun for update_db to 2026-05-27 12:00:00+00:00, run_after=2026-05-28 12:00:00+00:00
[2026-05-27T15:31:27.554+0000] {processor.py:183} INFO - Processing /opt/airflow/dags/main.py took 0.226 seconds
[2026-05-27T15:31:57.686+0000] {processor.py:161} INFO - Started process (PID=3000) to work on /opt/airflow/dags/main.py
[2026-05-27T15:31:57.688+0000] {processor.py:830} INFO - Processing file /opt/airflow/dags/main.py for tasks to queue
[2026-05-27T15:31:57.690+0000] {logging_mixin.py:188} INFO - [2026-05-27T15:31:57.690+0000] {dagbag.py:545} INFO - Filling up the DagBag from /opt/airflow/dags/main.py
[2026-05-27T15:31:57.817+0000] {processor.py:840} INFO - DAG(s) 'produce_json', 'data_quality', 'update_db' retrieved from /opt/airflow/dags/main.py
[2026-05-27T15:31:57.855+0000] {logging_mixin.py:188} INFO - [2026-05-27T15:31:57.855+0000] {dag.py:3096} INFO - Sync 3 DAGs
[2026-05-27T15:31:57.880+0000] {logging_mixin.py:188} INFO - [2026-05-27T15:31:57.880+0000] {dag.py:3954} INFO - Setting next_dagrun for data_quality to 2026-05-27 13:00:00+00:00, run_after=2026-05-28 13:00:00+00:00
[2026-05-27T15:31:57.886+0000] {logging_mixin.py:188} INFO - [2026-05-27T15:31:57.886+0000] {dag.py:3954} INFO - Setting next_dagrun for produce_json to 2026-05-27 11:00:00+00:00, run_after=2026-05-28 11:00:00+00:00
[2026-05-27T15:31:57.889+0000] {logging_mixin.py:188} INFO - [2026-05-27T15:31:57.889+0000] {dag.py:3954} INFO - Setting next_dagrun for update_db to 2026-05-27 12:00:00+00:00, run_after=2026-05-28 12:00:00+00:00
[2026-05-27T15:31:57.919+0000] {processor.py:183} INFO - Processing /opt/airflow/dags/main.py took 0.244 seconds
[2026-05-27T15:32:27.984+0000] {processor.py:161} INFO - Started process (PID=3007) to work on /opt/airflow/dags/main.py
[2026-05-27T15:32:27.985+0000] {processor.py:830} INFO - Processing file /opt/airflow/dags/main.py for tasks to queue
[2026-05-27T15:32:27.986+0000] {logging_mixin.py:188} INFO - [2026-05-27T15:32:27.986+0000] {dagbag.py:545} INFO - Filling up the DagBag from /opt/airflow/dags/main.py
[2026-05-27T15:32:28.138+0000] {processor.py:840} INFO - DAG(s) 'update_db', 'data_quality', 'produce_json' retrieved from /opt/airflow/dags/main.py
[2026-05-27T15:32:28.172+0000] {logging_mixin.py:188} INFO - [2026-05-27T15:32:28.172+0000] {dag.py:3096} INFO - Sync 3 DAGs
[2026-05-27T15:32:28.192+0000] {logging_mixin.py:188} INFO - [2026-05-27T15:32:28.192+0000] {dag.py:3954} INFO - Setting next_dagrun for data_quality to 2026-05-27 13:00:00+00:00, run_after=2026-05-28 13:00:00+00:00
[2026-05-27T15:32:28.197+0000] {logging_mixin.py:188} INFO - [2026-05-27T15:32:28.197+0000] {dag.py:3954} INFO - Setting next_dagrun for produce_json to 2026-05-27 11:00:00+00:00, run_after=2026-05-28 11:00:00+00:00
[2026-05-27T15:32:28.201+0000] {logging_mixin.py:188} INFO - [2026-05-27T15:32:28.200+0000] {dag.py:3954} INFO - Setting next_dagrun for update_db to 2026-05-27 12:00:00+00:00, run_after=2026-05-28 12:00:00+00:00
[2026-05-27T15:32:28.237+0000] {processor.py:183} INFO - Processing /opt/airflow/dags/main.py took 0.260 seconds
[2026-05-27T15:32:58.507+0000] {processor.py:161} INFO - Started process (PID=3014) to work on /opt/airflow/dags/main.py
[2026-05-27T15:32:58.508+0000] {processor.py:830} INFO - Processing file /opt/airflow/dags/main.py for tasks to queue
[2026-05-27T15:32:58.509+0000] {logging_mixin.py:188} INFO - [2026-05-27T15:32:58.509+0000] {dagbag.py:545} INFO - Filling up the DagBag from /opt/airflow/dags/main.py
[2026-05-27T15:32:58.639+0000] {processor.py:840} INFO - DAG(s) 'produce_json', 'data_quality', 'update_db' retrieved from /opt/airflow/dags/main.py
[2026-05-27T15:32:58.673+0000] {logging_mixin.py:188} INFO - [2026-05-27T15:32:58.673+0000] {dag.py:3096} INFO - Sync 3 DAGs
[2026-05-27T15:32:58.693+0000] {logging_mixin.py:188} INFO - [2026-05-27T15:32:58.693+0000] {dag.py:3954} INFO - Setting next_dagrun for data_quality to 2026-05-27 13:00:00+00:00, run_after=2026-05-28 13:00:00+00:00
[2026-05-27T15:32:58.698+0000] {logging_mixin.py:188} INFO - [2026-05-27T15:32:58.698+0000] {dag.py:3954} INFO - Setting next_dagrun for produce_json to 2026-05-27 11:00:00+00:00, run_after=2026-05-28 11:00:00+00:00
[2026-05-27T15:32:58.701+0000] {logging_mixin.py:188} INFO - [2026-05-27T15:32:58.701+0000] {dag.py:3954} INFO - Setting next_dagrun for update_db to 2026-05-27 12:00:00+00:00, run_after=2026-05-28 12:00:00+00:00
[2026-05-27T15:32:58.721+0000] {processor.py:183} INFO - Processing /opt/airflow/dags/main.py took 0.220 seconds
[2026-05-27T15:33:29.011+0000] {processor.py:161} INFO - Started process (PID=3021) to work on /opt/airflow/dags/main.py
[2026-05-27T15:33:29.013+0000] {processor.py:830} INFO - Processing file /opt/airflow/dags/main.py for tasks to queue
[2026-05-27T15:33:29.014+0000] {logging_mixin.py:188} INFO - [2026-05-27T15:33:29.014+0000] {dagbag.py:545} INFO - Filling up the DagBag from /opt/airflow/dags/main.py
[2026-05-27T15:33:29.136+0000] {processor.py:840} INFO - DAG(s) 'data_quality', 'update_db', 'produce_json' retrieved from /opt/airflow/dags/main.py
[2026-05-27T15:33:29.170+0000] {logging_mixin.py:188} INFO - [2026-05-27T15:33:29.170+0000] {dag.py:3096} INFO - Sync 3 DAGs
[2026-05-27T15:33:29.191+0000] {logging_mixin.py:188} INFO - [2026-05-27T15:33:29.190+0000] {dag.py:3954} INFO - Setting next_dagrun for data_quality to 2026-05-27 13:00:00+00:00, run_after=2026-05-28 13:00:00+00:00
[2026-05-27T15:33:29.196+0000] {logging_mixin.py:188} INFO - [2026-05-27T15:33:29.195+0000] {dag.py:3954} INFO - Setting next_dagrun for produce_json to 2026-05-27 11:00:00+00:00, run_after=2026-05-28 11:00:00+00:00
[2026-05-27T15:33:29.199+0000] {logging_mixin.py:188} INFO - [2026-05-27T15:33:29.198+0000] {dag.py:3954} INFO - Setting next_dagrun for update_db to 2026-05-27 12:00:00+00:00, run_after=2026-05-28 12:00:00+00:00
[2026-05-27T15:33:29.215+0000] {processor.py:183} INFO - Processing /opt/airflow/dags/main.py took 0.211 seconds
[2026-05-27T15:33:59.279+0000] {processor.py:161} INFO - Started process (PID=3028) to work on /opt/airflow/dags/main.py
[2026-05-27T15:33:59.281+0000] {processor.py:830} INFO - Processing file /opt/airflow/dags/main.py for tasks to queue
[2026-05-27T15:33:59.282+0000] {logging_mixin.py:188} INFO - [2026-05-27T15:33:59.282+0000] {dagbag.py:545} INFO - Filling up the DagBag from /opt/airflow/dags/main.py
[2026-05-27T15:33:59.395+0000] {processor.py:840} INFO - DAG(s) 'produce_json', 'data_quality', 'update_db' retrieved from /opt/airflow/dags/main.py
[2026-05-27T15:33:59.427+0000] {logging_mixin.py:188} INFO - [2026-05-27T15:33:59.427+0000] {dag.py:3096} INFO - Sync 3 DAGs
[2026-05-27T15:33:59.451+0000] {logging_mixin.py:188} INFO - [2026-05-27T15:33:59.450+0000] {dag.py:3954} INFO - Setting next_dagrun for data_quality to 2026-05-27 13:00:00+00:00, run_after=2026-05-28 13:00:00+00:00
[2026-05-27T15:33:59.456+0000] {logging_mixin.py:188} INFO - [2026-05-27T15:33:59.456+0000] {dag.py:3954} INFO - Setting next_dagrun for produce_json to 2026-05-27 11:00:00+00:00, run_after=2026-05-28 11:00:00+00:00
[2026-05-27T15:33:59.459+0000] {logging_mixin.py:188} INFO - [2026-05-27T15:33:59.459+0000] {dag.py:3954} INFO - Setting next_dagrun for update_db to 2026-05-27 12:00:00+00:00, run_after=2026-05-28 12:00:00+00:00
[2026-05-27T15:33:59.477+0000] {processor.py:183} INFO - Processing /opt/airflow/dags/main.py took 0.204 seconds
[2026-05-27T15:34:29.887+0000] {processor.py:161} INFO - Started process (PID=3035) to work on /opt/airflow/dags/main.py
[2026-05-27T15:34:29.889+0000] {processor.py:830} INFO - Processing file /opt/airflow/dags/main.py for tasks to queue
[2026-05-27T15:34:29.890+0000] {logging_mixin.py:188} INFO - [2026-05-27T15:34:29.890+0000] {dagbag.py:545} INFO - Filling up the DagBag from /opt/airflow/dags/main.py
[2026-05-27T15:34:30.002+0000] {processor.py:840} INFO - DAG(s) 'produce_json', 'update_db', 'data_quality' retrieved from /opt/airflow/dags/main.py
[2026-05-27T15:34:30.035+0000] {logging_mixin.py:188} INFO - [2026-05-27T15:34:30.034+0000] {dag.py:3096} INFO - Sync 3 DAGs
[2026-05-27T15:34:30.057+0000] {logging_mixin.py:188} INFO - [2026-05-27T15:34:30.057+0000] {dag.py:3954} INFO - Setting next_dagrun for data_quality to 2026-05-27 13:00:00+00:00, run_after=2026-05-28 13:00:00+00:00
[2026-05-27T15:34:30.062+0000] {logging_mixin.py:188} INFO - [2026-05-27T15:34:30.062+0000] {dag.py:3954} INFO - Setting next_dagrun for produce_json to 2026-05-27 11:00:00+00:00, run_after=2026-05-28 11:00:00+00:00
[2026-05-27T15:34:30.065+0000] {logging_mixin.py:188} INFO - [2026-05-27T15:34:30.065+0000] {dag.py:3954} INFO - Setting next_dagrun for update_db to 2026-05-27 12:00:00+00:00, run_after=2026-05-28 12:00:00+00:00
[2026-05-27T15:34:30.093+0000] {processor.py:183} INFO - Processing /opt/airflow/dags/main.py took 0.213 seconds
[2026-05-27T15:35:00.176+0000] {processor.py:161} INFO - Started process (PID=3042) to work on /opt/airflow/dags/main.py
[2026-05-27T15:35:00.177+0000] {processor.py:830} INFO - Processing file /opt/airflow/dags/main.py for tasks to queue
[2026-05-27T15:35:00.179+0000] {logging_mixin.py:188} INFO - [2026-05-27T15:35:00.178+0000] {dagbag.py:545} INFO - Filling up the DagBag from /opt/airflow/dags/main.py
[2026-05-27T15:35:00.328+0000] {processor.py:840} INFO - DAG(s) 'update_db', 'produce_json', 'data_quality' retrieved from /opt/airflow/dags/main.py
[2026-05-27T15:35:00.362+0000] {logging_mixin.py:188} INFO - [2026-05-27T15:35:00.362+0000] {dag.py:3096} INFO - Sync 3 DAGs
[2026-05-27T15:35:00.384+0000] {logging_mixin.py:188} INFO - [2026-05-27T15:35:00.384+0000] {dag.py:3954} INFO - Setting next_dagrun for data_quality to 2026-05-27 13:00:00+00:00, run_after=2026-05-28 13:00:00+00:00
[2026-05-27T15:35:00.389+0000] {logging_mixin.py:188} INFO - [2026-05-27T15:35:00.389+0000] {dag.py:3954} INFO - Setting next_dagrun for produce_json to 2026-05-27 11:00:00+00:00, run_after=2026-05-28 11:00:00+00:00
[2026-05-27T15:35:00.393+0000] {logging_mixin.py:188} INFO - [2026-05-27T15:35:00.393+0000] {dag.py:3954} INFO - Setting next_dagrun for update_db to 2026-05-27 12:00:00+00:00, run_after=2026-05-28 12:00:00+00:00
[2026-05-27T15:35:00.411+0000] {processor.py:183} INFO - Processing /opt/airflow/dags/main.py took 0.241 seconds
[2026-05-27T15:35:30.612+0000] {processor.py:161} INFO - Started process (PID=3049) to work on /opt/airflow/dags/main.py
[2026-05-27T15:35:30.613+0000] {processor.py:830} INFO - Processing file /opt/airflow/dags/main.py for tasks to queue
[2026-05-27T15:35:30.614+0000] {logging_mixin.py:188} INFO - [2026-05-27T15:35:30.614+0000] {dagbag.py:545} INFO - Filling up the DagBag from /opt/airflow/dags/main.py
[2026-05-27T15:35:30.721+0000] {processor.py:840} INFO - DAG(s) 'data_quality', 'produce_json', 'update_db' retrieved from /opt/airflow/dags/main.py
[2026-05-27T15:35:30.752+0000] {logging_mixin.py:188} INFO - [2026-05-27T15:35:30.752+0000] {dag.py:3096} INFO - Sync 3 DAGs
[2026-05-27T15:35:30.772+0000] {logging_mixin.py:188} INFO - [2026-05-27T15:35:30.772+0000] {dag.py:3954} INFO - Setting next_dagrun for data_quality to 2026-05-27 13:00:00+00:00, run_after=2026-05-28 13:00:00+00:00
[2026-05-27T15:35:30.777+0000] {logging_mixin.py:188} INFO - [2026-05-27T15:35:30.777+0000] {dag.py:3954} INFO - Setting next_dagrun for produce_json to 2026-05-27 11:00:00+00:00, run_after=2026-05-28 11:00:00+00:00
[2026-05-27T15:35:30.780+0000] {logging_mixin.py:188} INFO - [2026-05-27T15:35:30.780+0000] {dag.py:3954} INFO - Setting next_dagrun for update_db to 2026-05-27 12:00:00+00:00, run_after=2026-05-28 12:00:00+00:00
[2026-05-27T15:35:30.808+0000] {processor.py:183} INFO - Processing /opt/airflow/dags/main.py took 0.202 seconds
[2026-05-27T15:36:00.902+0000] {processor.py:161} INFO - Started process (PID=3056) to work on /opt/airflow/dags/main.py
[2026-05-27T15:36:00.903+0000] {processor.py:830} INFO - Processing file /opt/airflow/dags/main.py for tasks to queue
[2026-05-27T15:36:00.904+0000] {logging_mixin.py:188} INFO - [2026-05-27T15:36:00.904+0000] {dagbag.py:545} INFO - Filling up the DagBag from /opt/airflow/dags/main.py
[2026-05-27T15:36:01.026+0000] {processor.py:840} INFO - DAG(s) 'produce_json', 'update_db', 'data_quality' retrieved from /opt/airflow/dags/main.py
[2026-05-27T15:36:01.060+0000] {logging_mixin.py:188} INFO - [2026-05-27T15:36:01.060+0000] {dag.py:3096} INFO - Sync 3 DAGs
[2026-05-27T15:36:01.083+0000] {logging_mixin.py:188} INFO - [2026-05-27T15:36:01.083+0000] {dag.py:3954} INFO - Setting next_dagrun for data_quality to 2026-05-27 13:00:00+00:00, run_after=2026-05-28 13:00:00+00:00
[2026-05-27T15:36:01.088+0000] {logging_mixin.py:188} INFO - [2026-05-27T15:36:01.088+0000] {dag.py:3954} INFO - Setting next_dagrun for produce_json to 2026-05-27 11:00:00+00:00, run_after=2026-05-28 11:00:00+00:00
[2026-05-27T15:36:01.091+0000] {logging_mixin.py:188} INFO - [2026-05-27T15:36:01.091+0000] {dag.py:3954} INFO - Setting next_dagrun for update_db to 2026-05-27 12:00:00+00:00, run_after=2026-05-28 12:00:00+00:00
[2026-05-27T15:36:01.130+0000] {processor.py:183} INFO - Processing /opt/airflow/dags/main.py took 0.237 seconds
[2026-05-27T15:36:31.237+0000] {processor.py:161} INFO - Started process (PID=3064) to work on /opt/airflow/dags/main.py
[2026-05-27T15:36:31.238+0000] {processor.py:830} INFO - Processing file /opt/airflow/dags/main.py for tasks to queue
[2026-05-27T15:36:31.240+0000] {logging_mixin.py:188} INFO - [2026-05-27T15:36:31.239+0000] {dagbag.py:545} INFO - Filling up the DagBag from /opt/airflow/dags/main.py
[2026-05-27T15:36:31.353+0000] {processor.py:840} INFO - DAG(s) 'update_db', 'produce_json', 'data_quality' retrieved from /opt/airflow/dags/main.py
[2026-05-27T15:36:31.385+0000] {logging_mixin.py:188} INFO - [2026-05-27T15:36:31.384+0000] {dag.py:3096} INFO - Sync 3 DAGs
[2026-05-27T15:36:31.404+0000] {logging_mixin.py:188} INFO - [2026-05-27T15:36:31.404+0000] {dag.py:3954} INFO - Setting next_dagrun for data_quality to 2026-05-27 13:00:00+00:00, run_after=2026-05-28 13:00:00+00:00
[2026-05-27T15:36:31.409+0000] {logging_mixin.py:188} INFO - [2026-05-27T15:36:31.409+0000] {dag.py:3954} INFO - Setting next_dagrun for produce_json to 2026-05-27 11:00:00+00:00, run_after=2026-05-28 11:00:00+00:00
[2026-05-27T15:36:31.412+0000] {logging_mixin.py:188} INFO - [2026-05-27T15:36:31.412+0000] {dag.py:3954} INFO - Setting next_dagrun for update_db to 2026-05-27 12:00:00+00:00, run_after=2026-05-28 12:00:00+00:00
[2026-05-27T15:36:31.448+0000] {processor.py:183} INFO - Processing /opt/airflow/dags/main.py took 0.217 seconds
[2026-05-27T15:37:01.819+0000] {processor.py:161} INFO - Started process (PID=3077) to work on /opt/airflow/dags/main.py
[2026-05-27T15:37:01.820+0000] {processor.py:830} INFO - Processing file /opt/airflow/dags/main.py for tasks to queue
[2026-05-27T15:37:01.821+0000] {logging_mixin.py:188} INFO - [2026-05-27T15:37:01.821+0000] {dagbag.py:545} INFO - Filling up the DagBag from /opt/airflow/dags/main.py
[2026-05-27T15:37:01.931+0000] {processor.py:840} INFO - DAG(s) 'update_db', 'produce_json', 'data_quality' retrieved from /opt/airflow/dags/main.py
[2026-05-27T15:37:01.962+0000] {logging_mixin.py:188} INFO - [2026-05-27T15:37:01.962+0000] {dag.py:3096} INFO - Sync 3 DAGs
[2026-05-27T15:37:01.981+0000] {logging_mixin.py:188} INFO - [2026-05-27T15:37:01.981+0000] {dag.py:3954} INFO - Setting next_dagrun for data_quality to 2026-05-27 13:00:00+00:00, run_after=2026-05-28 13:00:00+00:00
[2026-05-27T15:37:01.987+0000] {logging_mixin.py:188} INFO - [2026-05-27T15:37:01.987+0000] {dag.py:3954} INFO - Setting next_dagrun for produce_json to 2026-05-27 11:00:00+00:00, run_after=2026-05-28 11:00:00+00:00
[2026-05-27T15:37:01.990+0000] {logging_mixin.py:188} INFO - [2026-05-27T15:37:01.990+0000] {dag.py:3954} INFO - Setting next_dagrun for update_db to 2026-05-27 12:00:00+00:00, run_after=2026-05-28 12:00:00+00:00
[2026-05-27T15:37:02.017+0000] {processor.py:183} INFO - Processing /opt/airflow/dags/main.py took 0.204 seconds
[2026-05-27T15:37:32.218+0000] {processor.py:161} INFO - Started process (PID=3084) to work on /opt/airflow/dags/main.py
[2026-05-27T15:37:32.219+0000] {processor.py:830} INFO - Processing file /opt/airflow/dags/main.py for tasks to queue
[2026-05-27T15:37:32.220+0000] {logging_mixin.py:188} INFO - [2026-05-27T15:37:32.220+0000] {dagbag.py:545} INFO - Filling up the DagBag from /opt/airflow/dags/main.py
[2026-05-27T15:37:32.328+0000] {processor.py:840} INFO - DAG(s) 'update_db', 'produce_json', 'data_quality' retrieved from /opt/airflow/dags/main.py
[2026-05-27T15:37:32.360+0000] {logging_mixin.py:188} INFO - [2026-05-27T15:37:32.360+0000] {dag.py:3096} INFO - Sync 3 DAGs
[2026-05-27T15:37:32.380+0000] {logging_mixin.py:188} INFO - [2026-05-27T15:37:32.380+0000] {dag.py:3954} INFO - Setting next_dagrun for data_quality to 2026-05-27 13:00:00+00:00, run_after=2026-05-28 13:00:00+00:00
[2026-05-27T15:37:32.385+0000] {logging_mixin.py:188} INFO - [2026-05-27T15:37:32.385+0000] {dag.py:3954} INFO - Setting next_dagrun for produce_json to 2026-05-27 11:00:00+00:00, run_after=2026-05-28 11:00:00+00:00
[2026-05-27T15:37:32.388+0000] {logging_mixin.py:188} INFO - [2026-05-27T15:37:32.388+0000] {dag.py:3954} INFO - Setting next_dagrun for update_db to 2026-05-27 12:00:00+00:00, run_after=2026-05-28 12:00:00+00:00
[2026-05-27T15:37:32.423+0000] {processor.py:183} INFO - Processing /opt/airflow/dags/main.py took 0.211 seconds
[2026-05-27T15:38:02.639+0000] {processor.py:161} INFO - Started process (PID=3091) to work on /opt/airflow/dags/main.py
[2026-05-27T15:38:02.640+0000] {processor.py:830} INFO - Processing file /opt/airflow/dags/main.py for tasks to queue
[2026-05-27T15:38:02.641+0000] {logging_mixin.py:188} INFO - [2026-05-27T15:38:02.641+0000] {dagbag.py:545} INFO - Filling up the DagBag from /opt/airflow/dags/main.py
[2026-05-27T15:38:02.748+0000] {processor.py:840} INFO - DAG(s) 'data_quality', 'update_db', 'produce_json' retrieved from /opt/airflow/dags/main.py
[2026-05-27T15:38:02.780+0000] {logging_mixin.py:188} INFO - [2026-05-27T15:38:02.780+0000] {dag.py:3096} INFO - Sync 3 DAGs
[2026-05-27T15:38:02.800+0000] {logging_mixin.py:188} INFO - [2026-05-27T15:38:02.800+0000] {dag.py:3954} INFO - Setting next_dagrun for data_quality to 2026-05-27 13:00:00+00:00, run_after=2026-05-28 13:00:00+00:00
[2026-05-27T15:38:02.805+0000] {logging_mixin.py:188} INFO - [2026-05-27T15:38:02.804+0000] {dag.py:3954} INFO - Setting next_dagrun for produce_json to 2026-05-27 11:00:00+00:00, run_after=2026-05-28 11:00:00+00:00
[2026-05-27T15:38:02.807+0000] {logging_mixin.py:188} INFO - [2026-05-27T15:38:02.807+0000] {dag.py:3954} INFO - Setting next_dagrun for update_db to 2026-05-27 12:00:00+00:00, run_after=2026-05-28 12:00:00+00:00
[2026-05-27T15:38:02.824+0000] {processor.py:183} INFO - Processing /opt/airflow/dags/main.py took 0.192 seconds
[2026-05-27T15:38:32.987+0000] {processor.py:161} INFO - Started process (PID=3098) to work on /opt/airflow/dags/main.py
[2026-05-27T15:38:32.988+0000] {processor.py:830} INFO - Processing file /opt/airflow/dags/main.py for tasks to queue
[2026-05-27T15:38:32.989+0000] {logging_mixin.py:188} INFO - [2026-05-27T15:38:32.989+0000] {dagbag.py:545} INFO - Filling up the DagBag from /opt/airflow/dags/main.py
[2026-05-27T15:38:33.097+0000] {processor.py:840} INFO - DAG(s) 'produce_json', 'data_quality', 'update_db' retrieved from /opt/airflow/dags/main.py
[2026-05-27T15:38:33.129+0000] {logging_mixin.py:188} INFO - [2026-05-27T15:38:33.129+0000] {dag.py:3096} INFO - Sync 3 DAGs
[2026-05-27T15:38:33.151+0000] {logging_mixin.py:188} INFO - [2026-05-27T15:38:33.150+0000] {dag.py:3954} INFO - Setting next_dagrun for data_quality to 2026-05-27 13:00:00+00:00, run_after=2026-05-28 13:00:00+00:00
[2026-05-27T15:38:33.156+0000] {logging_mixin.py:188} INFO - [2026-05-27T15:38:33.156+0000] {dag.py:3954} INFO - Setting next_dagrun for produce_json to 2026-05-27 11:00:00+00:00, run_after=2026-05-28 11:00:00+00:00
[2026-05-27T15:38:33.159+0000] {logging_mixin.py:188} INFO - [2026-05-27T15:38:33.159+0000] {dag.py:3954} INFO - Setting next_dagrun for update_db to 2026-05-27 12:00:00+00:00, run_after=2026-05-28 12:00:00+00:00
[2026-05-27T15:38:33.176+0000] {processor.py:183} INFO - Processing /opt/airflow/dags/main.py took 0.196 seconds
[2026-05-27T15:39:03.426+0000] {processor.py:161} INFO - Started process (PID=3105) to work on /opt/airflow/dags/main.py
[2026-05-27T15:39:03.427+0000] {processor.py:830} INFO - Processing file /opt/airflow/dags/main.py for tasks to queue
[2026-05-27T15:39:03.428+0000] {logging_mixin.py:188} INFO - [2026-05-27T15:39:03.428+0000] {dagbag.py:545} INFO - Filling up the DagBag from /opt/airflow/dags/main.py
[2026-05-27T15:39:03.545+0000] {processor.py:840} INFO - DAG(s) 'produce_json', 'update_db', 'data_quality' retrieved from /opt/airflow/dags/main.py
[2026-05-27T15:39:03.576+0000] {logging_mixin.py:188} INFO - [2026-05-27T15:39:03.576+0000] {dag.py:3096} INFO - Sync 3 DAGs
[2026-05-27T15:39:03.596+0000] {logging_mixin.py:188} INFO - [2026-05-27T15:39:03.595+0000] {dag.py:3954} INFO - Setting next_dagrun for data_quality to 2026-05-27 13:00:00+00:00, run_after=2026-05-28 13:00:00+00:00
[2026-05-27T15:39:03.601+0000] {logging_mixin.py:188} INFO - [2026-05-27T15:39:03.600+0000] {dag.py:3954} INFO - Setting next_dagrun for produce_json to 2026-05-27 11:00:00+00:00, run_after=2026-05-28 11:00:00+00:00
[2026-05-27T15:39:03.604+0000] {logging_mixin.py:188} INFO - [2026-05-27T15:39:03.604+0000] {dag.py:3954} INFO - Setting next_dagrun for update_db to 2026-05-27 12:00:00+00:00, run_after=2026-05-28 12:00:00+00:00
[2026-05-27T15:39:03.619+0000] {processor.py:183} INFO - Processing /opt/airflow/dags/main.py took 0.199 seconds
[2026-05-27T15:39:33.762+0000] {processor.py:161} INFO - Started process (PID=3112) to work on /opt/airflow/dags/main.py
[2026-05-27T15:39:33.763+0000] {processor.py:830} INFO - Processing file /opt/airflow/dags/main.py for tasks to queue
[2026-05-27T15:39:33.765+0000] {logging_mixin.py:188} INFO - [2026-05-27T15:39:33.764+0000] {dagbag.py:545} INFO - Filling up the DagBag from /opt/airflow/dags/main.py
[2026-05-27T15:39:33.887+0000] {processor.py:840} INFO - DAG(s) 'produce_json', 'update_db', 'data_quality' retrieved from /opt/airflow/dags/main.py
[2026-05-27T15:39:33.919+0000] {logging_mixin.py:188} INFO - [2026-05-27T15:39:33.919+0000] {dag.py:3096} INFO - Sync 3 DAGs
[2026-05-27T15:39:33.939+0000] {logging_mixin.py:188} INFO - [2026-05-27T15:39:33.939+0000] {dag.py:3954} INFO - Setting next_dagrun for data_quality to 2026-05-27 13:00:00+00:00, run_after=2026-05-28 13:00:00+00:00
[2026-05-27T15:39:33.944+0000] {logging_mixin.py:188} INFO - [2026-05-27T15:39:33.944+0000] {dag.py:3954} INFO - Setting next_dagrun for produce_json to 2026-05-27 11:00:00+00:00, run_after=2026-05-28 11:00:00+00:00
[2026-05-27T15:39:33.947+0000] {logging_mixin.py:188} INFO - [2026-05-27T15:39:33.947+0000] {dag.py:3954} INFO - Setting next_dagrun for update_db to 2026-05-27 12:00:00+00:00, run_after=2026-05-28 12:00:00+00:00
[2026-05-27T15:39:33.965+0000] {processor.py:183} INFO - Processing /opt/airflow/dags/main.py took 0.210 seconds
[2026-05-27T15:40:04.016+0000] {processor.py:161} INFO - Started process (PID=3119) to work on /opt/airflow/dags/main.py
[2026-05-27T15:40:04.018+0000] {processor.py:830} INFO - Processing file /opt/airflow/dags/main.py for tasks to queue
[2026-05-27T15:40:04.019+0000] {logging_mixin.py:188} INFO - [2026-05-27T15:40:04.019+0000] {dagbag.py:545} INFO - Filling up the DagBag from /opt/airflow/dags/main.py
[2026-05-27T15:40:04.140+0000] {processor.py:840} INFO - DAG(s) 'data_quality', 'produce_json', 'update_db' retrieved from /opt/airflow/dags/main.py
[2026-05-27T15:40:04.173+0000] {logging_mixin.py:188} INFO - [2026-05-27T15:40:04.173+0000] {dag.py:3096} INFO - Sync 3 DAGs
[2026-05-27T15:40:04.195+0000] {logging_mixin.py:188} INFO - [2026-05-27T15:40:04.194+0000] {dag.py:3954} INFO - Setting next_dagrun for data_quality to 2026-05-27 13:00:00+00:00, run_after=2026-05-28 13:00:00+00:00
[2026-05-27T15:40:04.200+0000] {logging_mixin.py:188} INFO - [2026-05-27T15:40:04.199+0000] {dag.py:3954} INFO - Setting next_dagrun for produce_json to 2026-05-27 11:00:00+00:00, run_after=2026-05-28 11:00:00+00:00
[2026-05-27T15:40:04.203+0000] {logging_mixin.py:188} INFO - [2026-05-27T15:40:04.203+0000] {dag.py:3954} INFO - Setting next_dagrun for update_db to 2026-05-27 12:00:00+00:00, run_after=2026-05-28 12:00:00+00:00
[2026-05-27T15:40:04.219+0000] {processor.py:183} INFO - Processing /opt/airflow/dags/main.py took 0.209 seconds
[2026-05-27T15:40:34.482+0000] {processor.py:161} INFO - Started process (PID=3126) to work on /opt/airflow/dags/main.py
[2026-05-27T15:40:34.484+0000] {processor.py:830} INFO - Processing file /opt/airflow/dags/main.py for tasks to queue
[2026-05-27T15:40:34.485+0000] {logging_mixin.py:188} INFO - [2026-05-27T15:40:34.484+0000] {dagbag.py:545} INFO - Filling up the DagBag from /opt/airflow/dags/main.py
[2026-05-27T15:40:34.624+0000] {processor.py:840} INFO - DAG(s) 'data_quality', 'produce_json', 'update_db' retrieved from /opt/airflow/dags/main.py
[2026-05-27T15:40:34.664+0000] {logging_mixin.py:188} INFO - [2026-05-27T15:40:34.664+0000] {dag.py:3096} INFO - Sync 3 DAGs
[2026-05-27T15:40:34.692+0000] {logging_mixin.py:188} INFO - [2026-05-27T15:40:34.692+0000] {dag.py:3954} INFO - Setting next_dagrun for data_quality to 2026-05-27 13:00:00+00:00, run_after=2026-05-28 13:00:00+00:00
[2026-05-27T15:40:34.698+0000] {logging_mixin.py:188} INFO - [2026-05-27T15:40:34.697+0000] {dag.py:3954} INFO - Setting next_dagrun for produce_json to 2026-05-27 11:00:00+00:00, run_after=2026-05-28 11:00:00+00:00
[2026-05-27T15:40:34.701+0000] {logging_mixin.py:188} INFO - [2026-05-27T15:40:34.701+0000] {dag.py:3954} INFO - Setting next_dagrun for update_db to 2026-05-27 12:00:00+00:00, run_after=2026-05-28 12:00:00+00:00
[2026-05-27T15:40:34.729+0000] {processor.py:183} INFO - Processing /opt/airflow/dags/main.py took 0.255 seconds
[2026-05-27T15:41:04.950+0000] {processor.py:161} INFO - Started process (PID=3133) to work on /opt/airflow/dags/main.py
[2026-05-27T15:41:04.951+0000] {processor.py:830} INFO - Processing file /opt/airflow/dags/main.py for tasks to queue
[2026-05-27T15:41:04.953+0000] {logging_mixin.py:188} INFO - [2026-05-27T15:41:04.952+0000] {dagbag.py:545} INFO - Filling up the DagBag from /opt/airflow/dags/main.py
[2026-05-27T15:41:05.083+0000] {processor.py:840} INFO - DAG(s) 'produce_json', 'update_db', 'data_quality' retrieved from /opt/airflow/dags/main.py
[2026-05-27T15:41:05.117+0000] {logging_mixin.py:188} INFO - [2026-05-27T15:41:05.117+0000] {dag.py:3096} INFO - Sync 3 DAGs
[2026-05-27T15:41:05.138+0000] {logging_mixin.py:188} INFO - [2026-05-27T15:41:05.138+0000] {dag.py:3954} INFO - Setting next_dagrun for data_quality to 2026-05-27 13:00:00+00:00, run_after=2026-05-28 13:00:00+00:00
[2026-05-27T15:41:05.144+0000] {logging_mixin.py:188} INFO - [2026-05-27T15:41:05.144+0000] {dag.py:3954} INFO - Setting next_dagrun for produce_json to 2026-05-27 11:00:00+00:00, run_after=2026-05-28 11:00:00+00:00
[2026-05-27T15:41:05.147+0000] {logging_mixin.py:188} INFO - [2026-05-27T15:41:05.147+0000] {dag.py:3954} INFO - Setting next_dagrun for update_db to 2026-05-27 12:00:00+00:00, run_after=2026-05-28 12:00:00+00:00
[2026-05-27T15:41:05.165+0000] {processor.py:183} INFO - Processing /opt/airflow/dags/main.py took 0.221 seconds
[2026-05-27T15:41:35.463+0000] {processor.py:161} INFO - Started process (PID=3140) to work on /opt/airflow/dags/main.py
[2026-05-27T15:41:35.465+0000] {processor.py:830} INFO - Processing file /opt/airflow/dags/main.py for tasks to queue
[2026-05-27T15:41:35.466+0000] {logging_mixin.py:188} INFO - [2026-05-27T15:41:35.465+0000] {dagbag.py:545} INFO - Filling up the DagBag from /opt/airflow/dags/main.py
[2026-05-27T15:41:35.577+0000] {processor.py:840} INFO - DAG(s) 'produce_json', 'update_db', 'data_quality' retrieved from /opt/airflow/dags/main.py
[2026-05-27T15:41:35.610+0000] {logging_mixin.py:188} INFO - [2026-05-27T15:41:35.610+0000] {dag.py:3096} INFO - Sync 3 DAGs
[2026-05-27T15:41:35.631+0000] {logging_mixin.py:188} INFO - [2026-05-27T15:41:35.630+0000] {dag.py:3954} INFO - Setting next_dagrun for data_quality to 2026-05-27 13:00:00+00:00, run_after=2026-05-28 13:00:00+00:00
[2026-05-27T15:41:35.636+0000] {logging_mixin.py:188} INFO - [2026-05-27T15:41:35.635+0000] {dag.py:3954} INFO - Setting next_dagrun for produce_json to 2026-05-27 11:00:00+00:00, run_after=2026-05-28 11:00:00+00:00
[2026-05-27T15:41:35.639+0000] {logging_mixin.py:188} INFO - [2026-05-27T15:41:35.638+0000] {dag.py:3954} INFO - Setting next_dagrun for update_db to 2026-05-27 12:00:00+00:00, run_after=2026-05-28 12:00:00+00:00
[2026-05-27T15:41:35.655+0000] {processor.py:183} INFO - Processing /opt/airflow/dags/main.py took 0.199 seconds
[2026-05-27T15:42:05.884+0000] {processor.py:161} INFO - Started process (PID=3147) to work on /opt/airflow/dags/main.py
[2026-05-27T15:42:05.886+0000] {processor.py:830} INFO - Processing file /opt/airflow/dags/main.py for tasks to queue
[2026-05-27T15:42:05.887+0000] {logging_mixin.py:188} INFO - [2026-05-27T15:42:05.887+0000] {dagbag.py:545} INFO - Filling up the DagBag from /opt/airflow/dags/main.py
[2026-05-27T15:42:06.110+0000] {processor.py:840} INFO - DAG(s) 'produce_json', 'update_db', 'data_quality' retrieved from /opt/airflow/dags/main.py
[2026-05-27T15:42:06.142+0000] {logging_mixin.py:188} INFO - [2026-05-27T15:42:06.142+0000] {dag.py:3096} INFO - Sync 3 DAGs
[2026-05-27T15:42:06.164+0000] {logging_mixin.py:188} INFO - [2026-05-27T15:42:06.163+0000] {dag.py:3954} INFO - Setting next_dagrun for data_quality to 2026-05-27 13:00:00+00:00, run_after=2026-05-28 13:00:00+00:00
[2026-05-27T15:42:06.169+0000] {logging_mixin.py:188} INFO - [2026-05-27T15:42:06.169+0000] {dag.py:3954} INFO - Setting next_dagrun for produce_json to 2026-05-27 11:00:00+00:00, run_after=2026-05-28 11:00:00+00:00
[2026-05-27T15:42:06.172+0000] {logging_mixin.py:188} INFO - [2026-05-27T15:42:06.172+0000] {dag.py:3954} INFO - Setting next_dagrun for update_db to 2026-05-27 12:00:00+00:00, run_after=2026-05-28 12:00:00+00:00
[2026-05-27T15:42:06.188+0000] {processor.py:183} INFO - Processing /opt/airflow/dags/main.py took 0.311 seconds
[2026-05-27T15:42:36.426+0000] {processor.py:161} INFO - Started process (PID=3155) to work on /opt/airflow/dags/main.py
[2026-05-27T15:42:36.427+0000] {processor.py:830} INFO - Processing file /opt/airflow/dags/main.py for tasks to queue
[2026-05-27T15:42:36.428+0000] {logging_mixin.py:188} INFO - [2026-05-27T15:42:36.428+0000] {dagbag.py:545} INFO - Filling up the DagBag from /opt/airflow/dags/main.py
[2026-05-27T15:42:36.553+0000] {processor.py:840} INFO - DAG(s) 'produce_json', 'update_db', 'data_quality' retrieved from /opt/airflow/dags/main.py
[2026-05-27T15:42:36.589+0000] {logging_mixin.py:188} INFO - [2026-05-27T15:42:36.589+0000] {dag.py:3096} INFO - Sync 3 DAGs
[2026-05-27T15:42:36.612+0000] {logging_mixin.py:188} INFO - [2026-05-27T15:42:36.611+0000] {dag.py:3954} INFO - Setting next_dagrun for data_quality to 2026-05-27 13:00:00+00:00, run_after=2026-05-28 13:00:00+00:00
[2026-05-27T15:42:36.623+0000] {logging_mixin.py:188} INFO - [2026-05-27T15:42:36.623+0000] {dag.py:3954} INFO - Setting next_dagrun for produce_json to 2026-05-27 11:00:00+00:00, run_after=2026-05-28 11:00:00+00:00
[2026-05-27T15:42:36.629+0000] {logging_mixin.py:188} INFO - [2026-05-27T15:42:36.628+0000] {dag.py:3954} INFO - Setting next_dagrun for update_db to 2026-05-27 12:00:00+00:00, run_after=2026-05-28 12:00:00+00:00
[2026-05-27T15:42:36.653+0000] {processor.py:183} INFO - Processing /opt/airflow/dags/main.py took 0.236 seconds
[2026-05-27T15:43:06.858+0000] {processor.py:161} INFO - Started process (PID=3162) to work on /opt/airflow/dags/main.py
[2026-05-27T15:43:06.859+0000] {processor.py:830} INFO - Processing file /opt/airflow/dags/main.py for tasks to queue
[2026-05-27T15:43:06.860+0000] {logging_mixin.py:188} INFO - [2026-05-27T15:43:06.860+0000] {dagbag.py:545} INFO - Filling up the DagBag from /opt/airflow/dags/main.py
[2026-05-27T15:43:06.978+0000] {processor.py:840} INFO - DAG(s) 'produce_json', 'update_db', 'data_quality' retrieved from /opt/airflow/dags/main.py
[2026-05-27T15:43:07.013+0000] {logging_mixin.py:188} INFO - [2026-05-27T15:43:07.013+0000] {dag.py:3096} INFO - Sync 3 DAGs
[2026-05-27T15:43:07.037+0000] {logging_mixin.py:188} INFO - [2026-05-27T15:43:07.037+0000] {dag.py:3954} INFO - Setting next_dagrun for data_quality to 2026-05-27 13:00:00+00:00, run_after=2026-05-28 13:00:00+00:00
[2026-05-27T15:43:07.042+0000] {logging_mixin.py:188} INFO - [2026-05-27T15:43:07.042+0000] {dag.py:3954} INFO - Setting next_dagrun for produce_json to 2026-05-27 11:00:00+00:00, run_after=2026-05-28 11:00:00+00:00
[2026-05-27T15:43:07.045+0000] {logging_mixin.py:188} INFO - [2026-05-27T15:43:07.045+0000] {dag.py:3954} INFO - Setting next_dagrun for update_db to 2026-05-27 12:00:00+00:00, run_after=2026-05-28 12:00:00+00:00
[2026-05-27T15:43:07.063+0000] {processor.py:183} INFO - Processing /opt/airflow/dags/main.py took 0.213 seconds
[2026-05-27T15:43:37.296+0000] {processor.py:161} INFO - Started process (PID=3169) to work on /opt/airflow/dags/main.py
[2026-05-27T15:43:37.298+0000] {processor.py:830} INFO - Processing file /opt/airflow/dags/main.py for tasks to queue
[2026-05-27T15:43:37.299+0000] {logging_mixin.py:188} INFO - [2026-05-27T15:43:37.299+0000] {dagbag.py:545} INFO - Filling up the DagBag from /opt/airflow/dags/main.py
[2026-05-27T15:43:37.427+0000] {processor.py:840} INFO - DAG(s) 'data_quality', 'update_db', 'produce_json' retrieved from /opt/airflow/dags/main.py
[2026-05-27T15:43:37.460+0000] {logging_mixin.py:188} INFO - [2026-05-27T15:43:37.460+0000] {dag.py:3096} INFO - Sync 3 DAGs
[2026-05-27T15:43:37.480+0000] {logging_mixin.py:188} INFO - [2026-05-27T15:43:37.480+0000] {dag.py:3954} INFO - Setting next_dagrun for data_quality to 2026-05-27 13:00:00+00:00, run_after=2026-05-28 13:00:00+00:00
[2026-05-27T15:43:37.485+0000] {logging_mixin.py:188} INFO - [2026-05-27T15:43:37.485+0000] {dag.py:3954} INFO - Setting next_dagrun for produce_json to 2026-05-27 11:00:00+00:00, run_after=2026-05-28 11:00:00+00:00
[2026-05-27T15:43:37.488+0000] {logging_mixin.py:188} INFO - [2026-05-27T15:43:37.488+0000] {dag.py:3954} INFO - Setting next_dagrun for update_db to 2026-05-27 12:00:00+00:00, run_after=2026-05-28 12:00:00+00:00
[2026-05-27T15:43:37.517+0000] {processor.py:183} INFO - Processing /opt/airflow/dags/main.py took 0.228 seconds
[2026-05-27T15:44:07.765+0000] {processor.py:161} INFO - Started process (PID=3177) to work on /opt/airflow/dags/main.py
[2026-05-27T15:44:07.766+0000] {processor.py:830} INFO - Processing file /opt/airflow/dags/main.py for tasks to queue
[2026-05-27T15:44:07.768+0000] {logging_mixin.py:188} INFO - [2026-05-27T15:44:07.767+0000] {dagbag.py:545} INFO - Filling up the DagBag from /opt/airflow/dags/main.py
[2026-05-27T15:44:07.891+0000] {processor.py:840} INFO - DAG(s) 'data_quality', 'produce_json', 'update_db' retrieved from /opt/airflow/dags/main.py
[2026-05-27T15:44:07.925+0000] {logging_mixin.py:188} INFO - [2026-05-27T15:44:07.925+0000] {dag.py:3096} INFO - Sync 3 DAGs
[2026-05-27T15:44:07.945+0000] {logging_mixin.py:188} INFO - [2026-05-27T15:44:07.944+0000] {dag.py:3954} INFO - Setting next_dagrun for data_quality to 2026-05-27 13:00:00+00:00, run_after=2026-05-28 13:00:00+00:00
[2026-05-27T15:44:07.950+0000] {logging_mixin.py:188} INFO - [2026-05-27T15:44:07.950+0000] {dag.py:3954} INFO - Setting next_dagrun for produce_json to 2026-05-27 11:00:00+00:00, run_after=2026-05-28 11:00:00+00:00
[2026-05-27T15:44:07.953+0000] {logging_mixin.py:188} INFO - [2026-05-27T15:44:07.953+0000] {dag.py:3954} INFO - Setting next_dagrun for update_db to 2026-05-27 12:00:00+00:00, run_after=2026-05-28 12:00:00+00:00
[2026-05-27T15:44:07.971+0000] {processor.py:183} INFO - Processing /opt/airflow/dags/main.py took 0.212 seconds
[2026-05-27T15:44:38.307+0000] {processor.py:161} INFO - Started process (PID=3184) to work on /opt/airflow/dags/main.py
[2026-05-27T15:44:38.308+0000] {processor.py:830} INFO - Processing file /opt/airflow/dags/main.py for tasks to queue
[2026-05-27T15:44:38.309+0000] {logging_mixin.py:188} INFO - [2026-05-27T15:44:38.309+0000] {dagbag.py:545} INFO - Filling up the DagBag from /opt/airflow/dags/main.py
[2026-05-27T15:44:38.435+0000] {processor.py:840} INFO - DAG(s) 'update_db', 'data_quality', 'produce_json' retrieved from /opt/airflow/dags/main.py
[2026-05-27T15:44:38.467+0000] {logging_mixin.py:188} INFO - [2026-05-27T15:44:38.467+0000] {dag.py:3096} INFO - Sync 3 DAGs
[2026-05-27T15:44:38.488+0000] {logging_mixin.py:188} INFO - [2026-05-27T15:44:38.488+0000] {dag.py:3954} INFO - Setting next_dagrun for data_quality to 2026-05-27 13:00:00+00:00, run_after=2026-05-28 13:00:00+00:00
[2026-05-27T15:44:38.493+0000] {logging_mixin.py:188} INFO - [2026-05-27T15:44:38.493+0000] {dag.py:3954} INFO - Setting next_dagrun for produce_json to 2026-05-27 11:00:00+00:00, run_after=2026-05-28 11:00:00+00:00
[2026-05-27T15:44:38.496+0000] {logging_mixin.py:188} INFO - [2026-05-27T15:44:38.496+0000] {dag.py:3954} INFO - Setting next_dagrun for update_db to 2026-05-27 12:00:00+00:00, run_after=2026-05-28 12:00:00+00:00
[2026-05-27T15:44:38.512+0000] {processor.py:183} INFO - Processing /opt/airflow/dags/main.py took 0.211 seconds
[2026-05-27T15:45:08.586+0000] {processor.py:161} INFO - Started process (PID=3191) to work on /opt/airflow/dags/main.py
[2026-05-27T15:45:08.587+0000] {processor.py:830} INFO - Processing file /opt/airflow/dags/main.py for tasks to queue
[2026-05-27T15:45:08.588+0000] {logging_mixin.py:188} INFO - [2026-05-27T15:45:08.588+0000] {dagbag.py:545} INFO - Filling up the DagBag from /opt/airflow/dags/main.py
[2026-05-27T15:45:08.718+0000] {processor.py:840} INFO - DAG(s) 'update_db', 'produce_json', 'data_quality' retrieved from /opt/airflow/dags/main.py
[2026-05-27T15:45:08.751+0000] {logging_mixin.py:188} INFO - [2026-05-27T15:45:08.751+0000] {dag.py:3096} INFO - Sync 3 DAGs
[2026-05-27T15:45:08.771+0000] {logging_mixin.py:188} INFO - [2026-05-27T15:45:08.771+0000] {dag.py:3954} INFO - Setting next_dagrun for data_quality to 2026-05-27 13:00:00+00:00, run_after=2026-05-28 13:00:00+00:00
[2026-05-27T15:45:08.776+0000] {logging_mixin.py:188} INFO - [2026-05-27T15:45:08.776+0000] {dag.py:3954} INFO - Setting next_dagrun for produce_json to 2026-05-27 11:00:00+00:00, run_after=2026-05-28 11:00:00+00:00
[2026-05-27T15:45:08.779+0000] {logging_mixin.py:188} INFO - [2026-05-27T15:45:08.779+0000] {dag.py:3954} INFO - Setting next_dagrun for update_db to 2026-05-27 12:00:00+00:00, run_after=2026-05-28 12:00:00+00:00
[2026-05-27T15:45:08.807+0000] {processor.py:183} INFO - Processing /opt/airflow/dags/main.py took 0.230 seconds
[2026-05-27T15:45:39.033+0000] {processor.py:161} INFO - Started process (PID=3198) to work on /opt/airflow/dags/main.py
[2026-05-27T15:45:39.035+0000] {processor.py:830} INFO - Processing file /opt/airflow/dags/main.py for tasks to queue
[2026-05-27T15:45:39.036+0000] {logging_mixin.py:188} INFO - [2026-05-27T15:45:39.035+0000] {dagbag.py:545} INFO - Filling up the DagBag from /opt/airflow/dags/main.py
[2026-05-27T15:45:39.148+0000] {processor.py:840} INFO - DAG(s) 'update_db', 'data_quality', 'produce_json' retrieved from /opt/airflow/dags/main.py
[2026-05-27T15:45:39.179+0000] {logging_mixin.py:188} INFO - [2026-05-27T15:45:39.178+0000] {dag.py:3096} INFO - Sync 3 DAGs
[2026-05-27T15:45:39.199+0000] {logging_mixin.py:188} INFO - [2026-05-27T15:45:39.199+0000] {dag.py:3954} INFO - Setting next_dagrun for data_quality to 2026-05-27 13:00:00+00:00, run_after=2026-05-28 13:00:00+00:00
[2026-05-27T15:45:39.204+0000] {logging_mixin.py:188} INFO - [2026-05-27T15:45:39.204+0000] {dag.py:3954} INFO - Setting next_dagrun for produce_json to 2026-05-27 11:00:00+00:00, run_after=2026-05-28 11:00:00+00:00
[2026-05-27T15:45:39.207+0000] {logging_mixin.py:188} INFO - [2026-05-27T15:45:39.207+0000] {dag.py:3954} INFO - Setting next_dagrun for update_db to 2026-05-27 12:00:00+00:00, run_after=2026-05-28 12:00:00+00:00
[2026-05-27T15:45:39.234+0000] {processor.py:183} INFO - Processing /opt/airflow/dags/main.py took 0.208 seconds
[2026-05-27T15:46:09.354+0000] {processor.py:161} INFO - Started process (PID=3205) to work on /opt/airflow/dags/main.py
[2026-05-27T15:46:09.355+0000] {processor.py:830} INFO - Processing file /opt/airflow/dags/main.py for tasks to queue
[2026-05-27T15:46:09.356+0000] {logging_mixin.py:188} INFO - [2026-05-27T15:46:09.356+0000] {dagbag.py:545} INFO - Filling up the DagBag from /opt/airflow/dags/main.py
[2026-05-27T15:46:09.480+0000] {processor.py:840} INFO - DAG(s) 'produce_json', 'update_db', 'data_quality' retrieved from /opt/airflow/dags/main.py
[2026-05-27T15:46:09.512+0000] {logging_mixin.py:188} INFO - [2026-05-27T15:46:09.512+0000] {dag.py:3096} INFO - Sync 3 DAGs
[2026-05-27T15:46:09.533+0000] {logging_mixin.py:188} INFO - [2026-05-27T15:46:09.533+0000] {dag.py:3954} INFO - Setting next_dagrun for data_quality to 2026-05-27 13:00:00+00:00, run_after=2026-05-28 13:00:00+00:00
[2026-05-27T15:46:09.538+0000] {logging_mixin.py:188} INFO - [2026-05-27T15:46:09.538+0000] {dag.py:3954} INFO - Setting next_dagrun for produce_json to 2026-05-27 11:00:00+00:00, run_after=2026-05-28 11:00:00+00:00
[2026-05-27T15:46:09.541+0000] {logging_mixin.py:188} INFO - [2026-05-27T15:46:09.541+0000] {dag.py:3954} INFO - Setting next_dagrun for update_db to 2026-05-27 12:00:00+00:00, run_after=2026-05-28 12:00:00+00:00
[2026-05-27T15:46:09.556+0000] {processor.py:183} INFO - Processing /opt/airflow/dags/main.py took 0.208 seconds
[2026-05-27T15:46:39.762+0000] {processor.py:161} INFO - Started process (PID=3212) to work on /opt/airflow/dags/main.py
[2026-05-27T15:46:39.763+0000] {processor.py:830} INFO - Processing file /opt/airflow/dags/main.py for tasks to queue
[2026-05-27T15:46:39.764+0000] {logging_mixin.py:188} INFO - [2026-05-27T15:46:39.764+0000] {dagbag.py:545} INFO - Filling up the DagBag from /opt/airflow/dags/main.py
[2026-05-27T15:46:39.881+0000] {processor.py:840} INFO - DAG(s) 'produce_json', 'update_db', 'data_quality' retrieved from /opt/airflow/dags/main.py
[2026-05-27T15:46:39.914+0000] {logging_mixin.py:188} INFO - [2026-05-27T15:46:39.914+0000] {dag.py:3096} INFO - Sync 3 DAGs
[2026-05-27T15:46:39.935+0000] {logging_mixin.py:188} INFO - [2026-05-27T15:46:39.934+0000] {dag.py:3954} INFO - Setting next_dagrun for data_quality to 2026-05-27 13:00:00+00:00, run_after=2026-05-28 13:00:00+00:00
[2026-05-27T15:46:39.940+0000] {logging_mixin.py:188} INFO - [2026-05-27T15:46:39.940+0000] {dag.py:3954} INFO - Setting next_dagrun for produce_json to 2026-05-27 11:00:00+00:00, run_after=2026-05-28 11:00:00+00:00
[2026-05-27T15:46:39.943+0000] {logging_mixin.py:188} INFO - [2026-05-27T15:46:39.943+0000] {dag.py:3954} INFO - Setting next_dagrun for update_db to 2026-05-27 12:00:00+00:00, run_after=2026-05-28 12:00:00+00:00
[2026-05-27T15:46:39.972+0000] {processor.py:183} INFO - Processing /opt/airflow/dags/main.py took 0.216 seconds
[2026-05-27T15:47:10.289+0000] {processor.py:161} INFO - Started process (PID=3219) to work on /opt/airflow/dags/main.py
[2026-05-27T15:47:10.290+0000] {processor.py:830} INFO - Processing file /opt/airflow/dags/main.py for tasks to queue
[2026-05-27T15:47:10.291+0000] {logging_mixin.py:188} INFO - [2026-05-27T15:47:10.291+0000] {dagbag.py:545} INFO - Filling up the DagBag from /opt/airflow/dags/main.py
[2026-05-27T15:47:10.415+0000] {processor.py:840} INFO - DAG(s) 'produce_json', 'data_quality', 'update_db' retrieved from /opt/airflow/dags/main.py
[2026-05-27T15:47:10.448+0000] {logging_mixin.py:188} INFO - [2026-05-27T15:47:10.448+0000] {dag.py:3096} INFO - Sync 3 DAGs
[2026-05-27T15:47:10.468+0000] {logging_mixin.py:188} INFO - [2026-05-27T15:47:10.468+0000] {dag.py:3954} INFO - Setting next_dagrun for data_quality to 2026-05-27 13:00:00+00:00, run_after=2026-05-28 13:00:00+00:00
[2026-05-27T15:47:10.473+0000] {logging_mixin.py:188} INFO - [2026-05-27T15:47:10.473+0000] {dag.py:3954} INFO - Setting next_dagrun for produce_json to 2026-05-27 11:00:00+00:00, run_after=2026-05-28 11:00:00+00:00
[2026-05-27T15:47:10.476+0000] {logging_mixin.py:188} INFO - [2026-05-27T15:47:10.476+0000] {dag.py:3954} INFO - Setting next_dagrun for update_db to 2026-05-27 12:00:00+00:00, run_after=2026-05-28 12:00:00+00:00
[2026-05-27T15:47:10.492+0000] {processor.py:183} INFO - Processing /opt/airflow/dags/main.py took 0.210 seconds
[2026-05-27T15:47:40.613+0000] {processor.py:161} INFO - Started process (PID=3226) to work on /opt/airflow/dags/main.py
[2026-05-27T15:47:40.615+0000] {processor.py:830} INFO - Processing file /opt/airflow/dags/main.py for tasks to queue
[2026-05-27T15:47:40.616+0000] {logging_mixin.py:188} INFO - [2026-05-27T15:47:40.616+0000] {dagbag.py:545} INFO - Filling up the DagBag from /opt/airflow/dags/main.py
[2026-05-27T15:47:40.747+0000] {processor.py:840} INFO - DAG(s) 'data_quality', 'produce_json', 'update_db' retrieved from /opt/airflow/dags/main.py
[2026-05-27T15:47:40.782+0000] {logging_mixin.py:188} INFO - [2026-05-27T15:47:40.782+0000] {dag.py:3096} INFO - Sync 3 DAGs
[2026-05-27T15:47:40.803+0000] {logging_mixin.py:188} INFO - [2026-05-27T15:47:40.803+0000] {dag.py:3954} INFO - Setting next_dagrun for data_quality to 2026-05-27 13:00:00+00:00, run_after=2026-05-28 13:00:00+00:00
[2026-05-27T15:47:40.808+0000] {logging_mixin.py:188} INFO - [2026-05-27T15:47:40.808+0000] {dag.py:3954} INFO - Setting next_dagrun for produce_json to 2026-05-27 11:00:00+00:00, run_after=2026-05-28 11:00:00+00:00
[2026-05-27T15:47:40.812+0000] {logging_mixin.py:188} INFO - [2026-05-27T15:47:40.812+0000] {dag.py:3954} INFO - Setting next_dagrun for update_db to 2026-05-27 12:00:00+00:00, run_after=2026-05-28 12:00:00+00:00
[2026-05-27T15:47:40.830+0000] {processor.py:183} INFO - Processing /opt/airflow/dags/main.py took 0.223 seconds
[2026-05-27T15:48:11.044+0000] {processor.py:161} INFO - Started process (PID=3233) to work on /opt/airflow/dags/main.py
[2026-05-27T15:48:11.045+0000] {processor.py:830} INFO - Processing file /opt/airflow/dags/main.py for tasks to queue
[2026-05-27T15:48:11.047+0000] {logging_mixin.py:188} INFO - [2026-05-27T15:48:11.046+0000] {dagbag.py:545} INFO - Filling up the DagBag from /opt/airflow/dags/main.py
[2026-05-27T15:48:11.170+0000] {processor.py:840} INFO - DAG(s) 'update_db', 'data_quality', 'produce_json' retrieved from /opt/airflow/dags/main.py
[2026-05-27T15:48:11.204+0000] {logging_mixin.py:188} INFO - [2026-05-27T15:48:11.204+0000] {dag.py:3096} INFO - Sync 3 DAGs
[2026-05-27T15:48:11.226+0000] {logging_mixin.py:188} INFO - [2026-05-27T15:48:11.225+0000] {dag.py:3954} INFO - Setting next_dagrun for data_quality to 2026-05-27 13:00:00+00:00, run_after=2026-05-28 13:00:00+00:00
[2026-05-27T15:48:11.231+0000] {logging_mixin.py:188} INFO - [2026-05-27T15:48:11.230+0000] {dag.py:3954} INFO - Setting next_dagrun for produce_json to 2026-05-27 11:00:00+00:00, run_after=2026-05-28 11:00:00+00:00
[2026-05-27T15:48:11.234+0000] {logging_mixin.py:188} INFO - [2026-05-27T15:48:11.233+0000] {dag.py:3954} INFO - Setting next_dagrun for update_db to 2026-05-27 12:00:00+00:00, run_after=2026-05-28 12:00:00+00:00
[2026-05-27T15:48:11.262+0000] {processor.py:183} INFO - Processing /opt/airflow/dags/main.py took 0.230 seconds
[2026-05-27T15:48:41.364+0000] {processor.py:161} INFO - Started process (PID=3240) to work on /opt/airflow/dags/main.py
[2026-05-27T15:48:41.365+0000] {processor.py:830} INFO - Processing file /opt/airflow/dags/main.py for tasks to queue
[2026-05-27T15:48:41.366+0000] {logging_mixin.py:188} INFO - [2026-05-27T15:48:41.366+0000] {dagbag.py:545} INFO - Filling up the DagBag from /opt/airflow/dags/main.py
[2026-05-27T15:48:41.491+0000] {processor.py:840} INFO - DAG(s) 'update_db', 'produce_json', 'data_quality' retrieved from /opt/airflow/dags/main.py
[2026-05-27T15:48:41.524+0000] {logging_mixin.py:188} INFO - [2026-05-27T15:48:41.523+0000] {dag.py:3096} INFO - Sync 3 DAGs
[2026-05-27T15:48:41.544+0000] {logging_mixin.py:188} INFO - [2026-05-27T15:48:41.544+0000] {dag.py:3954} INFO - Setting next_dagrun for data_quality to 2026-05-27 13:00:00+00:00, run_after=2026-05-28 13:00:00+00:00
[2026-05-27T15:48:41.550+0000] {logging_mixin.py:188} INFO - [2026-05-27T15:48:41.549+0000] {dag.py:3954} INFO - Setting next_dagrun for produce_json to 2026-05-27 11:00:00+00:00, run_after=2026-05-28 11:00:00+00:00
[2026-05-27T15:48:41.553+0000] {logging_mixin.py:188} INFO - [2026-05-27T15:48:41.552+0000] {dag.py:3954} INFO - Setting next_dagrun for update_db to 2026-05-27 12:00:00+00:00, run_after=2026-05-28 12:00:00+00:00
[2026-05-27T15:48:41.569+0000] {processor.py:183} INFO - Processing /opt/airflow/dags/main.py took 0.211 seconds
[2026-05-27T15:49:11.955+0000] {processor.py:161} INFO - Started process (PID=3247) to work on /opt/airflow/dags/main.py
[2026-05-27T15:49:11.956+0000] {processor.py:830} INFO - Processing file /opt/airflow/dags/main.py for tasks to queue
[2026-05-27T15:49:11.957+0000] {logging_mixin.py:188} INFO - [2026-05-27T15:49:11.957+0000] {dagbag.py:545} INFO - Filling up the DagBag from /opt/airflow/dags/main.py
[2026-05-27T15:49:12.073+0000] {processor.py:840} INFO - DAG(s) 'data_quality', 'update_db', 'produce_json' retrieved from /opt/airflow/dags/main.py
[2026-05-27T15:49:12.105+0000] {logging_mixin.py:188} INFO - [2026-05-27T15:49:12.105+0000] {dag.py:3096} INFO - Sync 3 DAGs
[2026-05-27T15:49:12.126+0000] {logging_mixin.py:188} INFO - [2026-05-27T15:49:12.126+0000] {dag.py:3954} INFO - Setting next_dagrun for data_quality to 2026-05-27 13:00:00+00:00, run_after=2026-05-28 13:00:00+00:00
[2026-05-27T15:49:12.131+0000] {logging_mixin.py:188} INFO - [2026-05-27T15:49:12.131+0000] {dag.py:3954} INFO - Setting next_dagrun for produce_json to 2026-05-27 11:00:00+00:00, run_after=2026-05-28 11:00:00+00:00
[2026-05-27T15:49:12.135+0000] {logging_mixin.py:188} INFO - [2026-05-27T15:49:12.135+0000] {dag.py:3954} INFO - Setting next_dagrun for update_db to 2026-05-27 12:00:00+00:00, run_after=2026-05-28 12:00:00+00:00
[2026-05-27T15:49:12.164+0000] {processor.py:183} INFO - Processing /opt/airflow/dags/main.py took 0.215 seconds
[2026-05-27T15:49:42.297+0000] {processor.py:161} INFO - Started process (PID=3254) to work on /opt/airflow/dags/main.py
[2026-05-27T15:49:42.298+0000] {processor.py:830} INFO - Processing file /opt/airflow/dags/main.py for tasks to queue
[2026-05-27T15:49:42.300+0000] {logging_mixin.py:188} INFO - [2026-05-27T15:49:42.299+0000] {dagbag.py:545} INFO - Filling up the DagBag from /opt/airflow/dags/main.py
[2026-05-27T15:49:42.436+0000] {processor.py:840} INFO - DAG(s) 'data_quality', 'update_db', 'produce_json' retrieved from /opt/airflow/dags/main.py
[2026-05-27T15:49:42.475+0000] {logging_mixin.py:188} INFO - [2026-05-27T15:49:42.474+0000] {dag.py:3096} INFO - Sync 3 DAGs
[2026-05-27T15:49:42.497+0000] {logging_mixin.py:188} INFO - [2026-05-27T15:49:42.497+0000] {dag.py:3954} INFO - Setting next_dagrun for data_quality to 2026-05-27 13:00:00+00:00, run_after=2026-05-28 13:00:00+00:00
[2026-05-27T15:49:42.502+0000] {logging_mixin.py:188} INFO - [2026-05-27T15:49:42.502+0000] {dag.py:3954} INFO - Setting next_dagrun for produce_json to 2026-05-27 11:00:00+00:00, run_after=2026-05-28 11:00:00+00:00
[2026-05-27T15:49:42.506+0000] {logging_mixin.py:188} INFO - [2026-05-27T15:49:42.505+0000] {dag.py:3954} INFO - Setting next_dagrun for update_db to 2026-05-27 12:00:00+00:00, run_after=2026-05-28 12:00:00+00:00
[2026-05-27T15:49:42.534+0000] {processor.py:183} INFO - Processing /opt/airflow/dags/main.py took 0.246 seconds
[2026-05-27T15:50:12.957+0000] {processor.py:161} INFO - Started process (PID=3261) to work on /opt/airflow/dags/main.py
[2026-05-27T15:50:12.958+0000] {processor.py:830} INFO - Processing file /opt/airflow/dags/main.py for tasks to queue
[2026-05-27T15:50:12.959+0000] {logging_mixin.py:188} INFO - [2026-05-27T15:50:12.959+0000] {dagbag.py:545} INFO - Filling up the DagBag from /opt/airflow/dags/main.py
[2026-05-27T15:50:13.087+0000] {processor.py:840} INFO - DAG(s) 'produce_json', 'data_quality', 'update_db' retrieved from /opt/airflow/dags/main.py
[2026-05-27T15:50:13.119+0000] {logging_mixin.py:188} INFO - [2026-05-27T15:50:13.119+0000] {dag.py:3096} INFO - Sync 3 DAGs
[2026-05-27T15:50:13.139+0000] {logging_mixin.py:188} INFO - [2026-05-27T15:50:13.139+0000] {dag.py:3954} INFO - Setting next_dagrun for data_quality to 2026-05-27 13:00:00+00:00, run_after=2026-05-28 13:00:00+00:00
[2026-05-27T15:50:13.144+0000] {logging_mixin.py:188} INFO - [2026-05-27T15:50:13.144+0000] {dag.py:3954} INFO - Setting next_dagrun for produce_json to 2026-05-27 11:00:00+00:00, run_after=2026-05-28 11:00:00+00:00
[2026-05-27T15:50:13.147+0000] {logging_mixin.py:188} INFO - [2026-05-27T15:50:13.147+0000] {dag.py:3954} INFO - Setting next_dagrun for update_db to 2026-05-27 12:00:00+00:00, run_after=2026-05-28 12:00:00+00:00
[2026-05-27T15:50:13.163+0000] {processor.py:183} INFO - Processing /opt/airflow/dags/main.py took 0.212 seconds
[2026-05-27T15:50:43.213+0000] {processor.py:161} INFO - Started process (PID=3268) to work on /opt/airflow/dags/main.py
[2026-05-27T15:50:43.215+0000] {processor.py:830} INFO - Processing file /opt/airflow/dags/main.py for tasks to queue
[2026-05-27T15:50:43.216+0000] {logging_mixin.py:188} INFO - [2026-05-27T15:50:43.216+0000] {dagbag.py:545} INFO - Filling up the DagBag from /opt/airflow/dags/main.py
[2026-05-27T15:50:43.333+0000] {processor.py:840} INFO - DAG(s) 'update_db', 'produce_json', 'data_quality' retrieved from /opt/airflow/dags/main.py
[2026-05-27T15:50:43.367+0000] {logging_mixin.py:188} INFO - [2026-05-27T15:50:43.366+0000] {dag.py:3096} INFO - Sync 3 DAGs
[2026-05-27T15:50:43.387+0000] {logging_mixin.py:188} INFO - [2026-05-27T15:50:43.387+0000] {dag.py:3954} INFO - Setting next_dagrun for data_quality to 2026-05-27 13:00:00+00:00, run_after=2026-05-28 13:00:00+00:00
[2026-05-27T15:50:43.392+0000] {logging_mixin.py:188} INFO - [2026-05-27T15:50:43.392+0000] {dag.py:3954} INFO - Setting next_dagrun for produce_json to 2026-05-27 11:00:00+00:00, run_after=2026-05-28 11:00:00+00:00
[2026-05-27T15:50:43.395+0000] {logging_mixin.py:188} INFO - [2026-05-27T15:50:43.395+0000] {dag.py:3954} INFO - Setting next_dagrun for update_db to 2026-05-27 12:00:00+00:00, run_after=2026-05-28 12:00:00+00:00
[2026-05-27T15:50:43.418+0000] {processor.py:183} INFO - Processing /opt/airflow/dags/main.py took 0.211 seconds
[2026-05-27T15:51:13.508+0000] {processor.py:161} INFO - Started process (PID=3275) to work on /opt/airflow/dags/main.py
[2026-05-27T15:51:13.509+0000] {processor.py:830} INFO - Processing file /opt/airflow/dags/main.py for tasks to queue
[2026-05-27T15:51:13.511+0000] {logging_mixin.py:188} INFO - [2026-05-27T15:51:13.511+0000] {dagbag.py:545} INFO - Filling up the DagBag from /opt/airflow/dags/main.py
[2026-05-27T15:51:13.637+0000] {processor.py:840} INFO - DAG(s) 'data_quality', 'update_db', 'produce_json' retrieved from /opt/airflow/dags/main.py
[2026-05-27T15:51:13.672+0000] {logging_mixin.py:188} INFO - [2026-05-27T15:51:13.672+0000] {dag.py:3096} INFO - Sync 3 DAGs
[2026-05-27T15:51:13.695+0000] {logging_mixin.py:188} INFO - [2026-05-27T15:51:13.694+0000] {dag.py:3954} INFO - Setting next_dagrun for data_quality to 2026-05-27 13:00:00+00:00, run_after=2026-05-28 13:00:00+00:00
[2026-05-27T15:51:13.700+0000] {logging_mixin.py:188} INFO - [2026-05-27T15:51:13.699+0000] {dag.py:3954} INFO - Setting next_dagrun for produce_json to 2026-05-27 11:00:00+00:00, run_after=2026-05-28 11:00:00+00:00
[2026-05-27T15:51:13.703+0000] {logging_mixin.py:188} INFO - [2026-05-27T15:51:13.703+0000] {dag.py:3954} INFO - Setting next_dagrun for update_db to 2026-05-27 12:00:00+00:00, run_after=2026-05-28 12:00:00+00:00
[2026-05-27T15:51:13.721+0000] {processor.py:183} INFO - Processing /opt/airflow/dags/main.py took 0.220 seconds
[2026-05-27T15:51:43.981+0000] {processor.py:161} INFO - Started process (PID=3282) to work on /opt/airflow/dags/main.py
[2026-05-27T15:51:43.983+0000] {processor.py:830} INFO - Processing file /opt/airflow/dags/main.py for tasks to queue
[2026-05-27T15:51:43.984+0000] {logging_mixin.py:188} INFO - [2026-05-27T15:51:43.983+0000] {dagbag.py:545} INFO - Filling up the DagBag from /opt/airflow/dags/main.py
[2026-05-27T15:51:44.108+0000] {processor.py:840} INFO - DAG(s) 'produce_json', 'data_quality', 'update_db' retrieved from /opt/airflow/dags/main.py
[2026-05-27T15:51:44.141+0000] {logging_mixin.py:188} INFO - [2026-05-27T15:51:44.141+0000] {dag.py:3096} INFO - Sync 3 DAGs
[2026-05-27T15:51:44.163+0000] {logging_mixin.py:188} INFO - [2026-05-27T15:51:44.162+0000] {dag.py:3954} INFO - Setting next_dagrun for data_quality to 2026-05-27 13:00:00+00:00, run_after=2026-05-28 13:00:00+00:00
[2026-05-27T15:51:44.168+0000] {logging_mixin.py:188} INFO - [2026-05-27T15:51:44.167+0000] {dag.py:3954} INFO - Setting next_dagrun for produce_json to 2026-05-27 11:00:00+00:00, run_after=2026-05-28 11:00:00+00:00
[2026-05-27T15:51:44.170+0000] {logging_mixin.py:188} INFO - [2026-05-27T15:51:44.170+0000] {dag.py:3954} INFO - Setting next_dagrun for update_db to 2026-05-27 12:00:00+00:00, run_after=2026-05-28 12:00:00+00:00
[2026-05-27T15:51:44.198+0000] {processor.py:183} INFO - Processing /opt/airflow/dags/main.py took 0.223 seconds
[2026-05-27T15:52:14.446+0000] {processor.py:161} INFO - Started process (PID=3289) to work on /opt/airflow/dags/main.py
[2026-05-27T15:52:14.448+0000] {processor.py:830} INFO - Processing file /opt/airflow/dags/main.py for tasks to queue
[2026-05-27T15:52:14.450+0000] {logging_mixin.py:188} INFO - [2026-05-27T15:52:14.449+0000] {dagbag.py:545} INFO - Filling up the DagBag from /opt/airflow/dags/main.py
[2026-05-27T15:52:14.573+0000] {processor.py:840} INFO - DAG(s) 'data_quality', 'produce_json', 'update_db' retrieved from /opt/airflow/dags/main.py
[2026-05-27T15:52:14.609+0000] {logging_mixin.py:188} INFO - [2026-05-27T15:52:14.608+0000] {dag.py:3096} INFO - Sync 3 DAGs
[2026-05-27T15:52:14.630+0000] {logging_mixin.py:188} INFO - [2026-05-27T15:52:14.630+0000] {dag.py:3954} INFO - Setting next_dagrun for data_quality to 2026-05-27 13:00:00+00:00, run_after=2026-05-28 13:00:00+00:00
[2026-05-27T15:52:14.636+0000] {logging_mixin.py:188} INFO - [2026-05-27T15:52:14.635+0000] {dag.py:3954} INFO - Setting next_dagrun for produce_json to 2026-05-27 11:00:00+00:00, run_after=2026-05-28 11:00:00+00:00
[2026-05-27T15:52:14.639+0000] {logging_mixin.py:188} INFO - [2026-05-27T15:52:14.639+0000] {dag.py:3954} INFO - Setting next_dagrun for update_db to 2026-05-27 12:00:00+00:00, run_after=2026-05-28 12:00:00+00:00
[2026-05-27T15:52:14.656+0000] {processor.py:183} INFO - Processing /opt/airflow/dags/main.py took 0.217 seconds
[2026-05-27T15:52:44.982+0000] {processor.py:161} INFO - Started process (PID=3296) to work on /opt/airflow/dags/main.py
[2026-05-27T15:52:44.983+0000] {processor.py:830} INFO - Processing file /opt/airflow/dags/main.py for tasks to queue
[2026-05-27T15:52:44.984+0000] {logging_mixin.py:188} INFO - [2026-05-27T15:52:44.984+0000] {dagbag.py:545} INFO - Filling up the DagBag from /opt/airflow/dags/main.py
[2026-05-27T15:52:45.108+0000] {processor.py:840} INFO - DAG(s) 'produce_json', 'update_db', 'data_quality' retrieved from /opt/airflow/dags/main.py
[2026-05-27T15:52:45.141+0000] {logging_mixin.py:188} INFO - [2026-05-27T15:52:45.141+0000] {dag.py:3096} INFO - Sync 3 DAGs
[2026-05-27T15:52:45.161+0000] {logging_mixin.py:188} INFO - [2026-05-27T15:52:45.161+0000] {dag.py:3954} INFO - Setting next_dagrun for data_quality to 2026-05-27 13:00:00+00:00, run_after=2026-05-28 13:00:00+00:00
[2026-05-27T15:52:45.166+0000] {logging_mixin.py:188} INFO - [2026-05-27T15:52:45.166+0000] {dag.py:3954} INFO - Setting next_dagrun for produce_json to 2026-05-27 11:00:00+00:00, run_after=2026-05-28 11:00:00+00:00
[2026-05-27T15:52:45.169+0000] {logging_mixin.py:188} INFO - [2026-05-27T15:52:45.169+0000] {dag.py:3954} INFO - Setting next_dagrun for update_db to 2026-05-27 12:00:00+00:00, run_after=2026-05-28 12:00:00+00:00
[2026-05-27T15:52:45.185+0000] {processor.py:183} INFO - Processing /opt/airflow/dags/main.py took 0.210 seconds
[2026-05-27T15:53:15.388+0000] {processor.py:161} INFO - Started process (PID=3303) to work on /opt/airflow/dags/main.py
[2026-05-27T15:53:15.389+0000] {processor.py:830} INFO - Processing file /opt/airflow/dags/main.py for tasks to queue
[2026-05-27T15:53:15.391+0000] {logging_mixin.py:188} INFO - [2026-05-27T15:53:15.390+0000] {dagbag.py:545} INFO - Filling up the DagBag from /opt/airflow/dags/main.py
[2026-05-27T15:53:15.508+0000] {processor.py:840} INFO - DAG(s) 'produce_json', 'update_db', 'data_quality' retrieved from /opt/airflow/dags/main.py
[2026-05-27T15:53:15.538+0000] {logging_mixin.py:188} INFO - [2026-05-27T15:53:15.538+0000] {dag.py:3096} INFO - Sync 3 DAGs
[2026-05-27T15:53:15.558+0000] {logging_mixin.py:188} INFO - [2026-05-27T15:53:15.558+0000] {dag.py:3954} INFO - Setting next_dagrun for data_quality to 2026-05-27 13:00:00+00:00, run_after=2026-05-28 13:00:00+00:00
[2026-05-27T15:53:15.563+0000] {logging_mixin.py:188} INFO - [2026-05-27T15:53:15.563+0000] {dag.py:3954} INFO - Setting next_dagrun for produce_json to 2026-05-27 11:00:00+00:00, run_after=2026-05-28 11:00:00+00:00
[2026-05-27T15:53:15.566+0000] {logging_mixin.py:188} INFO - [2026-05-27T15:53:15.566+0000] {dag.py:3954} INFO - Setting next_dagrun for update_db to 2026-05-27 12:00:00+00:00, run_after=2026-05-28 12:00:00+00:00
[2026-05-27T15:53:15.582+0000] {processor.py:183} INFO - Processing /opt/airflow/dags/main.py took 0.201 seconds
[2026-05-27T15:53:45.813+0000] {processor.py:161} INFO - Started process (PID=3310) to work on /opt/airflow/dags/main.py
[2026-05-27T15:53:45.814+0000] {processor.py:830} INFO - Processing file /opt/airflow/dags/main.py for tasks to queue
[2026-05-27T15:53:45.816+0000] {logging_mixin.py:188} INFO - [2026-05-27T15:53:45.815+0000] {dagbag.py:545} INFO - Filling up the DagBag from /opt/airflow/dags/main.py
[2026-05-27T15:53:45.938+0000] {processor.py:840} INFO - DAG(s) 'produce_json', 'data_quality', 'update_db' retrieved from /opt/airflow/dags/main.py
[2026-05-27T15:53:45.970+0000] {logging_mixin.py:188} INFO - [2026-05-27T15:53:45.970+0000] {dag.py:3096} INFO - Sync 3 DAGs
[2026-05-27T15:53:45.990+0000] {logging_mixin.py:188} INFO - [2026-05-27T15:53:45.989+0000] {dag.py:3954} INFO - Setting next_dagrun for data_quality to 2026-05-27 13:00:00+00:00, run_after=2026-05-28 13:00:00+00:00
[2026-05-27T15:53:45.995+0000] {logging_mixin.py:188} INFO - [2026-05-27T15:53:45.994+0000] {dag.py:3954} INFO - Setting next_dagrun for produce_json to 2026-05-27 11:00:00+00:00, run_after=2026-05-28 11:00:00+00:00
[2026-05-27T15:53:45.997+0000] {logging_mixin.py:188} INFO - [2026-05-27T15:53:45.997+0000] {dag.py:3954} INFO - Setting next_dagrun for update_db to 2026-05-27 12:00:00+00:00, run_after=2026-05-28 12:00:00+00:00
[2026-05-27T15:53:46.013+0000] {processor.py:183} INFO - Processing /opt/airflow/dags/main.py took 0.207 seconds
[2026-05-27T15:54:16.382+0000] {processor.py:161} INFO - Started process (PID=3317) to work on /opt/airflow/dags/main.py
[2026-05-27T15:54:16.384+0000] {processor.py:830} INFO - Processing file /opt/airflow/dags/main.py for tasks to queue
[2026-05-27T15:54:16.385+0000] {logging_mixin.py:188} INFO - [2026-05-27T15:54:16.385+0000] {dagbag.py:545} INFO - Filling up the DagBag from /opt/airflow/dags/main.py
[2026-05-27T15:54:16.503+0000] {processor.py:840} INFO - DAG(s) 'produce_json', 'data_quality', 'update_db' retrieved from /opt/airflow/dags/main.py
[2026-05-27T15:54:16.535+0000] {logging_mixin.py:188} INFO - [2026-05-27T15:54:16.534+0000] {dag.py:3096} INFO - Sync 3 DAGs
[2026-05-27T15:54:16.555+0000] {logging_mixin.py:188} INFO - [2026-05-27T15:54:16.555+0000] {dag.py:3954} INFO - Setting next_dagrun for data_quality to 2026-05-27 13:00:00+00:00, run_after=2026-05-28 13:00:00+00:00
[2026-05-27T15:54:16.560+0000] {logging_mixin.py:188} INFO - [2026-05-27T15:54:16.560+0000] {dag.py:3954} INFO - Setting next_dagrun for produce_json to 2026-05-27 11:00:00+00:00, run_after=2026-05-28 11:00:00+00:00
[2026-05-27T15:54:16.563+0000] {logging_mixin.py:188} INFO - [2026-05-27T15:54:16.563+0000] {dag.py:3954} INFO - Setting next_dagrun for update_db to 2026-05-27 12:00:00+00:00, run_after=2026-05-28 12:00:00+00:00
[2026-05-27T15:54:16.579+0000] {processor.py:183} INFO - Processing /opt/airflow/dags/main.py took 0.203 seconds
[2026-05-27T15:54:46.731+0000] {processor.py:161} INFO - Started process (PID=3324) to work on /opt/airflow/dags/main.py
[2026-05-27T15:54:46.732+0000] {processor.py:830} INFO - Processing file /opt/airflow/dags/main.py for tasks to queue
[2026-05-27T15:54:46.733+0000] {logging_mixin.py:188} INFO - [2026-05-27T15:54:46.733+0000] {dagbag.py:545} INFO - Filling up the DagBag from /opt/airflow/dags/main.py
[2026-05-27T15:54:46.847+0000] {processor.py:840} INFO - DAG(s) 'produce_json', 'data_quality', 'update_db' retrieved from /opt/airflow/dags/main.py
[2026-05-27T15:54:46.880+0000] {logging_mixin.py:188} INFO - [2026-05-27T15:54:46.879+0000] {dag.py:3096} INFO - Sync 3 DAGs
[2026-05-27T15:54:46.900+0000] {logging_mixin.py:188} INFO - [2026-05-27T15:54:46.900+0000] {dag.py:3954} INFO - Setting next_dagrun for data_quality to 2026-05-27 13:00:00+00:00, run_after=2026-05-28 13:00:00+00:00
[2026-05-27T15:54:46.905+0000] {logging_mixin.py:188} INFO - [2026-05-27T15:54:46.905+0000] {dag.py:3954} INFO - Setting next_dagrun for produce_json to 2026-05-27 11:00:00+00:00, run_after=2026-05-28 11:00:00+00:00
[2026-05-27T15:54:46.908+0000] {logging_mixin.py:188} INFO - [2026-05-27T15:54:46.908+0000] {dag.py:3954} INFO - Setting next_dagrun for update_db to 2026-05-27 12:00:00+00:00, run_after=2026-05-28 12:00:00+00:00
[2026-05-27T15:54:46.925+0000] {processor.py:183} INFO - Processing /opt/airflow/dags/main.py took 0.201 seconds
[2026-05-27T15:55:17.296+0000] {processor.py:161} INFO - Started process (PID=3331) to work on /opt/airflow/dags/main.py
[2026-05-27T15:55:17.297+0000] {processor.py:830} INFO - Processing file /opt/airflow/dags/main.py for tasks to queue
[2026-05-27T15:55:17.298+0000] {logging_mixin.py:188} INFO - [2026-05-27T15:55:17.298+0000] {dagbag.py:545} INFO - Filling up the DagBag from /opt/airflow/dags/main.py
[2026-05-27T15:55:17.415+0000] {processor.py:840} INFO - DAG(s) 'produce_json', 'update_db', 'data_quality' retrieved from /opt/airflow/dags/main.py
[2026-05-27T15:55:17.447+0000] {logging_mixin.py:188} INFO - [2026-05-27T15:55:17.447+0000] {dag.py:3096} INFO - Sync 3 DAGs
[2026-05-27T15:55:17.466+0000] {logging_mixin.py:188} INFO - [2026-05-27T15:55:17.466+0000] {dag.py:3954} INFO - Setting next_dagrun for data_quality to 2026-05-27 13:00:00+00:00, run_after=2026-05-28 13:00:00+00:00
[2026-05-27T15:55:17.471+0000] {logging_mixin.py:188} INFO - [2026-05-27T15:55:17.471+0000] {dag.py:3954} INFO - Setting next_dagrun for produce_json to 2026-05-27 11:00:00+00:00, run_after=2026-05-28 11:00:00+00:00
[2026-05-27T15:55:17.474+0000] {logging_mixin.py:188} INFO - [2026-05-27T15:55:17.474+0000] {dag.py:3954} INFO - Setting next_dagrun for update_db to 2026-05-27 12:00:00+00:00, run_after=2026-05-28 12:00:00+00:00
[2026-05-27T15:55:17.501+0000] {processor.py:183} INFO - Processing /opt/airflow/dags/main.py took 0.211 seconds
[2026-05-27T15:55:47.673+0000] {processor.py:161} INFO - Started process (PID=3338) to work on /opt/airflow/dags/main.py
[2026-05-27T15:55:47.674+0000] {processor.py:830} INFO - Processing file /opt/airflow/dags/main.py for tasks to queue
[2026-05-27T15:55:47.675+0000] {logging_mixin.py:188} INFO - [2026-05-27T15:55:47.675+0000] {dagbag.py:545} INFO - Filling up the DagBag from /opt/airflow/dags/main.py
[2026-05-27T15:55:47.785+0000] {processor.py:840} INFO - DAG(s) 'produce_json', 'update_db', 'data_quality' retrieved from /opt/airflow/dags/main.py
[2026-05-27T15:55:47.818+0000] {logging_mixin.py:188} INFO - [2026-05-27T15:55:47.818+0000] {dag.py:3096} INFO - Sync 3 DAGs
[2026-05-27T15:55:47.838+0000] {logging_mixin.py:188} INFO - [2026-05-27T15:55:47.838+0000] {dag.py:3954} INFO - Setting next_dagrun for data_quality to 2026-05-27 13:00:00+00:00, run_after=2026-05-28 13:00:00+00:00
[2026-05-27T15:55:47.843+0000] {logging_mixin.py:188} INFO - [2026-05-27T15:55:47.843+0000] {dag.py:3954} INFO - Setting next_dagrun for produce_json to 2026-05-27 11:00:00+00:00, run_after=2026-05-28 11:00:00+00:00
[2026-05-27T15:55:47.846+0000] {logging_mixin.py:188} INFO - [2026-05-27T15:55:47.846+0000] {dag.py:3954} INFO - Setting next_dagrun for update_db to 2026-05-27 12:00:00+00:00, run_after=2026-05-28 12:00:00+00:00
[2026-05-27T15:55:47.877+0000] {processor.py:183} INFO - Processing /opt/airflow/dags/main.py took 0.212 seconds
[2026-05-27T15:56:18.211+0000] {processor.py:161} INFO - Started process (PID=3345) to work on /opt/airflow/dags/main.py
[2026-05-27T15:56:18.212+0000] {processor.py:830} INFO - Processing file /opt/airflow/dags/main.py for tasks to queue
[2026-05-27T15:56:18.213+0000] {logging_mixin.py:188} INFO - [2026-05-27T15:56:18.213+0000] {dagbag.py:545} INFO - Filling up the DagBag from /opt/airflow/dags/main.py
[2026-05-27T15:56:18.335+0000] {processor.py:840} INFO - DAG(s) 'update_db', 'data_quality', 'produce_json' retrieved from /opt/airflow/dags/main.py
[2026-05-27T15:56:18.367+0000] {logging_mixin.py:188} INFO - [2026-05-27T15:56:18.367+0000] {dag.py:3096} INFO - Sync 3 DAGs
[2026-05-27T15:56:18.387+0000] {logging_mixin.py:188} INFO - [2026-05-27T15:56:18.387+0000] {dag.py:3954} INFO - Setting next_dagrun for data_quality to 2026-05-27 13:00:00+00:00, run_after=2026-05-28 13:00:00+00:00
[2026-05-27T15:56:18.392+0000] {logging_mixin.py:188} INFO - [2026-05-27T15:56:18.392+0000] {dag.py:3954} INFO - Setting next_dagrun for produce_json to 2026-05-27 11:00:00+00:00, run_after=2026-05-28 11:00:00+00:00
[2026-05-27T15:56:18.396+0000] {logging_mixin.py:188} INFO - [2026-05-27T15:56:18.395+0000] {dag.py:3954} INFO - Setting next_dagrun for update_db to 2026-05-27 12:00:00+00:00, run_after=2026-05-28 12:00:00+00:00
[2026-05-27T15:56:18.412+0000] {processor.py:183} INFO - Processing /opt/airflow/dags/main.py took 0.208 seconds
[2026-05-27T15:56:48.548+0000] {processor.py:161} INFO - Started process (PID=3352) to work on /opt/airflow/dags/main.py
[2026-05-27T15:56:48.550+0000] {processor.py:830} INFO - Processing file /opt/airflow/dags/main.py for tasks to queue
[2026-05-27T15:56:48.551+0000] {logging_mixin.py:188} INFO - [2026-05-27T15:56:48.551+0000] {dagbag.py:545} INFO - Filling up the DagBag from /opt/airflow/dags/main.py
[2026-05-27T15:56:48.686+0000] {processor.py:840} INFO - DAG(s) 'data_quality', 'update_db', 'produce_json' retrieved from /opt/airflow/dags/main.py
[2026-05-27T15:56:48.718+0000] {logging_mixin.py:188} INFO - [2026-05-27T15:56:48.718+0000] {dag.py:3096} INFO - Sync 3 DAGs
[2026-05-27T15:56:48.737+0000] {logging_mixin.py:188} INFO - [2026-05-27T15:56:48.737+0000] {dag.py:3954} INFO - Setting next_dagrun for data_quality to 2026-05-27 13:00:00+00:00, run_after=2026-05-28 13:00:00+00:00
[2026-05-27T15:56:48.743+0000] {logging_mixin.py:188} INFO - [2026-05-27T15:56:48.743+0000] {dag.py:3954} INFO - Setting next_dagrun for produce_json to 2026-05-27 11:00:00+00:00, run_after=2026-05-28 11:00:00+00:00
[2026-05-27T15:56:48.747+0000] {logging_mixin.py:188} INFO - [2026-05-27T15:56:48.747+0000] {dag.py:3954} INFO - Setting next_dagrun for update_db to 2026-05-27 12:00:00+00:00, run_after=2026-05-28 12:00:00+00:00
[2026-05-27T15:56:48.763+0000] {processor.py:183} INFO - Processing /opt/airflow/dags/main.py took 0.221 seconds
[2026-05-27T15:57:18.960+0000] {processor.py:161} INFO - Started process (PID=3359) to work on /opt/airflow/dags/main.py
[2026-05-27T15:57:18.962+0000] {processor.py:830} INFO - Processing file /opt/airflow/dags/main.py for tasks to queue
[2026-05-27T15:57:18.963+0000] {logging_mixin.py:188} INFO - [2026-05-27T15:57:18.962+0000] {dagbag.py:545} INFO - Filling up the DagBag from /opt/airflow/dags/main.py
[2026-05-27T15:57:19.077+0000] {processor.py:840} INFO - DAG(s) 'produce_json', 'update_db', 'data_quality' retrieved from /opt/airflow/dags/main.py
[2026-05-27T15:57:19.109+0000] {logging_mixin.py:188} INFO - [2026-05-27T15:57:19.108+0000] {dag.py:3096} INFO - Sync 3 DAGs
[2026-05-27T15:57:19.129+0000] {logging_mixin.py:188} INFO - [2026-05-27T15:57:19.129+0000] {dag.py:3954} INFO - Setting next_dagrun for data_quality to 2026-05-27 13:00:00+00:00, run_after=2026-05-28 13:00:00+00:00
[2026-05-27T15:57:19.134+0000] {logging_mixin.py:188} INFO - [2026-05-27T15:57:19.134+0000] {dag.py:3954} INFO - Setting next_dagrun for produce_json to 2026-05-27 11:00:00+00:00, run_after=2026-05-28 11:00:00+00:00
[2026-05-27T15:57:19.137+0000] {logging_mixin.py:188} INFO - [2026-05-27T15:57:19.137+0000] {dag.py:3954} INFO - Setting next_dagrun for update_db to 2026-05-27 12:00:00+00:00, run_after=2026-05-28 12:00:00+00:00
[2026-05-27T15:57:19.153+0000] {processor.py:183} INFO - Processing /opt/airflow/dags/main.py took 0.199 seconds
[2026-05-27T15:57:49.380+0000] {processor.py:161} INFO - Started process (PID=3366) to work on /opt/airflow/dags/main.py
[2026-05-27T15:57:49.381+0000] {processor.py:830} INFO - Processing file /opt/airflow/dags/main.py for tasks to queue
[2026-05-27T15:57:49.382+0000] {logging_mixin.py:188} INFO - [2026-05-27T15:57:49.382+0000] {dagbag.py:545} INFO - Filling up the DagBag from /opt/airflow/dags/main.py
[2026-05-27T15:57:49.513+0000] {processor.py:840} INFO - DAG(s) 'data_quality', 'produce_json', 'update_db' retrieved from /opt/airflow/dags/main.py
[2026-05-27T15:57:49.547+0000] {logging_mixin.py:188} INFO - [2026-05-27T15:57:49.546+0000] {dag.py:3096} INFO - Sync 3 DAGs
[2026-05-27T15:57:49.567+0000] {logging_mixin.py:188} INFO - [2026-05-27T15:57:49.567+0000] {dag.py:3954} INFO - Setting next_dagrun for data_quality to 2026-05-27 13:00:00+00:00, run_after=2026-05-28 13:00:00+00:00
[2026-05-27T15:57:49.572+0000] {logging_mixin.py:188} INFO - [2026-05-27T15:57:49.572+0000] {dag.py:3954} INFO - Setting next_dagrun for produce_json to 2026-05-27 11:00:00+00:00, run_after=2026-05-28 11:00:00+00:00
[2026-05-27T15:57:49.575+0000] {logging_mixin.py:188} INFO - [2026-05-27T15:57:49.575+0000] {dag.py:3954} INFO - Setting next_dagrun for update_db to 2026-05-27 12:00:00+00:00, run_after=2026-05-28 12:00:00+00:00
[2026-05-27T15:57:49.592+0000] {processor.py:183} INFO - Processing /opt/airflow/dags/main.py took 0.219 seconds
[2026-05-27T15:58:19.653+0000] {processor.py:161} INFO - Started process (PID=3373) to work on /opt/airflow/dags/main.py
[2026-05-27T15:58:19.655+0000] {processor.py:830} INFO - Processing file /opt/airflow/dags/main.py for tasks to queue
[2026-05-27T15:58:19.656+0000] {logging_mixin.py:188} INFO - [2026-05-27T15:58:19.655+0000] {dagbag.py:545} INFO - Filling up the DagBag from /opt/airflow/dags/main.py
[2026-05-27T15:58:15.155+0000] {processor.py:840} INFO - DAG(s) 'data_quality', 'produce_json', 'update_db' retrieved from /opt/airflow/dags/main.py
[2026-05-27T15:58:15.193+0000] {logging_mixin.py:188} INFO - [2026-05-27T15:58:15.193+0000] {dag.py:3096} INFO - Sync 3 DAGs
[2026-05-27T15:58:15.216+0000] {logging_mixin.py:188} INFO - [2026-05-27T15:58:15.216+0000] {dag.py:3954} INFO - Setting next_dagrun for data_quality to 2026-05-27 13:00:00+00:00, run_after=2026-05-28 13:00:00+00:00
[2026-05-27T15:58:15.221+0000] {logging_mixin.py:188} INFO - [2026-05-27T15:58:15.221+0000] {dag.py:3954} INFO - Setting next_dagrun for produce_json to 2026-05-27 11:00:00+00:00, run_after=2026-05-28 11:00:00+00:00
[2026-05-27T15:58:15.224+0000] {logging_mixin.py:188} INFO - [2026-05-27T15:58:15.224+0000] {dag.py:3954} INFO - Setting next_dagrun for update_db to 2026-05-27 12:00:00+00:00, run_after=2026-05-28 12:00:00+00:00
[2026-05-27T15:58:15.242+0000] {processor.py:183} INFO - Processing /opt/airflow/dags/main.py took 0.225 seconds
[2026-05-27T15:58:45.530+0000] {processor.py:161} INFO - Started process (PID=3380) to work on /opt/airflow/dags/main.py
[2026-05-27T15:58:45.531+0000] {processor.py:830} INFO - Processing file /opt/airflow/dags/main.py for tasks to queue
[2026-05-27T15:58:45.532+0000] {logging_mixin.py:188} INFO - [2026-05-27T15:58:45.532+0000] {dagbag.py:545} INFO - Filling up the DagBag from /opt/airflow/dags/main.py
[2026-05-27T15:58:45.668+0000] {processor.py:840} INFO - DAG(s) 'update_db', 'produce_json', 'data_quality' retrieved from /opt/airflow/dags/main.py
[2026-05-27T15:58:45.709+0000] {logging_mixin.py:188} INFO - [2026-05-27T15:58:45.709+0000] {dag.py:3096} INFO - Sync 3 DAGs
[2026-05-27T15:58:45.735+0000] {logging_mixin.py:188} INFO - [2026-05-27T15:58:45.735+0000] {dag.py:3954} INFO - Setting next_dagrun for data_quality to 2026-05-27 13:00:00+00:00, run_after=2026-05-28 13:00:00+00:00
[2026-05-27T15:58:45.741+0000] {logging_mixin.py:188} INFO - [2026-05-27T15:58:45.741+0000] {dag.py:3954} INFO - Setting next_dagrun for produce_json to 2026-05-27 11:00:00+00:00, run_after=2026-05-28 11:00:00+00:00
[2026-05-27T15:58:45.745+0000] {logging_mixin.py:188} INFO - [2026-05-27T15:58:45.745+0000] {dag.py:3954} INFO - Setting next_dagrun for update_db to 2026-05-27 12:00:00+00:00, run_after=2026-05-28 12:00:00+00:00
[2026-05-27T15:58:45.765+0000] {processor.py:183} INFO - Processing /opt/airflow/dags/main.py took 0.244 seconds
[2026-05-27T15:59:15.989+0000] {processor.py:161} INFO - Started process (PID=3387) to work on /opt/airflow/dags/main.py
[2026-05-27T15:59:15.990+0000] {processor.py:830} INFO - Processing file /opt/airflow/dags/main.py for tasks to queue
[2026-05-27T15:59:15.992+0000] {logging_mixin.py:188} INFO - [2026-05-27T15:59:15.991+0000] {dagbag.py:545} INFO - Filling up the DagBag from /opt/airflow/dags/main.py
[2026-05-27T15:59:16.125+0000] {processor.py:840} INFO - DAG(s) 'update_db', 'data_quality', 'produce_json' retrieved from /opt/airflow/dags/main.py
[2026-05-27T15:59:16.160+0000] {logging_mixin.py:188} INFO - [2026-05-27T15:59:16.160+0000] {dag.py:3096} INFO - Sync 3 DAGs
[2026-05-27T15:59:16.181+0000] {logging_mixin.py:188} INFO - [2026-05-27T15:59:16.181+0000] {dag.py:3954} INFO - Setting next_dagrun for data_quality to 2026-05-27 13:00:00+00:00, run_after=2026-05-28 13:00:00+00:00
[2026-05-27T15:59:16.186+0000] {logging_mixin.py:188} INFO - [2026-05-27T15:59:16.186+0000] {dag.py:3954} INFO - Setting next_dagrun for produce_json to 2026-05-27 11:00:00+00:00, run_after=2026-05-28 11:00:00+00:00
[2026-05-27T15:59:16.190+0000] {logging_mixin.py:188} INFO - [2026-05-27T15:59:16.189+0000] {dag.py:3954} INFO - Setting next_dagrun for update_db to 2026-05-27 12:00:00+00:00, run_after=2026-05-28 12:00:00+00:00
[2026-05-27T15:59:16.208+0000] {processor.py:183} INFO - Processing /opt/airflow/dags/main.py took 0.227 seconds
[2026-05-27T15:59:46.356+0000] {processor.py:161} INFO - Started process (PID=3394) to work on /opt/airflow/dags/main.py
[2026-05-27T15:59:46.357+0000] {processor.py:830} INFO - Processing file /opt/airflow/dags/main.py for tasks to queue
[2026-05-27T15:59:46.358+0000] {logging_mixin.py:188} INFO - [2026-05-27T15:59:46.358+0000] {dagbag.py:545} INFO - Filling up the DagBag from /opt/airflow/dags/main.py
[2026-05-27T15:59:46.495+0000] {processor.py:840} INFO - DAG(s) 'produce_json', 'update_db', 'data_quality' retrieved from /opt/airflow/dags/main.py
[2026-05-27T15:59:46.532+0000] {logging_mixin.py:188} INFO - [2026-05-27T15:59:46.531+0000] {dag.py:3096} INFO - Sync 3 DAGs
[2026-05-27T15:59:46.554+0000] {logging_mixin.py:188} INFO - [2026-05-27T15:59:46.554+0000] {dag.py:3954} INFO - Setting next_dagrun for data_quality to 2026-05-27 13:00:00+00:00, run_after=2026-05-28 13:00:00+00:00
[2026-05-27T15:59:46.559+0000] {logging_mixin.py:188} INFO - [2026-05-27T15:59:46.559+0000] {dag.py:3954} INFO - Setting next_dagrun for produce_json to 2026-05-27 11:00:00+00:00, run_after=2026-05-28 11:00:00+00:00
[2026-05-27T15:59:46.563+0000] {logging_mixin.py:188} INFO - [2026-05-27T15:59:46.562+0000] {dag.py:3954} INFO - Setting next_dagrun for update_db to 2026-05-27 12:00:00+00:00, run_after=2026-05-28 12:00:00+00:00
[2026-05-27T15:59:46.580+0000] {processor.py:183} INFO - Processing /opt/airflow/dags/main.py took 0.232 seconds
[2026-05-27T16:00:16.700+0000] {processor.py:161} INFO - Started process (PID=3401) to work on /opt/airflow/dags/main.py
[2026-05-27T16:00:16.701+0000] {processor.py:830} INFO - Processing file /opt/airflow/dags/main.py for tasks to queue
[2026-05-27T16:00:16.702+0000] {logging_mixin.py:188} INFO - [2026-05-27T16:00:16.702+0000] {dagbag.py:545} INFO - Filling up the DagBag from /opt/airflow/dags/main.py
[2026-05-27T16:00:16.829+0000] {processor.py:840} INFO - DAG(s) 'produce_json', 'update_db', 'data_quality' retrieved from /opt/airflow/dags/main.py
[2026-05-27T16:00:16.863+0000] {logging_mixin.py:188} INFO - [2026-05-27T16:00:16.863+0000] {dag.py:3096} INFO - Sync 3 DAGs
[2026-05-27T16:00:16.886+0000] {logging_mixin.py:188} INFO - [2026-05-27T16:00:16.886+0000] {dag.py:3954} INFO - Setting next_dagrun for data_quality to 2026-05-27 13:00:00+00:00, run_after=2026-05-28 13:00:00+00:00
[2026-05-27T16:00:16.891+0000] {logging_mixin.py:188} INFO - [2026-05-27T16:00:16.891+0000] {dag.py:3954} INFO - Setting next_dagrun for produce_json to 2026-05-27 11:00:00+00:00, run_after=2026-05-28 11:00:00+00:00
[2026-05-27T16:00:16.895+0000] {logging_mixin.py:188} INFO - [2026-05-27T16:00:16.895+0000] {dag.py:3954} INFO - Setting next_dagrun for update_db to 2026-05-27 12:00:00+00:00, run_after=2026-05-28 12:00:00+00:00
[2026-05-27T16:00:16.923+0000] {processor.py:183} INFO - Processing /opt/airflow/dags/main.py took 0.230 seconds
[2026-05-27T16:00:47.071+0000] {processor.py:161} INFO - Started process (PID=3408) to work on /opt/airflow/dags/main.py
[2026-05-27T16:00:47.072+0000] {processor.py:830} INFO - Processing file /opt/airflow/dags/main.py for tasks to queue
[2026-05-27T16:00:47.073+0000] {logging_mixin.py:188} INFO - [2026-05-27T16:00:47.073+0000] {dagbag.py:545} INFO - Filling up the DagBag from /opt/airflow/dags/main.py
[2026-05-27T16:00:47.199+0000] {processor.py:840} INFO - DAG(s) 'produce_json', 'data_quality', 'update_db' retrieved from /opt/airflow/dags/main.py
[2026-05-27T16:00:47.233+0000] {logging_mixin.py:188} INFO - [2026-05-27T16:00:47.232+0000] {dag.py:3096} INFO - Sync 3 DAGs
[2026-05-27T16:00:47.253+0000] {logging_mixin.py:188} INFO - [2026-05-27T16:00:47.253+0000] {dag.py:3954} INFO - Setting next_dagrun for data_quality to 2026-05-27 13:00:00+00:00, run_after=2026-05-28 13:00:00+00:00
[2026-05-27T16:00:47.259+0000] {logging_mixin.py:188} INFO - [2026-05-27T16:00:47.258+0000] {dag.py:3954} INFO - Setting next_dagrun for produce_json to 2026-05-27 11:00:00+00:00, run_after=2026-05-28 11:00:00+00:00
[2026-05-27T16:00:47.262+0000] {logging_mixin.py:188} INFO - [2026-05-27T16:00:47.262+0000] {dag.py:3954} INFO - Setting next_dagrun for update_db to 2026-05-27 12:00:00+00:00, run_after=2026-05-28 12:00:00+00:00
[2026-05-27T16:00:47.290+0000] {processor.py:183} INFO - Processing /opt/airflow/dags/main.py took 0.227 seconds
[2026-05-27T16:01:17.481+0000] {processor.py:161} INFO - Started process (PID=3415) to work on /opt/airflow/dags/main.py
[2026-05-27T16:01:17.482+0000] {processor.py:830} INFO - Processing file /opt/airflow/dags/main.py for tasks to queue
[2026-05-27T16:01:17.483+0000] {logging_mixin.py:188} INFO - [2026-05-27T16:01:17.483+0000] {dagbag.py:545} INFO - Filling up the DagBag from /opt/airflow/dags/main.py
[2026-05-27T16:01:17.602+0000] {processor.py:840} INFO - DAG(s) 'update_db', 'produce_json', 'data_quality' retrieved from /opt/airflow/dags/main.py
[2026-05-27T16:01:17.634+0000] {logging_mixin.py:188} INFO - [2026-05-27T16:01:17.634+0000] {dag.py:3096} INFO - Sync 3 DAGs
[2026-05-27T16:01:17.654+0000] {logging_mixin.py:188} INFO - [2026-05-27T16:01:17.653+0000] {dag.py:3954} INFO - Setting next_dagrun for data_quality to 2026-05-27 13:00:00+00:00, run_after=2026-05-28 13:00:00+00:00
[2026-05-27T16:01:17.658+0000] {logging_mixin.py:188} INFO - [2026-05-27T16:01:17.658+0000] {dag.py:3954} INFO - Setting next_dagrun for produce_json to 2026-05-27 11:00:00+00:00, run_after=2026-05-28 11:00:00+00:00
[2026-05-27T16:01:17.661+0000] {logging_mixin.py:188} INFO - [2026-05-27T16:01:17.661+0000] {dag.py:3954} INFO - Setting next_dagrun for update_db to 2026-05-27 12:00:00+00:00, run_after=2026-05-28 12:00:00+00:00
[2026-05-27T16:01:17.689+0000] {processor.py:183} INFO - Processing /opt/airflow/dags/main.py took 0.214 seconds
[2026-05-27T16:01:47.982+0000] {processor.py:161} INFO - Started process (PID=3422) to work on /opt/airflow/dags/main.py
[2026-05-27T16:01:47.983+0000] {processor.py:830} INFO - Processing file /opt/airflow/dags/main.py for tasks to queue
[2026-05-27T16:01:47.985+0000] {logging_mixin.py:188} INFO - [2026-05-27T16:01:47.984+0000] {dagbag.py:545} INFO - Filling up the DagBag from /opt/airflow/dags/main.py
[2026-05-27T16:01:48.104+0000] {processor.py:840} INFO - DAG(s) 'produce_json', 'data_quality', 'update_db' retrieved from /opt/airflow/dags/main.py
[2026-05-27T16:01:48.135+0000] {logging_mixin.py:188} INFO - [2026-05-27T16:01:48.135+0000] {dag.py:3096} INFO - Sync 3 DAGs
[2026-05-27T16:01:48.155+0000] {logging_mixin.py:188} INFO - [2026-05-27T16:01:48.155+0000] {dag.py:3954} INFO - Setting next_dagrun for data_quality to 2026-05-27 13:00:00+00:00, run_after=2026-05-28 13:00:00+00:00
[2026-05-27T16:01:48.160+0000] {logging_mixin.py:188} INFO - [2026-05-27T16:01:48.160+0000] {dag.py:3954} INFO - Setting next_dagrun for produce_json to 2026-05-27 11:00:00+00:00, run_after=2026-05-28 11:00:00+00:00
[2026-05-27T16:01:48.163+0000] {logging_mixin.py:188} INFO - [2026-05-27T16:01:48.163+0000] {dag.py:3954} INFO - Setting next_dagrun for update_db to 2026-05-27 12:00:00+00:00, run_after=2026-05-28 12:00:00+00:00
[2026-05-27T16:01:48.179+0000] {processor.py:183} INFO - Processing /opt/airflow/dags/main.py took 0.203 seconds
[2026-05-27T16:02:18.315+0000] {processor.py:161} INFO - Started process (PID=3429) to work on /opt/airflow/dags/main.py
[2026-05-27T16:02:18.317+0000] {processor.py:830} INFO - Processing file /opt/airflow/dags/main.py for tasks to queue
[2026-05-27T16:02:18.318+0000] {logging_mixin.py:188} INFO - [2026-05-27T16:02:18.318+0000] {dagbag.py:545} INFO - Filling up the DagBag from /opt/airflow/dags/main.py
[2026-05-27T16:02:18.453+0000] {processor.py:840} INFO - DAG(s) 'data_quality', 'produce_json', 'update_db' retrieved from /opt/airflow/dags/main.py
[2026-05-27T16:02:18.488+0000] {logging_mixin.py:188} INFO - [2026-05-27T16:02:18.487+0000] {dag.py:3096} INFO - Sync 3 DAGs
[2026-05-27T16:02:18.509+0000] {logging_mixin.py:188} INFO - [2026-05-27T16:02:18.508+0000] {dag.py:3954} INFO - Setting next_dagrun for data_quality to 2026-05-27 13:00:00+00:00, run_after=2026-05-28 13:00:00+00:00
[2026-05-27T16:02:18.514+0000] {logging_mixin.py:188} INFO - [2026-05-27T16:02:18.513+0000] {dag.py:3954} INFO - Setting next_dagrun for produce_json to 2026-05-27 11:00:00+00:00, run_after=2026-05-28 11:00:00+00:00
[2026-05-27T16:02:18.517+0000] {logging_mixin.py:188} INFO - [2026-05-27T16:02:18.516+0000] {dag.py:3954} INFO - Setting next_dagrun for update_db to 2026-05-27 12:00:00+00:00, run_after=2026-05-28 12:00:00+00:00
[2026-05-27T16:02:18.534+0000] {processor.py:183} INFO - Processing /opt/airflow/dags/main.py took 0.227 seconds
[2026-05-27T16:02:48.583+0000] {processor.py:161} INFO - Started process (PID=3436) to work on /opt/airflow/dags/main.py
[2026-05-27T16:02:48.585+0000] {processor.py:830} INFO - Processing file /opt/airflow/dags/main.py for tasks to queue
[2026-05-27T16:02:48.586+0000] {logging_mixin.py:188} INFO - [2026-05-27T16:02:48.586+0000] {dagbag.py:545} INFO - Filling up the DagBag from /opt/airflow/dags/main.py
[2026-05-27T16:02:48.704+0000] {processor.py:840} INFO - DAG(s) 'produce_json', 'update_db', 'data_quality' retrieved from /opt/airflow/dags/main.py
[2026-05-27T16:02:48.736+0000] {logging_mixin.py:188} INFO - [2026-05-27T16:02:48.736+0000] {dag.py:3096} INFO - Sync 3 DAGs
[2026-05-27T16:02:48.756+0000] {logging_mixin.py:188} INFO - [2026-05-27T16:02:48.756+0000] {dag.py:3954} INFO - Setting next_dagrun for data_quality to 2026-05-27 13:00:00+00:00, run_after=2026-05-28 13:00:00+00:00
[2026-05-27T16:02:48.761+0000] {logging_mixin.py:188} INFO - [2026-05-27T16:02:48.761+0000] {dag.py:3954} INFO - Setting next_dagrun for produce_json to 2026-05-27 11:00:00+00:00, run_after=2026-05-28 11:00:00+00:00
[2026-05-27T16:02:48.764+0000] {logging_mixin.py:188} INFO - [2026-05-27T16:02:48.764+0000] {dag.py:3954} INFO - Setting next_dagrun for update_db to 2026-05-27 12:00:00+00:00, run_after=2026-05-28 12:00:00+00:00
[2026-05-27T16:02:48.779+0000] {processor.py:183} INFO - Processing /opt/airflow/dags/main.py took 0.202 seconds
[2026-05-27T16:03:18.914+0000] {processor.py:161} INFO - Started process (PID=3443) to work on /opt/airflow/dags/main.py
[2026-05-27T16:03:18.916+0000] {processor.py:830} INFO - Processing file /opt/airflow/dags/main.py for tasks to queue
[2026-05-27T16:03:18.917+0000] {logging_mixin.py:188} INFO - [2026-05-27T16:03:18.916+0000] {dagbag.py:545} INFO - Filling up the DagBag from /opt/airflow/dags/main.py
[2026-05-27T16:03:19.039+0000] {processor.py:840} INFO - DAG(s) 'update_db', 'produce_json', 'data_quality' retrieved from /opt/airflow/dags/main.py
[2026-05-27T16:03:19.072+0000] {logging_mixin.py:188} INFO - [2026-05-27T16:03:19.072+0000] {dag.py:3096} INFO - Sync 3 DAGs
[2026-05-27T16:03:19.092+0000] {logging_mixin.py:188} INFO - [2026-05-27T16:03:19.092+0000] {dag.py:3954} INFO - Setting next_dagrun for data_quality to 2026-05-27 13:00:00+00:00, run_after=2026-05-28 13:00:00+00:00
[2026-05-27T16:03:19.097+0000] {logging_mixin.py:188} INFO - [2026-05-27T16:03:19.097+0000] {dag.py:3954} INFO - Setting next_dagrun for produce_json to 2026-05-27 11:00:00+00:00, run_after=2026-05-28 11:00:00+00:00
[2026-05-27T16:03:19.100+0000] {logging_mixin.py:188} INFO - [2026-05-27T16:03:19.100+0000] {dag.py:3954} INFO - Setting next_dagrun for update_db to 2026-05-27 12:00:00+00:00, run_after=2026-05-28 12:00:00+00:00
[2026-05-27T16:03:19.127+0000] {processor.py:183} INFO - Processing /opt/airflow/dags/main.py took 0.219 seconds
[2026-05-27T16:03:49.477+0000] {processor.py:161} INFO - Started process (PID=3450) to work on /opt/airflow/dags/main.py
[2026-05-27T16:03:49.478+0000] {processor.py:830} INFO - Processing file /opt/airflow/dags/main.py for tasks to queue
[2026-05-27T16:03:49.479+0000] {logging_mixin.py:188} INFO - [2026-05-27T16:03:49.479+0000] {dagbag.py:545} INFO - Filling up the DagBag from /opt/airflow/dags/main.py
[2026-05-27T16:03:49.596+0000] {processor.py:840} INFO - DAG(s) 'data_quality', 'update_db', 'produce_json' retrieved from /opt/airflow/dags/main.py
[2026-05-27T16:03:49.630+0000] {logging_mixin.py:188} INFO - [2026-05-27T16:03:49.630+0000] {dag.py:3096} INFO - Sync 3 DAGs
[2026-05-27T16:03:49.652+0000] {logging_mixin.py:188} INFO - [2026-05-27T16:03:49.651+0000] {dag.py:3954} INFO - Setting next_dagrun for data_quality to 2026-05-27 13:00:00+00:00, run_after=2026-05-28 13:00:00+00:00
[2026-05-27T16:03:49.657+0000] {logging_mixin.py:188} INFO - [2026-05-27T16:03:49.657+0000] {dag.py:3954} INFO - Setting next_dagrun for produce_json to 2026-05-27 11:00:00+00:00, run_after=2026-05-28 11:00:00+00:00
[2026-05-27T16:03:49.660+0000] {logging_mixin.py:188} INFO - [2026-05-27T16:03:49.660+0000] {dag.py:3954} INFO - Setting next_dagrun for update_db to 2026-05-27 12:00:00+00:00, run_after=2026-05-28 12:00:00+00:00
[2026-05-27T16:03:49.676+0000] {processor.py:183} INFO - Processing /opt/airflow/dags/main.py took 0.205 seconds
[2026-05-27T16:04:19.878+0000] {processor.py:161} INFO - Started process (PID=3457) to work on /opt/airflow/dags/main.py
[2026-05-27T16:04:19.879+0000] {processor.py:830} INFO - Processing file /opt/airflow/dags/main.py for tasks to queue
[2026-05-27T16:04:19.880+0000] {logging_mixin.py:188} INFO - [2026-05-27T16:04:19.880+0000] {dagbag.py:545} INFO - Filling up the DagBag from /opt/airflow/dags/main.py
[2026-05-27T16:04:19.998+0000] {processor.py:840} INFO - DAG(s) 'produce_json', 'data_quality', 'update_db' retrieved from /opt/airflow/dags/main.py
[2026-05-27T16:04:20.029+0000] {logging_mixin.py:188} INFO - [2026-05-27T16:04:20.029+0000] {dag.py:3096} INFO - Sync 3 DAGs
[2026-05-27T16:04:20.048+0000] {logging_mixin.py:188} INFO - [2026-05-27T16:04:20.048+0000] {dag.py:3954} INFO - Setting next_dagrun for data_quality to 2026-05-27 13:00:00+00:00, run_after=2026-05-28 13:00:00+00:00
[2026-05-27T16:04:20.053+0000] {logging_mixin.py:188} INFO - [2026-05-27T16:04:20.053+0000] {dag.py:3954} INFO - Setting next_dagrun for produce_json to 2026-05-27 11:00:00+00:00, run_after=2026-05-28 11:00:00+00:00
[2026-05-27T16:04:20.056+0000] {logging_mixin.py:188} INFO - [2026-05-27T16:04:20.056+0000] {dag.py:3954} INFO - Setting next_dagrun for update_db to 2026-05-27 12:00:00+00:00, run_after=2026-05-28 12:00:00+00:00
[2026-05-27T16:04:20.072+0000] {processor.py:183} INFO - Processing /opt/airflow/dags/main.py took 0.201 seconds
[2026-05-27T16:04:50.174+0000] {processor.py:161} INFO - Started process (PID=3464) to work on /opt/airflow/dags/main.py
[2026-05-27T16:04:50.175+0000] {processor.py:830} INFO - Processing file /opt/airflow/dags/main.py for tasks to queue
[2026-05-27T16:04:50.176+0000] {logging_mixin.py:188} INFO - [2026-05-27T16:04:50.176+0000] {dagbag.py:545} INFO - Filling up the DagBag from /opt/airflow/dags/main.py
[2026-05-27T16:04:50.302+0000] {processor.py:840} INFO - DAG(s) 'update_db', 'produce_json', 'data_quality' retrieved from /opt/airflow/dags/main.py
[2026-05-27T16:04:50.333+0000] {logging_mixin.py:188} INFO - [2026-05-27T16:04:50.333+0000] {dag.py:3096} INFO - Sync 3 DAGs
[2026-05-27T16:04:50.353+0000] {logging_mixin.py:188} INFO - [2026-05-27T16:04:50.353+0000] {dag.py:3954} INFO - Setting next_dagrun for data_quality to 2026-05-27 13:00:00+00:00, run_after=2026-05-28 13:00:00+00:00
[2026-05-27T16:04:50.358+0000] {logging_mixin.py:188} INFO - [2026-05-27T16:04:50.357+0000] {dag.py:3954} INFO - Setting next_dagrun for produce_json to 2026-05-27 11:00:00+00:00, run_after=2026-05-28 11:00:00+00:00
[2026-05-27T16:04:50.361+0000] {logging_mixin.py:188} INFO - [2026-05-27T16:04:50.361+0000] {dag.py:3954} INFO - Setting next_dagrun for update_db to 2026-05-27 12:00:00+00:00, run_after=2026-05-28 12:00:00+00:00
[2026-05-27T16:04:50.377+0000] {processor.py:183} INFO - Processing /opt/airflow/dags/main.py took 0.209 seconds
[2026-05-27T16:05:20.585+0000] {processor.py:161} INFO - Started process (PID=3472) to work on /opt/airflow/dags/main.py
[2026-05-27T16:05:20.586+0000] {processor.py:830} INFO - Processing file /opt/airflow/dags/main.py for tasks to queue
[2026-05-27T16:05:20.587+0000] {logging_mixin.py:188} INFO - [2026-05-27T16:05:20.587+0000] {dagbag.py:545} INFO - Filling up the DagBag from /opt/airflow/dags/main.py
[2026-05-27T16:05:20.701+0000] {processor.py:840} INFO - DAG(s) 'produce_json', 'data_quality', 'update_db' retrieved from /opt/airflow/dags/main.py
[2026-05-27T16:05:20.733+0000] {logging_mixin.py:188} INFO - [2026-05-27T16:05:20.732+0000] {dag.py:3096} INFO - Sync 3 DAGs
[2026-05-27T16:05:20.753+0000] {logging_mixin.py:188} INFO - [2026-05-27T16:05:20.753+0000] {dag.py:3954} INFO - Setting next_dagrun for data_quality to 2026-05-27 13:00:00+00:00, run_after=2026-05-28 13:00:00+00:00
[2026-05-27T16:05:20.759+0000] {logging_mixin.py:188} INFO - [2026-05-27T16:05:20.759+0000] {dag.py:3954} INFO - Setting next_dagrun for produce_json to 2026-05-27 11:00:00+00:00, run_after=2026-05-28 11:00:00+00:00
[2026-05-27T16:05:20.762+0000] {logging_mixin.py:188} INFO - [2026-05-27T16:05:20.762+0000] {dag.py:3954} INFO - Setting next_dagrun for update_db to 2026-05-27 12:00:00+00:00, run_after=2026-05-28 12:00:00+00:00
[2026-05-27T16:05:20.789+0000] {processor.py:183} INFO - Processing /opt/airflow/dags/main.py took 0.210 seconds
[2026-05-27T16:05:51.129+0000] {processor.py:161} INFO - Started process (PID=3479) to work on /opt/airflow/dags/main.py
[2026-05-27T16:05:51.130+0000] {processor.py:830} INFO - Processing file /opt/airflow/dags/main.py for tasks to queue
[2026-05-27T16:05:51.131+0000] {logging_mixin.py:188} INFO - [2026-05-27T16:05:51.131+0000] {dagbag.py:545} INFO - Filling up the DagBag from /opt/airflow/dags/main.py
[2026-05-27T16:05:51.239+0000] {processor.py:840} INFO - DAG(s) 'update_db', 'produce_json', 'data_quality' retrieved from /opt/airflow/dags/main.py
[2026-05-27T16:05:51.270+0000] {logging_mixin.py:188} INFO - [2026-05-27T16:05:51.270+0000] {dag.py:3096} INFO - Sync 3 DAGs
[2026-05-27T16:05:51.290+0000] {logging_mixin.py:188} INFO - [2026-05-27T16:05:51.290+0000] {dag.py:3954} INFO - Setting next_dagrun for data_quality to 2026-05-27 13:00:00+00:00, run_after=2026-05-28 13:00:00+00:00
[2026-05-27T16:05:51.295+0000] {logging_mixin.py:188} INFO - [2026-05-27T16:05:51.295+0000] {dag.py:3954} INFO - Setting next_dagrun for produce_json to 2026-05-27 11:00:00+00:00, run_after=2026-05-28 11:00:00+00:00
[2026-05-27T16:05:51.298+0000] {logging_mixin.py:188} INFO - [2026-05-27T16:05:51.298+0000] {dag.py:3954} INFO - Setting next_dagrun for update_db to 2026-05-27 12:00:00+00:00, run_after=2026-05-28 12:00:00+00:00
[2026-05-27T16:05:51.314+0000] {processor.py:183} INFO - Processing /opt/airflow/dags/main.py took 0.191 seconds
[2026-05-27T16:06:21.498+0000] {processor.py:161} INFO - Started process (PID=3486) to work on /opt/airflow/dags/main.py
[2026-05-27T16:06:21.500+0000] {processor.py:830} INFO - Processing file /opt/airflow/dags/main.py for tasks to queue
[2026-05-27T16:06:21.501+0000] {logging_mixin.py:188} INFO - [2026-05-27T16:06:21.500+0000] {dagbag.py:545} INFO - Filling up the DagBag from /opt/airflow/dags/main.py
[2026-05-27T16:06:21.609+0000] {processor.py:840} INFO - DAG(s) 'update_db', 'produce_json', 'data_quality' retrieved from /opt/airflow/dags/main.py
[2026-05-27T16:06:21.641+0000] {logging_mixin.py:188} INFO - [2026-05-27T16:06:21.641+0000] {dag.py:3096} INFO - Sync 3 DAGs
[2026-05-27T16:06:21.661+0000] {logging_mixin.py:188} INFO - [2026-05-27T16:06:21.660+0000] {dag.py:3954} INFO - Setting next_dagrun for data_quality to 2026-05-27 13:00:00+00:00, run_after=2026-05-28 13:00:00+00:00
[2026-05-27T16:06:21.666+0000] {logging_mixin.py:188} INFO - [2026-05-27T16:06:21.665+0000] {dag.py:3954} INFO - Setting next_dagrun for produce_json to 2026-05-27 11:00:00+00:00, run_after=2026-05-28 11:00:00+00:00
[2026-05-27T16:06:21.669+0000] {logging_mixin.py:188} INFO - [2026-05-27T16:06:21.669+0000] {dag.py:3954} INFO - Setting next_dagrun for update_db to 2026-05-27 12:00:00+00:00, run_after=2026-05-28 12:00:00+00:00
[2026-05-27T16:06:21.692+0000] {processor.py:183} INFO - Processing /opt/airflow/dags/main.py took 0.201 seconds
[2026-05-27T16:06:51.907+0000] {processor.py:161} INFO - Started process (PID=3493) to work on /opt/airflow/dags/main.py
[2026-05-27T16:06:51.908+0000] {processor.py:830} INFO - Processing file /opt/airflow/dags/main.py for tasks to queue
[2026-05-27T16:06:51.909+0000] {logging_mixin.py:188} INFO - [2026-05-27T16:06:51.909+0000] {dagbag.py:545} INFO - Filling up the DagBag from /opt/airflow/dags/main.py
[2026-05-27T16:06:52.023+0000] {processor.py:840} INFO - DAG(s) 'produce_json', 'update_db', 'data_quality' retrieved from /opt/airflow/dags/main.py
[2026-05-27T16:06:52.054+0000] {logging_mixin.py:188} INFO - [2026-05-27T16:06:52.054+0000] {dag.py:3096} INFO - Sync 3 DAGs
[2026-05-27T16:06:52.073+0000] {logging_mixin.py:188} INFO - [2026-05-27T16:06:52.073+0000] {dag.py:3954} INFO - Setting next_dagrun for data_quality to 2026-05-27 13:00:00+00:00, run_after=2026-05-28 13:00:00+00:00
[2026-05-27T16:06:52.078+0000] {logging_mixin.py:188} INFO - [2026-05-27T16:06:52.078+0000] {dag.py:3954} INFO - Setting next_dagrun for produce_json to 2026-05-27 11:00:00+00:00, run_after=2026-05-28 11:00:00+00:00
[2026-05-27T16:06:52.081+0000] {logging_mixin.py:188} INFO - [2026-05-27T16:06:52.081+0000] {dag.py:3954} INFO - Setting next_dagrun for update_db to 2026-05-27 12:00:00+00:00, run_after=2026-05-28 12:00:00+00:00
[2026-05-27T16:06:52.096+0000] {processor.py:183} INFO - Processing /opt/airflow/dags/main.py took 0.196 seconds
[2026-05-27T16:07:22.320+0000] {processor.py:161} INFO - Started process (PID=3500) to work on /opt/airflow/dags/main.py
[2026-05-27T16:07:22.322+0000] {processor.py:830} INFO - Processing file /opt/airflow/dags/main.py for tasks to queue
[2026-05-27T16:07:22.323+0000] {logging_mixin.py:188} INFO - [2026-05-27T16:07:22.323+0000] {dagbag.py:545} INFO - Filling up the DagBag from /opt/airflow/dags/main.py
[2026-05-27T16:07:22.436+0000] {processor.py:840} INFO - DAG(s) 'data_quality', 'produce_json', 'update_db' retrieved from /opt/airflow/dags/main.py
[2026-05-27T16:07:22.467+0000] {logging_mixin.py:188} INFO - [2026-05-27T16:07:22.467+0000] {dag.py:3096} INFO - Sync 3 DAGs
[2026-05-27T16:07:22.486+0000] {logging_mixin.py:188} INFO - [2026-05-27T16:07:22.486+0000] {dag.py:3954} INFO - Setting next_dagrun for data_quality to 2026-05-27 13:00:00+00:00, run_after=2026-05-28 13:00:00+00:00
[2026-05-27T16:07:22.491+0000] {logging_mixin.py:188} INFO - [2026-05-27T16:07:22.491+0000] {dag.py:3954} INFO - Setting next_dagrun for produce_json to 2026-05-27 11:00:00+00:00, run_after=2026-05-28 11:00:00+00:00
[2026-05-27T16:07:22.494+0000] {logging_mixin.py:188} INFO - [2026-05-27T16:07:22.494+0000] {dag.py:3954} INFO - Setting next_dagrun for update_db to 2026-05-27 12:00:00+00:00, run_after=2026-05-28 12:00:00+00:00
[2026-05-27T16:07:22.509+0000] {processor.py:183} INFO - Processing /opt/airflow/dags/main.py took 0.196 seconds
[2026-05-27T16:07:52.723+0000] {processor.py:161} INFO - Started process (PID=3507) to work on /opt/airflow/dags/main.py
[2026-05-27T16:07:52.725+0000] {processor.py:830} INFO - Processing file /opt/airflow/dags/main.py for tasks to queue
[2026-05-27T16:07:52.727+0000] {logging_mixin.py:188} INFO - [2026-05-27T16:07:52.726+0000] {dagbag.py:545} INFO - Filling up the DagBag from /opt/airflow/dags/main.py
[2026-05-27T16:07:52.882+0000] {processor.py:840} INFO - DAG(s) 'data_quality', 'update_db', 'produce_json' retrieved from /opt/airflow/dags/main.py
[2026-05-27T16:07:52.918+0000] {logging_mixin.py:188} INFO - [2026-05-27T16:07:52.918+0000] {dag.py:3096} INFO - Sync 3 DAGs
[2026-05-27T16:07:52.942+0000] {logging_mixin.py:188} INFO - [2026-05-27T16:07:52.942+0000] {dag.py:3954} INFO - Setting next_dagrun for data_quality to 2026-05-27 13:00:00+00:00, run_after=2026-05-28 13:00:00+00:00
[2026-05-27T16:07:52.947+0000] {logging_mixin.py:188} INFO - [2026-05-27T16:07:52.947+0000] {dag.py:3954} INFO - Setting next_dagrun for produce_json to 2026-05-27 11:00:00+00:00, run_after=2026-05-28 11:00:00+00:00
[2026-05-27T16:07:52.951+0000] {logging_mixin.py:188} INFO - [2026-05-27T16:07:52.951+0000] {dag.py:3954} INFO - Setting next_dagrun for update_db to 2026-05-27 12:00:00+00:00, run_after=2026-05-28 12:00:00+00:00
[2026-05-27T16:07:52.969+0000] {processor.py:183} INFO - Processing /opt/airflow/dags/main.py took 0.255 seconds
[2026-05-27T16:08:23.185+0000] {processor.py:161} INFO - Started process (PID=3514) to work on /opt/airflow/dags/main.py
[2026-05-27T16:08:23.186+0000] {processor.py:830} INFO - Processing file /opt/airflow/dags/main.py for tasks to queue
[2026-05-27T16:08:23.187+0000] {logging_mixin.py:188} INFO - [2026-05-27T16:08:23.187+0000] {dagbag.py:545} INFO - Filling up the DagBag from /opt/airflow/dags/main.py
[2026-05-27T16:08:23.306+0000] {processor.py:840} INFO - DAG(s) 'data_quality', 'update_db', 'produce_json' retrieved from /opt/airflow/dags/main.py
[2026-05-27T16:08:23.337+0000] {logging_mixin.py:188} INFO - [2026-05-27T16:08:23.337+0000] {dag.py:3096} INFO - Sync 3 DAGs
[2026-05-27T16:08:23.357+0000] {logging_mixin.py:188} INFO - [2026-05-27T16:08:23.357+0000] {dag.py:3954} INFO - Setting next_dagrun for data_quality to 2026-05-27 13:00:00+00:00, run_after=2026-05-28 13:00:00+00:00
[2026-05-27T16:08:23.362+0000] {logging_mixin.py:188} INFO - [2026-05-27T16:08:23.362+0000] {dag.py:3954} INFO - Setting next_dagrun for produce_json to 2026-05-27 11:00:00+00:00, run_after=2026-05-28 11:00:00+00:00
[2026-05-27T16:08:23.365+0000] {logging_mixin.py:188} INFO - [2026-05-27T16:08:23.365+0000] {dag.py:3954} INFO - Setting next_dagrun for update_db to 2026-05-27 12:00:00+00:00, run_after=2026-05-28 12:00:00+00:00
[2026-05-27T16:08:23.381+0000] {processor.py:183} INFO - Processing /opt/airflow/dags/main.py took 0.203 seconds
[2026-05-27T16:08:53.576+0000] {processor.py:161} INFO - Started process (PID=3521) to work on /opt/airflow/dags/main.py
[2026-05-27T16:08:53.578+0000] {processor.py:830} INFO - Processing file /opt/airflow/dags/main.py for tasks to queue
[2026-05-27T16:08:53.579+0000] {logging_mixin.py:188} INFO - [2026-05-27T16:08:53.578+0000] {dagbag.py:545} INFO - Filling up the DagBag from /opt/airflow/dags/main.py
[2026-05-27T16:08:53.696+0000] {processor.py:840} INFO - DAG(s) 'update_db', 'data_quality', 'produce_json' retrieved from /opt/airflow/dags/main.py
[2026-05-27T16:08:53.727+0000] {logging_mixin.py:188} INFO - [2026-05-27T16:08:53.727+0000] {dag.py:3096} INFO - Sync 3 DAGs
[2026-05-27T16:08:53.748+0000] {logging_mixin.py:188} INFO - [2026-05-27T16:08:53.748+0000] {dag.py:3954} INFO - Setting next_dagrun for data_quality to 2026-05-27 13:00:00+00:00, run_after=2026-05-28 13:00:00+00:00
[2026-05-27T16:08:53.753+0000] {logging_mixin.py:188} INFO - [2026-05-27T16:08:53.753+0000] {dag.py:3954} INFO - Setting next_dagrun for produce_json to 2026-05-27 11:00:00+00:00, run_after=2026-05-28 11:00:00+00:00
[2026-05-27T16:08:53.756+0000] {logging_mixin.py:188} INFO - [2026-05-27T16:08:53.756+0000] {dag.py:3954} INFO - Setting next_dagrun for update_db to 2026-05-27 12:00:00+00:00, run_after=2026-05-28 12:00:00+00:00
[2026-05-27T16:08:53.772+0000] {processor.py:183} INFO - Processing /opt/airflow/dags/main.py took 0.202 seconds
[2026-05-27T16:09:24.452+0000] {processor.py:161} INFO - Started process (PID=3529) to work on /opt/airflow/dags/main.py
[2026-05-27T16:09:24.453+0000] {processor.py:830} INFO - Processing file /opt/airflow/dags/main.py for tasks to queue
[2026-05-27T16:09:24.454+0000] {logging_mixin.py:188} INFO - [2026-05-27T16:09:24.454+0000] {dagbag.py:545} INFO - Filling up the DagBag from /opt/airflow/dags/main.py
[2026-05-27T16:09:24.563+0000] {processor.py:840} INFO - DAG(s) 'data_quality', 'produce_json', 'update_db' retrieved from /opt/airflow/dags/main.py
[2026-05-27T16:09:24.594+0000] {logging_mixin.py:188} INFO - [2026-05-27T16:09:24.594+0000] {dag.py:3096} INFO - Sync 3 DAGs
[2026-05-27T16:09:24.613+0000] {logging_mixin.py:188} INFO - [2026-05-27T16:09:24.613+0000] {dag.py:3954} INFO - Setting next_dagrun for data_quality to 2026-05-27 13:00:00+00:00, run_after=2026-05-28 13:00:00+00:00
[2026-05-27T16:09:24.618+0000] {logging_mixin.py:188} INFO - [2026-05-27T16:09:24.618+0000] {dag.py:3954} INFO - Setting next_dagrun for produce_json to 2026-05-27 11:00:00+00:00, run_after=2026-05-28 11:00:00+00:00
[2026-05-27T16:09:24.621+0000] {logging_mixin.py:188} INFO - [2026-05-27T16:09:24.620+0000] {dag.py:3954} INFO - Setting next_dagrun for update_db to 2026-05-27 12:00:00+00:00, run_after=2026-05-28 12:00:00+00:00
[2026-05-27T16:09:24.653+0000] {processor.py:183} INFO - Processing /opt/airflow/dags/main.py took 0.207 seconds
[2026-05-27T16:09:54.809+0000] {processor.py:161} INFO - Started process (PID=3536) to work on /opt/airflow/dags/main.py
[2026-05-27T16:09:54.811+0000] {processor.py:830} INFO - Processing file /opt/airflow/dags/main.py for tasks to queue
[2026-05-27T16:09:54.812+0000] {logging_mixin.py:188} INFO - [2026-05-27T16:09:54.811+0000] {dagbag.py:545} INFO - Filling up the DagBag from /opt/airflow/dags/main.py
[2026-05-27T16:09:54.934+0000] {processor.py:840} INFO - DAG(s) 'data_quality', 'produce_json', 'update_db' retrieved from /opt/airflow/dags/main.py
[2026-05-27T16:09:54.967+0000] {logging_mixin.py:188} INFO - [2026-05-27T16:09:54.966+0000] {dag.py:3096} INFO - Sync 3 DAGs
[2026-05-27T16:09:54.986+0000] {logging_mixin.py:188} INFO - [2026-05-27T16:09:54.986+0000] {dag.py:3954} INFO - Setting next_dagrun for data_quality to 2026-05-27 13:00:00+00:00, run_after=2026-05-28 13:00:00+00:00
[2026-05-27T16:09:54.991+0000] {logging_mixin.py:188} INFO - [2026-05-27T16:09:54.991+0000] {dag.py:3954} INFO - Setting next_dagrun for produce_json to 2026-05-27 11:00:00+00:00, run_after=2026-05-28 11:00:00+00:00
[2026-05-27T16:09:54.994+0000] {logging_mixin.py:188} INFO - [2026-05-27T16:09:54.994+0000] {dag.py:3954} INFO - Setting next_dagrun for update_db to 2026-05-27 12:00:00+00:00, run_after=2026-05-28 12:00:00+00:00
[2026-05-27T16:09:55.028+0000] {processor.py:183} INFO - Processing /opt/airflow/dags/main.py took 0.225 seconds
[2026-05-27T16:10:25.441+0000] {processor.py:161} INFO - Started process (PID=3543) to work on /opt/airflow/dags/main.py
[2026-05-27T16:10:25.442+0000] {processor.py:830} INFO - Processing file /opt/airflow/dags/main.py for tasks to queue
[2026-05-27T16:10:25.443+0000] {logging_mixin.py:188} INFO - [2026-05-27T16:10:25.443+0000] {dagbag.py:545} INFO - Filling up the DagBag from /opt/airflow/dags/main.py
[2026-05-27T16:10:25.555+0000] {processor.py:840} INFO - DAG(s) 'data_quality', 'produce_json', 'update_db' retrieved from /opt/airflow/dags/main.py
[2026-05-27T16:10:25.586+0000] {logging_mixin.py:188} INFO - [2026-05-27T16:10:25.586+0000] {dag.py:3096} INFO - Sync 3 DAGs
[2026-05-27T16:10:25.605+0000] {logging_mixin.py:188} INFO - [2026-05-27T16:10:25.605+0000] {dag.py:3954} INFO - Setting next_dagrun for data_quality to 2026-05-27 13:00:00+00:00, run_after=2026-05-28 13:00:00+00:00
[2026-05-27T16:10:25.610+0000] {logging_mixin.py:188} INFO - [2026-05-27T16:10:25.610+0000] {dag.py:3954} INFO - Setting next_dagrun for produce_json to 2026-05-27 11:00:00+00:00, run_after=2026-05-28 11:00:00+00:00
[2026-05-27T16:10:25.613+0000] {logging_mixin.py:188} INFO - [2026-05-27T16:10:25.613+0000] {dag.py:3954} INFO - Setting next_dagrun for update_db to 2026-05-27 12:00:00+00:00, run_after=2026-05-28 12:00:00+00:00
[2026-05-27T16:10:25.629+0000] {processor.py:183} INFO - Processing /opt/airflow/dags/main.py took 0.194 seconds
[2026-05-27T16:10:55.791+0000] {processor.py:161} INFO - Started process (PID=3550) to work on /opt/airflow/dags/main.py
[2026-05-27T16:10:55.793+0000] {processor.py:830} INFO - Processing file /opt/airflow/dags/main.py for tasks to queue
[2026-05-27T16:10:55.794+0000] {logging_mixin.py:188} INFO - [2026-05-27T16:10:55.793+0000] {dagbag.py:545} INFO - Filling up the DagBag from /opt/airflow/dags/main.py
[2026-05-27T16:10:55.929+0000] {processor.py:840} INFO - DAG(s) 'data_quality', 'update_db', 'produce_json' retrieved from /opt/airflow/dags/main.py
[2026-05-27T16:10:55.960+0000] {logging_mixin.py:188} INFO - [2026-05-27T16:10:55.960+0000] {dag.py:3096} INFO - Sync 3 DAGs
[2026-05-27T16:10:55.979+0000] {logging_mixin.py:188} INFO - [2026-05-27T16:10:55.979+0000] {dag.py:3954} INFO - Setting next_dagrun for data_quality to 2026-05-27 13:00:00+00:00, run_after=2026-05-28 13:00:00+00:00
[2026-05-27T16:10:55.985+0000] {logging_mixin.py:188} INFO - [2026-05-27T16:10:55.985+0000] {dag.py:3954} INFO - Setting next_dagrun for produce_json to 2026-05-27 11:00:00+00:00, run_after=2026-05-28 11:00:00+00:00
[2026-05-27T16:10:55.988+0000] {logging_mixin.py:188} INFO - [2026-05-27T16:10:55.988+0000] {dag.py:3954} INFO - Setting next_dagrun for update_db to 2026-05-27 12:00:00+00:00, run_after=2026-05-28 12:00:00+00:00
[2026-05-27T16:10:56.005+0000] {processor.py:183} INFO - Processing /opt/airflow/dags/main.py took 0.220 seconds
[2026-05-27T16:11:26.291+0000] {processor.py:161} INFO - Started process (PID=3557) to work on /opt/airflow/dags/main.py
[2026-05-27T16:11:26.292+0000] {processor.py:830} INFO - Processing file /opt/airflow/dags/main.py for tasks to queue
[2026-05-27T16:11:26.293+0000] {logging_mixin.py:188} INFO - [2026-05-27T16:11:26.293+0000] {dagbag.py:545} INFO - Filling up the DagBag from /opt/airflow/dags/main.py
[2026-05-27T16:11:26.431+0000] {processor.py:840} INFO - DAG(s) 'data_quality', 'update_db', 'produce_json' retrieved from /opt/airflow/dags/main.py
[2026-05-27T16:11:26.462+0000] {logging_mixin.py:188} INFO - [2026-05-27T16:11:26.461+0000] {dag.py:3096} INFO - Sync 3 DAGs
[2026-05-27T16:11:26.483+0000] {logging_mixin.py:188} INFO - [2026-05-27T16:11:26.482+0000] {dag.py:3954} INFO - Setting next_dagrun for data_quality to 2026-05-27 13:00:00+00:00, run_after=2026-05-28 13:00:00+00:00
[2026-05-27T16:11:26.487+0000] {logging_mixin.py:188} INFO - [2026-05-27T16:11:26.487+0000] {dag.py:3954} INFO - Setting next_dagrun for produce_json to 2026-05-27 11:00:00+00:00, run_after=2026-05-28 11:00:00+00:00
[2026-05-27T16:11:26.491+0000] {logging_mixin.py:188} INFO - [2026-05-27T16:11:26.490+0000] {dag.py:3954} INFO - Setting next_dagrun for update_db to 2026-05-27 12:00:00+00:00, run_after=2026-05-28 12:00:00+00:00
[2026-05-27T16:11:26.507+0000] {processor.py:183} INFO - Processing /opt/airflow/dags/main.py took 0.223 seconds
[2026-05-27T16:11:56.667+0000] {processor.py:161} INFO - Started process (PID=3564) to work on /opt/airflow/dags/main.py
[2026-05-27T16:11:56.668+0000] {processor.py:830} INFO - Processing file /opt/airflow/dags/main.py for tasks to queue
[2026-05-27T16:11:56.670+0000] {logging_mixin.py:188} INFO - [2026-05-27T16:11:56.669+0000] {dagbag.py:545} INFO - Filling up the DagBag from /opt/airflow/dags/main.py
[2026-05-27T16:11:56.807+0000] {processor.py:840} INFO - DAG(s) 'produce_json', 'data_quality', 'update_db' retrieved from /opt/airflow/dags/main.py
[2026-05-27T16:11:56.839+0000] {logging_mixin.py:188} INFO - [2026-05-27T16:11:56.839+0000] {dag.py:3096} INFO - Sync 3 DAGs
[2026-05-27T16:11:56.861+0000] {logging_mixin.py:188} INFO - [2026-05-27T16:11:56.860+0000] {dag.py:3954} INFO - Setting next_dagrun for data_quality to 2026-05-27 13:00:00+00:00, run_after=2026-05-28 13:00:00+00:00
[2026-05-27T16:11:56.866+0000] {logging_mixin.py:188} INFO - [2026-05-27T16:11:56.865+0000] {dag.py:3954} INFO - Setting next_dagrun for produce_json to 2026-05-27 11:00:00+00:00, run_after=2026-05-28 11:00:00+00:00
[2026-05-27T16:11:56.869+0000] {logging_mixin.py:188} INFO - [2026-05-27T16:11:56.868+0000] {dag.py:3954} INFO - Setting next_dagrun for update_db to 2026-05-27 12:00:00+00:00, run_after=2026-05-28 12:00:00+00:00
[2026-05-27T16:11:56.885+0000] {processor.py:183} INFO - Processing /opt/airflow/dags/main.py took 0.224 seconds
[2026-05-27T16:12:27.301+0000] {processor.py:161} INFO - Started process (PID=3571) to work on /opt/airflow/dags/main.py
[2026-05-27T16:12:27.302+0000] {processor.py:830} INFO - Processing file /opt/airflow/dags/main.py for tasks to queue
[2026-05-27T16:12:27.303+0000] {logging_mixin.py:188} INFO - [2026-05-27T16:12:27.303+0000] {dagbag.py:545} INFO - Filling up the DagBag from /opt/airflow/dags/main.py
[2026-05-27T16:12:27.414+0000] {processor.py:840} INFO - DAG(s) 'produce_json', 'update_db', 'data_quality' retrieved from /opt/airflow/dags/main.py
[2026-05-27T16:12:27.445+0000] {logging_mixin.py:188} INFO - [2026-05-27T16:12:27.445+0000] {dag.py:3096} INFO - Sync 3 DAGs
[2026-05-27T16:12:27.467+0000] {logging_mixin.py:188} INFO - [2026-05-27T16:12:27.466+0000] {dag.py:3954} INFO - Setting next_dagrun for data_quality to 2026-05-27 13:00:00+00:00, run_after=2026-05-28 13:00:00+00:00
[2026-05-27T16:12:27.471+0000] {logging_mixin.py:188} INFO - [2026-05-27T16:12:27.471+0000] {dag.py:3954} INFO - Setting next_dagrun for produce_json to 2026-05-27 11:00:00+00:00, run_after=2026-05-28 11:00:00+00:00
[2026-05-27T16:12:27.474+0000] {logging_mixin.py:188} INFO - [2026-05-27T16:12:27.474+0000] {dag.py:3954} INFO - Setting next_dagrun for update_db to 2026-05-27 12:00:00+00:00, run_after=2026-05-28 12:00:00+00:00
[2026-05-27T16:12:27.491+0000] {processor.py:183} INFO - Processing /opt/airflow/dags/main.py took 0.196 seconds
[2026-05-27T16:12:57.614+0000] {processor.py:161} INFO - Started process (PID=3578) to work on /opt/airflow/dags/main.py
[2026-05-27T16:12:57.615+0000] {processor.py:830} INFO - Processing file /opt/airflow/dags/main.py for tasks to queue
[2026-05-27T16:12:57.616+0000] {logging_mixin.py:188} INFO - [2026-05-27T16:12:57.616+0000] {dagbag.py:545} INFO - Filling up the DagBag from /opt/airflow/dags/main.py
[2026-05-27T16:12:57.733+0000] {processor.py:840} INFO - DAG(s) 'update_db', 'data_quality', 'produce_json' retrieved from /opt/airflow/dags/main.py
[2026-05-27T16:12:57.765+0000] {logging_mixin.py:188} INFO - [2026-05-27T16:12:57.765+0000] {dag.py:3096} INFO - Sync 3 DAGs
[2026-05-27T16:12:57.784+0000] {logging_mixin.py:188} INFO - [2026-05-27T16:12:57.784+0000] {dag.py:3954} INFO - Setting next_dagrun for data_quality to 2026-05-27 13:00:00+00:00, run_after=2026-05-28 13:00:00+00:00
[2026-05-27T16:12:57.789+0000] {logging_mixin.py:188} INFO - [2026-05-27T16:12:57.789+0000] {dag.py:3954} INFO - Setting next_dagrun for produce_json to 2026-05-27 11:00:00+00:00, run_after=2026-05-28 11:00:00+00:00
[2026-05-27T16:12:57.792+0000] {logging_mixin.py:188} INFO - [2026-05-27T16:12:57.792+0000] {dag.py:3954} INFO - Setting next_dagrun for update_db to 2026-05-27 12:00:00+00:00, run_after=2026-05-28 12:00:00+00:00
[2026-05-27T16:12:57.808+0000] {processor.py:183} INFO - Processing /opt/airflow/dags/main.py took 0.203 seconds
[2026-05-27T16:13:28.233+0000] {processor.py:161} INFO - Started process (PID=3585) to work on /opt/airflow/dags/main.py
[2026-05-27T16:13:28.234+0000] {processor.py:830} INFO - Processing file /opt/airflow/dags/main.py for tasks to queue
[2026-05-27T16:13:28.235+0000] {logging_mixin.py:188} INFO - [2026-05-27T16:13:28.235+0000] {dagbag.py:545} INFO - Filling up the DagBag from /opt/airflow/dags/main.py
[2026-05-27T16:13:28.350+0000] {processor.py:840} INFO - DAG(s) 'produce_json', 'data_quality', 'update_db' retrieved from /opt/airflow/dags/main.py
[2026-05-27T16:13:28.383+0000] {logging_mixin.py:188} INFO - [2026-05-27T16:13:28.382+0000] {dag.py:3096} INFO - Sync 3 DAGs
[2026-05-27T16:13:28.403+0000] {logging_mixin.py:188} INFO - [2026-05-27T16:13:28.403+0000] {dag.py:3954} INFO - Setting next_dagrun for data_quality to 2026-05-27 13:00:00+00:00, run_after=2026-05-28 13:00:00+00:00
[2026-05-27T16:13:28.408+0000] {logging_mixin.py:188} INFO - [2026-05-27T16:13:28.408+0000] {dag.py:3954} INFO - Setting next_dagrun for produce_json to 2026-05-27 11:00:00+00:00, run_after=2026-05-28 11:00:00+00:00
[2026-05-27T16:13:28.411+0000] {logging_mixin.py:188} INFO - [2026-05-27T16:13:28.411+0000] {dag.py:3954} INFO - Setting next_dagrun for update_db to 2026-05-27 12:00:00+00:00, run_after=2026-05-28 12:00:00+00:00
[2026-05-27T16:13:28.429+0000] {processor.py:183} INFO - Processing /opt/airflow/dags/main.py took 0.202 seconds
[2026-05-27T16:13:58.589+0000] {processor.py:161} INFO - Started process (PID=3592) to work on /opt/airflow/dags/main.py
[2026-05-27T16:13:58.590+0000] {processor.py:830} INFO - Processing file /opt/airflow/dags/main.py for tasks to queue
[2026-05-27T16:13:58.591+0000] {logging_mixin.py:188} INFO - [2026-05-27T16:13:58.591+0000] {dagbag.py:545} INFO - Filling up the DagBag from /opt/airflow/dags/main.py
[2026-05-27T16:13:58.715+0000] {processor.py:840} INFO - DAG(s) 'data_quality', 'update_db', 'produce_json' retrieved from /opt/airflow/dags/main.py
[2026-05-27T16:13:58.751+0000] {logging_mixin.py:188} INFO - [2026-05-27T16:13:58.751+0000] {dag.py:3096} INFO - Sync 3 DAGs
[2026-05-27T16:13:58.776+0000] {logging_mixin.py:188} INFO - [2026-05-27T16:13:58.775+0000] {dag.py:3954} INFO - Setting next_dagrun for data_quality to 2026-05-27 13:00:00+00:00, run_after=2026-05-28 13:00:00+00:00
[2026-05-27T16:13:58.781+0000] {logging_mixin.py:188} INFO - [2026-05-27T16:13:58.781+0000] {dag.py:3954} INFO - Setting next_dagrun for produce_json to 2026-05-27 11:00:00+00:00, run_after=2026-05-28 11:00:00+00:00
[2026-05-27T16:13:58.784+0000] {logging_mixin.py:188} INFO - [2026-05-27T16:13:58.784+0000] {dag.py:3954} INFO - Setting next_dagrun for update_db to 2026-05-27 12:00:00+00:00, run_after=2026-05-28 12:00:00+00:00
[2026-05-27T16:13:58.800+0000] {processor.py:183} INFO - Processing /opt/airflow/dags/main.py took 0.218 seconds
[2026-05-27T16:14:29.266+0000] {processor.py:161} INFO - Started process (PID=3599) to work on /opt/airflow/dags/main.py
[2026-05-27T16:14:29.267+0000] {processor.py:830} INFO - Processing file /opt/airflow/dags/main.py for tasks to queue
[2026-05-27T16:14:29.268+0000] {logging_mixin.py:188} INFO - [2026-05-27T16:14:29.268+0000] {dagbag.py:545} INFO - Filling up the DagBag from /opt/airflow/dags/main.py
[2026-05-27T16:14:29.386+0000] {processor.py:840} INFO - DAG(s) 'produce_json', 'update_db', 'data_quality' retrieved from /opt/airflow/dags/main.py
[2026-05-27T16:14:29.417+0000] {logging_mixin.py:188} INFO - [2026-05-27T16:14:29.417+0000] {dag.py:3096} INFO - Sync 3 DAGs
[2026-05-27T16:14:29.438+0000] {logging_mixin.py:188} INFO - [2026-05-27T16:14:29.438+0000] {dag.py:3954} INFO - Setting next_dagrun for data_quality to 2026-05-27 13:00:00+00:00, run_after=2026-05-28 13:00:00+00:00
[2026-05-27T16:14:29.443+0000] {logging_mixin.py:188} INFO - [2026-05-27T16:14:29.443+0000] {dag.py:3954} INFO - Setting next_dagrun for produce_json to 2026-05-27 11:00:00+00:00, run_after=2026-05-28 11:00:00+00:00
[2026-05-27T16:14:29.446+0000] {logging_mixin.py:188} INFO - [2026-05-27T16:14:29.446+0000] {dag.py:3954} INFO - Setting next_dagrun for update_db to 2026-05-27 12:00:00+00:00, run_after=2026-05-28 12:00:00+00:00
[2026-05-27T16:14:29.461+0000] {processor.py:183} INFO - Processing /opt/airflow/dags/main.py took 0.201 seconds
[2026-05-27T16:14:59.672+0000] {processor.py:161} INFO - Started process (PID=3606) to work on /opt/airflow/dags/main.py
[2026-05-27T16:14:59.673+0000] {processor.py:830} INFO - Processing file /opt/airflow/dags/main.py for tasks to queue
[2026-05-27T16:14:59.675+0000] {logging_mixin.py:188} INFO - [2026-05-27T16:14:59.674+0000] {dagbag.py:545} INFO - Filling up the DagBag from /opt/airflow/dags/main.py
[2026-05-27T16:14:59.799+0000] {processor.py:840} INFO - DAG(s) 'produce_json', 'update_db', 'data_quality' retrieved from /opt/airflow/dags/main.py
[2026-05-27T16:14:59.830+0000] {logging_mixin.py:188} INFO - [2026-05-27T16:14:59.830+0000] {dag.py:3096} INFO - Sync 3 DAGs
[2026-05-27T16:14:59.852+0000] {logging_mixin.py:188} INFO - [2026-05-27T16:14:59.851+0000] {dag.py:3954} INFO - Setting next_dagrun for data_quality to 2026-05-27 13:00:00+00:00, run_after=2026-05-28 13:00:00+00:00
[2026-05-27T16:14:59.857+0000] {logging_mixin.py:188} INFO - [2026-05-27T16:14:59.856+0000] {dag.py:3954} INFO - Setting next_dagrun for produce_json to 2026-05-27 11:00:00+00:00, run_after=2026-05-28 11:00:00+00:00
[2026-05-27T16:14:59.860+0000] {logging_mixin.py:188} INFO - [2026-05-27T16:14:59.859+0000] {dag.py:3954} INFO - Setting next_dagrun for update_db to 2026-05-27 12:00:00+00:00, run_after=2026-05-28 12:00:00+00:00
[2026-05-27T16:14:59.887+0000] {processor.py:183} INFO - Processing /opt/airflow/dags/main.py took 0.221 seconds
[2026-05-27T16:15:30.147+0000] {processor.py:161} INFO - Started process (PID=3613) to work on /opt/airflow/dags/main.py
[2026-05-27T16:15:30.148+0000] {processor.py:830} INFO - Processing file /opt/airflow/dags/main.py for tasks to queue
[2026-05-27T16:15:30.149+0000] {logging_mixin.py:188} INFO - [2026-05-27T16:15:30.149+0000] {dagbag.py:545} INFO - Filling up the DagBag from /opt/airflow/dags/main.py
[2026-05-27T16:15:30.280+0000] {processor.py:840} INFO - DAG(s) 'data_quality', 'produce_json', 'update_db' retrieved from /opt/airflow/dags/main.py
[2026-05-27T16:15:30.312+0000] {logging_mixin.py:188} INFO - [2026-05-27T16:15:30.312+0000] {dag.py:3096} INFO - Sync 3 DAGs
[2026-05-27T16:15:30.332+0000] {logging_mixin.py:188} INFO - [2026-05-27T16:15:30.332+0000] {dag.py:3954} INFO - Setting next_dagrun for data_quality to 2026-05-27 13:00:00+00:00, run_after=2026-05-28 13:00:00+00:00
[2026-05-27T16:15:30.337+0000] {logging_mixin.py:188} INFO - [2026-05-27T16:15:30.337+0000] {dag.py:3954} INFO - Setting next_dagrun for produce_json to 2026-05-27 11:00:00+00:00, run_after=2026-05-28 11:00:00+00:00
[2026-05-27T16:15:30.340+0000] {logging_mixin.py:188} INFO - [2026-05-27T16:15:30.340+0000] {dag.py:3954} INFO - Setting next_dagrun for update_db to 2026-05-27 12:00:00+00:00, run_after=2026-05-28 12:00:00+00:00
[2026-05-27T16:15:30.357+0000] {processor.py:183} INFO - Processing /opt/airflow/dags/main.py took 0.217 seconds
[2026-05-27T16:16:00.466+0000] {processor.py:161} INFO - Started process (PID=3620) to work on /opt/airflow/dags/main.py
[2026-05-27T16:16:00.467+0000] {processor.py:830} INFO - Processing file /opt/airflow/dags/main.py for tasks to queue
[2026-05-27T16:16:00.468+0000] {logging_mixin.py:188} INFO - [2026-05-27T16:16:00.468+0000] {dagbag.py:545} INFO - Filling up the DagBag from /opt/airflow/dags/main.py
[2026-05-27T16:16:00.578+0000] {processor.py:840} INFO - DAG(s) 'update_db', 'produce_json', 'data_quality' retrieved from /opt/airflow/dags/main.py
[2026-05-27T16:16:00.610+0000] {logging_mixin.py:188} INFO - [2026-05-27T16:16:00.610+0000] {dag.py:3096} INFO - Sync 3 DAGs
[2026-05-27T16:16:00.630+0000] {logging_mixin.py:188} INFO - [2026-05-27T16:16:00.629+0000] {dag.py:3954} INFO - Setting next_dagrun for data_quality to 2026-05-27 13:00:00+00:00, run_after=2026-05-28 13:00:00+00:00
[2026-05-27T16:16:00.634+0000] {logging_mixin.py:188} INFO - [2026-05-27T16:16:00.634+0000] {dag.py:3954} INFO - Setting next_dagrun for produce_json to 2026-05-27 11:00:00+00:00, run_after=2026-05-28 11:00:00+00:00
[2026-05-27T16:16:00.637+0000] {logging_mixin.py:188} INFO - [2026-05-27T16:16:00.637+0000] {dag.py:3954} INFO - Setting next_dagrun for update_db to 2026-05-27 12:00:00+00:00, run_after=2026-05-28 12:00:00+00:00
[2026-05-27T16:16:00.653+0000] {processor.py:183} INFO - Processing /opt/airflow/dags/main.py took 0.194 seconds
[2026-05-27T16:16:30.956+0000] {processor.py:161} INFO - Started process (PID=3628) to work on /opt/airflow/dags/main.py
[2026-05-27T16:16:30.958+0000] {processor.py:830} INFO - Processing file /opt/airflow/dags/main.py for tasks to queue
[2026-05-27T16:16:30.959+0000] {logging_mixin.py:188} INFO - [2026-05-27T16:16:30.958+0000] {dagbag.py:545} INFO - Filling up the DagBag from /opt/airflow/dags/main.py
[2026-05-27T16:16:31.080+0000] {processor.py:840} INFO - DAG(s) 'update_db', 'data_quality', 'produce_json' retrieved from /opt/airflow/dags/main.py
[2026-05-27T16:16:31.111+0000] {logging_mixin.py:188} INFO - [2026-05-27T16:16:31.111+0000] {dag.py:3096} INFO - Sync 3 DAGs
[2026-05-27T16:16:31.130+0000] {logging_mixin.py:188} INFO - [2026-05-27T16:16:31.130+0000] {dag.py:3954} INFO - Setting next_dagrun for data_quality to 2026-05-27 13:00:00+00:00, run_after=2026-05-28 13:00:00+00:00
[2026-05-27T16:16:31.135+0000] {logging_mixin.py:188} INFO - [2026-05-27T16:16:31.135+0000] {dag.py:3954} INFO - Setting next_dagrun for produce_json to 2026-05-27 11:00:00+00:00, run_after=2026-05-28 11:00:00+00:00
[2026-05-27T16:16:31.138+0000] {logging_mixin.py:188} INFO - [2026-05-27T16:16:31.138+0000] {dag.py:3954} INFO - Setting next_dagrun for update_db to 2026-05-27 12:00:00+00:00, run_after=2026-05-28 12:00:00+00:00
[2026-05-27T16:16:31.155+0000] {processor.py:183} INFO - Processing /opt/airflow/dags/main.py took 0.204 seconds
[2026-05-27T16:17:01.340+0000] {processor.py:161} INFO - Started process (PID=3635) to work on /opt/airflow/dags/main.py
[2026-05-27T16:17:01.341+0000] {processor.py:830} INFO - Processing file /opt/airflow/dags/main.py for tasks to queue
[2026-05-27T16:17:01.342+0000] {logging_mixin.py:188} INFO - [2026-05-27T16:17:01.342+0000] {dagbag.py:545} INFO - Filling up the DagBag from /opt/airflow/dags/main.py
[2026-05-27T16:17:01.466+0000] {processor.py:840} INFO - DAG(s) 'update_db', 'produce_json', 'data_quality' retrieved from /opt/airflow/dags/main.py
[2026-05-27T16:17:01.497+0000] {logging_mixin.py:188} INFO - [2026-05-27T16:17:01.497+0000] {dag.py:3096} INFO - Sync 3 DAGs
[2026-05-27T16:17:01.517+0000] {logging_mixin.py:188} INFO - [2026-05-27T16:17:01.517+0000] {dag.py:3954} INFO - Setting next_dagrun for data_quality to 2026-05-27 13:00:00+00:00, run_after=2026-05-28 13:00:00+00:00
[2026-05-27T16:17:01.522+0000] {logging_mixin.py:188} INFO - [2026-05-27T16:17:01.521+0000] {dag.py:3954} INFO - Setting next_dagrun for produce_json to 2026-05-27 11:00:00+00:00, run_after=2026-05-28 11:00:00+00:00
[2026-05-27T16:17:01.524+0000] {logging_mixin.py:188} INFO - [2026-05-27T16:17:01.524+0000] {dag.py:3954} INFO - Setting next_dagrun for update_db to 2026-05-27 12:00:00+00:00, run_after=2026-05-28 12:00:00+00:00
[2026-05-27T16:17:01.551+0000] {processor.py:183} INFO - Processing /opt/airflow/dags/main.py took 0.217 seconds
[2026-05-27T16:17:31.881+0000] {processor.py:161} INFO - Started process (PID=3642) to work on /opt/airflow/dags/main.py
[2026-05-27T16:17:31.883+0000] {processor.py:830} INFO - Processing file /opt/airflow/dags/main.py for tasks to queue
[2026-05-27T16:17:31.884+0000] {logging_mixin.py:188} INFO - [2026-05-27T16:17:31.884+0000] {dagbag.py:545} INFO - Filling up the DagBag from /opt/airflow/dags/main.py
[2026-05-27T16:17:32.011+0000] {processor.py:840} INFO - DAG(s) 'data_quality', 'update_db', 'produce_json' retrieved from /opt/airflow/dags/main.py
[2026-05-27T16:17:32.049+0000] {logging_mixin.py:188} INFO - [2026-05-27T16:17:32.049+0000] {dag.py:3096} INFO - Sync 3 DAGs
[2026-05-27T16:17:32.079+0000] {logging_mixin.py:188} INFO - [2026-05-27T16:17:32.078+0000] {dag.py:3954} INFO - Setting next_dagrun for data_quality to 2026-05-27 13:00:00+00:00, run_after=2026-05-28 13:00:00+00:00
[2026-05-27T16:17:32.085+0000] {logging_mixin.py:188} INFO - [2026-05-27T16:17:32.084+0000] {dag.py:3954} INFO - Setting next_dagrun for produce_json to 2026-05-27 11:00:00+00:00, run_after=2026-05-28 11:00:00+00:00
[2026-05-27T16:17:32.088+0000] {logging_mixin.py:188} INFO - [2026-05-27T16:17:32.088+0000] {dag.py:3954} INFO - Setting next_dagrun for update_db to 2026-05-27 12:00:00+00:00, run_after=2026-05-28 12:00:00+00:00
[2026-05-27T16:17:32.109+0000] {processor.py:183} INFO - Processing /opt/airflow/dags/main.py took 0.237 seconds
[2026-05-27T16:18:02.476+0000] {processor.py:161} INFO - Started process (PID=3649) to work on /opt/airflow/dags/main.py
[2026-05-27T16:18:02.477+0000] {processor.py:830} INFO - Processing file /opt/airflow/dags/main.py for tasks to queue
[2026-05-27T16:18:02.478+0000] {logging_mixin.py:188} INFO - [2026-05-27T16:18:02.478+0000] {dagbag.py:545} INFO - Filling up the DagBag from /opt/airflow/dags/main.py
[2026-05-27T16:18:02.589+0000] {processor.py:840} INFO - DAG(s) 'produce_json', 'update_db', 'data_quality' retrieved from /opt/airflow/dags/main.py
[2026-05-27T16:18:02.623+0000] {logging_mixin.py:188} INFO - [2026-05-27T16:18:02.623+0000] {dag.py:3096} INFO - Sync 3 DAGs
[2026-05-27T16:18:02.643+0000] {logging_mixin.py:188} INFO - [2026-05-27T16:18:02.643+0000] {dag.py:3954} INFO - Setting next_dagrun for data_quality to 2026-05-27 13:00:00+00:00, run_after=2026-05-28 13:00:00+00:00
[2026-05-27T16:18:02.649+0000] {logging_mixin.py:188} INFO - [2026-05-27T16:18:02.648+0000] {dag.py:3954} INFO - Setting next_dagrun for produce_json to 2026-05-27 11:00:00+00:00, run_after=2026-05-28 11:00:00+00:00
[2026-05-27T16:18:02.652+0000] {logging_mixin.py:188} INFO - [2026-05-27T16:18:02.651+0000] {dag.py:3954} INFO - Setting next_dagrun for update_db to 2026-05-27 12:00:00+00:00, run_after=2026-05-28 12:00:00+00:00
[2026-05-27T16:18:02.678+0000] {processor.py:183} INFO - Processing /opt/airflow/dags/main.py took 0.209 seconds
[2026-05-27T16:18:32.911+0000] {processor.py:161} INFO - Started process (PID=3656) to work on /opt/airflow/dags/main.py
[2026-05-27T16:18:32.912+0000] {processor.py:830} INFO - Processing file /opt/airflow/dags/main.py for tasks to queue
[2026-05-27T16:18:32.913+0000] {logging_mixin.py:188} INFO - [2026-05-27T16:18:32.913+0000] {dagbag.py:545} INFO - Filling up the DagBag from /opt/airflow/dags/main.py
[2026-05-27T16:18:33.036+0000] {processor.py:840} INFO - DAG(s) 'data_quality', 'produce_json', 'update_db' retrieved from /opt/airflow/dags/main.py
[2026-05-27T16:18:33.068+0000] {logging_mixin.py:188} INFO - [2026-05-27T16:18:33.068+0000] {dag.py:3096} INFO - Sync 3 DAGs
[2026-05-27T16:18:33.087+0000] {logging_mixin.py:188} INFO - [2026-05-27T16:18:33.087+0000] {dag.py:3954} INFO - Setting next_dagrun for data_quality to 2026-05-27 13:00:00+00:00, run_after=2026-05-28 13:00:00+00:00
[2026-05-27T16:18:33.092+0000] {logging_mixin.py:188} INFO - [2026-05-27T16:18:33.092+0000] {dag.py:3954} INFO - Setting next_dagrun for produce_json to 2026-05-27 11:00:00+00:00, run_after=2026-05-28 11:00:00+00:00
[2026-05-27T16:18:33.095+0000] {logging_mixin.py:188} INFO - [2026-05-27T16:18:33.095+0000] {dag.py:3954} INFO - Setting next_dagrun for update_db to 2026-05-27 12:00:00+00:00, run_after=2026-05-28 12:00:00+00:00
[2026-05-27T16:18:33.123+0000] {processor.py:183} INFO - Processing /opt/airflow/dags/main.py took 0.218 seconds
[2026-05-27T16:19:03.433+0000] {processor.py:161} INFO - Started process (PID=3663) to work on /opt/airflow/dags/main.py
[2026-05-27T16:19:03.435+0000] {processor.py:830} INFO - Processing file /opt/airflow/dags/main.py for tasks to queue
[2026-05-27T16:19:03.436+0000] {logging_mixin.py:188} INFO - [2026-05-27T16:19:03.435+0000] {dagbag.py:545} INFO - Filling up the DagBag from /opt/airflow/dags/main.py
[2026-05-27T16:19:03.560+0000] {processor.py:840} INFO - DAG(s) 'update_db', 'data_quality', 'produce_json' retrieved from /opt/airflow/dags/main.py
[2026-05-27T16:19:03.590+0000] {logging_mixin.py:188} INFO - [2026-05-27T16:19:03.590+0000] {dag.py:3096} INFO - Sync 3 DAGs
[2026-05-27T16:19:03.609+0000] {logging_mixin.py:188} INFO - [2026-05-27T16:19:03.609+0000] {dag.py:3954} INFO - Setting next_dagrun for data_quality to 2026-05-27 13:00:00+00:00, run_after=2026-05-28 13:00:00+00:00
[2026-05-27T16:19:03.614+0000] {logging_mixin.py:188} INFO - [2026-05-27T16:19:03.614+0000] {dag.py:3954} INFO - Setting next_dagrun for produce_json to 2026-05-27 11:00:00+00:00, run_after=2026-05-28 11:00:00+00:00
[2026-05-27T16:19:03.617+0000] {logging_mixin.py:188} INFO - [2026-05-27T16:19:03.617+0000] {dag.py:3954} INFO - Setting next_dagrun for update_db to 2026-05-27 12:00:00+00:00, run_after=2026-05-28 12:00:00+00:00
[2026-05-27T16:19:03.631+0000] {processor.py:183} INFO - Processing /opt/airflow/dags/main.py took 0.204 seconds
[2026-05-27T16:19:33.917+0000] {processor.py:161} INFO - Started process (PID=3670) to work on /opt/airflow/dags/main.py
[2026-05-27T16:19:33.918+0000] {processor.py:830} INFO - Processing file /opt/airflow/dags/main.py for tasks to queue
[2026-05-27T16:19:33.920+0000] {logging_mixin.py:188} INFO - [2026-05-27T16:19:33.919+0000] {dagbag.py:545} INFO - Filling up the DagBag from /opt/airflow/dags/main.py
[2026-05-27T16:19:34.037+0000] {processor.py:840} INFO - DAG(s) 'data_quality', 'produce_json', 'update_db' retrieved from /opt/airflow/dags/main.py
[2026-05-27T16:19:34.067+0000] {logging_mixin.py:188} INFO - [2026-05-27T16:19:34.067+0000] {dag.py:3096} INFO - Sync 3 DAGs
[2026-05-27T16:19:34.087+0000] {logging_mixin.py:188} INFO - [2026-05-27T16:19:34.087+0000] {dag.py:3954} INFO - Setting next_dagrun for data_quality to 2026-05-27 13:00:00+00:00, run_after=2026-05-28 13:00:00+00:00
[2026-05-27T16:19:34.092+0000] {logging_mixin.py:188} INFO - [2026-05-27T16:19:34.092+0000] {dag.py:3954} INFO - Setting next_dagrun for produce_json to 2026-05-27 11:00:00+00:00, run_after=2026-05-28 11:00:00+00:00
[2026-05-27T16:19:34.095+0000] {logging_mixin.py:188} INFO - [2026-05-27T16:19:34.095+0000] {dag.py:3954} INFO - Setting next_dagrun for update_db to 2026-05-27 12:00:00+00:00, run_after=2026-05-28 12:00:00+00:00
[2026-05-27T16:19:34.121+0000] {processor.py:183} INFO - Processing /opt/airflow/dags/main.py took 0.210 seconds
[2026-05-27T16:20:04.394+0000] {processor.py:161} INFO - Started process (PID=3677) to work on /opt/airflow/dags/main.py
[2026-05-27T16:20:04.395+0000] {processor.py:830} INFO - Processing file /opt/airflow/dags/main.py for tasks to queue
[2026-05-27T16:20:04.396+0000] {logging_mixin.py:188} INFO - [2026-05-27T16:20:04.396+0000] {dagbag.py:545} INFO - Filling up the DagBag from /opt/airflow/dags/main.py
[2026-05-27T16:20:04.509+0000] {processor.py:840} INFO - DAG(s) 'produce_json', 'update_db', 'data_quality' retrieved from /opt/airflow/dags/main.py
[2026-05-27T16:20:04.540+0000] {logging_mixin.py:188} INFO - [2026-05-27T16:20:04.540+0000] {dag.py:3096} INFO - Sync 3 DAGs
[2026-05-27T16:20:04.563+0000] {logging_mixin.py:188} INFO - [2026-05-27T16:20:04.563+0000] {dag.py:3954} INFO - Setting next_dagrun for data_quality to 2026-05-27 13:00:00+00:00, run_after=2026-05-28 13:00:00+00:00
[2026-05-27T16:20:04.568+0000] {logging_mixin.py:188} INFO - [2026-05-27T16:20:04.568+0000] {dag.py:3954} INFO - Setting next_dagrun for produce_json to 2026-05-27 11:00:00+00:00, run_after=2026-05-28 11:00:00+00:00
[2026-05-27T16:20:04.573+0000] {logging_mixin.py:188} INFO - [2026-05-27T16:20:04.573+0000] {dag.py:3954} INFO - Setting next_dagrun for update_db to 2026-05-27 12:00:00+00:00, run_after=2026-05-28 12:00:00+00:00
[2026-05-27T16:20:04.589+0000] {processor.py:183} INFO - Processing /opt/airflow/dags/main.py took 0.202 seconds
[2026-05-27T16:20:34.876+0000] {processor.py:161} INFO - Started process (PID=3690) to work on /opt/airflow/dags/main.py
[2026-05-27T16:20:34.877+0000] {processor.py:830} INFO - Processing file /opt/airflow/dags/main.py for tasks to queue
[2026-05-27T16:20:34.878+0000] {logging_mixin.py:188} INFO - [2026-05-27T16:20:34.878+0000] {dagbag.py:545} INFO - Filling up the DagBag from /opt/airflow/dags/main.py
[2026-05-27T16:20:35.014+0000] {processor.py:840} INFO - DAG(s) 'produce_json', 'update_db', 'data_quality' retrieved from /opt/airflow/dags/main.py
[2026-05-27T16:20:35.047+0000] {logging_mixin.py:188} INFO - [2026-05-27T16:20:35.047+0000] {dag.py:3096} INFO - Sync 3 DAGs
[2026-05-27T16:20:35.067+0000] {logging_mixin.py:188} INFO - [2026-05-27T16:20:35.067+0000] {dag.py:3954} INFO - Setting next_dagrun for data_quality to 2026-05-27 13:00:00+00:00, run_after=2026-05-28 13:00:00+00:00
[2026-05-27T16:20:35.072+0000] {logging_mixin.py:188} INFO - [2026-05-27T16:20:35.072+0000] {dag.py:3954} INFO - Setting next_dagrun for produce_json to 2026-05-27 11:00:00+00:00, run_after=2026-05-28 11:00:00+00:00
[2026-05-27T16:20:35.075+0000] {logging_mixin.py:188} INFO - [2026-05-27T16:20:35.075+0000] {dag.py:3954} INFO - Setting next_dagrun for update_db to 2026-05-27 12:00:00+00:00, run_after=2026-05-28 12:00:00+00:00
[2026-05-27T16:20:35.092+0000] {processor.py:183} INFO - Processing /opt/airflow/dags/main.py took 0.221 seconds
[2026-05-27T16:21:05.196+0000] {processor.py:161} INFO - Started process (PID=3697) to work on /opt/airflow/dags/main.py
[2026-05-27T16:21:05.197+0000] {processor.py:830} INFO - Processing file /opt/airflow/dags/main.py for tasks to queue
[2026-05-27T16:21:05.198+0000] {logging_mixin.py:188} INFO - [2026-05-27T16:21:05.198+0000] {dagbag.py:545} INFO - Filling up the DagBag from /opt/airflow/dags/main.py
[2026-05-27T16:21:05.314+0000] {processor.py:840} INFO - DAG(s) 'data_quality', 'produce_json', 'update_db' retrieved from /opt/airflow/dags/main.py
[2026-05-27T16:21:05.347+0000] {logging_mixin.py:188} INFO - [2026-05-27T16:21:05.346+0000] {dag.py:3096} INFO - Sync 3 DAGs
[2026-05-27T16:21:05.366+0000] {logging_mixin.py:188} INFO - [2026-05-27T16:21:05.366+0000] {dag.py:3954} INFO - Setting next_dagrun for data_quality to 2026-05-27 13:00:00+00:00, run_after=2026-05-28 13:00:00+00:00
[2026-05-27T16:21:05.371+0000] {logging_mixin.py:188} INFO - [2026-05-27T16:21:05.370+0000] {dag.py:3954} INFO - Setting next_dagrun for produce_json to 2026-05-27 11:00:00+00:00, run_after=2026-05-28 11:00:00+00:00
[2026-05-27T16:21:05.373+0000] {logging_mixin.py:188} INFO - [2026-05-27T16:21:05.373+0000] {dag.py:3954} INFO - Setting next_dagrun for update_db to 2026-05-27 12:00:00+00:00, run_after=2026-05-28 12:00:00+00:00
[2026-05-27T16:21:05.400+0000] {processor.py:183} INFO - Processing /opt/airflow/dags/main.py took 0.210 seconds
[2026-05-27T16:21:35.778+0000] {processor.py:161} INFO - Started process (PID=3704) to work on /opt/airflow/dags/main.py
[2026-05-27T16:21:35.780+0000] {processor.py:830} INFO - Processing file /opt/airflow/dags/main.py for tasks to queue
[2026-05-27T16:21:35.781+0000] {logging_mixin.py:188} INFO - [2026-05-27T16:21:35.780+0000] {dagbag.py:545} INFO - Filling up the DagBag from /opt/airflow/dags/main.py
[2026-05-27T16:21:35.892+0000] {processor.py:840} INFO - DAG(s) 'produce_json', 'update_db', 'data_quality' retrieved from /opt/airflow/dags/main.py
[2026-05-27T16:21:35.924+0000] {logging_mixin.py:188} INFO - [2026-05-27T16:21:35.924+0000] {dag.py:3096} INFO - Sync 3 DAGs
[2026-05-27T16:21:35.943+0000] {logging_mixin.py:188} INFO - [2026-05-27T16:21:35.943+0000] {dag.py:3954} INFO - Setting next_dagrun for data_quality to 2026-05-27 13:00:00+00:00, run_after=2026-05-28 13:00:00+00:00
[2026-05-27T16:21:35.948+0000] {logging_mixin.py:188} INFO - [2026-05-27T16:21:35.948+0000] {dag.py:3954} INFO - Setting next_dagrun for produce_json to 2026-05-27 11:00:00+00:00, run_after=2026-05-28 11:00:00+00:00
[2026-05-27T16:21:35.951+0000] {logging_mixin.py:188} INFO - [2026-05-27T16:21:35.951+0000] {dag.py:3954} INFO - Setting next_dagrun for update_db to 2026-05-27 12:00:00+00:00, run_after=2026-05-28 12:00:00+00:00
[2026-05-27T16:21:35.967+0000] {processor.py:183} INFO - Processing /opt/airflow/dags/main.py took 0.195 seconds
[2026-05-27T16:22:06.158+0000] {processor.py:161} INFO - Started process (PID=3711) to work on /opt/airflow/dags/main.py
[2026-05-27T16:22:06.159+0000] {processor.py:830} INFO - Processing file /opt/airflow/dags/main.py for tasks to queue
[2026-05-27T16:22:06.160+0000] {logging_mixin.py:188} INFO - [2026-05-27T16:22:06.160+0000] {dagbag.py:545} INFO - Filling up the DagBag from /opt/airflow/dags/main.py
[2026-05-27T16:22:06.275+0000] {processor.py:840} INFO - DAG(s) 'data_quality', 'produce_json', 'update_db' retrieved from /opt/airflow/dags/main.py
[2026-05-27T16:22:06.306+0000] {logging_mixin.py:188} INFO - [2026-05-27T16:22:06.306+0000] {dag.py:3096} INFO - Sync 3 DAGs
[2026-05-27T16:22:06.325+0000] {logging_mixin.py:188} INFO - [2026-05-27T16:22:06.325+0000] {dag.py:3954} INFO - Setting next_dagrun for data_quality to 2026-05-27 13:00:00+00:00, run_after=2026-05-28 13:00:00+00:00
[2026-05-27T16:22:06.330+0000] {logging_mixin.py:188} INFO - [2026-05-27T16:22:06.330+0000] {dag.py:3954} INFO - Setting next_dagrun for produce_json to 2026-05-27 11:00:00+00:00, run_after=2026-05-28 11:00:00+00:00
[2026-05-27T16:22:06.333+0000] {logging_mixin.py:188} INFO - [2026-05-27T16:22:06.333+0000] {dag.py:3954} INFO - Setting next_dagrun for update_db to 2026-05-27 12:00:00+00:00, run_after=2026-05-28 12:00:00+00:00
[2026-05-27T16:22:06.361+0000] {processor.py:183} INFO - Processing /opt/airflow/dags/main.py took 0.210 seconds
[2026-05-27T16:22:36.524+0000] {processor.py:161} INFO - Started process (PID=3718) to work on /opt/airflow/dags/main.py
[2026-05-27T16:22:36.525+0000] {processor.py:830} INFO - Processing file /opt/airflow/dags/main.py for tasks to queue
[2026-05-27T16:22:36.526+0000] {logging_mixin.py:188} INFO - [2026-05-27T16:22:36.526+0000] {dagbag.py:545} INFO - Filling up the DagBag from /opt/airflow/dags/main.py
[2026-05-27T16:22:36.659+0000] {processor.py:840} INFO - DAG(s) 'produce_json', 'data_quality', 'update_db' retrieved from /opt/airflow/dags/main.py
[2026-05-27T16:22:36.690+0000] {logging_mixin.py:188} INFO - [2026-05-27T16:22:36.690+0000] {dag.py:3096} INFO - Sync 3 DAGs
[2026-05-27T16:22:36.711+0000] {logging_mixin.py:188} INFO - [2026-05-27T16:22:36.711+0000] {dag.py:3954} INFO - Setting next_dagrun for data_quality to 2026-05-27 13:00:00+00:00, run_after=2026-05-28 13:00:00+00:00
[2026-05-27T16:22:36.716+0000] {logging_mixin.py:188} INFO - [2026-05-27T16:22:36.716+0000] {dag.py:3954} INFO - Setting next_dagrun for produce_json to 2026-05-27 11:00:00+00:00, run_after=2026-05-28 11:00:00+00:00
[2026-05-27T16:22:36.719+0000] {logging_mixin.py:188} INFO - [2026-05-27T16:22:36.719+0000] {dag.py:3954} INFO - Setting next_dagrun for update_db to 2026-05-27 12:00:00+00:00, run_after=2026-05-28 12:00:00+00:00
[2026-05-27T16:22:36.735+0000] {processor.py:183} INFO - Processing /opt/airflow/dags/main.py took 0.218 seconds
[2026-05-27T16:23:07.057+0000] {processor.py:161} INFO - Started process (PID=3725) to work on /opt/airflow/dags/main.py
[2026-05-27T16:23:07.058+0000] {processor.py:830} INFO - Processing file /opt/airflow/dags/main.py for tasks to queue
[2026-05-27T16:23:07.059+0000] {logging_mixin.py:188} INFO - [2026-05-27T16:23:07.059+0000] {dagbag.py:545} INFO - Filling up the DagBag from /opt/airflow/dags/main.py
[2026-05-27T16:23:07.185+0000] {processor.py:840} INFO - DAG(s) 'update_db', 'produce_json', 'data_quality' retrieved from /opt/airflow/dags/main.py
[2026-05-27T16:23:07.217+0000] {logging_mixin.py:188} INFO - [2026-05-27T16:23:07.217+0000] {dag.py:3096} INFO - Sync 3 DAGs
[2026-05-27T16:23:07.239+0000] {logging_mixin.py:188} INFO - [2026-05-27T16:23:07.239+0000] {dag.py:3954} INFO - Setting next_dagrun for data_quality to 2026-05-27 13:00:00+00:00, run_after=2026-05-28 13:00:00+00:00
[2026-05-27T16:23:07.244+0000] {logging_mixin.py:188} INFO - [2026-05-27T16:23:07.244+0000] {dag.py:3954} INFO - Setting next_dagrun for produce_json to 2026-05-27 11:00:00+00:00, run_after=2026-05-28 11:00:00+00:00
[2026-05-27T16:23:07.247+0000] {logging_mixin.py:188} INFO - [2026-05-27T16:23:07.247+0000] {dag.py:3954} INFO - Setting next_dagrun for update_db to 2026-05-27 12:00:00+00:00, run_after=2026-05-28 12:00:00+00:00
[2026-05-27T16:23:07.263+0000] {processor.py:183} INFO - Processing /opt/airflow/dags/main.py took 0.213 seconds
[2026-05-27T16:23:37.478+0000] {processor.py:161} INFO - Started process (PID=3732) to work on /opt/airflow/dags/main.py
[2026-05-27T16:23:37.479+0000] {processor.py:830} INFO - Processing file /opt/airflow/dags/main.py for tasks to queue
[2026-05-27T16:23:37.480+0000] {logging_mixin.py:188} INFO - [2026-05-27T16:23:37.480+0000] {dagbag.py:545} INFO - Filling up the DagBag from /opt/airflow/dags/main.py
[2026-05-27T16:23:37.602+0000] {processor.py:840} INFO - DAG(s) 'data_quality', 'produce_json', 'update_db' retrieved from /opt/airflow/dags/main.py
[2026-05-27T16:23:37.634+0000] {logging_mixin.py:188} INFO - [2026-05-27T16:23:37.634+0000] {dag.py:3096} INFO - Sync 3 DAGs
[2026-05-27T16:23:37.653+0000] {logging_mixin.py:188} INFO - [2026-05-27T16:23:37.653+0000] {dag.py:3954} INFO - Setting next_dagrun for data_quality to 2026-05-27 13:00:00+00:00, run_after=2026-05-28 13:00:00+00:00
[2026-05-27T16:23:37.658+0000] {logging_mixin.py:188} INFO - [2026-05-27T16:23:37.658+0000] {dag.py:3954} INFO - Setting next_dagrun for produce_json to 2026-05-27 11:00:00+00:00, run_after=2026-05-28 11:00:00+00:00
[2026-05-27T16:23:37.661+0000] {logging_mixin.py:188} INFO - [2026-05-27T16:23:37.661+0000] {dag.py:3954} INFO - Setting next_dagrun for update_db to 2026-05-27 12:00:00+00:00, run_after=2026-05-28 12:00:00+00:00
[2026-05-27T16:23:37.677+0000] {processor.py:183} INFO - Processing /opt/airflow/dags/main.py took 0.206 seconds
[2026-05-27T16:24:07.929+0000] {processor.py:161} INFO - Started process (PID=3739) to work on /opt/airflow/dags/main.py
[2026-05-27T16:24:07.930+0000] {processor.py:830} INFO - Processing file /opt/airflow/dags/main.py for tasks to queue
[2026-05-27T16:24:07.931+0000] {logging_mixin.py:188} INFO - [2026-05-27T16:24:07.931+0000] {dagbag.py:545} INFO - Filling up the DagBag from /opt/airflow/dags/main.py
[2026-05-27T16:24:08.072+0000] {processor.py:840} INFO - DAG(s) 'produce_json', 'update_db', 'data_quality' retrieved from /opt/airflow/dags/main.py
[2026-05-27T16:24:08.104+0000] {logging_mixin.py:188} INFO - [2026-05-27T16:24:08.104+0000] {dag.py:3096} INFO - Sync 3 DAGs
[2026-05-27T16:24:08.124+0000] {logging_mixin.py:188} INFO - [2026-05-27T16:24:08.124+0000] {dag.py:3954} INFO - Setting next_dagrun for data_quality to 2026-05-27 13:00:00+00:00, run_after=2026-05-28 13:00:00+00:00
[2026-05-27T16:24:08.129+0000] {logging_mixin.py:188} INFO - [2026-05-27T16:24:08.129+0000] {dag.py:3954} INFO - Setting next_dagrun for produce_json to 2026-05-27 11:00:00+00:00, run_after=2026-05-28 11:00:00+00:00
[2026-05-27T16:24:08.132+0000] {logging_mixin.py:188} INFO - [2026-05-27T16:24:08.132+0000] {dag.py:3954} INFO - Setting next_dagrun for update_db to 2026-05-27 12:00:00+00:00, run_after=2026-05-28 12:00:00+00:00
[2026-05-27T16:24:08.149+0000] {processor.py:183} INFO - Processing /opt/airflow/dags/main.py took 0.226 seconds
[2026-05-27T16:24:38.468+0000] {processor.py:161} INFO - Started process (PID=3746) to work on /opt/airflow/dags/main.py
[2026-05-27T16:24:38.469+0000] {processor.py:830} INFO - Processing file /opt/airflow/dags/main.py for tasks to queue
[2026-05-27T16:24:38.470+0000] {logging_mixin.py:188} INFO - [2026-05-27T16:24:38.470+0000] {dagbag.py:545} INFO - Filling up the DagBag from /opt/airflow/dags/main.py
[2026-05-27T16:24:38.597+0000] {processor.py:840} INFO - DAG(s) 'update_db', 'produce_json', 'data_quality' retrieved from /opt/airflow/dags/main.py
[2026-05-27T16:24:38.629+0000] {logging_mixin.py:188} INFO - [2026-05-27T16:24:38.629+0000] {dag.py:3096} INFO - Sync 3 DAGs
[2026-05-27T16:24:38.649+0000] {logging_mixin.py:188} INFO - [2026-05-27T16:24:38.649+0000] {dag.py:3954} INFO - Setting next_dagrun for data_quality to 2026-05-27 13:00:00+00:00, run_after=2026-05-28 13:00:00+00:00
[2026-05-27T16:24:38.654+0000] {logging_mixin.py:188} INFO - [2026-05-27T16:24:38.654+0000] {dag.py:3954} INFO - Setting next_dagrun for produce_json to 2026-05-27 11:00:00+00:00, run_after=2026-05-28 11:00:00+00:00
[2026-05-27T16:24:38.657+0000] {logging_mixin.py:188} INFO - [2026-05-27T16:24:38.657+0000] {dag.py:3954} INFO - Setting next_dagrun for update_db to 2026-05-27 12:00:00+00:00, run_after=2026-05-28 12:00:00+00:00
[2026-05-27T16:24:38.684+0000] {processor.py:183} INFO - Processing /opt/airflow/dags/main.py took 0.224 seconds
[2026-05-27T16:25:08.846+0000] {processor.py:161} INFO - Started process (PID=3753) to work on /opt/airflow/dags/main.py
[2026-05-27T16:25:08.847+0000] {processor.py:830} INFO - Processing file /opt/airflow/dags/main.py for tasks to queue
[2026-05-27T16:25:08.848+0000] {logging_mixin.py:188} INFO - [2026-05-27T16:25:08.848+0000] {dagbag.py:545} INFO - Filling up the DagBag from /opt/airflow/dags/main.py
[2026-05-27T16:25:08.957+0000] {processor.py:840} INFO - DAG(s) 'data_quality', 'produce_json', 'update_db' retrieved from /opt/airflow/dags/main.py
[2026-05-27T16:25:08.990+0000] {logging_mixin.py:188} INFO - [2026-05-27T16:25:08.989+0000] {dag.py:3096} INFO - Sync 3 DAGs
[2026-05-27T16:25:09.008+0000] {logging_mixin.py:188} INFO - [2026-05-27T16:25:09.008+0000] {dag.py:3954} INFO - Setting next_dagrun for data_quality to 2026-05-27 13:00:00+00:00, run_after=2026-05-28 13:00:00+00:00
[2026-05-27T16:25:09.014+0000] {logging_mixin.py:188} INFO - [2026-05-27T16:25:09.014+0000] {dag.py:3954} INFO - Setting next_dagrun for produce_json to 2026-05-27 11:00:00+00:00, run_after=2026-05-28 11:00:00+00:00
[2026-05-27T16:25:09.017+0000] {logging_mixin.py:188} INFO - [2026-05-27T16:25:09.017+0000] {dag.py:3954} INFO - Setting next_dagrun for update_db to 2026-05-27 12:00:00+00:00, run_after=2026-05-28 12:00:00+00:00
[2026-05-27T16:25:09.043+0000] {processor.py:183} INFO - Processing /opt/airflow/dags/main.py took 0.206 seconds
[2026-05-27T16:25:39.329+0000] {processor.py:161} INFO - Started process (PID=3760) to work on /opt/airflow/dags/main.py
[2026-05-27T16:25:39.331+0000] {processor.py:830} INFO - Processing file /opt/airflow/dags/main.py for tasks to queue
[2026-05-27T16:25:39.332+0000] {logging_mixin.py:188} INFO - [2026-05-27T16:25:39.331+0000] {dagbag.py:545} INFO - Filling up the DagBag from /opt/airflow/dags/main.py
[2026-05-27T16:25:39.442+0000] {processor.py:840} INFO - DAG(s) 'data_quality', 'update_db', 'produce_json' retrieved from /opt/airflow/dags/main.py
[2026-05-27T16:25:39.472+0000] {logging_mixin.py:188} INFO - [2026-05-27T16:25:39.472+0000] {dag.py:3096} INFO - Sync 3 DAGs
[2026-05-27T16:25:39.492+0000] {logging_mixin.py:188} INFO - [2026-05-27T16:25:39.492+0000] {dag.py:3954} INFO - Setting next_dagrun for data_quality to 2026-05-27 13:00:00+00:00, run_after=2026-05-28 13:00:00+00:00
[2026-05-27T16:25:39.497+0000] {logging_mixin.py:188} INFO - [2026-05-27T16:25:39.497+0000] {dag.py:3954} INFO - Setting next_dagrun for produce_json to 2026-05-27 11:00:00+00:00, run_after=2026-05-28 11:00:00+00:00
[2026-05-27T16:25:39.500+0000] {logging_mixin.py:188} INFO - [2026-05-27T16:25:39.500+0000] {dag.py:3954} INFO - Setting next_dagrun for update_db to 2026-05-27 12:00:00+00:00, run_after=2026-05-28 12:00:00+00:00
[2026-05-27T16:25:39.527+0000] {processor.py:183} INFO - Processing /opt/airflow/dags/main.py took 0.204 seconds
[2026-05-27T16:26:09.655+0000] {processor.py:161} INFO - Started process (PID=3767) to work on /opt/airflow/dags/main.py
[2026-05-27T16:26:09.656+0000] {processor.py:830} INFO - Processing file /opt/airflow/dags/main.py for tasks to queue
[2026-05-27T16:26:09.657+0000] {logging_mixin.py:188} INFO - [2026-05-27T16:26:09.657+0000] {dagbag.py:545} INFO - Filling up the DagBag from /opt/airflow/dags/main.py
[2026-05-27T16:26:09.767+0000] {processor.py:840} INFO - DAG(s) 'data_quality', 'update_db', 'produce_json' retrieved from /opt/airflow/dags/main.py
[2026-05-27T16:26:09.798+0000] {logging_mixin.py:188} INFO - [2026-05-27T16:26:09.798+0000] {dag.py:3096} INFO - Sync 3 DAGs
[2026-05-27T16:26:09.819+0000] {logging_mixin.py:188} INFO - [2026-05-27T16:26:09.818+0000] {dag.py:3954} INFO - Setting next_dagrun for data_quality to 2026-05-27 13:00:00+00:00, run_after=2026-05-28 13:00:00+00:00
[2026-05-27T16:26:09.823+0000] {logging_mixin.py:188} INFO - [2026-05-27T16:26:09.823+0000] {dag.py:3954} INFO - Setting next_dagrun for produce_json to 2026-05-27 11:00:00+00:00, run_after=2026-05-28 11:00:00+00:00
[2026-05-27T16:26:09.826+0000] {logging_mixin.py:188} INFO - [2026-05-27T16:26:09.826+0000] {dag.py:3954} INFO - Setting next_dagrun for update_db to 2026-05-27 12:00:00+00:00, run_after=2026-05-28 12:00:00+00:00
[2026-05-27T16:26:09.853+0000] {processor.py:183} INFO - Processing /opt/airflow/dags/main.py took 0.204 seconds
[2026-05-27T16:26:40.276+0000] {processor.py:161} INFO - Started process (PID=3774) to work on /opt/airflow/dags/main.py
[2026-05-27T16:26:40.277+0000] {processor.py:830} INFO - Processing file /opt/airflow/dags/main.py for tasks to queue
[2026-05-27T16:26:40.278+0000] {logging_mixin.py:188} INFO - [2026-05-27T16:26:40.278+0000] {dagbag.py:545} INFO - Filling up the DagBag from /opt/airflow/dags/main.py
[2026-05-27T16:26:40.399+0000] {processor.py:840} INFO - DAG(s) 'data_quality', 'produce_json', 'update_db' retrieved from /opt/airflow/dags/main.py
[2026-05-27T16:26:40.433+0000] {logging_mixin.py:188} INFO - [2026-05-27T16:26:40.433+0000] {dag.py:3096} INFO - Sync 3 DAGs
[2026-05-27T16:26:40.453+0000] {logging_mixin.py:188} INFO - [2026-05-27T16:26:40.453+0000] {dag.py:3954} INFO - Setting next_dagrun for data_quality to 2026-05-27 13:00:00+00:00, run_after=2026-05-28 13:00:00+00:00
[2026-05-27T16:26:40.458+0000] {logging_mixin.py:188} INFO - [2026-05-27T16:26:40.458+0000] {dag.py:3954} INFO - Setting next_dagrun for produce_json to 2026-05-27 11:00:00+00:00, run_after=2026-05-28 11:00:00+00:00
[2026-05-27T16:26:40.461+0000] {logging_mixin.py:188} INFO - [2026-05-27T16:26:40.461+0000] {dag.py:3954} INFO - Setting next_dagrun for update_db to 2026-05-27 12:00:00+00:00, run_after=2026-05-28 12:00:00+00:00
[2026-05-27T16:26:40.488+0000] {processor.py:183} INFO - Processing /opt/airflow/dags/main.py took 0.218 seconds
[2026-05-27T16:27:10.627+0000] {processor.py:161} INFO - Started process (PID=3781) to work on /opt/airflow/dags/main.py
[2026-05-27T16:27:10.628+0000] {processor.py:830} INFO - Processing file /opt/airflow/dags/main.py for tasks to queue
[2026-05-27T16:27:10.629+0000] {logging_mixin.py:188} INFO - [2026-05-27T16:27:10.629+0000] {dagbag.py:545} INFO - Filling up the DagBag from /opt/airflow/dags/main.py
[2026-05-27T16:27:10.746+0000] {processor.py:840} INFO - DAG(s) 'update_db', 'produce_json', 'data_quality' retrieved from /opt/airflow/dags/main.py
[2026-05-27T16:27:10.777+0000] {logging_mixin.py:188} INFO - [2026-05-27T16:27:10.777+0000] {dag.py:3096} INFO - Sync 3 DAGs
[2026-05-27T16:27:10.797+0000] {logging_mixin.py:188} INFO - [2026-05-27T16:27:10.796+0000] {dag.py:3954} INFO - Setting next_dagrun for data_quality to 2026-05-27 13:00:00+00:00, run_after=2026-05-28 13:00:00+00:00
[2026-05-27T16:27:10.801+0000] {logging_mixin.py:188} INFO - [2026-05-27T16:27:10.801+0000] {dag.py:3954} INFO - Setting next_dagrun for produce_json to 2026-05-27 11:00:00+00:00, run_after=2026-05-28 11:00:00+00:00
[2026-05-27T16:27:10.804+0000] {logging_mixin.py:188} INFO - [2026-05-27T16:27:10.804+0000] {dag.py:3954} INFO - Setting next_dagrun for update_db to 2026-05-27 12:00:00+00:00, run_after=2026-05-28 12:00:00+00:00
[2026-05-27T16:27:10.831+0000] {processor.py:183} INFO - Processing /opt/airflow/dags/main.py took 0.211 seconds
[2026-05-27T16:27:41.090+0000] {processor.py:161} INFO - Started process (PID=3788) to work on /opt/airflow/dags/main.py
[2026-05-27T16:27:41.091+0000] {processor.py:830} INFO - Processing file /opt/airflow/dags/main.py for tasks to queue
[2026-05-27T16:27:41.092+0000] {logging_mixin.py:188} INFO - [2026-05-27T16:27:41.092+0000] {dagbag.py:545} INFO - Filling up the DagBag from /opt/airflow/dags/main.py
[2026-05-27T16:27:41.211+0000] {processor.py:840} INFO - DAG(s) 'data_quality', 'produce_json', 'update_db' retrieved from /opt/airflow/dags/main.py
[2026-05-27T16:27:41.246+0000] {logging_mixin.py:188} INFO - [2026-05-27T16:27:41.246+0000] {dag.py:3096} INFO - Sync 3 DAGs
[2026-05-27T16:27:41.268+0000] {logging_mixin.py:188} INFO - [2026-05-27T16:27:41.268+0000] {dag.py:3954} INFO - Setting next_dagrun for data_quality to 2026-05-27 13:00:00+00:00, run_after=2026-05-28 13:00:00+00:00
[2026-05-27T16:27:41.273+0000] {logging_mixin.py:188} INFO - [2026-05-27T16:27:41.273+0000] {dag.py:3954} INFO - Setting next_dagrun for produce_json to 2026-05-27 11:00:00+00:00, run_after=2026-05-28 11:00:00+00:00
[2026-05-27T16:27:41.277+0000] {logging_mixin.py:188} INFO - [2026-05-27T16:27:41.277+0000] {dag.py:3954} INFO - Setting next_dagrun for update_db to 2026-05-27 12:00:00+00:00, run_after=2026-05-28 12:00:00+00:00
[2026-05-27T16:27:41.304+0000] {processor.py:183} INFO - Processing /opt/airflow/dags/main.py took 0.221 seconds
[2026-05-27T16:28:11.598+0000] {processor.py:161} INFO - Started process (PID=3795) to work on /opt/airflow/dags/main.py
[2026-05-27T16:28:11.599+0000] {processor.py:830} INFO - Processing file /opt/airflow/dags/main.py for tasks to queue
[2026-05-27T16:28:11.600+0000] {logging_mixin.py:188} INFO - [2026-05-27T16:28:11.600+0000] {dagbag.py:545} INFO - Filling up the DagBag from /opt/airflow/dags/main.py
[2026-05-27T16:28:11.726+0000] {processor.py:840} INFO - DAG(s) 'data_quality', 'produce_json', 'update_db' retrieved from /opt/airflow/dags/main.py
[2026-05-27T16:28:11.757+0000] {logging_mixin.py:188} INFO - [2026-05-27T16:28:11.757+0000] {dag.py:3096} INFO - Sync 3 DAGs
[2026-05-27T16:28:11.777+0000] {logging_mixin.py:188} INFO - [2026-05-27T16:28:11.777+0000] {dag.py:3954} INFO - Setting next_dagrun for data_quality to 2026-05-27 13:00:00+00:00, run_after=2026-05-28 13:00:00+00:00
[2026-05-27T16:28:11.782+0000] {logging_mixin.py:188} INFO - [2026-05-27T16:28:11.782+0000] {dag.py:3954} INFO - Setting next_dagrun for produce_json to 2026-05-27 11:00:00+00:00, run_after=2026-05-28 11:00:00+00:00
[2026-05-27T16:28:11.785+0000] {logging_mixin.py:188} INFO - [2026-05-27T16:28:11.785+0000] {dag.py:3954} INFO - Setting next_dagrun for update_db to 2026-05-27 12:00:00+00:00, run_after=2026-05-28 12:00:00+00:00
[2026-05-27T16:28:11.816+0000] {processor.py:183} INFO - Processing /opt/airflow/dags/main.py took 0.225 seconds
[2026-05-27T16:28:42.086+0000] {processor.py:161} INFO - Started process (PID=3802) to work on /opt/airflow/dags/main.py
[2026-05-27T16:28:42.087+0000] {processor.py:830} INFO - Processing file /opt/airflow/dags/main.py for tasks to queue
[2026-05-27T16:28:42.088+0000] {logging_mixin.py:188} INFO - [2026-05-27T16:28:42.088+0000] {dagbag.py:545} INFO - Filling up the DagBag from /opt/airflow/dags/main.py
[2026-05-27T16:28:42.201+0000] {processor.py:840} INFO - DAG(s) 'produce_json', 'data_quality', 'update_db' retrieved from /opt/airflow/dags/main.py
[2026-05-27T16:28:42.231+0000] {logging_mixin.py:188} INFO - [2026-05-27T16:28:42.231+0000] {dag.py:3096} INFO - Sync 3 DAGs
[2026-05-27T16:28:42.251+0000] {logging_mixin.py:188} INFO - [2026-05-27T16:28:42.251+0000] {dag.py:3954} INFO - Setting next_dagrun for data_quality to 2026-05-27 13:00:00+00:00, run_after=2026-05-28 13:00:00+00:00
[2026-05-27T16:28:42.256+0000] {logging_mixin.py:188} INFO - [2026-05-27T16:28:42.256+0000] {dag.py:3954} INFO - Setting next_dagrun for produce_json to 2026-05-27 11:00:00+00:00, run_after=2026-05-28 11:00:00+00:00
[2026-05-27T16:28:42.259+0000] {logging_mixin.py:188} INFO - [2026-05-27T16:28:42.259+0000] {dag.py:3954} INFO - Setting next_dagrun for update_db to 2026-05-27 12:00:00+00:00, run_after=2026-05-28 12:00:00+00:00
[2026-05-27T16:28:42.285+0000] {processor.py:183} INFO - Processing /opt/airflow/dags/main.py took 0.206 seconds
[2026-05-27T16:29:12.405+0000] {processor.py:161} INFO - Started process (PID=3809) to work on /opt/airflow/dags/main.py
[2026-05-27T16:29:12.406+0000] {processor.py:830} INFO - Processing file /opt/airflow/dags/main.py for tasks to queue
[2026-05-27T16:29:12.407+0000] {logging_mixin.py:188} INFO - [2026-05-27T16:29:12.407+0000] {dagbag.py:545} INFO - Filling up the DagBag from /opt/airflow/dags/main.py
[2026-05-27T16:29:12.520+0000] {processor.py:840} INFO - DAG(s) 'update_db', 'data_quality', 'produce_json' retrieved from /opt/airflow/dags/main.py
[2026-05-27T16:29:12.552+0000] {logging_mixin.py:188} INFO - [2026-05-27T16:29:12.552+0000] {dag.py:3096} INFO - Sync 3 DAGs
[2026-05-27T16:29:12.571+0000] {logging_mixin.py:188} INFO - [2026-05-27T16:29:12.571+0000] {dag.py:3954} INFO - Setting next_dagrun for data_quality to 2026-05-27 13:00:00+00:00, run_after=2026-05-28 13:00:00+00:00
[2026-05-27T16:29:12.576+0000] {logging_mixin.py:188} INFO - [2026-05-27T16:29:12.576+0000] {dag.py:3954} INFO - Setting next_dagrun for produce_json to 2026-05-27 11:00:00+00:00, run_after=2026-05-28 11:00:00+00:00
[2026-05-27T16:29:12.579+0000] {logging_mixin.py:188} INFO - [2026-05-27T16:29:12.579+0000] {dag.py:3954} INFO - Setting next_dagrun for update_db to 2026-05-27 12:00:00+00:00, run_after=2026-05-28 12:00:00+00:00
[2026-05-27T16:29:12.606+0000] {processor.py:183} INFO - Processing /opt/airflow/dags/main.py took 0.208 seconds
[2026-05-27T16:29:43.070+0000] {processor.py:161} INFO - Started process (PID=3816) to work on /opt/airflow/dags/main.py
[2026-05-27T16:29:43.071+0000] {processor.py:830} INFO - Processing file /opt/airflow/dags/main.py for tasks to queue
[2026-05-27T16:29:43.072+0000] {logging_mixin.py:188} INFO - [2026-05-27T16:29:43.072+0000] {dagbag.py:545} INFO - Filling up the DagBag from /opt/airflow/dags/main.py
[2026-05-27T16:29:43.201+0000] {processor.py:840} INFO - DAG(s) 'produce_json', 'data_quality', 'update_db' retrieved from /opt/airflow/dags/main.py
[2026-05-27T16:29:43.233+0000] {logging_mixin.py:188} INFO - [2026-05-27T16:29:43.233+0000] {dag.py:3096} INFO - Sync 3 DAGs
[2026-05-27T16:29:43.253+0000] {logging_mixin.py:188} INFO - [2026-05-27T16:29:43.253+0000] {dag.py:3954} INFO - Setting next_dagrun for data_quality to 2026-05-27 13:00:00+00:00, run_after=2026-05-28 13:00:00+00:00
[2026-05-27T16:29:43.258+0000] {logging_mixin.py:188} INFO - [2026-05-27T16:29:43.258+0000] {dag.py:3954} INFO - Setting next_dagrun for produce_json to 2026-05-27 11:00:00+00:00, run_after=2026-05-28 11:00:00+00:00
[2026-05-27T16:29:43.261+0000] {logging_mixin.py:188} INFO - [2026-05-27T16:29:43.261+0000] {dag.py:3954} INFO - Setting next_dagrun for update_db to 2026-05-27 12:00:00+00:00, run_after=2026-05-28 12:00:00+00:00
[2026-05-27T16:29:43.280+0000] {processor.py:183} INFO - Processing /opt/airflow/dags/main.py took 0.216 seconds
[2026-05-27T16:30:13.421+0000] {processor.py:161} INFO - Started process (PID=3823) to work on /opt/airflow/dags/main.py
[2026-05-27T16:30:13.423+0000] {processor.py:830} INFO - Processing file /opt/airflow/dags/main.py for tasks to queue
[2026-05-27T16:30:13.424+0000] {logging_mixin.py:188} INFO - [2026-05-27T16:30:13.424+0000] {dagbag.py:545} INFO - Filling up the DagBag from /opt/airflow/dags/main.py
[2026-05-27T16:30:13.548+0000] {processor.py:840} INFO - DAG(s) 'data_quality', 'produce_json', 'update_db' retrieved from /opt/airflow/dags/main.py
[2026-05-27T16:30:13.581+0000] {logging_mixin.py:188} INFO - [2026-05-27T16:30:13.580+0000] {dag.py:3096} INFO - Sync 3 DAGs
[2026-05-27T16:30:13.600+0000] {logging_mixin.py:188} INFO - [2026-05-27T16:30:13.600+0000] {dag.py:3954} INFO - Setting next_dagrun for data_quality to 2026-05-27 13:00:00+00:00, run_after=2026-05-28 13:00:00+00:00
[2026-05-27T16:30:13.605+0000] {logging_mixin.py:188} INFO - [2026-05-27T16:30:13.605+0000] {dag.py:3954} INFO - Setting next_dagrun for produce_json to 2026-05-27 11:00:00+00:00, run_after=2026-05-28 11:00:00+00:00
[2026-05-27T16:30:13.608+0000] {logging_mixin.py:188} INFO - [2026-05-27T16:30:13.608+0000] {dag.py:3954} INFO - Setting next_dagrun for update_db to 2026-05-27 12:00:00+00:00, run_after=2026-05-28 12:00:00+00:00
[2026-05-27T16:30:13.624+0000] {processor.py:183} INFO - Processing /opt/airflow/dags/main.py took 0.211 seconds
[2026-05-27T16:30:43.946+0000] {processor.py:161} INFO - Started process (PID=3830) to work on /opt/airflow/dags/main.py
[2026-05-27T16:30:43.948+0000] {processor.py:830} INFO - Processing file /opt/airflow/dags/main.py for tasks to queue
[2026-05-27T16:30:43.949+0000] {logging_mixin.py:188} INFO - [2026-05-27T16:30:43.948+0000] {dagbag.py:545} INFO - Filling up the DagBag from /opt/airflow/dags/main.py
[2026-05-27T16:30:44.059+0000] {processor.py:840} INFO - DAG(s) 'update_db', 'data_quality', 'produce_json' retrieved from /opt/airflow/dags/main.py
[2026-05-27T16:30:44.090+0000] {logging_mixin.py:188} INFO - [2026-05-27T16:30:44.090+0000] {dag.py:3096} INFO - Sync 3 DAGs
[2026-05-27T16:30:44.109+0000] {logging_mixin.py:188} INFO - [2026-05-27T16:30:44.109+0000] {dag.py:3954} INFO - Setting next_dagrun for data_quality to 2026-05-27 13:00:00+00:00, run_after=2026-05-28 13:00:00+00:00
[2026-05-27T16:30:44.114+0000] {logging_mixin.py:188} INFO - [2026-05-27T16:30:44.114+0000] {dag.py:3954} INFO - Setting next_dagrun for produce_json to 2026-05-27 11:00:00+00:00, run_after=2026-05-28 11:00:00+00:00
[2026-05-27T16:30:44.117+0000] {logging_mixin.py:188} INFO - [2026-05-27T16:30:44.117+0000] {dag.py:3954} INFO - Setting next_dagrun for update_db to 2026-05-27 12:00:00+00:00, run_after=2026-05-28 12:00:00+00:00
[2026-05-27T16:30:44.144+0000] {processor.py:183} INFO - Processing /opt/airflow/dags/main.py took 0.204 seconds
[2026-05-27T19:31:01.891+0000] {processor.py:161} INFO - Started process (PID=3831) to work on /opt/airflow/dags/main.py
[2026-05-27T19:31:01.893+0000] {processor.py:830} INFO - Processing file /opt/airflow/dags/main.py for tasks to queue
[2026-05-27T19:31:01.896+0000] {logging_mixin.py:188} INFO - [2026-05-27T19:31:01.895+0000] {dagbag.py:545} INFO - Filling up the DagBag from /opt/airflow/dags/main.py
[2026-05-27T19:31:02.202+0000] {processor.py:840} INFO - DAG(s) 'data_quality', 'update_db', 'produce_json' retrieved from /opt/airflow/dags/main.py
[2026-05-27T19:31:02.339+0000] {logging_mixin.py:188} INFO - [2026-05-27T19:31:02.337+0000] {dag.py:3096} INFO - Sync 3 DAGs
[2026-05-27T19:31:02.406+0000] {logging_mixin.py:188} INFO - [2026-05-27T19:31:02.406+0000] {dag.py:3954} INFO - Setting next_dagrun for data_quality to 2026-05-27 13:00:00+00:00, run_after=2026-05-28 13:00:00+00:00
[2026-05-27T19:31:02.423+0000] {logging_mixin.py:188} INFO - [2026-05-27T19:31:02.422+0000] {dag.py:3954} INFO - Setting next_dagrun for produce_json to 2026-05-27 11:00:00+00:00, run_after=2026-05-28 11:00:00+00:00
[2026-05-27T19:31:02.435+0000] {logging_mixin.py:188} INFO - [2026-05-27T19:31:02.434+0000] {dag.py:3954} INFO - Setting next_dagrun for update_db to 2026-05-27 12:00:00+00:00, run_after=2026-05-28 12:00:00+00:00
[2026-05-27T19:31:02.476+0000] {processor.py:183} INFO - Processing /opt/airflow/dags/main.py took 0.608 seconds
