[2026-05-29T07:20:48.483+0000] {processor.py:161} INFO - Started process (PID=75) to work on /opt/airflow/dags/main.py
[2026-05-29T07:20:48.485+0000] {processor.py:830} INFO - Processing file /opt/airflow/dags/main.py for tasks to queue
[2026-05-29T07:20:48.490+0000] {logging_mixin.py:188} INFO - [2026-05-29T07:20:48.489+0000] {dagbag.py:545} INFO - Filling up the DagBag from /opt/airflow/dags/main.py
[2026-05-29T07:20:48.708+0000] {processor.py:840} INFO - DAG(s) 'data_quality', 'produce_json', 'update_db' retrieved from /opt/airflow/dags/main.py
[2026-05-29T07:20:48.793+0000] {logging_mixin.py:188} INFO - [2026-05-29T07:20:48.793+0000] {dag.py:3096} INFO - Sync 3 DAGs
[2026-05-29T07:20:48.836+0000] {logging_mixin.py:188} INFO - [2026-05-29T07:20:48.836+0000] {dag.py:3954} INFO - Setting next_dagrun for data_quality to 2026-05-28 13:00:00+00:00, run_after=2026-05-29 13:00:00+00:00
[2026-05-29T07:20:48.844+0000] {logging_mixin.py:188} INFO - [2026-05-29T07:20:48.844+0000] {dag.py:3954} INFO - Setting next_dagrun for produce_json to 2026-05-28 11:00:00+00:00, run_after=2026-05-29 11:00:00+00:00
[2026-05-29T07:20:48.849+0000] {logging_mixin.py:188} INFO - [2026-05-29T07:20:48.848+0000] {dag.py:3954} INFO - Setting next_dagrun for update_db to 2026-05-28 12:00:00+00:00, run_after=2026-05-29 12:00:00+00:00
[2026-05-29T07:20:48.877+0000] {processor.py:183} INFO - Processing /opt/airflow/dags/main.py took 0.410 seconds
[2026-05-29T07:21:19.190+0000] {processor.py:161} INFO - Started process (PID=82) to work on /opt/airflow/dags/main.py
[2026-05-29T07:21:19.192+0000] {processor.py:830} INFO - Processing file /opt/airflow/dags/main.py for tasks to queue
[2026-05-29T07:21:19.196+0000] {logging_mixin.py:188} INFO - [2026-05-29T07:21:19.196+0000] {dagbag.py:545} INFO - Filling up the DagBag from /opt/airflow/dags/main.py
[2026-05-29T07:21:19.439+0000] {processor.py:840} INFO - DAG(s) 'produce_json', 'data_quality', 'update_db' retrieved from /opt/airflow/dags/main.py
[2026-05-29T07:21:19.505+0000] {logging_mixin.py:188} INFO - [2026-05-29T07:21:19.504+0000] {dag.py:3096} INFO - Sync 3 DAGs
[2026-05-29T07:21:19.539+0000] {logging_mixin.py:188} INFO - [2026-05-29T07:21:19.539+0000] {dag.py:3954} INFO - Setting next_dagrun for data_quality to 2026-05-28 13:00:00+00:00, run_after=2026-05-29 13:00:00+00:00
[2026-05-29T07:21:19.551+0000] {logging_mixin.py:188} INFO - [2026-05-29T07:21:19.550+0000] {dag.py:3954} INFO - Setting next_dagrun for produce_json to 2026-05-28 11:00:00+00:00, run_after=2026-05-29 11:00:00+00:00
[2026-05-29T07:21:19.557+0000] {logging_mixin.py:188} INFO - [2026-05-29T07:21:19.557+0000] {dag.py:3954} INFO - Setting next_dagrun for update_db to 2026-05-28 12:00:00+00:00, run_after=2026-05-29 12:00:00+00:00
[2026-05-29T07:21:19.589+0000] {processor.py:183} INFO - Processing /opt/airflow/dags/main.py took 0.412 seconds
[2026-05-29T07:21:49.974+0000] {processor.py:161} INFO - Started process (PID=89) to work on /opt/airflow/dags/main.py
[2026-05-29T07:21:49.975+0000] {processor.py:830} INFO - Processing file /opt/airflow/dags/main.py for tasks to queue
[2026-05-29T07:21:49.980+0000] {logging_mixin.py:188} INFO - [2026-05-29T07:21:49.979+0000] {dagbag.py:545} INFO - Filling up the DagBag from /opt/airflow/dags/main.py
[2026-05-29T07:21:50.191+0000] {processor.py:840} INFO - DAG(s) 'produce_json', 'data_quality', 'update_db' retrieved from /opt/airflow/dags/main.py
[2026-05-29T07:21:50.248+0000] {logging_mixin.py:188} INFO - [2026-05-29T07:21:50.248+0000] {dag.py:3096} INFO - Sync 3 DAGs
[2026-05-29T07:21:50.284+0000] {logging_mixin.py:188} INFO - [2026-05-29T07:21:50.284+0000] {dag.py:3954} INFO - Setting next_dagrun for data_quality to 2026-05-28 13:00:00+00:00, run_after=2026-05-29 13:00:00+00:00
[2026-05-29T07:21:50.294+0000] {logging_mixin.py:188} INFO - [2026-05-29T07:21:50.293+0000] {dag.py:3954} INFO - Setting next_dagrun for produce_json to 2026-05-28 11:00:00+00:00, run_after=2026-05-29 11:00:00+00:00
[2026-05-29T07:21:50.299+0000] {logging_mixin.py:188} INFO - [2026-05-29T07:21:50.299+0000] {dag.py:3954} INFO - Setting next_dagrun for update_db to 2026-05-28 12:00:00+00:00, run_after=2026-05-29 12:00:00+00:00
[2026-05-29T07:21:50.358+0000] {processor.py:183} INFO - Processing /opt/airflow/dags/main.py took 0.399 seconds
[2026-05-29T07:22:20.688+0000] {processor.py:161} INFO - Started process (PID=97) to work on /opt/airflow/dags/main.py
[2026-05-29T07:22:20.690+0000] {processor.py:830} INFO - Processing file /opt/airflow/dags/main.py for tasks to queue
[2026-05-29T07:22:20.694+0000] {logging_mixin.py:188} INFO - [2026-05-29T07:22:20.693+0000] {dagbag.py:545} INFO - Filling up the DagBag from /opt/airflow/dags/main.py
[2026-05-29T07:22:21.008+0000] {processor.py:840} INFO - DAG(s) 'produce_json', 'data_quality', 'update_db' retrieved from /opt/airflow/dags/main.py
[2026-05-29T07:22:21.076+0000] {logging_mixin.py:188} INFO - [2026-05-29T07:22:21.076+0000] {dag.py:3096} INFO - Sync 3 DAGs
[2026-05-29T07:22:21.114+0000] {logging_mixin.py:188} INFO - [2026-05-29T07:22:21.114+0000] {dag.py:3954} INFO - Setting next_dagrun for data_quality to 2026-05-28 13:00:00+00:00, run_after=2026-05-29 13:00:00+00:00
[2026-05-29T07:22:21.123+0000] {logging_mixin.py:188} INFO - [2026-05-29T07:22:21.123+0000] {dag.py:3954} INFO - Setting next_dagrun for produce_json to 2026-05-28 11:00:00+00:00, run_after=2026-05-29 11:00:00+00:00
[2026-05-29T07:22:21.128+0000] {logging_mixin.py:188} INFO - [2026-05-29T07:22:21.128+0000] {dag.py:3954} INFO - Setting next_dagrun for update_db to 2026-05-28 12:00:00+00:00, run_after=2026-05-29 12:00:00+00:00
[2026-05-29T07:22:21.195+0000] {processor.py:183} INFO - Processing /opt/airflow/dags/main.py took 0.521 seconds
[2026-05-29T07:22:51.561+0000] {processor.py:161} INFO - Started process (PID=104) to work on /opt/airflow/dags/main.py
[2026-05-29T07:22:51.563+0000] {processor.py:830} INFO - Processing file /opt/airflow/dags/main.py for tasks to queue
[2026-05-29T07:22:51.568+0000] {logging_mixin.py:188} INFO - [2026-05-29T07:22:51.567+0000] {dagbag.py:545} INFO - Filling up the DagBag from /opt/airflow/dags/main.py
[2026-05-29T07:22:51.917+0000] {processor.py:840} INFO - DAG(s) 'produce_json', 'data_quality', 'update_db' retrieved from /opt/airflow/dags/main.py
[2026-05-29T07:22:51.985+0000] {logging_mixin.py:188} INFO - [2026-05-29T07:22:51.984+0000] {dag.py:3096} INFO - Sync 3 DAGs
[2026-05-29T07:22:52.047+0000] {logging_mixin.py:188} INFO - [2026-05-29T07:22:52.046+0000] {dag.py:3954} INFO - Setting next_dagrun for data_quality to 2026-05-28 13:00:00+00:00, run_after=2026-05-29 13:00:00+00:00
[2026-05-29T07:22:52.061+0000] {logging_mixin.py:188} INFO - [2026-05-29T07:22:52.060+0000] {dag.py:3954} INFO - Setting next_dagrun for produce_json to 2026-05-28 11:00:00+00:00, run_after=2026-05-29 11:00:00+00:00
[2026-05-29T07:22:52.068+0000] {logging_mixin.py:188} INFO - [2026-05-29T07:22:52.068+0000] {dag.py:3954} INFO - Setting next_dagrun for update_db to 2026-05-28 12:00:00+00:00, run_after=2026-05-29 12:00:00+00:00
[2026-05-29T07:22:52.141+0000] {processor.py:183} INFO - Processing /opt/airflow/dags/main.py took 0.592 seconds
[2026-05-29T07:23:22.630+0000] {processor.py:161} INFO - Started process (PID=111) to work on /opt/airflow/dags/main.py
[2026-05-29T07:23:22.633+0000] {processor.py:830} INFO - Processing file /opt/airflow/dags/main.py for tasks to queue
[2026-05-29T07:23:22.636+0000] {logging_mixin.py:188} INFO - [2026-05-29T07:23:22.636+0000] {dagbag.py:545} INFO - Filling up the DagBag from /opt/airflow/dags/main.py
[2026-05-29T07:23:22.937+0000] {processor.py:840} INFO - DAG(s) 'produce_json', 'data_quality', 'update_db' retrieved from /opt/airflow/dags/main.py
[2026-05-29T07:23:22.997+0000] {logging_mixin.py:188} INFO - [2026-05-29T07:23:22.997+0000] {dag.py:3096} INFO - Sync 3 DAGs
[2026-05-29T07:23:23.030+0000] {logging_mixin.py:188} INFO - [2026-05-29T07:23:23.030+0000] {dag.py:3954} INFO - Setting next_dagrun for data_quality to 2026-05-28 13:00:00+00:00, run_after=2026-05-29 13:00:00+00:00
[2026-05-29T07:23:23.040+0000] {logging_mixin.py:188} INFO - [2026-05-29T07:23:23.039+0000] {dag.py:3954} INFO - Setting next_dagrun for produce_json to 2026-05-28 11:00:00+00:00, run_after=2026-05-29 11:00:00+00:00
[2026-05-29T07:23:23.046+0000] {logging_mixin.py:188} INFO - [2026-05-29T07:23:23.046+0000] {dag.py:3954} INFO - Setting next_dagrun for update_db to 2026-05-28 12:00:00+00:00, run_after=2026-05-29 12:00:00+00:00
[2026-05-29T07:23:23.076+0000] {processor.py:183} INFO - Processing /opt/airflow/dags/main.py took 0.468 seconds
[2026-05-29T07:23:53.351+0000] {processor.py:161} INFO - Started process (PID=118) to work on /opt/airflow/dags/main.py
[2026-05-29T07:23:53.354+0000] {processor.py:830} INFO - Processing file /opt/airflow/dags/main.py for tasks to queue
[2026-05-29T07:23:53.359+0000] {logging_mixin.py:188} INFO - [2026-05-29T07:23:53.359+0000] {dagbag.py:545} INFO - Filling up the DagBag from /opt/airflow/dags/main.py
[2026-05-29T07:23:53.660+0000] {processor.py:840} INFO - DAG(s) 'update_db', 'data_quality', 'produce_json' retrieved from /opt/airflow/dags/main.py
[2026-05-29T07:23:53.723+0000] {logging_mixin.py:188} INFO - [2026-05-29T07:23:53.723+0000] {dag.py:3096} INFO - Sync 3 DAGs
[2026-05-29T07:23:53.748+0000] {logging_mixin.py:188} INFO - [2026-05-29T07:23:53.748+0000] {dag.py:3954} INFO - Setting next_dagrun for data_quality to 2026-05-28 13:00:00+00:00, run_after=2026-05-29 13:00:00+00:00
[2026-05-29T07:23:53.754+0000] {logging_mixin.py:188} INFO - [2026-05-29T07:23:53.754+0000] {dag.py:3954} INFO - Setting next_dagrun for produce_json to 2026-05-28 11:00:00+00:00, run_after=2026-05-29 11:00:00+00:00
[2026-05-29T07:23:53.758+0000] {logging_mixin.py:188} INFO - [2026-05-29T07:23:53.758+0000] {dag.py:3954} INFO - Setting next_dagrun for update_db to 2026-05-28 12:00:00+00:00, run_after=2026-05-29 12:00:00+00:00
[2026-05-29T07:23:53.779+0000] {processor.py:183} INFO - Processing /opt/airflow/dags/main.py took 0.444 seconds
[2026-05-29T07:24:24.186+0000] {processor.py:161} INFO - Started process (PID=125) to work on /opt/airflow/dags/main.py
[2026-05-29T07:24:24.188+0000] {processor.py:830} INFO - Processing file /opt/airflow/dags/main.py for tasks to queue
[2026-05-29T07:24:24.191+0000] {logging_mixin.py:188} INFO - [2026-05-29T07:24:24.191+0000] {dagbag.py:545} INFO - Filling up the DagBag from /opt/airflow/dags/main.py
[2026-05-29T07:24:24.433+0000] {processor.py:840} INFO - DAG(s) 'produce_json', 'data_quality', 'update_db' retrieved from /opt/airflow/dags/main.py
[2026-05-29T07:24:24.488+0000] {logging_mixin.py:188} INFO - [2026-05-29T07:24:24.488+0000] {dag.py:3096} INFO - Sync 3 DAGs
[2026-05-29T07:24:24.520+0000] {logging_mixin.py:188} INFO - [2026-05-29T07:24:24.520+0000] {dag.py:3954} INFO - Setting next_dagrun for data_quality to 2026-05-28 13:00:00+00:00, run_after=2026-05-29 13:00:00+00:00
[2026-05-29T07:24:24.530+0000] {logging_mixin.py:188} INFO - [2026-05-29T07:24:24.530+0000] {dag.py:3954} INFO - Setting next_dagrun for produce_json to 2026-05-28 11:00:00+00:00, run_after=2026-05-29 11:00:00+00:00
[2026-05-29T07:24:24.537+0000] {logging_mixin.py:188} INFO - [2026-05-29T07:24:24.537+0000] {dag.py:3954} INFO - Setting next_dagrun for update_db to 2026-05-28 12:00:00+00:00, run_after=2026-05-29 12:00:00+00:00
[2026-05-29T07:24:24.578+0000] {processor.py:183} INFO - Processing /opt/airflow/dags/main.py took 0.402 seconds
[2026-05-29T07:24:55.079+0000] {processor.py:161} INFO - Started process (PID=132) to work on /opt/airflow/dags/main.py
[2026-05-29T07:24:55.082+0000] {processor.py:830} INFO - Processing file /opt/airflow/dags/main.py for tasks to queue
[2026-05-29T07:24:55.088+0000] {logging_mixin.py:188} INFO - [2026-05-29T07:24:55.087+0000] {dagbag.py:545} INFO - Filling up the DagBag from /opt/airflow/dags/main.py
[2026-05-29T07:24:55.398+0000] {processor.py:840} INFO - DAG(s) 'data_quality', 'update_db', 'produce_json' retrieved from /opt/airflow/dags/main.py
[2026-05-29T07:24:55.443+0000] {logging_mixin.py:188} INFO - [2026-05-29T07:24:55.443+0000] {dag.py:3096} INFO - Sync 3 DAGs
[2026-05-29T07:24:55.471+0000] {logging_mixin.py:188} INFO - [2026-05-29T07:24:55.471+0000] {dag.py:3954} INFO - Setting next_dagrun for data_quality to 2026-05-28 13:00:00+00:00, run_after=2026-05-29 13:00:00+00:00
[2026-05-29T07:24:55.478+0000] {logging_mixin.py:188} INFO - [2026-05-29T07:24:55.477+0000] {dag.py:3954} INFO - Setting next_dagrun for produce_json to 2026-05-28 11:00:00+00:00, run_after=2026-05-29 11:00:00+00:00
[2026-05-29T07:24:55.482+0000] {logging_mixin.py:188} INFO - [2026-05-29T07:24:55.482+0000] {dag.py:3954} INFO - Setting next_dagrun for update_db to 2026-05-28 12:00:00+00:00, run_after=2026-05-29 12:00:00+00:00
[2026-05-29T07:24:55.552+0000] {processor.py:183} INFO - Processing /opt/airflow/dags/main.py took 0.501 seconds
[2026-05-29T07:25:25.982+0000] {processor.py:161} INFO - Started process (PID=139) to work on /opt/airflow/dags/main.py
[2026-05-29T07:25:25.984+0000] {processor.py:830} INFO - Processing file /opt/airflow/dags/main.py for tasks to queue
[2026-05-29T07:25:25.987+0000] {logging_mixin.py:188} INFO - [2026-05-29T07:25:25.986+0000] {dagbag.py:545} INFO - Filling up the DagBag from /opt/airflow/dags/main.py
[2026-05-29T07:25:26.293+0000] {processor.py:840} INFO - DAG(s) 'data_quality', 'produce_json', 'update_db' retrieved from /opt/airflow/dags/main.py
[2026-05-29T07:25:26.360+0000] {logging_mixin.py:188} INFO - [2026-05-29T07:25:26.360+0000] {dag.py:3096} INFO - Sync 3 DAGs
[2026-05-29T07:25:26.402+0000] {logging_mixin.py:188} INFO - [2026-05-29T07:25:26.402+0000] {dag.py:3954} INFO - Setting next_dagrun for data_quality to 2026-05-28 13:00:00+00:00, run_after=2026-05-29 13:00:00+00:00
[2026-05-29T07:25:26.410+0000] {logging_mixin.py:188} INFO - [2026-05-29T07:25:26.410+0000] {dag.py:3954} INFO - Setting next_dagrun for produce_json to 2026-05-28 11:00:00+00:00, run_after=2026-05-29 11:00:00+00:00
[2026-05-29T07:25:26.414+0000] {logging_mixin.py:188} INFO - [2026-05-29T07:25:26.414+0000] {dag.py:3954} INFO - Setting next_dagrun for update_db to 2026-05-28 12:00:00+00:00, run_after=2026-05-29 12:00:00+00:00
[2026-05-29T07:25:26.505+0000] {processor.py:183} INFO - Processing /opt/airflow/dags/main.py took 0.531 seconds
[2026-05-29T07:25:56.726+0000] {processor.py:161} INFO - Started process (PID=146) to work on /opt/airflow/dags/main.py
[2026-05-29T07:25:56.728+0000] {processor.py:830} INFO - Processing file /opt/airflow/dags/main.py for tasks to queue
[2026-05-29T07:25:56.731+0000] {logging_mixin.py:188} INFO - [2026-05-29T07:25:56.730+0000] {dagbag.py:545} INFO - Filling up the DagBag from /opt/airflow/dags/main.py
[2026-05-29T07:25:56.986+0000] {processor.py:840} INFO - DAG(s) 'data_quality', 'produce_json', 'update_db' retrieved from /opt/airflow/dags/main.py
[2026-05-29T07:25:57.029+0000] {logging_mixin.py:188} INFO - [2026-05-29T07:25:57.028+0000] {dag.py:3096} INFO - Sync 3 DAGs
[2026-05-29T07:25:57.059+0000] {logging_mixin.py:188} INFO - [2026-05-29T07:25:57.059+0000] {dag.py:3954} INFO - Setting next_dagrun for data_quality to 2026-05-28 13:00:00+00:00, run_after=2026-05-29 13:00:00+00:00
[2026-05-29T07:25:57.066+0000] {logging_mixin.py:188} INFO - [2026-05-29T07:25:57.065+0000] {dag.py:3954} INFO - Setting next_dagrun for produce_json to 2026-05-28 11:00:00+00:00, run_after=2026-05-29 11:00:00+00:00
[2026-05-29T07:25:57.070+0000] {logging_mixin.py:188} INFO - [2026-05-29T07:25:57.069+0000] {dag.py:3954} INFO - Setting next_dagrun for update_db to 2026-05-28 12:00:00+00:00, run_after=2026-05-29 12:00:00+00:00
[2026-05-29T07:25:57.097+0000] {processor.py:183} INFO - Processing /opt/airflow/dags/main.py took 0.382 seconds
[2026-05-29T07:26:27.314+0000] {processor.py:161} INFO - Started process (PID=153) to work on /opt/airflow/dags/main.py
[2026-05-29T07:26:27.316+0000] {processor.py:830} INFO - Processing file /opt/airflow/dags/main.py for tasks to queue
[2026-05-29T07:26:27.319+0000] {logging_mixin.py:188} INFO - [2026-05-29T07:26:27.319+0000] {dagbag.py:545} INFO - Filling up the DagBag from /opt/airflow/dags/main.py
[2026-05-29T07:26:27.640+0000] {processor.py:840} INFO - DAG(s) 'update_db', 'data_quality', 'produce_json' retrieved from /opt/airflow/dags/main.py
[2026-05-29T07:26:27.709+0000] {logging_mixin.py:188} INFO - [2026-05-29T07:26:27.709+0000] {dag.py:3096} INFO - Sync 3 DAGs
[2026-05-29T07:26:27.744+0000] {logging_mixin.py:188} INFO - [2026-05-29T07:26:27.744+0000] {dag.py:3954} INFO - Setting next_dagrun for data_quality to 2026-05-28 13:00:00+00:00, run_after=2026-05-29 13:00:00+00:00
[2026-05-29T07:26:27.752+0000] {logging_mixin.py:188} INFO - [2026-05-29T07:26:27.752+0000] {dag.py:3954} INFO - Setting next_dagrun for produce_json to 2026-05-28 11:00:00+00:00, run_after=2026-05-29 11:00:00+00:00
[2026-05-29T07:26:27.756+0000] {logging_mixin.py:188} INFO - [2026-05-29T07:26:27.756+0000] {dag.py:3954} INFO - Setting next_dagrun for update_db to 2026-05-28 12:00:00+00:00, run_after=2026-05-29 12:00:00+00:00
[2026-05-29T07:26:27.844+0000] {processor.py:183} INFO - Processing /opt/airflow/dags/main.py took 0.539 seconds
[2026-05-29T07:26:58.264+0000] {processor.py:161} INFO - Started process (PID=160) to work on /opt/airflow/dags/main.py
[2026-05-29T07:26:58.265+0000] {processor.py:830} INFO - Processing file /opt/airflow/dags/main.py for tasks to queue
[2026-05-29T07:26:58.268+0000] {logging_mixin.py:188} INFO - [2026-05-29T07:26:58.268+0000] {dagbag.py:545} INFO - Filling up the DagBag from /opt/airflow/dags/main.py
[2026-05-29T07:26:58.496+0000] {processor.py:840} INFO - DAG(s) 'produce_json', 'data_quality', 'update_db' retrieved from /opt/airflow/dags/main.py
[2026-05-29T07:26:58.542+0000] {logging_mixin.py:188} INFO - [2026-05-29T07:26:58.541+0000] {dag.py:3096} INFO - Sync 3 DAGs
[2026-05-29T07:26:58.573+0000] {logging_mixin.py:188} INFO - [2026-05-29T07:26:58.573+0000] {dag.py:3954} INFO - Setting next_dagrun for data_quality to 2026-05-28 13:00:00+00:00, run_after=2026-05-29 13:00:00+00:00
[2026-05-29T07:26:58.582+0000] {logging_mixin.py:188} INFO - [2026-05-29T07:26:58.582+0000] {dag.py:3954} INFO - Setting next_dagrun for produce_json to 2026-05-28 11:00:00+00:00, run_after=2026-05-29 11:00:00+00:00
[2026-05-29T07:26:58.587+0000] {logging_mixin.py:188} INFO - [2026-05-29T07:26:58.586+0000] {dag.py:3954} INFO - Setting next_dagrun for update_db to 2026-05-28 12:00:00+00:00, run_after=2026-05-29 12:00:00+00:00
[2026-05-29T07:26:58.610+0000] {processor.py:183} INFO - Processing /opt/airflow/dags/main.py took 0.355 seconds
[2026-05-29T07:27:29.100+0000] {processor.py:161} INFO - Started process (PID=167) to work on /opt/airflow/dags/main.py
[2026-05-29T07:27:29.102+0000] {processor.py:830} INFO - Processing file /opt/airflow/dags/main.py for tasks to queue
[2026-05-29T07:27:29.106+0000] {logging_mixin.py:188} INFO - [2026-05-29T07:27:29.105+0000] {dagbag.py:545} INFO - Filling up the DagBag from /opt/airflow/dags/main.py
[2026-05-29T07:27:29.383+0000] {processor.py:840} INFO - DAG(s) 'data_quality', 'update_db', 'produce_json' retrieved from /opt/airflow/dags/main.py
[2026-05-29T07:27:29.431+0000] {logging_mixin.py:188} INFO - [2026-05-29T07:27:29.431+0000] {dag.py:3096} INFO - Sync 3 DAGs
[2026-05-29T07:27:29.459+0000] {logging_mixin.py:188} INFO - [2026-05-29T07:27:29.459+0000] {dag.py:3954} INFO - Setting next_dagrun for data_quality to 2026-05-28 13:00:00+00:00, run_after=2026-05-29 13:00:00+00:00
[2026-05-29T07:27:29.467+0000] {logging_mixin.py:188} INFO - [2026-05-29T07:27:29.467+0000] {dag.py:3954} INFO - Setting next_dagrun for produce_json to 2026-05-28 11:00:00+00:00, run_after=2026-05-29 11:00:00+00:00
[2026-05-29T07:27:29.471+0000] {logging_mixin.py:188} INFO - [2026-05-29T07:27:29.471+0000] {dag.py:3954} INFO - Setting next_dagrun for update_db to 2026-05-28 12:00:00+00:00, run_after=2026-05-29 12:00:00+00:00
[2026-05-29T07:27:29.497+0000] {processor.py:183} INFO - Processing /opt/airflow/dags/main.py took 0.417 seconds
[2026-05-29T07:27:59.912+0000] {processor.py:161} INFO - Started process (PID=174) to work on /opt/airflow/dags/main.py
[2026-05-29T07:27:59.913+0000] {processor.py:830} INFO - Processing file /opt/airflow/dags/main.py for tasks to queue
[2026-05-29T07:27:59.916+0000] {logging_mixin.py:188} INFO - [2026-05-29T07:27:59.915+0000] {dagbag.py:545} INFO - Filling up the DagBag from /opt/airflow/dags/main.py
[2026-05-29T07:28:00.189+0000] {processor.py:840} INFO - DAG(s) 'update_db', 'data_quality', 'produce_json' retrieved from /opt/airflow/dags/main.py
[2026-05-29T07:28:00.241+0000] {logging_mixin.py:188} INFO - [2026-05-29T07:28:00.241+0000] {dag.py:3096} INFO - Sync 3 DAGs
[2026-05-29T07:28:00.272+0000] {logging_mixin.py:188} INFO - [2026-05-29T07:28:00.272+0000] {dag.py:3954} INFO - Setting next_dagrun for data_quality to 2026-05-28 13:00:00+00:00, run_after=2026-05-29 13:00:00+00:00
[2026-05-29T07:28:00.282+0000] {logging_mixin.py:188} INFO - [2026-05-29T07:28:00.281+0000] {dag.py:3954} INFO - Setting next_dagrun for produce_json to 2026-05-28 11:00:00+00:00, run_after=2026-05-29 11:00:00+00:00
[2026-05-29T07:28:00.287+0000] {logging_mixin.py:188} INFO - [2026-05-29T07:28:00.287+0000] {dag.py:3954} INFO - Setting next_dagrun for update_db to 2026-05-28 12:00:00+00:00, run_after=2026-05-29 12:00:00+00:00
[2026-05-29T07:28:00.330+0000] {processor.py:183} INFO - Processing /opt/airflow/dags/main.py took 0.427 seconds
[2026-05-29T07:28:30.763+0000] {processor.py:161} INFO - Started process (PID=181) to work on /opt/airflow/dags/main.py
[2026-05-29T07:28:30.765+0000] {processor.py:830} INFO - Processing file /opt/airflow/dags/main.py for tasks to queue
[2026-05-29T07:28:30.769+0000] {logging_mixin.py:188} INFO - [2026-05-29T07:28:30.768+0000] {dagbag.py:545} INFO - Filling up the DagBag from /opt/airflow/dags/main.py
[2026-05-29T07:28:31.027+0000] {processor.py:840} INFO - DAG(s) 'data_quality', 'update_db', 'produce_json' retrieved from /opt/airflow/dags/main.py
[2026-05-29T07:28:31.076+0000] {logging_mixin.py:188} INFO - [2026-05-29T07:28:31.075+0000] {dag.py:3096} INFO - Sync 3 DAGs
[2026-05-29T07:28:31.103+0000] {logging_mixin.py:188} INFO - [2026-05-29T07:28:31.103+0000] {dag.py:3954} INFO - Setting next_dagrun for data_quality to 2026-05-28 13:00:00+00:00, run_after=2026-05-29 13:00:00+00:00
[2026-05-29T07:28:31.117+0000] {logging_mixin.py:188} INFO - [2026-05-29T07:28:31.116+0000] {dag.py:3954} INFO - Setting next_dagrun for produce_json to 2026-05-28 11:00:00+00:00, run_after=2026-05-29 11:00:00+00:00
[2026-05-29T07:28:31.125+0000] {logging_mixin.py:188} INFO - [2026-05-29T07:28:31.125+0000] {dag.py:3954} INFO - Setting next_dagrun for update_db to 2026-05-28 12:00:00+00:00, run_after=2026-05-29 12:00:00+00:00
[2026-05-29T07:28:31.154+0000] {processor.py:183} INFO - Processing /opt/airflow/dags/main.py took 0.403 seconds
[2026-05-29T07:29:01.525+0000] {processor.py:161} INFO - Started process (PID=188) to work on /opt/airflow/dags/main.py
[2026-05-29T07:29:01.527+0000] {processor.py:830} INFO - Processing file /opt/airflow/dags/main.py for tasks to queue
[2026-05-29T07:29:01.531+0000] {logging_mixin.py:188} INFO - [2026-05-29T07:29:01.530+0000] {dagbag.py:545} INFO - Filling up the DagBag from /opt/airflow/dags/main.py
[2026-05-29T07:29:01.752+0000] {processor.py:840} INFO - DAG(s) 'produce_json', 'update_db', 'data_quality' retrieved from /opt/airflow/dags/main.py
[2026-05-29T07:29:01.810+0000] {logging_mixin.py:188} INFO - [2026-05-29T07:29:01.809+0000] {dag.py:3096} INFO - Sync 3 DAGs
[2026-05-29T07:29:01.845+0000] {logging_mixin.py:188} INFO - [2026-05-29T07:29:01.845+0000] {dag.py:3954} INFO - Setting next_dagrun for data_quality to 2026-05-28 13:00:00+00:00, run_after=2026-05-29 13:00:00+00:00
[2026-05-29T07:29:01.853+0000] {logging_mixin.py:188} INFO - [2026-05-29T07:29:01.852+0000] {dag.py:3954} INFO - Setting next_dagrun for produce_json to 2026-05-28 11:00:00+00:00, run_after=2026-05-29 11:00:00+00:00
[2026-05-29T07:29:01.857+0000] {logging_mixin.py:188} INFO - [2026-05-29T07:29:01.857+0000] {dag.py:3954} INFO - Setting next_dagrun for update_db to 2026-05-28 12:00:00+00:00, run_after=2026-05-29 12:00:00+00:00
[2026-05-29T07:29:01.880+0000] {processor.py:183} INFO - Processing /opt/airflow/dags/main.py took 0.366 seconds
[2026-05-29T07:29:32.352+0000] {processor.py:161} INFO - Started process (PID=195) to work on /opt/airflow/dags/main.py
[2026-05-29T07:29:32.354+0000] {processor.py:830} INFO - Processing file /opt/airflow/dags/main.py for tasks to queue
[2026-05-29T07:29:32.358+0000] {logging_mixin.py:188} INFO - [2026-05-29T07:29:32.358+0000] {dagbag.py:545} INFO - Filling up the DagBag from /opt/airflow/dags/main.py
[2026-05-29T07:29:32.634+0000] {processor.py:840} INFO - DAG(s) 'update_db', 'produce_json', 'data_quality' retrieved from /opt/airflow/dags/main.py
[2026-05-29T07:29:32.693+0000] {logging_mixin.py:188} INFO - [2026-05-29T07:29:32.693+0000] {dag.py:3096} INFO - Sync 3 DAGs
[2026-05-29T07:29:32.731+0000] {logging_mixin.py:188} INFO - [2026-05-29T07:29:32.731+0000] {dag.py:3954} INFO - Setting next_dagrun for data_quality to 2026-05-28 13:00:00+00:00, run_after=2026-05-29 13:00:00+00:00
[2026-05-29T07:29:32.742+0000] {logging_mixin.py:188} INFO - [2026-05-29T07:29:32.741+0000] {dag.py:3954} INFO - Setting next_dagrun for produce_json to 2026-05-28 11:00:00+00:00, run_after=2026-05-29 11:00:00+00:00
[2026-05-29T07:29:32.748+0000] {logging_mixin.py:188} INFO - [2026-05-29T07:29:32.748+0000] {dag.py:3954} INFO - Setting next_dagrun for update_db to 2026-05-28 12:00:00+00:00, run_after=2026-05-29 12:00:00+00:00
[2026-05-29T07:29:32.814+0000] {processor.py:183} INFO - Processing /opt/airflow/dags/main.py took 0.479 seconds
[2026-05-29T07:30:03.277+0000] {processor.py:161} INFO - Started process (PID=202) to work on /opt/airflow/dags/main.py
[2026-05-29T07:30:03.279+0000] {processor.py:830} INFO - Processing file /opt/airflow/dags/main.py for tasks to queue
[2026-05-29T07:30:03.282+0000] {logging_mixin.py:188} INFO - [2026-05-29T07:30:03.282+0000] {dagbag.py:545} INFO - Filling up the DagBag from /opt/airflow/dags/main.py
[2026-05-29T07:30:03.607+0000] {processor.py:840} INFO - DAG(s) 'data_quality', 'produce_json', 'update_db' retrieved from /opt/airflow/dags/main.py
[2026-05-29T07:30:03.658+0000] {logging_mixin.py:188} INFO - [2026-05-29T07:30:03.657+0000] {dag.py:3096} INFO - Sync 3 DAGs
[2026-05-29T07:30:03.692+0000] {logging_mixin.py:188} INFO - [2026-05-29T07:30:03.692+0000] {dag.py:3954} INFO - Setting next_dagrun for data_quality to 2026-05-28 13:00:00+00:00, run_after=2026-05-29 13:00:00+00:00
[2026-05-29T07:30:03.701+0000] {logging_mixin.py:188} INFO - [2026-05-29T07:30:03.701+0000] {dag.py:3954} INFO - Setting next_dagrun for produce_json to 2026-05-28 11:00:00+00:00, run_after=2026-05-29 11:00:00+00:00
[2026-05-29T07:30:03.706+0000] {logging_mixin.py:188} INFO - [2026-05-29T07:30:03.706+0000] {dag.py:3954} INFO - Setting next_dagrun for update_db to 2026-05-28 12:00:00+00:00, run_after=2026-05-29 12:00:00+00:00
[2026-05-29T07:30:03.791+0000] {processor.py:183} INFO - Processing /opt/airflow/dags/main.py took 0.532 seconds
[2026-05-29T07:30:34.062+0000] {processor.py:161} INFO - Started process (PID=209) to work on /opt/airflow/dags/main.py
[2026-05-29T07:30:34.065+0000] {processor.py:830} INFO - Processing file /opt/airflow/dags/main.py for tasks to queue
[2026-05-29T07:30:34.069+0000] {logging_mixin.py:188} INFO - [2026-05-29T07:30:34.068+0000] {dagbag.py:545} INFO - Filling up the DagBag from /opt/airflow/dags/main.py
[2026-05-29T07:30:34.372+0000] {processor.py:840} INFO - DAG(s) 'produce_json', 'data_quality', 'update_db' retrieved from /opt/airflow/dags/main.py
[2026-05-29T07:30:34.414+0000] {logging_mixin.py:188} INFO - [2026-05-29T07:30:34.414+0000] {dag.py:3096} INFO - Sync 3 DAGs
[2026-05-29T07:30:34.445+0000] {logging_mixin.py:188} INFO - [2026-05-29T07:30:34.445+0000] {dag.py:3954} INFO - Setting next_dagrun for data_quality to 2026-05-28 13:00:00+00:00, run_after=2026-05-29 13:00:00+00:00
[2026-05-29T07:30:34.452+0000] {logging_mixin.py:188} INFO - [2026-05-29T07:30:34.452+0000] {dag.py:3954} INFO - Setting next_dagrun for produce_json to 2026-05-28 11:00:00+00:00, run_after=2026-05-29 11:00:00+00:00
[2026-05-29T07:30:34.460+0000] {logging_mixin.py:188} INFO - [2026-05-29T07:30:34.459+0000] {dag.py:3954} INFO - Setting next_dagrun for update_db to 2026-05-28 12:00:00+00:00, run_after=2026-05-29 12:00:00+00:00
[2026-05-29T07:30:34.529+0000] {processor.py:183} INFO - Processing /opt/airflow/dags/main.py took 0.490 seconds
[2026-05-29T07:31:04.934+0000] {processor.py:161} INFO - Started process (PID=216) to work on /opt/airflow/dags/main.py
[2026-05-29T07:31:04.936+0000] {processor.py:830} INFO - Processing file /opt/airflow/dags/main.py for tasks to queue
[2026-05-29T07:31:04.938+0000] {logging_mixin.py:188} INFO - [2026-05-29T07:31:04.938+0000] {dagbag.py:545} INFO - Filling up the DagBag from /opt/airflow/dags/main.py
[2026-05-29T07:31:05.168+0000] {processor.py:840} INFO - DAG(s) 'data_quality', 'update_db', 'produce_json' retrieved from /opt/airflow/dags/main.py
[2026-05-29T07:31:05.216+0000] {logging_mixin.py:188} INFO - [2026-05-29T07:31:05.216+0000] {dag.py:3096} INFO - Sync 3 DAGs
[2026-05-29T07:31:05.248+0000] {logging_mixin.py:188} INFO - [2026-05-29T07:31:05.248+0000] {dag.py:3954} INFO - Setting next_dagrun for data_quality to 2026-05-28 13:00:00+00:00, run_after=2026-05-29 13:00:00+00:00
[2026-05-29T07:31:05.255+0000] {logging_mixin.py:188} INFO - [2026-05-29T07:31:05.254+0000] {dag.py:3954} INFO - Setting next_dagrun for produce_json to 2026-05-28 11:00:00+00:00, run_after=2026-05-29 11:00:00+00:00
[2026-05-29T07:31:05.259+0000] {logging_mixin.py:188} INFO - [2026-05-29T07:31:05.259+0000] {dag.py:3954} INFO - Setting next_dagrun for update_db to 2026-05-28 12:00:00+00:00, run_after=2026-05-29 12:00:00+00:00
[2026-05-29T07:31:05.287+0000] {processor.py:183} INFO - Processing /opt/airflow/dags/main.py took 0.364 seconds
[2026-05-29T07:31:35.655+0000] {processor.py:161} INFO - Started process (PID=223) to work on /opt/airflow/dags/main.py
[2026-05-29T07:31:35.658+0000] {processor.py:830} INFO - Processing file /opt/airflow/dags/main.py for tasks to queue
[2026-05-29T07:31:35.663+0000] {logging_mixin.py:188} INFO - [2026-05-29T07:31:35.662+0000] {dagbag.py:545} INFO - Filling up the DagBag from /opt/airflow/dags/main.py
[2026-05-29T07:31:35.916+0000] {processor.py:840} INFO - DAG(s) 'data_quality', 'update_db', 'produce_json' retrieved from /opt/airflow/dags/main.py
[2026-05-29T07:31:35.983+0000] {logging_mixin.py:188} INFO - [2026-05-29T07:31:35.983+0000] {dag.py:3096} INFO - Sync 3 DAGs
[2026-05-29T07:31:36.010+0000] {logging_mixin.py:188} INFO - [2026-05-29T07:31:36.009+0000] {dag.py:3954} INFO - Setting next_dagrun for data_quality to 2026-05-28 13:00:00+00:00, run_after=2026-05-29 13:00:00+00:00
[2026-05-29T07:31:36.017+0000] {logging_mixin.py:188} INFO - [2026-05-29T07:31:36.017+0000] {dag.py:3954} INFO - Setting next_dagrun for produce_json to 2026-05-28 11:00:00+00:00, run_after=2026-05-29 11:00:00+00:00
[2026-05-29T07:31:36.023+0000] {logging_mixin.py:188} INFO - [2026-05-29T07:31:36.023+0000] {dag.py:3954} INFO - Setting next_dagrun for update_db to 2026-05-28 12:00:00+00:00, run_after=2026-05-29 12:00:00+00:00
[2026-05-29T07:31:36.115+0000] {processor.py:183} INFO - Processing /opt/airflow/dags/main.py took 0.477 seconds
[2026-05-29T07:32:06.525+0000] {processor.py:161} INFO - Started process (PID=230) to work on /opt/airflow/dags/main.py
[2026-05-29T07:32:06.527+0000] {processor.py:830} INFO - Processing file /opt/airflow/dags/main.py for tasks to queue
[2026-05-29T07:32:06.531+0000] {logging_mixin.py:188} INFO - [2026-05-29T07:32:06.530+0000] {dagbag.py:545} INFO - Filling up the DagBag from /opt/airflow/dags/main.py
[2026-05-29T07:32:06.758+0000] {processor.py:840} INFO - DAG(s) 'data_quality', 'update_db', 'produce_json' retrieved from /opt/airflow/dags/main.py
[2026-05-29T07:32:06.835+0000] {logging_mixin.py:188} INFO - [2026-05-29T07:32:06.835+0000] {dag.py:3096} INFO - Sync 3 DAGs
[2026-05-29T07:32:06.882+0000] {logging_mixin.py:188} INFO - [2026-05-29T07:32:06.881+0000] {dag.py:3954} INFO - Setting next_dagrun for data_quality to 2026-05-28 13:00:00+00:00, run_after=2026-05-29 13:00:00+00:00
[2026-05-29T07:32:06.894+0000] {logging_mixin.py:188} INFO - [2026-05-29T07:32:06.894+0000] {dag.py:3954} INFO - Setting next_dagrun for produce_json to 2026-05-28 11:00:00+00:00, run_after=2026-05-29 11:00:00+00:00
[2026-05-29T07:32:06.900+0000] {logging_mixin.py:188} INFO - [2026-05-29T07:32:06.900+0000] {dag.py:3954} INFO - Setting next_dagrun for update_db to 2026-05-28 12:00:00+00:00, run_after=2026-05-29 12:00:00+00:00
[2026-05-29T07:32:06.993+0000] {processor.py:183} INFO - Processing /opt/airflow/dags/main.py took 0.479 seconds
[2026-05-29T07:32:37.421+0000] {processor.py:161} INFO - Started process (PID=237) to work on /opt/airflow/dags/main.py
[2026-05-29T07:32:37.423+0000] {processor.py:830} INFO - Processing file /opt/airflow/dags/main.py for tasks to queue
[2026-05-29T07:32:37.426+0000] {logging_mixin.py:188} INFO - [2026-05-29T07:32:37.426+0000] {dagbag.py:545} INFO - Filling up the DagBag from /opt/airflow/dags/main.py
[2026-05-29T07:32:37.674+0000] {processor.py:840} INFO - DAG(s) 'produce_json', 'update_db', 'data_quality' retrieved from /opt/airflow/dags/main.py
[2026-05-29T07:32:37.724+0000] {logging_mixin.py:188} INFO - [2026-05-29T07:32:37.724+0000] {dag.py:3096} INFO - Sync 3 DAGs
[2026-05-29T07:32:37.751+0000] {logging_mixin.py:188} INFO - [2026-05-29T07:32:37.751+0000] {dag.py:3954} INFO - Setting next_dagrun for data_quality to 2026-05-28 13:00:00+00:00, run_after=2026-05-29 13:00:00+00:00
[2026-05-29T07:32:37.757+0000] {logging_mixin.py:188} INFO - [2026-05-29T07:32:37.757+0000] {dag.py:3954} INFO - Setting next_dagrun for produce_json to 2026-05-28 11:00:00+00:00, run_after=2026-05-29 11:00:00+00:00
[2026-05-29T07:32:37.761+0000] {logging_mixin.py:188} INFO - [2026-05-29T07:32:37.761+0000] {dag.py:3954} INFO - Setting next_dagrun for update_db to 2026-05-28 12:00:00+00:00, run_after=2026-05-29 12:00:00+00:00
[2026-05-29T07:32:37.847+0000] {processor.py:183} INFO - Processing /opt/airflow/dags/main.py took 0.436 seconds
[2026-05-29T07:33:08.222+0000] {processor.py:161} INFO - Started process (PID=244) to work on /opt/airflow/dags/main.py
[2026-05-29T07:33:08.224+0000] {processor.py:830} INFO - Processing file /opt/airflow/dags/main.py for tasks to queue
[2026-05-29T07:33:08.228+0000] {logging_mixin.py:188} INFO - [2026-05-29T07:33:08.228+0000] {dagbag.py:545} INFO - Filling up the DagBag from /opt/airflow/dags/main.py
[2026-05-29T07:33:08.491+0000] {processor.py:840} INFO - DAG(s) 'produce_json', 'update_db', 'data_quality' retrieved from /opt/airflow/dags/main.py
[2026-05-29T07:33:08.572+0000] {logging_mixin.py:188} INFO - [2026-05-29T07:33:08.572+0000] {dag.py:3096} INFO - Sync 3 DAGs
[2026-05-29T07:33:08.612+0000] {logging_mixin.py:188} INFO - [2026-05-29T07:33:08.612+0000] {dag.py:3954} INFO - Setting next_dagrun for data_quality to 2026-05-28 13:00:00+00:00, run_after=2026-05-29 13:00:00+00:00
[2026-05-29T07:33:08.620+0000] {logging_mixin.py:188} INFO - [2026-05-29T07:33:08.619+0000] {dag.py:3954} INFO - Setting next_dagrun for produce_json to 2026-05-28 11:00:00+00:00, run_after=2026-05-29 11:00:00+00:00
[2026-05-29T07:33:08.626+0000] {logging_mixin.py:188} INFO - [2026-05-29T07:33:08.625+0000] {dag.py:3954} INFO - Setting next_dagrun for update_db to 2026-05-28 12:00:00+00:00, run_after=2026-05-29 12:00:00+00:00
[2026-05-29T07:33:08.652+0000] {processor.py:183} INFO - Processing /opt/airflow/dags/main.py took 0.438 seconds
[2026-05-29T07:33:39.022+0000] {processor.py:161} INFO - Started process (PID=251) to work on /opt/airflow/dags/main.py
[2026-05-29T07:33:39.024+0000] {processor.py:830} INFO - Processing file /opt/airflow/dags/main.py for tasks to queue
[2026-05-29T07:33:39.027+0000] {logging_mixin.py:188} INFO - [2026-05-29T07:33:39.027+0000] {dagbag.py:545} INFO - Filling up the DagBag from /opt/airflow/dags/main.py
[2026-05-29T07:33:39.284+0000] {processor.py:840} INFO - DAG(s) 'data_quality', 'update_db', 'produce_json' retrieved from /opt/airflow/dags/main.py
[2026-05-29T07:33:39.335+0000] {logging_mixin.py:188} INFO - [2026-05-29T07:33:39.335+0000] {dag.py:3096} INFO - Sync 3 DAGs
[2026-05-29T07:33:39.388+0000] {logging_mixin.py:188} INFO - [2026-05-29T07:33:39.388+0000] {dag.py:3954} INFO - Setting next_dagrun for data_quality to 2026-05-28 13:00:00+00:00, run_after=2026-05-29 13:00:00+00:00
[2026-05-29T07:33:39.398+0000] {logging_mixin.py:188} INFO - [2026-05-29T07:33:39.398+0000] {dag.py:3954} INFO - Setting next_dagrun for produce_json to 2026-05-28 11:00:00+00:00, run_after=2026-05-29 11:00:00+00:00
[2026-05-29T07:33:39.405+0000] {logging_mixin.py:188} INFO - [2026-05-29T07:33:39.405+0000] {dag.py:3954} INFO - Setting next_dagrun for update_db to 2026-05-28 12:00:00+00:00, run_after=2026-05-29 12:00:00+00:00
[2026-05-29T07:33:39.503+0000] {processor.py:183} INFO - Processing /opt/airflow/dags/main.py took 0.490 seconds
[2026-05-29T07:34:09.994+0000] {processor.py:161} INFO - Started process (PID=258) to work on /opt/airflow/dags/main.py
[2026-05-29T07:34:09.996+0000] {processor.py:830} INFO - Processing file /opt/airflow/dags/main.py for tasks to queue
[2026-05-29T07:34:09.999+0000] {logging_mixin.py:188} INFO - [2026-05-29T07:34:09.998+0000] {dagbag.py:545} INFO - Filling up the DagBag from /opt/airflow/dags/main.py
[2026-05-29T07:34:10.259+0000] {processor.py:840} INFO - DAG(s) 'produce_json', 'data_quality', 'update_db' retrieved from /opt/airflow/dags/main.py
[2026-05-29T07:34:10.315+0000] {logging_mixin.py:188} INFO - [2026-05-29T07:34:10.315+0000] {dag.py:3096} INFO - Sync 3 DAGs
[2026-05-29T07:34:10.357+0000] {logging_mixin.py:188} INFO - [2026-05-29T07:34:10.357+0000] {dag.py:3954} INFO - Setting next_dagrun for data_quality to 2026-05-28 13:00:00+00:00, run_after=2026-05-29 13:00:00+00:00
[2026-05-29T07:34:10.367+0000] {logging_mixin.py:188} INFO - [2026-05-29T07:34:10.367+0000] {dag.py:3954} INFO - Setting next_dagrun for produce_json to 2026-05-28 11:00:00+00:00, run_after=2026-05-29 11:00:00+00:00
[2026-05-29T07:34:10.372+0000] {logging_mixin.py:188} INFO - [2026-05-29T07:34:10.372+0000] {dag.py:3954} INFO - Setting next_dagrun for update_db to 2026-05-28 12:00:00+00:00, run_after=2026-05-29 12:00:00+00:00
[2026-05-29T07:34:10.393+0000] {processor.py:183} INFO - Processing /opt/airflow/dags/main.py took 0.406 seconds
[2026-05-29T07:34:40.849+0000] {processor.py:161} INFO - Started process (PID=265) to work on /opt/airflow/dags/main.py
[2026-05-29T07:34:40.851+0000] {processor.py:830} INFO - Processing file /opt/airflow/dags/main.py for tasks to queue
[2026-05-29T07:34:40.853+0000] {logging_mixin.py:188} INFO - [2026-05-29T07:34:40.853+0000] {dagbag.py:545} INFO - Filling up the DagBag from /opt/airflow/dags/main.py
[2026-05-29T07:34:41.104+0000] {processor.py:840} INFO - DAG(s) 'data_quality', 'produce_json', 'update_db' retrieved from /opt/airflow/dags/main.py
[2026-05-29T07:34:41.148+0000] {logging_mixin.py:188} INFO - [2026-05-29T07:34:41.148+0000] {dag.py:3096} INFO - Sync 3 DAGs
[2026-05-29T07:34:41.178+0000] {logging_mixin.py:188} INFO - [2026-05-29T07:34:41.178+0000] {dag.py:3954} INFO - Setting next_dagrun for data_quality to 2026-05-28 13:00:00+00:00, run_after=2026-05-29 13:00:00+00:00
[2026-05-29T07:34:41.186+0000] {logging_mixin.py:188} INFO - [2026-05-29T07:34:41.186+0000] {dag.py:3954} INFO - Setting next_dagrun for produce_json to 2026-05-28 11:00:00+00:00, run_after=2026-05-29 11:00:00+00:00
[2026-05-29T07:34:41.192+0000] {logging_mixin.py:188} INFO - [2026-05-29T07:34:41.191+0000] {dag.py:3954} INFO - Setting next_dagrun for update_db to 2026-05-28 12:00:00+00:00, run_after=2026-05-29 12:00:00+00:00
[2026-05-29T07:34:41.216+0000] {processor.py:183} INFO - Processing /opt/airflow/dags/main.py took 0.377 seconds
[2026-05-29T07:35:11.659+0000] {processor.py:161} INFO - Started process (PID=272) to work on /opt/airflow/dags/main.py
[2026-05-29T07:35:11.660+0000] {processor.py:830} INFO - Processing file /opt/airflow/dags/main.py for tasks to queue
[2026-05-29T07:35:11.663+0000] {logging_mixin.py:188} INFO - [2026-05-29T07:35:11.663+0000] {dagbag.py:545} INFO - Filling up the DagBag from /opt/airflow/dags/main.py
[2026-05-29T07:35:11.931+0000] {processor.py:840} INFO - DAG(s) 'data_quality', 'produce_json', 'update_db' retrieved from /opt/airflow/dags/main.py
[2026-05-29T07:35:11.970+0000] {logging_mixin.py:188} INFO - [2026-05-29T07:35:11.970+0000] {dag.py:3096} INFO - Sync 3 DAGs
[2026-05-29T07:35:11.999+0000] {logging_mixin.py:188} INFO - [2026-05-29T07:35:11.998+0000] {dag.py:3954} INFO - Setting next_dagrun for data_quality to 2026-05-28 13:00:00+00:00, run_after=2026-05-29 13:00:00+00:00
[2026-05-29T07:35:12.005+0000] {logging_mixin.py:188} INFO - [2026-05-29T07:35:12.005+0000] {dag.py:3954} INFO - Setting next_dagrun for produce_json to 2026-05-28 11:00:00+00:00, run_after=2026-05-29 11:00:00+00:00
[2026-05-29T07:35:12.010+0000] {logging_mixin.py:188} INFO - [2026-05-29T07:35:12.009+0000] {dag.py:3954} INFO - Setting next_dagrun for update_db to 2026-05-28 12:00:00+00:00, run_after=2026-05-29 12:00:00+00:00
[2026-05-29T07:35:12.097+0000] {processor.py:183} INFO - Processing /opt/airflow/dags/main.py took 0.449 seconds
[2026-05-29T07:35:42.573+0000] {processor.py:161} INFO - Started process (PID=279) to work on /opt/airflow/dags/main.py
[2026-05-29T07:35:42.576+0000] {processor.py:830} INFO - Processing file /opt/airflow/dags/main.py for tasks to queue
[2026-05-29T07:35:42.580+0000] {logging_mixin.py:188} INFO - [2026-05-29T07:35:42.579+0000] {dagbag.py:545} INFO - Filling up the DagBag from /opt/airflow/dags/main.py
[2026-05-29T07:35:42.895+0000] {processor.py:840} INFO - DAG(s) 'update_db', 'produce_json', 'data_quality' retrieved from /opt/airflow/dags/main.py
[2026-05-29T07:35:42.965+0000] {logging_mixin.py:188} INFO - [2026-05-29T07:35:42.965+0000] {dag.py:3096} INFO - Sync 3 DAGs
[2026-05-29T07:35:43.002+0000] {logging_mixin.py:188} INFO - [2026-05-29T07:35:43.001+0000] {dag.py:3954} INFO - Setting next_dagrun for data_quality to 2026-05-28 13:00:00+00:00, run_after=2026-05-29 13:00:00+00:00
[2026-05-29T07:35:43.014+0000] {logging_mixin.py:188} INFO - [2026-05-29T07:35:43.014+0000] {dag.py:3954} INFO - Setting next_dagrun for produce_json to 2026-05-28 11:00:00+00:00, run_after=2026-05-29 11:00:00+00:00
[2026-05-29T07:35:43.020+0000] {logging_mixin.py:188} INFO - [2026-05-29T07:35:43.020+0000] {dag.py:3954} INFO - Setting next_dagrun for update_db to 2026-05-28 12:00:00+00:00, run_after=2026-05-29 12:00:00+00:00
[2026-05-29T07:35:43.112+0000] {processor.py:183} INFO - Processing /opt/airflow/dags/main.py took 0.556 seconds
[2026-05-29T07:36:13.255+0000] {processor.py:161} INFO - Started process (PID=286) to work on /opt/airflow/dags/main.py
[2026-05-29T07:36:13.258+0000] {processor.py:830} INFO - Processing file /opt/airflow/dags/main.py for tasks to queue
[2026-05-29T07:36:13.263+0000] {logging_mixin.py:188} INFO - [2026-05-29T07:36:13.262+0000] {dagbag.py:545} INFO - Filling up the DagBag from /opt/airflow/dags/main.py
[2026-05-29T07:36:13.559+0000] {processor.py:840} INFO - DAG(s) 'update_db', 'data_quality', 'produce_json' retrieved from /opt/airflow/dags/main.py
[2026-05-29T07:36:13.605+0000] {logging_mixin.py:188} INFO - [2026-05-29T07:36:13.604+0000] {dag.py:3096} INFO - Sync 3 DAGs
[2026-05-29T07:36:13.652+0000] {logging_mixin.py:188} INFO - [2026-05-29T07:36:13.651+0000] {dag.py:3954} INFO - Setting next_dagrun for data_quality to 2026-05-28 13:00:00+00:00, run_after=2026-05-29 13:00:00+00:00
[2026-05-29T07:36:13.660+0000] {logging_mixin.py:188} INFO - [2026-05-29T07:36:13.660+0000] {dag.py:3954} INFO - Setting next_dagrun for produce_json to 2026-05-28 11:00:00+00:00, run_after=2026-05-29 11:00:00+00:00
[2026-05-29T07:36:13.664+0000] {logging_mixin.py:188} INFO - [2026-05-29T07:36:13.664+0000] {dag.py:3954} INFO - Setting next_dagrun for update_db to 2026-05-28 12:00:00+00:00, run_after=2026-05-29 12:00:00+00:00
[2026-05-29T07:36:13.748+0000] {processor.py:183} INFO - Processing /opt/airflow/dags/main.py took 0.513 seconds
[2026-05-29T07:36:44.244+0000] {processor.py:161} INFO - Started process (PID=293) to work on /opt/airflow/dags/main.py
[2026-05-29T07:36:44.247+0000] {processor.py:830} INFO - Processing file /opt/airflow/dags/main.py for tasks to queue
[2026-05-29T07:36:44.251+0000] {logging_mixin.py:188} INFO - [2026-05-29T07:36:44.251+0000] {dagbag.py:545} INFO - Filling up the DagBag from /opt/airflow/dags/main.py
[2026-05-29T07:36:44.578+0000] {processor.py:840} INFO - DAG(s) 'produce_json', 'data_quality', 'update_db' retrieved from /opt/airflow/dags/main.py
[2026-05-29T07:36:44.647+0000] {logging_mixin.py:188} INFO - [2026-05-29T07:36:44.646+0000] {dag.py:3096} INFO - Sync 3 DAGs
[2026-05-29T07:36:44.672+0000] {logging_mixin.py:188} INFO - [2026-05-29T07:36:44.672+0000] {dag.py:3954} INFO - Setting next_dagrun for data_quality to 2026-05-28 13:00:00+00:00, run_after=2026-05-29 13:00:00+00:00
[2026-05-29T07:36:44.680+0000] {logging_mixin.py:188} INFO - [2026-05-29T07:36:44.680+0000] {dag.py:3954} INFO - Setting next_dagrun for produce_json to 2026-05-28 11:00:00+00:00, run_after=2026-05-29 11:00:00+00:00
[2026-05-29T07:36:44.684+0000] {logging_mixin.py:188} INFO - [2026-05-29T07:36:44.684+0000] {dag.py:3954} INFO - Setting next_dagrun for update_db to 2026-05-28 12:00:00+00:00, run_after=2026-05-29 12:00:00+00:00
[2026-05-29T07:36:44.770+0000] {processor.py:183} INFO - Processing /opt/airflow/dags/main.py took 0.543 seconds
[2026-05-29T07:37:14.979+0000] {processor.py:161} INFO - Started process (PID=300) to work on /opt/airflow/dags/main.py
[2026-05-29T07:37:14.980+0000] {processor.py:830} INFO - Processing file /opt/airflow/dags/main.py for tasks to queue
[2026-05-29T07:37:14.985+0000] {logging_mixin.py:188} INFO - [2026-05-29T07:37:14.984+0000] {dagbag.py:545} INFO - Filling up the DagBag from /opt/airflow/dags/main.py
[2026-05-29T07:37:15.204+0000] {processor.py:840} INFO - DAG(s) 'data_quality', 'produce_json', 'update_db' retrieved from /opt/airflow/dags/main.py
[2026-05-29T07:37:15.264+0000] {logging_mixin.py:188} INFO - [2026-05-29T07:37:15.264+0000] {dag.py:3096} INFO - Sync 3 DAGs
[2026-05-29T07:37:15.307+0000] {logging_mixin.py:188} INFO - [2026-05-29T07:37:15.306+0000] {dag.py:3954} INFO - Setting next_dagrun for data_quality to 2026-05-28 13:00:00+00:00, run_after=2026-05-29 13:00:00+00:00
[2026-05-29T07:37:15.315+0000] {logging_mixin.py:188} INFO - [2026-05-29T07:37:15.314+0000] {dag.py:3954} INFO - Setting next_dagrun for produce_json to 2026-05-28 11:00:00+00:00, run_after=2026-05-29 11:00:00+00:00
[2026-05-29T07:37:15.320+0000] {logging_mixin.py:188} INFO - [2026-05-29T07:37:15.320+0000] {dag.py:3954} INFO - Setting next_dagrun for update_db to 2026-05-28 12:00:00+00:00, run_after=2026-05-29 12:00:00+00:00
[2026-05-29T07:37:15.348+0000] {processor.py:183} INFO - Processing /opt/airflow/dags/main.py took 0.380 seconds
[2026-05-29T07:37:45.701+0000] {processor.py:161} INFO - Started process (PID=307) to work on /opt/airflow/dags/main.py
[2026-05-29T07:37:45.704+0000] {processor.py:830} INFO - Processing file /opt/airflow/dags/main.py for tasks to queue
[2026-05-29T07:37:45.709+0000] {logging_mixin.py:188} INFO - [2026-05-29T07:37:45.708+0000] {dagbag.py:545} INFO - Filling up the DagBag from /opt/airflow/dags/main.py
[2026-05-29T07:37:46.218+0000] {processor.py:840} INFO - DAG(s) 'data_quality', 'produce_json', 'update_db' retrieved from /opt/airflow/dags/main.py
[2026-05-29T07:37:46.502+0000] {logging_mixin.py:188} INFO - [2026-05-29T07:37:46.501+0000] {dag.py:3096} INFO - Sync 3 DAGs
[2026-05-29T07:37:46.550+0000] {logging_mixin.py:188} INFO - [2026-05-29T07:37:46.549+0000] {dag.py:3954} INFO - Setting next_dagrun for data_quality to 2026-05-28 13:00:00+00:00, run_after=2026-05-29 13:00:00+00:00
[2026-05-29T07:37:46.562+0000] {logging_mixin.py:188} INFO - [2026-05-29T07:37:46.561+0000] {dag.py:3954} INFO - Setting next_dagrun for produce_json to 2026-05-28 11:00:00+00:00, run_after=2026-05-29 11:00:00+00:00
[2026-05-29T07:37:46.570+0000] {logging_mixin.py:188} INFO - [2026-05-29T07:37:46.570+0000] {dag.py:3954} INFO - Setting next_dagrun for update_db to 2026-05-28 12:00:00+00:00, run_after=2026-05-29 12:00:00+00:00
[2026-05-29T07:37:46.641+0000] {processor.py:183} INFO - Processing /opt/airflow/dags/main.py took 0.957 seconds
[2026-05-29T07:38:17.096+0000] {processor.py:161} INFO - Started process (PID=314) to work on /opt/airflow/dags/main.py
[2026-05-29T07:38:17.098+0000] {processor.py:830} INFO - Processing file /opt/airflow/dags/main.py for tasks to queue
[2026-05-29T07:38:17.101+0000] {logging_mixin.py:188} INFO - [2026-05-29T07:38:17.101+0000] {dagbag.py:545} INFO - Filling up the DagBag from /opt/airflow/dags/main.py
[2026-05-29T07:38:17.434+0000] {processor.py:840} INFO - DAG(s) 'update_db', 'produce_json', 'data_quality' retrieved from /opt/airflow/dags/main.py
[2026-05-29T07:38:17.482+0000] {logging_mixin.py:188} INFO - [2026-05-29T07:38:17.482+0000] {dag.py:3096} INFO - Sync 3 DAGs
[2026-05-29T07:38:17.505+0000] {logging_mixin.py:188} INFO - [2026-05-29T07:38:17.505+0000] {dag.py:3954} INFO - Setting next_dagrun for data_quality to 2026-05-28 13:00:00+00:00, run_after=2026-05-29 13:00:00+00:00
[2026-05-29T07:38:17.511+0000] {logging_mixin.py:188} INFO - [2026-05-29T07:38:17.511+0000] {dag.py:3954} INFO - Setting next_dagrun for produce_json to 2026-05-28 11:00:00+00:00, run_after=2026-05-29 11:00:00+00:00
[2026-05-29T07:38:17.515+0000] {logging_mixin.py:188} INFO - [2026-05-29T07:38:17.515+0000] {dag.py:3954} INFO - Setting next_dagrun for update_db to 2026-05-28 12:00:00+00:00, run_after=2026-05-29 12:00:00+00:00
[2026-05-29T07:38:17.539+0000] {processor.py:183} INFO - Processing /opt/airflow/dags/main.py took 0.453 seconds
[2026-05-29T07:38:47.992+0000] {processor.py:161} INFO - Started process (PID=321) to work on /opt/airflow/dags/main.py
[2026-05-29T07:38:47.994+0000] {processor.py:830} INFO - Processing file /opt/airflow/dags/main.py for tasks to queue
[2026-05-29T07:38:47.996+0000] {logging_mixin.py:188} INFO - [2026-05-29T07:38:47.996+0000] {dagbag.py:545} INFO - Filling up the DagBag from /opt/airflow/dags/main.py
[2026-05-29T07:38:48.270+0000] {processor.py:840} INFO - DAG(s) 'update_db', 'data_quality', 'produce_json' retrieved from /opt/airflow/dags/main.py
[2026-05-29T07:38:48.340+0000] {logging_mixin.py:188} INFO - [2026-05-29T07:38:48.340+0000] {dag.py:3096} INFO - Sync 3 DAGs
[2026-05-29T07:38:48.392+0000] {logging_mixin.py:188} INFO - [2026-05-29T07:38:48.392+0000] {dag.py:3954} INFO - Setting next_dagrun for data_quality to 2026-05-28 13:00:00+00:00, run_after=2026-05-29 13:00:00+00:00
[2026-05-29T07:38:48.406+0000] {logging_mixin.py:188} INFO - [2026-05-29T07:38:48.405+0000] {dag.py:3954} INFO - Setting next_dagrun for produce_json to 2026-05-28 11:00:00+00:00, run_after=2026-05-29 11:00:00+00:00
[2026-05-29T07:38:48.414+0000] {logging_mixin.py:188} INFO - [2026-05-29T07:38:48.414+0000] {dag.py:3954} INFO - Setting next_dagrun for update_db to 2026-05-28 12:00:00+00:00, run_after=2026-05-29 12:00:00+00:00
[2026-05-29T07:38:48.465+0000] {processor.py:183} INFO - Processing /opt/airflow/dags/main.py took 0.482 seconds
[2026-05-29T07:39:18.927+0000] {processor.py:161} INFO - Started process (PID=328) to work on /opt/airflow/dags/main.py
[2026-05-29T07:39:18.930+0000] {processor.py:830} INFO - Processing file /opt/airflow/dags/main.py for tasks to queue
[2026-05-29T07:39:18.935+0000] {logging_mixin.py:188} INFO - [2026-05-29T07:39:18.934+0000] {dagbag.py:545} INFO - Filling up the DagBag from /opt/airflow/dags/main.py
[2026-05-29T07:39:19.307+0000] {processor.py:840} INFO - DAG(s) 'data_quality', 'update_db', 'produce_json' retrieved from /opt/airflow/dags/main.py
[2026-05-29T07:39:19.380+0000] {logging_mixin.py:188} INFO - [2026-05-29T07:39:19.379+0000] {dag.py:3096} INFO - Sync 3 DAGs
[2026-05-29T07:39:19.417+0000] {logging_mixin.py:188} INFO - [2026-05-29T07:39:19.416+0000] {dag.py:3954} INFO - Setting next_dagrun for data_quality to 2026-05-28 13:00:00+00:00, run_after=2026-05-29 13:00:00+00:00
[2026-05-29T07:39:19.423+0000] {logging_mixin.py:188} INFO - [2026-05-29T07:39:19.422+0000] {dag.py:3954} INFO - Setting next_dagrun for produce_json to 2026-05-28 11:00:00+00:00, run_after=2026-05-29 11:00:00+00:00
[2026-05-29T07:39:19.426+0000] {logging_mixin.py:188} INFO - [2026-05-29T07:39:19.426+0000] {dag.py:3954} INFO - Setting next_dagrun for update_db to 2026-05-28 12:00:00+00:00, run_after=2026-05-29 12:00:00+00:00
[2026-05-29T07:39:19.511+0000] {processor.py:183} INFO - Processing /opt/airflow/dags/main.py took 0.599 seconds
[2026-05-29T07:39:50.029+0000] {processor.py:161} INFO - Started process (PID=335) to work on /opt/airflow/dags/main.py
[2026-05-29T07:39:50.032+0000] {processor.py:830} INFO - Processing file /opt/airflow/dags/main.py for tasks to queue
[2026-05-29T07:39:50.036+0000] {logging_mixin.py:188} INFO - [2026-05-29T07:39:50.036+0000] {dagbag.py:545} INFO - Filling up the DagBag from /opt/airflow/dags/main.py
[2026-05-29T07:39:50.303+0000] {processor.py:840} INFO - DAG(s) 'produce_json', 'update_db', 'data_quality' retrieved from /opt/airflow/dags/main.py
[2026-05-29T07:39:50.354+0000] {logging_mixin.py:188} INFO - [2026-05-29T07:39:50.354+0000] {dag.py:3096} INFO - Sync 3 DAGs
[2026-05-29T07:39:50.385+0000] {logging_mixin.py:188} INFO - [2026-05-29T07:39:50.385+0000] {dag.py:3954} INFO - Setting next_dagrun for data_quality to 2026-05-28 13:00:00+00:00, run_after=2026-05-29 13:00:00+00:00
[2026-05-29T07:39:50.393+0000] {logging_mixin.py:188} INFO - [2026-05-29T07:39:50.392+0000] {dag.py:3954} INFO - Setting next_dagrun for produce_json to 2026-05-28 11:00:00+00:00, run_after=2026-05-29 11:00:00+00:00
[2026-05-29T07:39:50.397+0000] {logging_mixin.py:188} INFO - [2026-05-29T07:39:50.396+0000] {dag.py:3954} INFO - Setting next_dagrun for update_db to 2026-05-28 12:00:00+00:00, run_after=2026-05-29 12:00:00+00:00
[2026-05-29T07:39:50.417+0000] {processor.py:183} INFO - Processing /opt/airflow/dags/main.py took 0.411 seconds
[2026-05-29T07:40:20.733+0000] {processor.py:161} INFO - Started process (PID=342) to work on /opt/airflow/dags/main.py
[2026-05-29T07:40:20.736+0000] {processor.py:830} INFO - Processing file /opt/airflow/dags/main.py for tasks to queue
[2026-05-29T07:40:20.742+0000] {logging_mixin.py:188} INFO - [2026-05-29T07:40:20.741+0000] {dagbag.py:545} INFO - Filling up the DagBag from /opt/airflow/dags/main.py
[2026-05-29T07:40:21.054+0000] {processor.py:840} INFO - DAG(s) 'data_quality', 'update_db', 'produce_json' retrieved from /opt/airflow/dags/main.py
[2026-05-29T07:40:21.124+0000] {logging_mixin.py:188} INFO - [2026-05-29T07:40:21.123+0000] {dag.py:3096} INFO - Sync 3 DAGs
[2026-05-29T07:40:21.175+0000] {logging_mixin.py:188} INFO - [2026-05-29T07:40:21.174+0000] {dag.py:3954} INFO - Setting next_dagrun for data_quality to 2026-05-28 13:00:00+00:00, run_after=2026-05-29 13:00:00+00:00
[2026-05-29T07:40:21.188+0000] {logging_mixin.py:188} INFO - [2026-05-29T07:40:21.188+0000] {dag.py:3954} INFO - Setting next_dagrun for produce_json to 2026-05-28 11:00:00+00:00, run_after=2026-05-29 11:00:00+00:00
[2026-05-29T07:40:21.197+0000] {logging_mixin.py:188} INFO - [2026-05-29T07:40:21.196+0000] {dag.py:3954} INFO - Setting next_dagrun for update_db to 2026-05-28 12:00:00+00:00, run_after=2026-05-29 12:00:00+00:00
[2026-05-29T07:40:21.286+0000] {processor.py:183} INFO - Processing /opt/airflow/dags/main.py took 0.573 seconds
[2026-05-29T07:40:51.472+0000] {processor.py:161} INFO - Started process (PID=349) to work on /opt/airflow/dags/main.py
[2026-05-29T07:40:51.473+0000] {processor.py:830} INFO - Processing file /opt/airflow/dags/main.py for tasks to queue
[2026-05-29T07:40:51.476+0000] {logging_mixin.py:188} INFO - [2026-05-29T07:40:51.476+0000] {dagbag.py:545} INFO - Filling up the DagBag from /opt/airflow/dags/main.py
[2026-05-29T07:40:51.745+0000] {processor.py:840} INFO - DAG(s) 'produce_json', 'update_db', 'data_quality' retrieved from /opt/airflow/dags/main.py
[2026-05-29T07:40:51.785+0000] {logging_mixin.py:188} INFO - [2026-05-29T07:40:51.785+0000] {dag.py:3096} INFO - Sync 3 DAGs
[2026-05-29T07:40:51.809+0000] {logging_mixin.py:188} INFO - [2026-05-29T07:40:51.809+0000] {dag.py:3954} INFO - Setting next_dagrun for data_quality to 2026-05-28 13:00:00+00:00, run_after=2026-05-29 13:00:00+00:00
[2026-05-29T07:40:51.815+0000] {logging_mixin.py:188} INFO - [2026-05-29T07:40:51.815+0000] {dag.py:3954} INFO - Setting next_dagrun for produce_json to 2026-05-28 11:00:00+00:00, run_after=2026-05-29 11:00:00+00:00
[2026-05-29T07:40:51.819+0000] {logging_mixin.py:188} INFO - [2026-05-29T07:40:51.819+0000] {dag.py:3954} INFO - Setting next_dagrun for update_db to 2026-05-28 12:00:00+00:00, run_after=2026-05-29 12:00:00+00:00
[2026-05-29T07:40:51.843+0000] {processor.py:183} INFO - Processing /opt/airflow/dags/main.py took 0.380 seconds
[2026-05-29T07:41:22.330+0000] {processor.py:161} INFO - Started process (PID=356) to work on /opt/airflow/dags/main.py
[2026-05-29T07:41:22.333+0000] {processor.py:830} INFO - Processing file /opt/airflow/dags/main.py for tasks to queue
[2026-05-29T07:41:22.336+0000] {logging_mixin.py:188} INFO - [2026-05-29T07:41:22.336+0000] {dagbag.py:545} INFO - Filling up the DagBag from /opt/airflow/dags/main.py
[2026-05-29T07:41:22.578+0000] {processor.py:840} INFO - DAG(s) 'update_db', 'produce_json', 'data_quality' retrieved from /opt/airflow/dags/main.py
[2026-05-29T07:41:22.625+0000] {logging_mixin.py:188} INFO - [2026-05-29T07:41:22.625+0000] {dag.py:3096} INFO - Sync 3 DAGs
[2026-05-29T07:41:22.654+0000] {logging_mixin.py:188} INFO - [2026-05-29T07:41:22.654+0000] {dag.py:3954} INFO - Setting next_dagrun for data_quality to 2026-05-28 13:00:00+00:00, run_after=2026-05-29 13:00:00+00:00
[2026-05-29T07:41:22.661+0000] {logging_mixin.py:188} INFO - [2026-05-29T07:41:22.661+0000] {dag.py:3954} INFO - Setting next_dagrun for produce_json to 2026-05-28 11:00:00+00:00, run_after=2026-05-29 11:00:00+00:00
[2026-05-29T07:41:22.664+0000] {logging_mixin.py:188} INFO - [2026-05-29T07:41:22.664+0000] {dag.py:3954} INFO - Setting next_dagrun for update_db to 2026-05-28 12:00:00+00:00, run_after=2026-05-29 12:00:00+00:00
[2026-05-29T07:41:22.747+0000] {processor.py:183} INFO - Processing /opt/airflow/dags/main.py took 0.440 seconds
[2026-05-29T07:41:53.171+0000] {processor.py:161} INFO - Started process (PID=363) to work on /opt/airflow/dags/main.py
[2026-05-29T07:41:53.172+0000] {processor.py:830} INFO - Processing file /opt/airflow/dags/main.py for tasks to queue
[2026-05-29T07:41:53.175+0000] {logging_mixin.py:188} INFO - [2026-05-29T07:41:53.175+0000] {dagbag.py:545} INFO - Filling up the DagBag from /opt/airflow/dags/main.py
[2026-05-29T07:41:53.396+0000] {processor.py:840} INFO - DAG(s) 'data_quality', 'update_db', 'produce_json' retrieved from /opt/airflow/dags/main.py
[2026-05-29T07:41:53.439+0000] {logging_mixin.py:188} INFO - [2026-05-29T07:41:53.439+0000] {dag.py:3096} INFO - Sync 3 DAGs
[2026-05-29T07:41:53.464+0000] {logging_mixin.py:188} INFO - [2026-05-29T07:41:53.463+0000] {dag.py:3954} INFO - Setting next_dagrun for data_quality to 2026-05-28 13:00:00+00:00, run_after=2026-05-29 13:00:00+00:00
[2026-05-29T07:41:53.470+0000] {logging_mixin.py:188} INFO - [2026-05-29T07:41:53.470+0000] {dag.py:3954} INFO - Setting next_dagrun for produce_json to 2026-05-28 11:00:00+00:00, run_after=2026-05-29 11:00:00+00:00
[2026-05-29T07:41:53.474+0000] {logging_mixin.py:188} INFO - [2026-05-29T07:41:53.473+0000] {dag.py:3954} INFO - Setting next_dagrun for update_db to 2026-05-28 12:00:00+00:00, run_after=2026-05-29 12:00:00+00:00
[2026-05-29T07:41:53.542+0000] {processor.py:183} INFO - Processing /opt/airflow/dags/main.py took 0.380 seconds
[2026-05-29T07:42:24.027+0000] {processor.py:161} INFO - Started process (PID=376) to work on /opt/airflow/dags/main.py
[2026-05-29T07:42:24.030+0000] {processor.py:830} INFO - Processing file /opt/airflow/dags/main.py for tasks to queue
[2026-05-29T07:42:24.035+0000] {logging_mixin.py:188} INFO - [2026-05-29T07:42:24.034+0000] {dagbag.py:545} INFO - Filling up the DagBag from /opt/airflow/dags/main.py
[2026-05-29T07:42:24.399+0000] {processor.py:840} INFO - DAG(s) 'produce_json', 'update_db', 'data_quality' retrieved from /opt/airflow/dags/main.py
[2026-05-29T07:42:24.469+0000] {logging_mixin.py:188} INFO - [2026-05-29T07:42:24.468+0000] {dag.py:3096} INFO - Sync 3 DAGs
[2026-05-29T07:42:24.499+0000] {logging_mixin.py:188} INFO - [2026-05-29T07:42:24.499+0000] {dag.py:3954} INFO - Setting next_dagrun for data_quality to 2026-05-28 13:00:00+00:00, run_after=2026-05-29 13:00:00+00:00
[2026-05-29T07:42:24.505+0000] {logging_mixin.py:188} INFO - [2026-05-29T07:42:24.505+0000] {dag.py:3954} INFO - Setting next_dagrun for produce_json to 2026-05-28 11:00:00+00:00, run_after=2026-05-29 11:00:00+00:00
[2026-05-29T07:42:24.510+0000] {logging_mixin.py:188} INFO - [2026-05-29T07:42:24.509+0000] {dag.py:3954} INFO - Setting next_dagrun for update_db to 2026-05-28 12:00:00+00:00, run_after=2026-05-29 12:00:00+00:00
[2026-05-29T07:42:24.594+0000] {processor.py:183} INFO - Processing /opt/airflow/dags/main.py took 0.586 seconds
[2026-05-29T07:42:54.989+0000] {processor.py:161} INFO - Started process (PID=383) to work on /opt/airflow/dags/main.py
[2026-05-29T07:42:54.990+0000] {processor.py:830} INFO - Processing file /opt/airflow/dags/main.py for tasks to queue
[2026-05-29T07:42:54.993+0000] {logging_mixin.py:188} INFO - [2026-05-29T07:42:54.992+0000] {dagbag.py:545} INFO - Filling up the DagBag from /opt/airflow/dags/main.py
[2026-05-29T07:42:55.263+0000] {processor.py:840} INFO - DAG(s) 'produce_json', 'update_db', 'data_quality' retrieved from /opt/airflow/dags/main.py
[2026-05-29T07:42:55.303+0000] {logging_mixin.py:188} INFO - [2026-05-29T07:42:55.303+0000] {dag.py:3096} INFO - Sync 3 DAGs
[2026-05-29T07:42:55.329+0000] {logging_mixin.py:188} INFO - [2026-05-29T07:42:55.328+0000] {dag.py:3954} INFO - Setting next_dagrun for data_quality to 2026-05-28 13:00:00+00:00, run_after=2026-05-29 13:00:00+00:00
[2026-05-29T07:42:55.337+0000] {logging_mixin.py:188} INFO - [2026-05-29T07:42:55.336+0000] {dag.py:3954} INFO - Setting next_dagrun for produce_json to 2026-05-28 11:00:00+00:00, run_after=2026-05-29 11:00:00+00:00
[2026-05-29T07:42:55.342+0000] {logging_mixin.py:188} INFO - [2026-05-29T07:42:55.342+0000] {dag.py:3954} INFO - Setting next_dagrun for update_db to 2026-05-28 12:00:00+00:00, run_after=2026-05-29 12:00:00+00:00
[2026-05-29T07:42:55.430+0000] {processor.py:183} INFO - Processing /opt/airflow/dags/main.py took 0.450 seconds
[2026-05-29T07:43:25.937+0000] {processor.py:161} INFO - Started process (PID=390) to work on /opt/airflow/dags/main.py
[2026-05-29T07:43:25.939+0000] {processor.py:830} INFO - Processing file /opt/airflow/dags/main.py for tasks to queue
[2026-05-29T07:43:25.943+0000] {logging_mixin.py:188} INFO - [2026-05-29T07:43:25.943+0000] {dagbag.py:545} INFO - Filling up the DagBag from /opt/airflow/dags/main.py
[2026-05-29T07:43:26.274+0000] {processor.py:840} INFO - DAG(s) 'update_db', 'data_quality', 'produce_json' retrieved from /opt/airflow/dags/main.py
[2026-05-29T07:43:26.346+0000] {logging_mixin.py:188} INFO - [2026-05-29T07:43:26.346+0000] {dag.py:3096} INFO - Sync 3 DAGs
[2026-05-29T07:43:26.393+0000] {logging_mixin.py:188} INFO - [2026-05-29T07:43:26.393+0000] {dag.py:3954} INFO - Setting next_dagrun for data_quality to 2026-05-28 13:00:00+00:00, run_after=2026-05-29 13:00:00+00:00
[2026-05-29T07:43:26.407+0000] {logging_mixin.py:188} INFO - [2026-05-29T07:43:26.406+0000] {dag.py:3954} INFO - Setting next_dagrun for produce_json to 2026-05-28 11:00:00+00:00, run_after=2026-05-29 11:00:00+00:00
[2026-05-29T07:43:26.414+0000] {logging_mixin.py:188} INFO - [2026-05-29T07:43:26.414+0000] {dag.py:3954} INFO - Setting next_dagrun for update_db to 2026-05-28 12:00:00+00:00, run_after=2026-05-29 12:00:00+00:00
[2026-05-29T07:43:26.510+0000] {processor.py:183} INFO - Processing /opt/airflow/dags/main.py took 0.597 seconds
[2026-05-29T07:43:56.782+0000] {processor.py:161} INFO - Started process (PID=397) to work on /opt/airflow/dags/main.py
[2026-05-29T07:43:56.783+0000] {processor.py:830} INFO - Processing file /opt/airflow/dags/main.py for tasks to queue
[2026-05-29T07:43:56.787+0000] {logging_mixin.py:188} INFO - [2026-05-29T07:43:56.786+0000] {dagbag.py:545} INFO - Filling up the DagBag from /opt/airflow/dags/main.py
[2026-05-29T07:43:57.060+0000] {processor.py:840} INFO - DAG(s) 'update_db', 'data_quality', 'produce_json' retrieved from /opt/airflow/dags/main.py
[2026-05-29T07:43:57.129+0000] {logging_mixin.py:188} INFO - [2026-05-29T07:43:57.128+0000] {dag.py:3096} INFO - Sync 3 DAGs
[2026-05-29T07:43:57.164+0000] {logging_mixin.py:188} INFO - [2026-05-29T07:43:57.163+0000] {dag.py:3954} INFO - Setting next_dagrun for data_quality to 2026-05-28 13:00:00+00:00, run_after=2026-05-29 13:00:00+00:00
[2026-05-29T07:43:57.173+0000] {logging_mixin.py:188} INFO - [2026-05-29T07:43:57.173+0000] {dag.py:3954} INFO - Setting next_dagrun for produce_json to 2026-05-28 11:00:00+00:00, run_after=2026-05-29 11:00:00+00:00
[2026-05-29T07:43:57.179+0000] {logging_mixin.py:188} INFO - [2026-05-29T07:43:57.179+0000] {dag.py:3954} INFO - Setting next_dagrun for update_db to 2026-05-28 12:00:00+00:00, run_after=2026-05-29 12:00:00+00:00
[2026-05-29T07:43:57.255+0000] {processor.py:183} INFO - Processing /opt/airflow/dags/main.py took 0.482 seconds
[2026-05-29T07:44:27.694+0000] {processor.py:161} INFO - Started process (PID=404) to work on /opt/airflow/dags/main.py
[2026-05-29T07:44:27.697+0000] {processor.py:830} INFO - Processing file /opt/airflow/dags/main.py for tasks to queue
[2026-05-29T07:44:27.701+0000] {logging_mixin.py:188} INFO - [2026-05-29T07:44:27.700+0000] {dagbag.py:545} INFO - Filling up the DagBag from /opt/airflow/dags/main.py
[2026-05-29T07:44:28.047+0000] {processor.py:840} INFO - DAG(s) 'data_quality', 'update_db', 'produce_json' retrieved from /opt/airflow/dags/main.py
[2026-05-29T07:44:28.115+0000] {logging_mixin.py:188} INFO - [2026-05-29T07:44:28.115+0000] {dag.py:3096} INFO - Sync 3 DAGs
[2026-05-29T07:44:28.159+0000] {logging_mixin.py:188} INFO - [2026-05-29T07:44:28.159+0000] {dag.py:3954} INFO - Setting next_dagrun for data_quality to 2026-05-28 13:00:00+00:00, run_after=2026-05-29 13:00:00+00:00
[2026-05-29T07:44:28.172+0000] {logging_mixin.py:188} INFO - [2026-05-29T07:44:28.172+0000] {dag.py:3954} INFO - Setting next_dagrun for produce_json to 2026-05-28 11:00:00+00:00, run_after=2026-05-29 11:00:00+00:00
[2026-05-29T07:44:28.180+0000] {logging_mixin.py:188} INFO - [2026-05-29T07:44:28.180+0000] {dag.py:3954} INFO - Setting next_dagrun for update_db to 2026-05-28 12:00:00+00:00, run_after=2026-05-29 12:00:00+00:00
[2026-05-29T07:44:28.277+0000] {processor.py:183} INFO - Processing /opt/airflow/dags/main.py took 0.595 seconds
[2026-05-29T07:44:58.696+0000] {processor.py:161} INFO - Started process (PID=411) to work on /opt/airflow/dags/main.py
[2026-05-29T07:44:58.699+0000] {processor.py:830} INFO - Processing file /opt/airflow/dags/main.py for tasks to queue
[2026-05-29T07:44:58.704+0000] {logging_mixin.py:188} INFO - [2026-05-29T07:44:58.703+0000] {dagbag.py:545} INFO - Filling up the DagBag from /opt/airflow/dags/main.py
[2026-05-29T07:44:59.020+0000] {processor.py:840} INFO - DAG(s) 'produce_json', 'data_quality', 'update_db' retrieved from /opt/airflow/dags/main.py
[2026-05-29T07:44:59.071+0000] {logging_mixin.py:188} INFO - [2026-05-29T07:44:59.071+0000] {dag.py:3096} INFO - Sync 3 DAGs
[2026-05-29T07:44:59.103+0000] {logging_mixin.py:188} INFO - [2026-05-29T07:44:59.102+0000] {dag.py:3954} INFO - Setting next_dagrun for data_quality to 2026-05-28 13:00:00+00:00, run_after=2026-05-29 13:00:00+00:00
[2026-05-29T07:44:59.110+0000] {logging_mixin.py:188} INFO - [2026-05-29T07:44:59.109+0000] {dag.py:3954} INFO - Setting next_dagrun for produce_json to 2026-05-28 11:00:00+00:00, run_after=2026-05-29 11:00:00+00:00
[2026-05-29T07:44:59.114+0000] {logging_mixin.py:188} INFO - [2026-05-29T07:44:59.114+0000] {dag.py:3954} INFO - Setting next_dagrun for update_db to 2026-05-28 12:00:00+00:00, run_after=2026-05-29 12:00:00+00:00
[2026-05-29T07:44:59.139+0000] {processor.py:183} INFO - Processing /opt/airflow/dags/main.py took 0.458 seconds
[2026-05-29T07:45:29.521+0000] {processor.py:161} INFO - Started process (PID=419) to work on /opt/airflow/dags/main.py
[2026-05-29T07:45:29.523+0000] {processor.py:830} INFO - Processing file /opt/airflow/dags/main.py for tasks to queue
[2026-05-29T07:45:29.528+0000] {logging_mixin.py:188} INFO - [2026-05-29T07:45:29.527+0000] {dagbag.py:545} INFO - Filling up the DagBag from /opt/airflow/dags/main.py
[2026-05-29T07:45:29.902+0000] {processor.py:840} INFO - DAG(s) 'data_quality', 'produce_json', 'update_db' retrieved from /opt/airflow/dags/main.py
[2026-05-29T07:45:29.946+0000] {logging_mixin.py:188} INFO - [2026-05-29T07:45:29.946+0000] {dag.py:3096} INFO - Sync 3 DAGs
[2026-05-29T07:45:29.971+0000] {logging_mixin.py:188} INFO - [2026-05-29T07:45:29.971+0000] {dag.py:3954} INFO - Setting next_dagrun for data_quality to 2026-05-28 13:00:00+00:00, run_after=2026-05-29 13:00:00+00:00
[2026-05-29T07:45:29.977+0000] {logging_mixin.py:188} INFO - [2026-05-29T07:45:29.977+0000] {dag.py:3954} INFO - Setting next_dagrun for produce_json to 2026-05-28 11:00:00+00:00, run_after=2026-05-29 11:00:00+00:00
[2026-05-29T07:45:29.981+0000] {logging_mixin.py:188} INFO - [2026-05-29T07:45:29.981+0000] {dag.py:3954} INFO - Setting next_dagrun for update_db to 2026-05-28 12:00:00+00:00, run_after=2026-05-29 12:00:00+00:00
[2026-05-29T07:45:29.999+0000] {processor.py:183} INFO - Processing /opt/airflow/dags/main.py took 0.490 seconds
[2026-05-29T07:46:00.447+0000] {processor.py:161} INFO - Started process (PID=426) to work on /opt/airflow/dags/main.py
[2026-05-29T07:46:00.450+0000] {processor.py:830} INFO - Processing file /opt/airflow/dags/main.py for tasks to queue
[2026-05-29T07:46:00.454+0000] {logging_mixin.py:188} INFO - [2026-05-29T07:46:00.454+0000] {dagbag.py:545} INFO - Filling up the DagBag from /opt/airflow/dags/main.py
[2026-05-29T07:46:00.689+0000] {processor.py:840} INFO - DAG(s) 'data_quality', 'produce_json', 'update_db' retrieved from /opt/airflow/dags/main.py
[2026-05-29T07:46:00.744+0000] {logging_mixin.py:188} INFO - [2026-05-29T07:46:00.744+0000] {dag.py:3096} INFO - Sync 3 DAGs
[2026-05-29T07:46:00.776+0000] {logging_mixin.py:188} INFO - [2026-05-29T07:46:00.776+0000] {dag.py:3954} INFO - Setting next_dagrun for data_quality to 2026-05-28 13:00:00+00:00, run_after=2026-05-29 13:00:00+00:00
[2026-05-29T07:46:00.786+0000] {logging_mixin.py:188} INFO - [2026-05-29T07:46:00.786+0000] {dag.py:3954} INFO - Setting next_dagrun for produce_json to 2026-05-28 11:00:00+00:00, run_after=2026-05-29 11:00:00+00:00
[2026-05-29T07:46:00.792+0000] {logging_mixin.py:188} INFO - [2026-05-29T07:46:00.791+0000] {dag.py:3954} INFO - Setting next_dagrun for update_db to 2026-05-28 12:00:00+00:00, run_after=2026-05-29 12:00:00+00:00
[2026-05-29T07:46:00.881+0000] {processor.py:183} INFO - Processing /opt/airflow/dags/main.py took 0.447 seconds
[2026-05-29T07:46:31.318+0000] {processor.py:161} INFO - Started process (PID=433) to work on /opt/airflow/dags/main.py
[2026-05-29T07:46:31.320+0000] {processor.py:830} INFO - Processing file /opt/airflow/dags/main.py for tasks to queue
[2026-05-29T07:46:31.323+0000] {logging_mixin.py:188} INFO - [2026-05-29T07:46:31.323+0000] {dagbag.py:545} INFO - Filling up the DagBag from /opt/airflow/dags/main.py
[2026-05-29T07:46:31.528+0000] {processor.py:840} INFO - DAG(s) 'data_quality', 'update_db', 'produce_json' retrieved from /opt/airflow/dags/main.py
[2026-05-29T07:46:31.572+0000] {logging_mixin.py:188} INFO - [2026-05-29T07:46:31.571+0000] {dag.py:3096} INFO - Sync 3 DAGs
[2026-05-29T07:46:31.599+0000] {logging_mixin.py:188} INFO - [2026-05-29T07:46:31.598+0000] {dag.py:3954} INFO - Setting next_dagrun for data_quality to 2026-05-28 13:00:00+00:00, run_after=2026-05-29 13:00:00+00:00
[2026-05-29T07:46:31.605+0000] {logging_mixin.py:188} INFO - [2026-05-29T07:46:31.605+0000] {dag.py:3954} INFO - Setting next_dagrun for produce_json to 2026-05-28 11:00:00+00:00, run_after=2026-05-29 11:00:00+00:00
[2026-05-29T07:46:31.609+0000] {logging_mixin.py:188} INFO - [2026-05-29T07:46:31.609+0000] {dag.py:3954} INFO - Setting next_dagrun for update_db to 2026-05-28 12:00:00+00:00, run_after=2026-05-29 12:00:00+00:00
[2026-05-29T07:46:31.669+0000] {processor.py:183} INFO - Processing /opt/airflow/dags/main.py took 0.363 seconds
[2026-05-29T07:47:02.187+0000] {processor.py:161} INFO - Started process (PID=440) to work on /opt/airflow/dags/main.py
[2026-05-29T07:47:02.190+0000] {processor.py:830} INFO - Processing file /opt/airflow/dags/main.py for tasks to queue
[2026-05-29T07:47:02.194+0000] {logging_mixin.py:188} INFO - [2026-05-29T07:47:02.193+0000] {dagbag.py:545} INFO - Filling up the DagBag from /opt/airflow/dags/main.py
[2026-05-29T07:47:02.440+0000] {processor.py:840} INFO - DAG(s) 'produce_json', 'update_db', 'data_quality' retrieved from /opt/airflow/dags/main.py
[2026-05-29T07:47:02.480+0000] {logging_mixin.py:188} INFO - [2026-05-29T07:47:02.479+0000] {dag.py:3096} INFO - Sync 3 DAGs
[2026-05-29T07:47:02.506+0000] {logging_mixin.py:188} INFO - [2026-05-29T07:47:02.506+0000] {dag.py:3954} INFO - Setting next_dagrun for data_quality to 2026-05-28 13:00:00+00:00, run_after=2026-05-29 13:00:00+00:00
[2026-05-29T07:47:02.512+0000] {logging_mixin.py:188} INFO - [2026-05-29T07:47:02.512+0000] {dag.py:3954} INFO - Setting next_dagrun for produce_json to 2026-05-28 11:00:00+00:00, run_after=2026-05-29 11:00:00+00:00
[2026-05-29T07:47:02.515+0000] {logging_mixin.py:188} INFO - [2026-05-29T07:47:02.515+0000] {dag.py:3954} INFO - Setting next_dagrun for update_db to 2026-05-28 12:00:00+00:00, run_after=2026-05-29 12:00:00+00:00
[2026-05-29T07:47:02.573+0000] {processor.py:183} INFO - Processing /opt/airflow/dags/main.py took 0.411 seconds
[2026-05-29T07:47:33.083+0000] {processor.py:161} INFO - Started process (PID=448) to work on /opt/airflow/dags/main.py
[2026-05-29T07:47:33.087+0000] {processor.py:830} INFO - Processing file /opt/airflow/dags/main.py for tasks to queue
[2026-05-29T07:47:33.092+0000] {logging_mixin.py:188} INFO - [2026-05-29T07:47:33.091+0000] {dagbag.py:545} INFO - Filling up the DagBag from /opt/airflow/dags/main.py
[2026-05-29T07:47:33.383+0000] {processor.py:840} INFO - DAG(s) 'data_quality', 'update_db', 'produce_json' retrieved from /opt/airflow/dags/main.py
[2026-05-29T07:47:33.451+0000] {logging_mixin.py:188} INFO - [2026-05-29T07:47:33.451+0000] {dag.py:3096} INFO - Sync 3 DAGs
[2026-05-29T07:47:33.487+0000] {logging_mixin.py:188} INFO - [2026-05-29T07:47:33.487+0000] {dag.py:3954} INFO - Setting next_dagrun for data_quality to 2026-05-28 13:00:00+00:00, run_after=2026-05-29 13:00:00+00:00
[2026-05-29T07:47:33.500+0000] {logging_mixin.py:188} INFO - [2026-05-29T07:47:33.499+0000] {dag.py:3954} INFO - Setting next_dagrun for produce_json to 2026-05-28 11:00:00+00:00, run_after=2026-05-29 11:00:00+00:00
[2026-05-29T07:47:33.508+0000] {logging_mixin.py:188} INFO - [2026-05-29T07:47:33.508+0000] {dag.py:3954} INFO - Setting next_dagrun for update_db to 2026-05-28 12:00:00+00:00, run_after=2026-05-29 12:00:00+00:00
[2026-05-29T07:47:33.603+0000] {processor.py:183} INFO - Processing /opt/airflow/dags/main.py took 0.548 seconds
[2026-05-29T07:48:04.023+0000] {processor.py:161} INFO - Started process (PID=455) to work on /opt/airflow/dags/main.py
[2026-05-29T07:48:04.025+0000] {processor.py:830} INFO - Processing file /opt/airflow/dags/main.py for tasks to queue
[2026-05-29T07:48:04.029+0000] {logging_mixin.py:188} INFO - [2026-05-29T07:48:04.028+0000] {dagbag.py:545} INFO - Filling up the DagBag from /opt/airflow/dags/main.py
[2026-05-29T07:48:04.233+0000] {processor.py:840} INFO - DAG(s) 'produce_json', 'data_quality', 'update_db' retrieved from /opt/airflow/dags/main.py
[2026-05-29T07:48:04.295+0000] {logging_mixin.py:188} INFO - [2026-05-29T07:48:04.295+0000] {dag.py:3096} INFO - Sync 3 DAGs
[2026-05-29T07:48:04.336+0000] {logging_mixin.py:188} INFO - [2026-05-29T07:48:04.336+0000] {dag.py:3954} INFO - Setting next_dagrun for data_quality to 2026-05-28 13:00:00+00:00, run_after=2026-05-29 13:00:00+00:00
[2026-05-29T07:48:04.345+0000] {logging_mixin.py:188} INFO - [2026-05-29T07:48:04.344+0000] {dag.py:3954} INFO - Setting next_dagrun for produce_json to 2026-05-28 11:00:00+00:00, run_after=2026-05-29 11:00:00+00:00
[2026-05-29T07:48:04.351+0000] {logging_mixin.py:188} INFO - [2026-05-29T07:48:04.351+0000] {dag.py:3954} INFO - Setting next_dagrun for update_db to 2026-05-28 12:00:00+00:00, run_after=2026-05-29 12:00:00+00:00
[2026-05-29T07:48:04.442+0000] {processor.py:183} INFO - Processing /opt/airflow/dags/main.py took 0.441 seconds
[2026-05-29T07:48:34.954+0000] {processor.py:161} INFO - Started process (PID=462) to work on /opt/airflow/dags/main.py
[2026-05-29T07:48:34.956+0000] {processor.py:830} INFO - Processing file /opt/airflow/dags/main.py for tasks to queue
[2026-05-29T07:48:34.960+0000] {logging_mixin.py:188} INFO - [2026-05-29T07:48:34.959+0000] {dagbag.py:545} INFO - Filling up the DagBag from /opt/airflow/dags/main.py
[2026-05-29T07:48:35.227+0000] {processor.py:840} INFO - DAG(s) 'update_db', 'data_quality', 'produce_json' retrieved from /opt/airflow/dags/main.py
[2026-05-29T07:48:35.281+0000] {logging_mixin.py:188} INFO - [2026-05-29T07:48:35.281+0000] {dag.py:3096} INFO - Sync 3 DAGs
[2026-05-29T07:48:35.307+0000] {logging_mixin.py:188} INFO - [2026-05-29T07:48:35.307+0000] {dag.py:3954} INFO - Setting next_dagrun for data_quality to 2026-05-28 13:00:00+00:00, run_after=2026-05-29 13:00:00+00:00
[2026-05-29T07:48:35.313+0000] {logging_mixin.py:188} INFO - [2026-05-29T07:48:35.313+0000] {dag.py:3954} INFO - Setting next_dagrun for produce_json to 2026-05-28 11:00:00+00:00, run_after=2026-05-29 11:00:00+00:00
[2026-05-29T07:48:35.316+0000] {logging_mixin.py:188} INFO - [2026-05-29T07:48:35.316+0000] {dag.py:3954} INFO - Setting next_dagrun for update_db to 2026-05-28 12:00:00+00:00, run_after=2026-05-29 12:00:00+00:00
[2026-05-29T07:48:35.398+0000] {processor.py:183} INFO - Processing /opt/airflow/dags/main.py took 0.465 seconds
[2026-05-29T07:49:05.871+0000] {processor.py:161} INFO - Started process (PID=470) to work on /opt/airflow/dags/main.py
[2026-05-29T07:49:05.873+0000] {processor.py:830} INFO - Processing file /opt/airflow/dags/main.py for tasks to queue
[2026-05-29T07:49:05.880+0000] {logging_mixin.py:188} INFO - [2026-05-29T07:49:05.878+0000] {dagbag.py:545} INFO - Filling up the DagBag from /opt/airflow/dags/main.py
[2026-05-29T07:49:06.226+0000] {processor.py:840} INFO - DAG(s) 'data_quality', 'update_db', 'produce_json' retrieved from /opt/airflow/dags/main.py
[2026-05-29T07:49:06.299+0000] {logging_mixin.py:188} INFO - [2026-05-29T07:49:06.299+0000] {dag.py:3096} INFO - Sync 3 DAGs
[2026-05-29T07:49:06.329+0000] {logging_mixin.py:188} INFO - [2026-05-29T07:49:06.329+0000] {dag.py:3954} INFO - Setting next_dagrun for data_quality to 2026-05-28 13:00:00+00:00, run_after=2026-05-29 13:00:00+00:00
[2026-05-29T07:49:06.337+0000] {logging_mixin.py:188} INFO - [2026-05-29T07:49:06.337+0000] {dag.py:3954} INFO - Setting next_dagrun for produce_json to 2026-05-28 11:00:00+00:00, run_after=2026-05-29 11:00:00+00:00
[2026-05-29T07:49:06.342+0000] {logging_mixin.py:188} INFO - [2026-05-29T07:49:06.342+0000] {dag.py:3954} INFO - Setting next_dagrun for update_db to 2026-05-28 12:00:00+00:00, run_after=2026-05-29 12:00:00+00:00
[2026-05-29T07:49:06.370+0000] {processor.py:183} INFO - Processing /opt/airflow/dags/main.py took 0.515 seconds
[2026-05-29T07:49:36.883+0000] {processor.py:161} INFO - Started process (PID=477) to work on /opt/airflow/dags/main.py
[2026-05-29T07:49:36.886+0000] {processor.py:830} INFO - Processing file /opt/airflow/dags/main.py for tasks to queue
[2026-05-29T07:49:36.891+0000] {logging_mixin.py:188} INFO - [2026-05-29T07:49:36.891+0000] {dagbag.py:545} INFO - Filling up the DagBag from /opt/airflow/dags/main.py
[2026-05-29T07:49:37.199+0000] {processor.py:840} INFO - DAG(s) 'produce_json', 'data_quality', 'update_db' retrieved from /opt/airflow/dags/main.py
[2026-05-29T07:49:37.253+0000] {logging_mixin.py:188} INFO - [2026-05-29T07:49:37.253+0000] {dag.py:3096} INFO - Sync 3 DAGs
[2026-05-29T07:49:37.282+0000] {logging_mixin.py:188} INFO - [2026-05-29T07:49:37.282+0000] {dag.py:3954} INFO - Setting next_dagrun for data_quality to 2026-05-28 13:00:00+00:00, run_after=2026-05-29 13:00:00+00:00
[2026-05-29T07:49:37.295+0000] {logging_mixin.py:188} INFO - [2026-05-29T07:49:37.295+0000] {dag.py:3954} INFO - Setting next_dagrun for produce_json to 2026-05-28 11:00:00+00:00, run_after=2026-05-29 11:00:00+00:00
[2026-05-29T07:49:37.304+0000] {logging_mixin.py:188} INFO - [2026-05-29T07:49:37.303+0000] {dag.py:3954} INFO - Setting next_dagrun for update_db to 2026-05-28 12:00:00+00:00, run_after=2026-05-29 12:00:00+00:00
[2026-05-29T07:49:37.397+0000] {processor.py:183} INFO - Processing /opt/airflow/dags/main.py took 0.538 seconds
[2026-05-29T07:50:07.675+0000] {processor.py:161} INFO - Started process (PID=484) to work on /opt/airflow/dags/main.py
[2026-05-29T07:50:07.678+0000] {processor.py:830} INFO - Processing file /opt/airflow/dags/main.py for tasks to queue
[2026-05-29T07:50:07.683+0000] {logging_mixin.py:188} INFO - [2026-05-29T07:50:07.682+0000] {dagbag.py:545} INFO - Filling up the DagBag from /opt/airflow/dags/main.py
[2026-05-29T07:50:08.047+0000] {processor.py:840} INFO - DAG(s) 'update_db', 'data_quality', 'produce_json' retrieved from /opt/airflow/dags/main.py
[2026-05-29T07:50:08.105+0000] {logging_mixin.py:188} INFO - [2026-05-29T07:50:08.105+0000] {dag.py:3096} INFO - Sync 3 DAGs
[2026-05-29T07:50:08.138+0000] {logging_mixin.py:188} INFO - [2026-05-29T07:50:08.137+0000] {dag.py:3954} INFO - Setting next_dagrun for data_quality to 2026-05-28 13:00:00+00:00, run_after=2026-05-29 13:00:00+00:00
[2026-05-29T07:50:08.146+0000] {logging_mixin.py:188} INFO - [2026-05-29T07:50:08.146+0000] {dag.py:3954} INFO - Setting next_dagrun for produce_json to 2026-05-28 11:00:00+00:00, run_after=2026-05-29 11:00:00+00:00
[2026-05-29T07:50:08.151+0000] {logging_mixin.py:188} INFO - [2026-05-29T07:50:08.151+0000] {dag.py:3954} INFO - Setting next_dagrun for update_db to 2026-05-28 12:00:00+00:00, run_after=2026-05-29 12:00:00+00:00
[2026-05-29T07:50:08.185+0000] {processor.py:183} INFO - Processing /opt/airflow/dags/main.py took 0.522 seconds
[2026-05-29T07:50:38.701+0000] {processor.py:161} INFO - Started process (PID=491) to work on /opt/airflow/dags/main.py
[2026-05-29T07:50:38.703+0000] {processor.py:830} INFO - Processing file /opt/airflow/dags/main.py for tasks to queue
[2026-05-29T07:50:38.708+0000] {logging_mixin.py:188} INFO - [2026-05-29T07:50:38.707+0000] {dagbag.py:545} INFO - Filling up the DagBag from /opt/airflow/dags/main.py
[2026-05-29T07:50:39.030+0000] {processor.py:840} INFO - DAG(s) 'produce_json', 'update_db', 'data_quality' retrieved from /opt/airflow/dags/main.py
[2026-05-29T07:50:39.080+0000] {logging_mixin.py:188} INFO - [2026-05-29T07:50:39.080+0000] {dag.py:3096} INFO - Sync 3 DAGs
[2026-05-29T07:50:39.109+0000] {logging_mixin.py:188} INFO - [2026-05-29T07:50:39.109+0000] {dag.py:3954} INFO - Setting next_dagrun for data_quality to 2026-05-28 13:00:00+00:00, run_after=2026-05-29 13:00:00+00:00
[2026-05-29T07:50:39.117+0000] {logging_mixin.py:188} INFO - [2026-05-29T07:50:39.117+0000] {dag.py:3954} INFO - Setting next_dagrun for produce_json to 2026-05-28 11:00:00+00:00, run_after=2026-05-29 11:00:00+00:00
[2026-05-29T07:50:39.123+0000] {logging_mixin.py:188} INFO - [2026-05-29T07:50:39.123+0000] {dag.py:3954} INFO - Setting next_dagrun for update_db to 2026-05-28 12:00:00+00:00, run_after=2026-05-29 12:00:00+00:00
[2026-05-29T07:50:39.198+0000] {processor.py:183} INFO - Processing /opt/airflow/dags/main.py took 0.522 seconds
[2026-05-29T07:51:10.150+0000] {processor.py:161} INFO - Started process (PID=498) to work on /opt/airflow/dags/main.py
[2026-05-29T07:51:10.152+0000] {processor.py:830} INFO - Processing file /opt/airflow/dags/main.py for tasks to queue
[2026-05-29T07:51:10.156+0000] {logging_mixin.py:188} INFO - [2026-05-29T07:51:10.156+0000] {dagbag.py:545} INFO - Filling up the DagBag from /opt/airflow/dags/main.py
[2026-05-29T07:51:10.460+0000] {processor.py:840} INFO - DAG(s) 'update_db', 'data_quality', 'produce_json' retrieved from /opt/airflow/dags/main.py
[2026-05-29T07:51:10.535+0000] {logging_mixin.py:188} INFO - [2026-05-29T07:51:10.535+0000] {dag.py:3096} INFO - Sync 3 DAGs
[2026-05-29T07:51:10.593+0000] {logging_mixin.py:188} INFO - [2026-05-29T07:51:10.592+0000] {dag.py:3954} INFO - Setting next_dagrun for data_quality to 2026-05-28 13:00:00+00:00, run_after=2026-05-29 13:00:00+00:00
[2026-05-29T07:51:10.603+0000] {logging_mixin.py:188} INFO - [2026-05-29T07:51:10.603+0000] {dag.py:3954} INFO - Setting next_dagrun for produce_json to 2026-05-28 11:00:00+00:00, run_after=2026-05-29 11:00:00+00:00
[2026-05-29T07:51:10.608+0000] {logging_mixin.py:188} INFO - [2026-05-29T07:51:10.608+0000] {dag.py:3954} INFO - Setting next_dagrun for update_db to 2026-05-28 12:00:00+00:00, run_after=2026-05-29 12:00:00+00:00
[2026-05-29T07:51:10.695+0000] {processor.py:183} INFO - Processing /opt/airflow/dags/main.py took 0.558 seconds
[2026-05-29T07:51:41.185+0000] {processor.py:161} INFO - Started process (PID=505) to work on /opt/airflow/dags/main.py
[2026-05-29T07:51:41.188+0000] {processor.py:830} INFO - Processing file /opt/airflow/dags/main.py for tasks to queue
[2026-05-29T07:51:41.193+0000] {logging_mixin.py:188} INFO - [2026-05-29T07:51:41.192+0000] {dagbag.py:545} INFO - Filling up the DagBag from /opt/airflow/dags/main.py
[2026-05-29T07:51:41.533+0000] {processor.py:840} INFO - DAG(s) 'update_db', 'produce_json', 'data_quality' retrieved from /opt/airflow/dags/main.py
[2026-05-29T07:51:41.601+0000] {logging_mixin.py:188} INFO - [2026-05-29T07:51:41.601+0000] {dag.py:3096} INFO - Sync 3 DAGs
[2026-05-29T07:51:41.632+0000] {logging_mixin.py:188} INFO - [2026-05-29T07:51:41.631+0000] {dag.py:3954} INFO - Setting next_dagrun for data_quality to 2026-05-28 13:00:00+00:00, run_after=2026-05-29 13:00:00+00:00
[2026-05-29T07:51:41.639+0000] {logging_mixin.py:188} INFO - [2026-05-29T07:51:41.639+0000] {dag.py:3954} INFO - Setting next_dagrun for produce_json to 2026-05-28 11:00:00+00:00, run_after=2026-05-29 11:00:00+00:00
[2026-05-29T07:51:41.645+0000] {logging_mixin.py:188} INFO - [2026-05-29T07:51:41.645+0000] {dag.py:3954} INFO - Setting next_dagrun for update_db to 2026-05-28 12:00:00+00:00, run_after=2026-05-29 12:00:00+00:00
[2026-05-29T07:51:41.731+0000] {processor.py:183} INFO - Processing /opt/airflow/dags/main.py took 0.564 seconds
[2026-05-29T07:52:11.980+0000] {processor.py:161} INFO - Started process (PID=512) to work on /opt/airflow/dags/main.py
[2026-05-29T07:52:11.983+0000] {processor.py:830} INFO - Processing file /opt/airflow/dags/main.py for tasks to queue
[2026-05-29T07:52:11.989+0000] {logging_mixin.py:188} INFO - [2026-05-29T07:52:11.988+0000] {dagbag.py:545} INFO - Filling up the DagBag from /opt/airflow/dags/main.py
[2026-05-29T07:52:12.210+0000] {processor.py:840} INFO - DAG(s) 'update_db', 'produce_json', 'data_quality' retrieved from /opt/airflow/dags/main.py
[2026-05-29T07:52:12.251+0000] {logging_mixin.py:188} INFO - [2026-05-29T07:52:12.251+0000] {dag.py:3096} INFO - Sync 3 DAGs
[2026-05-29T07:52:12.279+0000] {logging_mixin.py:188} INFO - [2026-05-29T07:52:12.279+0000] {dag.py:3954} INFO - Setting next_dagrun for data_quality to 2026-05-28 13:00:00+00:00, run_after=2026-05-29 13:00:00+00:00
[2026-05-29T07:52:12.287+0000] {logging_mixin.py:188} INFO - [2026-05-29T07:52:12.286+0000] {dag.py:3954} INFO - Setting next_dagrun for produce_json to 2026-05-28 11:00:00+00:00, run_after=2026-05-29 11:00:00+00:00
[2026-05-29T07:52:12.294+0000] {logging_mixin.py:188} INFO - [2026-05-29T07:52:12.294+0000] {dag.py:3954} INFO - Setting next_dagrun for update_db to 2026-05-28 12:00:00+00:00, run_after=2026-05-29 12:00:00+00:00
[2026-05-29T07:52:12.385+0000] {processor.py:183} INFO - Processing /opt/airflow/dags/main.py took 0.422 seconds
[2026-05-29T07:52:42.575+0000] {processor.py:161} INFO - Started process (PID=519) to work on /opt/airflow/dags/main.py
[2026-05-29T07:52:42.577+0000] {processor.py:830} INFO - Processing file /opt/airflow/dags/main.py for tasks to queue
[2026-05-29T07:52:42.580+0000] {logging_mixin.py:188} INFO - [2026-05-29T07:52:42.580+0000] {dagbag.py:545} INFO - Filling up the DagBag from /opt/airflow/dags/main.py
[2026-05-29T07:52:42.938+0000] {processor.py:840} INFO - DAG(s) 'produce_json', 'data_quality', 'update_db' retrieved from /opt/airflow/dags/main.py
[2026-05-29T07:52:42.998+0000] {logging_mixin.py:188} INFO - [2026-05-29T07:52:42.998+0000] {dag.py:3096} INFO - Sync 3 DAGs
[2026-05-29T07:52:43.023+0000] {logging_mixin.py:188} INFO - [2026-05-29T07:52:43.023+0000] {dag.py:3954} INFO - Setting next_dagrun for data_quality to 2026-05-28 13:00:00+00:00, run_after=2026-05-29 13:00:00+00:00
[2026-05-29T07:52:43.030+0000] {logging_mixin.py:188} INFO - [2026-05-29T07:52:43.030+0000] {dag.py:3954} INFO - Setting next_dagrun for produce_json to 2026-05-28 11:00:00+00:00, run_after=2026-05-29 11:00:00+00:00
[2026-05-29T07:52:43.034+0000] {logging_mixin.py:188} INFO - [2026-05-29T07:52:43.033+0000] {dag.py:3954} INFO - Setting next_dagrun for update_db to 2026-05-28 12:00:00+00:00, run_after=2026-05-29 12:00:00+00:00
[2026-05-29T07:52:43.124+0000] {processor.py:183} INFO - Processing /opt/airflow/dags/main.py took 0.557 seconds
[2026-05-29T09:19:36.780+0000] {processor.py:161} INFO - Started process (PID=526) to work on /opt/airflow/dags/main.py
[2026-05-29T09:19:36.788+0000] {processor.py:830} INFO - Processing file /opt/airflow/dags/main.py for tasks to queue
[2026-05-29T09:19:36.813+0000] {logging_mixin.py:188} INFO - [2026-05-29T09:19:36.812+0000] {dagbag.py:545} INFO - Filling up the DagBag from /opt/airflow/dags/main.py
[2026-05-29T09:19:37.721+0000] {processor.py:840} INFO - DAG(s) 'data_quality', 'produce_json', 'update_db' retrieved from /opt/airflow/dags/main.py
[2026-05-29T09:19:37.929+0000] {logging_mixin.py:188} INFO - [2026-05-29T09:19:37.928+0000] {dag.py:3096} INFO - Sync 3 DAGs
[2026-05-29T09:19:38.022+0000] {logging_mixin.py:188} INFO - [2026-05-29T09:19:38.022+0000] {dag.py:3954} INFO - Setting next_dagrun for data_quality to 2026-05-28 13:00:00+00:00, run_after=2026-05-29 13:00:00+00:00
[2026-05-29T09:19:38.049+0000] {logging_mixin.py:188} INFO - [2026-05-29T09:19:38.049+0000] {dag.py:3954} INFO - Setting next_dagrun for produce_json to 2026-05-28 11:00:00+00:00, run_after=2026-05-29 11:00:00+00:00
[2026-05-29T09:19:38.062+0000] {logging_mixin.py:188} INFO - [2026-05-29T09:19:38.061+0000] {dag.py:3954} INFO - Setting next_dagrun for update_db to 2026-05-28 12:00:00+00:00, run_after=2026-05-29 12:00:00+00:00
[2026-05-29T09:19:38.151+0000] {processor.py:183} INFO - Processing /opt/airflow/dags/main.py took 1.417 seconds
[2026-05-29T09:20:08.575+0000] {processor.py:161} INFO - Started process (PID=533) to work on /opt/airflow/dags/main.py
[2026-05-29T09:20:08.577+0000] {processor.py:830} INFO - Processing file /opt/airflow/dags/main.py for tasks to queue
[2026-05-29T09:20:08.581+0000] {logging_mixin.py:188} INFO - [2026-05-29T09:20:08.581+0000] {dagbag.py:545} INFO - Filling up the DagBag from /opt/airflow/dags/main.py
[2026-05-29T09:20:08.809+0000] {processor.py:840} INFO - DAG(s) 'data_quality', 'update_db', 'produce_json' retrieved from /opt/airflow/dags/main.py
[2026-05-29T09:20:08.856+0000] {logging_mixin.py:188} INFO - [2026-05-29T09:20:08.856+0000] {dag.py:3096} INFO - Sync 3 DAGs
[2026-05-29T09:20:08.888+0000] {logging_mixin.py:188} INFO - [2026-05-29T09:20:08.887+0000] {dag.py:3954} INFO - Setting next_dagrun for data_quality to 2026-05-28 13:00:00+00:00, run_after=2026-05-29 13:00:00+00:00
[2026-05-29T09:20:08.896+0000] {logging_mixin.py:188} INFO - [2026-05-29T09:20:08.896+0000] {dag.py:3954} INFO - Setting next_dagrun for produce_json to 2026-05-28 11:00:00+00:00, run_after=2026-05-29 11:00:00+00:00
[2026-05-29T09:20:08.901+0000] {logging_mixin.py:188} INFO - [2026-05-29T09:20:08.901+0000] {dag.py:3954} INFO - Setting next_dagrun for update_db to 2026-05-28 12:00:00+00:00, run_after=2026-05-29 12:00:00+00:00
[2026-05-29T09:20:08.928+0000] {processor.py:183} INFO - Processing /opt/airflow/dags/main.py took 0.366 seconds
[2026-05-29T09:20:39.151+0000] {processor.py:161} INFO - Started process (PID=540) to work on /opt/airflow/dags/main.py
[2026-05-29T09:20:39.152+0000] {processor.py:830} INFO - Processing file /opt/airflow/dags/main.py for tasks to queue
[2026-05-29T09:20:39.154+0000] {logging_mixin.py:188} INFO - [2026-05-29T09:20:39.154+0000] {dagbag.py:545} INFO - Filling up the DagBag from /opt/airflow/dags/main.py
[2026-05-29T09:20:39.331+0000] {processor.py:840} INFO - DAG(s) 'data_quality', 'produce_json', 'update_db' retrieved from /opt/airflow/dags/main.py
[2026-05-29T09:20:39.364+0000] {logging_mixin.py:188} INFO - [2026-05-29T09:20:39.364+0000] {dag.py:3096} INFO - Sync 3 DAGs
[2026-05-29T09:20:39.386+0000] {logging_mixin.py:188} INFO - [2026-05-29T09:20:39.385+0000] {dag.py:3954} INFO - Setting next_dagrun for data_quality to 2026-05-28 13:00:00+00:00, run_after=2026-05-29 13:00:00+00:00
[2026-05-29T09:20:39.391+0000] {logging_mixin.py:188} INFO - [2026-05-29T09:20:39.390+0000] {dag.py:3954} INFO - Setting next_dagrun for produce_json to 2026-05-28 11:00:00+00:00, run_after=2026-05-29 11:00:00+00:00
[2026-05-29T09:20:39.394+0000] {logging_mixin.py:188} INFO - [2026-05-29T09:20:39.394+0000] {dag.py:3954} INFO - Setting next_dagrun for update_db to 2026-05-28 12:00:00+00:00, run_after=2026-05-29 12:00:00+00:00
[2026-05-29T09:20:39.448+0000] {processor.py:183} INFO - Processing /opt/airflow/dags/main.py took 0.303 seconds
[2026-05-29T09:21:09.764+0000] {processor.py:161} INFO - Started process (PID=547) to work on /opt/airflow/dags/main.py
[2026-05-29T09:21:09.767+0000] {processor.py:830} INFO - Processing file /opt/airflow/dags/main.py for tasks to queue
[2026-05-29T09:21:09.771+0000] {logging_mixin.py:188} INFO - [2026-05-29T09:21:09.770+0000] {dagbag.py:545} INFO - Filling up the DagBag from /opt/airflow/dags/main.py
[2026-05-29T09:21:10.112+0000] {processor.py:840} INFO - DAG(s) 'produce_json', 'data_quality', 'update_db' retrieved from /opt/airflow/dags/main.py
[2026-05-29T09:21:10.156+0000] {logging_mixin.py:188} INFO - [2026-05-29T09:21:10.155+0000] {dag.py:3096} INFO - Sync 3 DAGs
[2026-05-29T09:21:10.184+0000] {logging_mixin.py:188} INFO - [2026-05-29T09:21:10.184+0000] {dag.py:3954} INFO - Setting next_dagrun for data_quality to 2026-05-28 13:00:00+00:00, run_after=2026-05-29 13:00:00+00:00
[2026-05-29T09:21:10.191+0000] {logging_mixin.py:188} INFO - [2026-05-29T09:21:10.191+0000] {dag.py:3954} INFO - Setting next_dagrun for produce_json to 2026-05-28 11:00:00+00:00, run_after=2026-05-29 11:00:00+00:00
[2026-05-29T09:21:10.196+0000] {logging_mixin.py:188} INFO - [2026-05-29T09:21:10.195+0000] {dag.py:3954} INFO - Setting next_dagrun for update_db to 2026-05-28 12:00:00+00:00, run_after=2026-05-29 12:00:00+00:00
[2026-05-29T09:21:10.285+0000] {processor.py:183} INFO - Processing /opt/airflow/dags/main.py took 0.543 seconds
[2026-05-29T09:21:40.678+0000] {processor.py:161} INFO - Started process (PID=555) to work on /opt/airflow/dags/main.py
[2026-05-29T09:21:40.679+0000] {processor.py:830} INFO - Processing file /opt/airflow/dags/main.py for tasks to queue
[2026-05-29T09:21:40.682+0000] {logging_mixin.py:188} INFO - [2026-05-29T09:21:40.682+0000] {dagbag.py:545} INFO - Filling up the DagBag from /opt/airflow/dags/main.py
[2026-05-29T09:21:40.883+0000] {processor.py:840} INFO - DAG(s) 'update_db', 'produce_json', 'data_quality' retrieved from /opt/airflow/dags/main.py
[2026-05-29T09:21:40.939+0000] {logging_mixin.py:188} INFO - [2026-05-29T09:21:40.939+0000] {dag.py:3096} INFO - Sync 3 DAGs
[2026-05-29T09:21:40.979+0000] {logging_mixin.py:188} INFO - [2026-05-29T09:21:40.979+0000] {dag.py:3954} INFO - Setting next_dagrun for data_quality to 2026-05-28 13:00:00+00:00, run_after=2026-05-29 13:00:00+00:00
[2026-05-29T09:21:40.986+0000] {logging_mixin.py:188} INFO - [2026-05-29T09:21:40.986+0000] {dag.py:3954} INFO - Setting next_dagrun for produce_json to 2026-05-28 11:00:00+00:00, run_after=2026-05-29 11:00:00+00:00
[2026-05-29T09:21:40.990+0000] {logging_mixin.py:188} INFO - [2026-05-29T09:21:40.990+0000] {dag.py:3954} INFO - Setting next_dagrun for update_db to 2026-05-28 12:00:00+00:00, run_after=2026-05-29 12:00:00+00:00
[2026-05-29T09:21:41.015+0000] {processor.py:183} INFO - Processing /opt/airflow/dags/main.py took 0.347 seconds
[2026-05-29T09:22:11.438+0000] {processor.py:161} INFO - Started process (PID=562) to work on /opt/airflow/dags/main.py
[2026-05-29T09:22:11.440+0000] {processor.py:830} INFO - Processing file /opt/airflow/dags/main.py for tasks to queue
[2026-05-29T09:22:11.443+0000] {logging_mixin.py:188} INFO - [2026-05-29T09:22:11.443+0000] {dagbag.py:545} INFO - Filling up the DagBag from /opt/airflow/dags/main.py
[2026-05-29T09:22:11.714+0000] {processor.py:840} INFO - DAG(s) 'update_db', 'produce_json', 'data_quality' retrieved from /opt/airflow/dags/main.py
[2026-05-29T09:22:11.760+0000] {logging_mixin.py:188} INFO - [2026-05-29T09:22:11.760+0000] {dag.py:3096} INFO - Sync 3 DAGs
[2026-05-29T09:22:11.790+0000] {logging_mixin.py:188} INFO - [2026-05-29T09:22:11.790+0000] {dag.py:3954} INFO - Setting next_dagrun for data_quality to 2026-05-28 13:00:00+00:00, run_after=2026-05-29 13:00:00+00:00
[2026-05-29T09:22:11.798+0000] {logging_mixin.py:188} INFO - [2026-05-29T09:22:11.798+0000] {dag.py:3954} INFO - Setting next_dagrun for produce_json to 2026-05-28 11:00:00+00:00, run_after=2026-05-29 11:00:00+00:00
[2026-05-29T09:22:11.802+0000] {logging_mixin.py:188} INFO - [2026-05-29T09:22:11.802+0000] {dag.py:3954} INFO - Setting next_dagrun for update_db to 2026-05-28 12:00:00+00:00, run_after=2026-05-29 12:00:00+00:00
[2026-05-29T09:22:11.831+0000] {processor.py:183} INFO - Processing /opt/airflow/dags/main.py took 0.406 seconds
[2026-05-29T09:22:42.310+0000] {processor.py:161} INFO - Started process (PID=569) to work on /opt/airflow/dags/main.py
[2026-05-29T09:22:42.312+0000] {processor.py:830} INFO - Processing file /opt/airflow/dags/main.py for tasks to queue
[2026-05-29T09:22:42.318+0000] {logging_mixin.py:188} INFO - [2026-05-29T09:22:42.317+0000] {dagbag.py:545} INFO - Filling up the DagBag from /opt/airflow/dags/main.py
[2026-05-29T09:22:42.564+0000] {processor.py:840} INFO - DAG(s) 'update_db', 'data_quality', 'produce_json' retrieved from /opt/airflow/dags/main.py
[2026-05-29T09:22:42.606+0000] {logging_mixin.py:188} INFO - [2026-05-29T09:22:42.605+0000] {dag.py:3096} INFO - Sync 3 DAGs
[2026-05-29T09:22:42.635+0000] {logging_mixin.py:188} INFO - [2026-05-29T09:22:42.635+0000] {dag.py:3954} INFO - Setting next_dagrun for data_quality to 2026-05-28 13:00:00+00:00, run_after=2026-05-29 13:00:00+00:00
[2026-05-29T09:22:42.643+0000] {logging_mixin.py:188} INFO - [2026-05-29T09:22:42.643+0000] {dag.py:3954} INFO - Setting next_dagrun for produce_json to 2026-05-28 11:00:00+00:00, run_after=2026-05-29 11:00:00+00:00
[2026-05-29T09:22:42.651+0000] {logging_mixin.py:188} INFO - [2026-05-29T09:22:42.650+0000] {dag.py:3954} INFO - Setting next_dagrun for update_db to 2026-05-28 12:00:00+00:00, run_after=2026-05-29 12:00:00+00:00
[2026-05-29T09:22:42.748+0000] {processor.py:183} INFO - Processing /opt/airflow/dags/main.py took 0.465 seconds
[2026-05-29T09:23:13.224+0000] {processor.py:161} INFO - Started process (PID=576) to work on /opt/airflow/dags/main.py
[2026-05-29T09:23:13.227+0000] {processor.py:830} INFO - Processing file /opt/airflow/dags/main.py for tasks to queue
[2026-05-29T09:23:13.233+0000] {logging_mixin.py:188} INFO - [2026-05-29T09:23:13.232+0000] {dagbag.py:545} INFO - Filling up the DagBag from /opt/airflow/dags/main.py
[2026-05-29T09:23:13.532+0000] {processor.py:840} INFO - DAG(s) 'produce_json', 'data_quality', 'update_db' retrieved from /opt/airflow/dags/main.py
[2026-05-29T09:23:13.587+0000] {logging_mixin.py:188} INFO - [2026-05-29T09:23:13.586+0000] {dag.py:3096} INFO - Sync 3 DAGs
[2026-05-29T09:23:13.617+0000] {logging_mixin.py:188} INFO - [2026-05-29T09:23:13.617+0000] {dag.py:3954} INFO - Setting next_dagrun for data_quality to 2026-05-28 13:00:00+00:00, run_after=2026-05-29 13:00:00+00:00
[2026-05-29T09:23:13.624+0000] {logging_mixin.py:188} INFO - [2026-05-29T09:23:13.624+0000] {dag.py:3954} INFO - Setting next_dagrun for produce_json to 2026-05-28 11:00:00+00:00, run_after=2026-05-29 11:00:00+00:00
[2026-05-29T09:23:13.629+0000] {logging_mixin.py:188} INFO - [2026-05-29T09:23:13.628+0000] {dag.py:3954} INFO - Setting next_dagrun for update_db to 2026-05-28 12:00:00+00:00, run_after=2026-05-29 12:00:00+00:00
[2026-05-29T09:23:13.713+0000] {processor.py:183} INFO - Processing /opt/airflow/dags/main.py took 0.504 seconds
[2026-05-29T09:23:44.163+0000] {processor.py:161} INFO - Started process (PID=583) to work on /opt/airflow/dags/main.py
[2026-05-29T09:23:44.165+0000] {processor.py:830} INFO - Processing file /opt/airflow/dags/main.py for tasks to queue
[2026-05-29T09:23:44.168+0000] {logging_mixin.py:188} INFO - [2026-05-29T09:23:44.167+0000] {dagbag.py:545} INFO - Filling up the DagBag from /opt/airflow/dags/main.py
[2026-05-29T09:23:44.404+0000] {processor.py:840} INFO - DAG(s) 'update_db', 'data_quality', 'produce_json' retrieved from /opt/airflow/dags/main.py
[2026-05-29T09:23:44.461+0000] {logging_mixin.py:188} INFO - [2026-05-29T09:23:44.461+0000] {dag.py:3096} INFO - Sync 3 DAGs
[2026-05-29T09:23:44.495+0000] {logging_mixin.py:188} INFO - [2026-05-29T09:23:44.494+0000] {dag.py:3954} INFO - Setting next_dagrun for data_quality to 2026-05-28 13:00:00+00:00, run_after=2026-05-29 13:00:00+00:00
[2026-05-29T09:23:44.503+0000] {logging_mixin.py:188} INFO - [2026-05-29T09:23:44.502+0000] {dag.py:3954} INFO - Setting next_dagrun for produce_json to 2026-05-28 11:00:00+00:00, run_after=2026-05-29 11:00:00+00:00
[2026-05-29T09:23:44.507+0000] {logging_mixin.py:188} INFO - [2026-05-29T09:23:44.507+0000] {dag.py:3954} INFO - Setting next_dagrun for update_db to 2026-05-28 12:00:00+00:00, run_after=2026-05-29 12:00:00+00:00
[2026-05-29T09:23:44.570+0000] {processor.py:183} INFO - Processing /opt/airflow/dags/main.py took 0.415 seconds
[2026-05-29T09:24:15.096+0000] {processor.py:161} INFO - Started process (PID=590) to work on /opt/airflow/dags/main.py
[2026-05-29T09:24:15.100+0000] {processor.py:830} INFO - Processing file /opt/airflow/dags/main.py for tasks to queue
[2026-05-29T09:24:15.104+0000] {logging_mixin.py:188} INFO - [2026-05-29T09:24:15.104+0000] {dagbag.py:545} INFO - Filling up the DagBag from /opt/airflow/dags/main.py
[2026-05-29T09:24:15.429+0000] {processor.py:840} INFO - DAG(s) 'update_db', 'produce_json', 'data_quality' retrieved from /opt/airflow/dags/main.py
[2026-05-29T09:24:15.484+0000] {logging_mixin.py:188} INFO - [2026-05-29T09:24:15.484+0000] {dag.py:3096} INFO - Sync 3 DAGs
[2026-05-29T09:24:15.509+0000] {logging_mixin.py:188} INFO - [2026-05-29T09:24:15.508+0000] {dag.py:3954} INFO - Setting next_dagrun for data_quality to 2026-05-28 13:00:00+00:00, run_after=2026-05-29 13:00:00+00:00
[2026-05-29T09:24:15.515+0000] {logging_mixin.py:188} INFO - [2026-05-29T09:24:15.515+0000] {dag.py:3954} INFO - Setting next_dagrun for produce_json to 2026-05-28 11:00:00+00:00, run_after=2026-05-29 11:00:00+00:00
[2026-05-29T09:24:15.519+0000] {logging_mixin.py:188} INFO - [2026-05-29T09:24:15.519+0000] {dag.py:3954} INFO - Setting next_dagrun for update_db to 2026-05-28 12:00:00+00:00, run_after=2026-05-29 12:00:00+00:00
[2026-05-29T09:24:15.605+0000] {processor.py:183} INFO - Processing /opt/airflow/dags/main.py took 0.536 seconds
[2026-05-29T09:24:46.476+0000] {processor.py:161} INFO - Started process (PID=597) to work on /opt/airflow/dags/main.py
[2026-05-29T09:24:46.478+0000] {processor.py:830} INFO - Processing file /opt/airflow/dags/main.py for tasks to queue
[2026-05-29T09:24:46.484+0000] {logging_mixin.py:188} INFO - [2026-05-29T09:24:46.483+0000] {dagbag.py:545} INFO - Filling up the DagBag from /opt/airflow/dags/main.py
[2026-05-29T09:24:46.711+0000] {processor.py:840} INFO - DAG(s) 'update_db', 'data_quality', 'produce_json' retrieved from /opt/airflow/dags/main.py
[2026-05-29T09:24:46.758+0000] {logging_mixin.py:188} INFO - [2026-05-29T09:24:46.757+0000] {dag.py:3096} INFO - Sync 3 DAGs
[2026-05-29T09:24:46.799+0000] {logging_mixin.py:188} INFO - [2026-05-29T09:24:46.798+0000] {dag.py:3954} INFO - Setting next_dagrun for data_quality to 2026-05-28 13:00:00+00:00, run_after=2026-05-29 13:00:00+00:00
[2026-05-29T09:24:46.813+0000] {logging_mixin.py:188} INFO - [2026-05-29T09:24:46.812+0000] {dag.py:3954} INFO - Setting next_dagrun for produce_json to 2026-05-28 11:00:00+00:00, run_after=2026-05-29 11:00:00+00:00
[2026-05-29T09:24:46.822+0000] {logging_mixin.py:188} INFO - [2026-05-29T09:24:46.822+0000] {dag.py:3954} INFO - Setting next_dagrun for update_db to 2026-05-28 12:00:00+00:00, run_after=2026-05-29 12:00:00+00:00
[2026-05-29T09:24:46.903+0000] {processor.py:183} INFO - Processing /opt/airflow/dags/main.py took 0.439 seconds
[2026-05-29T09:25:17.324+0000] {processor.py:161} INFO - Started process (PID=604) to work on /opt/airflow/dags/main.py
[2026-05-29T09:25:17.326+0000] {processor.py:830} INFO - Processing file /opt/airflow/dags/main.py for tasks to queue
[2026-05-29T09:25:17.330+0000] {logging_mixin.py:188} INFO - [2026-05-29T09:25:17.329+0000] {dagbag.py:545} INFO - Filling up the DagBag from /opt/airflow/dags/main.py
[2026-05-29T09:25:17.634+0000] {processor.py:840} INFO - DAG(s) 'data_quality', 'update_db', 'produce_json' retrieved from /opt/airflow/dags/main.py
[2026-05-29T09:25:17.699+0000] {logging_mixin.py:188} INFO - [2026-05-29T09:25:17.699+0000] {dag.py:3096} INFO - Sync 3 DAGs
[2026-05-29T09:25:17.735+0000] {logging_mixin.py:188} INFO - [2026-05-29T09:25:17.734+0000] {dag.py:3954} INFO - Setting next_dagrun for data_quality to 2026-05-28 13:00:00+00:00, run_after=2026-05-29 13:00:00+00:00
[2026-05-29T09:25:17.742+0000] {logging_mixin.py:188} INFO - [2026-05-29T09:25:17.742+0000] {dag.py:3954} INFO - Setting next_dagrun for produce_json to 2026-05-28 11:00:00+00:00, run_after=2026-05-29 11:00:00+00:00
[2026-05-29T09:25:17.748+0000] {logging_mixin.py:188} INFO - [2026-05-29T09:25:17.748+0000] {dag.py:3954} INFO - Setting next_dagrun for update_db to 2026-05-28 12:00:00+00:00, run_after=2026-05-29 12:00:00+00:00
[2026-05-29T09:25:17.819+0000] {processor.py:183} INFO - Processing /opt/airflow/dags/main.py took 0.511 seconds
[2026-05-29T09:25:48.242+0000] {processor.py:161} INFO - Started process (PID=611) to work on /opt/airflow/dags/main.py
[2026-05-29T09:25:48.244+0000] {processor.py:830} INFO - Processing file /opt/airflow/dags/main.py for tasks to queue
[2026-05-29T09:25:48.248+0000] {logging_mixin.py:188} INFO - [2026-05-29T09:25:48.247+0000] {dagbag.py:545} INFO - Filling up the DagBag from /opt/airflow/dags/main.py
[2026-05-29T09:25:48.569+0000] {processor.py:840} INFO - DAG(s) 'data_quality', 'update_db', 'produce_json' retrieved from /opt/airflow/dags/main.py
[2026-05-29T09:25:48.636+0000] {logging_mixin.py:188} INFO - [2026-05-29T09:25:48.635+0000] {dag.py:3096} INFO - Sync 3 DAGs
[2026-05-29T09:25:48.671+0000] {logging_mixin.py:188} INFO - [2026-05-29T09:25:48.670+0000] {dag.py:3954} INFO - Setting next_dagrun for data_quality to 2026-05-28 13:00:00+00:00, run_after=2026-05-29 13:00:00+00:00
[2026-05-29T09:25:48.679+0000] {logging_mixin.py:188} INFO - [2026-05-29T09:25:48.679+0000] {dag.py:3954} INFO - Setting next_dagrun for produce_json to 2026-05-28 11:00:00+00:00, run_after=2026-05-29 11:00:00+00:00
[2026-05-29T09:25:48.686+0000] {logging_mixin.py:188} INFO - [2026-05-29T09:25:48.685+0000] {dag.py:3954} INFO - Setting next_dagrun for update_db to 2026-05-28 12:00:00+00:00, run_after=2026-05-29 12:00:00+00:00
[2026-05-29T09:25:48.775+0000] {processor.py:183} INFO - Processing /opt/airflow/dags/main.py took 0.544 seconds
[2026-05-29T09:26:19.268+0000] {processor.py:161} INFO - Started process (PID=624) to work on /opt/airflow/dags/main.py
[2026-05-29T09:26:19.271+0000] {processor.py:830} INFO - Processing file /opt/airflow/dags/main.py for tasks to queue
[2026-05-29T09:26:19.275+0000] {logging_mixin.py:188} INFO - [2026-05-29T09:26:19.275+0000] {dagbag.py:545} INFO - Filling up the DagBag from /opt/airflow/dags/main.py
[2026-05-29T09:26:19.550+0000] {processor.py:840} INFO - DAG(s) 'data_quality', 'update_db', 'produce_json' retrieved from /opt/airflow/dags/main.py
[2026-05-29T09:26:19.620+0000] {logging_mixin.py:188} INFO - [2026-05-29T09:26:19.619+0000] {dag.py:3096} INFO - Sync 3 DAGs
[2026-05-29T09:26:19.655+0000] {logging_mixin.py:188} INFO - [2026-05-29T09:26:19.655+0000] {dag.py:3954} INFO - Setting next_dagrun for data_quality to 2026-05-28 13:00:00+00:00, run_after=2026-05-29 13:00:00+00:00
[2026-05-29T09:26:19.664+0000] {logging_mixin.py:188} INFO - [2026-05-29T09:26:19.663+0000] {dag.py:3954} INFO - Setting next_dagrun for produce_json to 2026-05-28 11:00:00+00:00, run_after=2026-05-29 11:00:00+00:00
[2026-05-29T09:26:19.669+0000] {logging_mixin.py:188} INFO - [2026-05-29T09:26:19.669+0000] {dag.py:3954} INFO - Setting next_dagrun for update_db to 2026-05-28 12:00:00+00:00, run_after=2026-05-29 12:00:00+00:00
[2026-05-29T09:26:19.698+0000] {processor.py:183} INFO - Processing /opt/airflow/dags/main.py took 0.458 seconds
[2026-05-29T09:26:50.007+0000] {processor.py:161} INFO - Started process (PID=631) to work on /opt/airflow/dags/main.py
[2026-05-29T09:26:50.010+0000] {processor.py:830} INFO - Processing file /opt/airflow/dags/main.py for tasks to queue
[2026-05-29T09:26:50.014+0000] {logging_mixin.py:188} INFO - [2026-05-29T09:26:50.014+0000] {dagbag.py:545} INFO - Filling up the DagBag from /opt/airflow/dags/main.py
[2026-05-29T09:26:50.391+0000] {processor.py:840} INFO - DAG(s) 'update_db', 'produce_json', 'data_quality' retrieved from /opt/airflow/dags/main.py
[2026-05-29T09:26:50.458+0000] {logging_mixin.py:188} INFO - [2026-05-29T09:26:50.457+0000] {dag.py:3096} INFO - Sync 3 DAGs
[2026-05-29T09:26:50.512+0000] {logging_mixin.py:188} INFO - [2026-05-29T09:26:50.512+0000] {dag.py:3954} INFO - Setting next_dagrun for data_quality to 2026-05-28 13:00:00+00:00, run_after=2026-05-29 13:00:00+00:00
[2026-05-29T09:26:50.526+0000] {logging_mixin.py:188} INFO - [2026-05-29T09:26:50.526+0000] {dag.py:3954} INFO - Setting next_dagrun for produce_json to 2026-05-28 11:00:00+00:00, run_after=2026-05-29 11:00:00+00:00
[2026-05-29T09:26:50.535+0000] {logging_mixin.py:188} INFO - [2026-05-29T09:26:50.535+0000] {dag.py:3954} INFO - Setting next_dagrun for update_db to 2026-05-28 12:00:00+00:00, run_after=2026-05-29 12:00:00+00:00
[2026-05-29T09:26:50.628+0000] {processor.py:183} INFO - Processing /opt/airflow/dags/main.py took 0.638 seconds
[2026-05-29T09:27:21.117+0000] {processor.py:161} INFO - Started process (PID=638) to work on /opt/airflow/dags/main.py
[2026-05-29T09:27:21.119+0000] {processor.py:830} INFO - Processing file /opt/airflow/dags/main.py for tasks to queue
[2026-05-29T09:27:21.122+0000] {logging_mixin.py:188} INFO - [2026-05-29T09:27:21.122+0000] {dagbag.py:545} INFO - Filling up the DagBag from /opt/airflow/dags/main.py
[2026-05-29T09:27:21.306+0000] {processor.py:840} INFO - DAG(s) 'produce_json', 'update_db', 'data_quality' retrieved from /opt/airflow/dags/main.py
[2026-05-29T09:27:21.363+0000] {logging_mixin.py:188} INFO - [2026-05-29T09:27:21.363+0000] {dag.py:3096} INFO - Sync 3 DAGs
[2026-05-29T09:27:21.414+0000] {logging_mixin.py:188} INFO - [2026-05-29T09:27:21.414+0000] {dag.py:3954} INFO - Setting next_dagrun for data_quality to 2026-05-28 13:00:00+00:00, run_after=2026-05-29 13:00:00+00:00
[2026-05-29T09:27:21.421+0000] {logging_mixin.py:188} INFO - [2026-05-29T09:27:21.421+0000] {dag.py:3954} INFO - Setting next_dagrun for produce_json to 2026-05-28 11:00:00+00:00, run_after=2026-05-29 11:00:00+00:00
[2026-05-29T09:27:21.425+0000] {logging_mixin.py:188} INFO - [2026-05-29T09:27:21.425+0000] {dag.py:3954} INFO - Setting next_dagrun for update_db to 2026-05-28 12:00:00+00:00, run_after=2026-05-29 12:00:00+00:00
[2026-05-29T09:27:21.508+0000] {processor.py:183} INFO - Processing /opt/airflow/dags/main.py took 0.410 seconds
[2026-05-29T09:27:51.754+0000] {processor.py:161} INFO - Started process (PID=645) to work on /opt/airflow/dags/main.py
[2026-05-29T09:27:51.756+0000] {processor.py:830} INFO - Processing file /opt/airflow/dags/main.py for tasks to queue
[2026-05-29T09:27:51.760+0000] {logging_mixin.py:188} INFO - [2026-05-29T09:27:51.759+0000] {dagbag.py:545} INFO - Filling up the DagBag from /opt/airflow/dags/main.py
[2026-05-29T09:27:52.019+0000] {processor.py:840} INFO - DAG(s) 'produce_json', 'data_quality', 'update_db' retrieved from /opt/airflow/dags/main.py
[2026-05-29T09:27:52.068+0000] {logging_mixin.py:188} INFO - [2026-05-29T09:27:52.068+0000] {dag.py:3096} INFO - Sync 3 DAGs
[2026-05-29T09:27:52.096+0000] {logging_mixin.py:188} INFO - [2026-05-29T09:27:52.095+0000] {dag.py:3954} INFO - Setting next_dagrun for data_quality to 2026-05-28 13:00:00+00:00, run_after=2026-05-29 13:00:00+00:00
[2026-05-29T09:27:52.103+0000] {logging_mixin.py:188} INFO - [2026-05-29T09:27:52.103+0000] {dag.py:3954} INFO - Setting next_dagrun for produce_json to 2026-05-28 11:00:00+00:00, run_after=2026-05-29 11:00:00+00:00
[2026-05-29T09:27:52.108+0000] {logging_mixin.py:188} INFO - [2026-05-29T09:27:52.108+0000] {dag.py:3954} INFO - Setting next_dagrun for update_db to 2026-05-28 12:00:00+00:00, run_after=2026-05-29 12:00:00+00:00
[2026-05-29T09:27:52.204+0000] {processor.py:183} INFO - Processing /opt/airflow/dags/main.py took 0.461 seconds
[2026-05-29T09:28:22.583+0000] {processor.py:161} INFO - Started process (PID=652) to work on /opt/airflow/dags/main.py
[2026-05-29T09:28:22.585+0000] {processor.py:830} INFO - Processing file /opt/airflow/dags/main.py for tasks to queue
[2026-05-29T09:28:22.590+0000] {logging_mixin.py:188} INFO - [2026-05-29T09:28:22.589+0000] {dagbag.py:545} INFO - Filling up the DagBag from /opt/airflow/dags/main.py
[2026-05-29T09:28:22.795+0000] {processor.py:840} INFO - DAG(s) 'produce_json', 'data_quality', 'update_db' retrieved from /opt/airflow/dags/main.py
[2026-05-29T09:28:22.849+0000] {logging_mixin.py:188} INFO - [2026-05-29T09:28:22.849+0000] {dag.py:3096} INFO - Sync 3 DAGs
[2026-05-29T09:28:22.882+0000] {logging_mixin.py:188} INFO - [2026-05-29T09:28:22.882+0000] {dag.py:3954} INFO - Setting next_dagrun for data_quality to 2026-05-28 13:00:00+00:00, run_after=2026-05-29 13:00:00+00:00
[2026-05-29T09:28:22.888+0000] {logging_mixin.py:188} INFO - [2026-05-29T09:28:22.888+0000] {dag.py:3954} INFO - Setting next_dagrun for produce_json to 2026-05-28 11:00:00+00:00, run_after=2026-05-29 11:00:00+00:00
[2026-05-29T09:28:22.892+0000] {logging_mixin.py:188} INFO - [2026-05-29T09:28:22.892+0000] {dag.py:3954} INFO - Setting next_dagrun for update_db to 2026-05-28 12:00:00+00:00, run_after=2026-05-29 12:00:00+00:00
[2026-05-29T09:28:22.990+0000] {processor.py:183} INFO - Processing /opt/airflow/dags/main.py took 0.418 seconds
[2026-05-29T09:28:53.408+0000] {processor.py:161} INFO - Started process (PID=659) to work on /opt/airflow/dags/main.py
[2026-05-29T09:28:53.409+0000] {processor.py:830} INFO - Processing file /opt/airflow/dags/main.py for tasks to queue
[2026-05-29T09:28:53.412+0000] {logging_mixin.py:188} INFO - [2026-05-29T09:28:53.412+0000] {dagbag.py:545} INFO - Filling up the DagBag from /opt/airflow/dags/main.py
[2026-05-29T09:28:53.676+0000] {processor.py:840} INFO - DAG(s) 'update_db', 'data_quality', 'produce_json' retrieved from /opt/airflow/dags/main.py
[2026-05-29T09:28:53.719+0000] {logging_mixin.py:188} INFO - [2026-05-29T09:28:53.718+0000] {dag.py:3096} INFO - Sync 3 DAGs
[2026-05-29T09:28:53.745+0000] {logging_mixin.py:188} INFO - [2026-05-29T09:28:53.745+0000] {dag.py:3954} INFO - Setting next_dagrun for data_quality to 2026-05-28 13:00:00+00:00, run_after=2026-05-29 13:00:00+00:00
[2026-05-29T09:28:53.752+0000] {logging_mixin.py:188} INFO - [2026-05-29T09:28:53.751+0000] {dag.py:3954} INFO - Setting next_dagrun for produce_json to 2026-05-28 11:00:00+00:00, run_after=2026-05-29 11:00:00+00:00
[2026-05-29T09:28:53.755+0000] {logging_mixin.py:188} INFO - [2026-05-29T09:28:53.755+0000] {dag.py:3954} INFO - Setting next_dagrun for update_db to 2026-05-28 12:00:00+00:00, run_after=2026-05-29 12:00:00+00:00
[2026-05-29T09:28:53.778+0000] {processor.py:183} INFO - Processing /opt/airflow/dags/main.py took 0.379 seconds
[2026-05-29T09:29:24.260+0000] {processor.py:161} INFO - Started process (PID=666) to work on /opt/airflow/dags/main.py
[2026-05-29T09:29:24.262+0000] {processor.py:830} INFO - Processing file /opt/airflow/dags/main.py for tasks to queue
[2026-05-29T09:29:24.268+0000] {logging_mixin.py:188} INFO - [2026-05-29T09:29:24.267+0000] {dagbag.py:545} INFO - Filling up the DagBag from /opt/airflow/dags/main.py
[2026-05-29T09:29:24.528+0000] {processor.py:840} INFO - DAG(s) 'data_quality', 'produce_json', 'update_db' retrieved from /opt/airflow/dags/main.py
[2026-05-29T09:29:24.576+0000] {logging_mixin.py:188} INFO - [2026-05-29T09:29:24.576+0000] {dag.py:3096} INFO - Sync 3 DAGs
[2026-05-29T09:29:24.626+0000] {logging_mixin.py:188} INFO - [2026-05-29T09:29:24.626+0000] {dag.py:3954} INFO - Setting next_dagrun for data_quality to 2026-05-28 13:00:00+00:00, run_after=2026-05-29 13:00:00+00:00
[2026-05-29T09:29:24.640+0000] {logging_mixin.py:188} INFO - [2026-05-29T09:29:24.640+0000] {dag.py:3954} INFO - Setting next_dagrun for produce_json to 2026-05-28 11:00:00+00:00, run_after=2026-05-29 11:00:00+00:00
[2026-05-29T09:29:24.649+0000] {logging_mixin.py:188} INFO - [2026-05-29T09:29:24.649+0000] {dag.py:3954} INFO - Setting next_dagrun for update_db to 2026-05-28 12:00:00+00:00, run_after=2026-05-29 12:00:00+00:00
[2026-05-29T09:29:24.743+0000] {processor.py:183} INFO - Processing /opt/airflow/dags/main.py took 0.509 seconds
[2026-05-29T09:29:54.972+0000] {processor.py:161} INFO - Started process (PID=674) to work on /opt/airflow/dags/main.py
[2026-05-29T09:29:54.975+0000] {processor.py:830} INFO - Processing file /opt/airflow/dags/main.py for tasks to queue
[2026-05-29T09:29:54.980+0000] {logging_mixin.py:188} INFO - [2026-05-29T09:29:54.979+0000] {dagbag.py:545} INFO - Filling up the DagBag from /opt/airflow/dags/main.py
[2026-05-29T09:29:55.309+0000] {processor.py:840} INFO - DAG(s) 'data_quality', 'produce_json', 'update_db' retrieved from /opt/airflow/dags/main.py
[2026-05-29T09:29:55.359+0000] {logging_mixin.py:188} INFO - [2026-05-29T09:29:55.359+0000] {dag.py:3096} INFO - Sync 3 DAGs
[2026-05-29T09:29:55.386+0000] {logging_mixin.py:188} INFO - [2026-05-29T09:29:55.386+0000] {dag.py:3954} INFO - Setting next_dagrun for data_quality to 2026-05-28 13:00:00+00:00, run_after=2026-05-29 13:00:00+00:00
[2026-05-29T09:29:55.393+0000] {logging_mixin.py:188} INFO - [2026-05-29T09:29:55.393+0000] {dag.py:3954} INFO - Setting next_dagrun for produce_json to 2026-05-28 11:00:00+00:00, run_after=2026-05-29 11:00:00+00:00
[2026-05-29T09:29:55.399+0000] {logging_mixin.py:188} INFO - [2026-05-29T09:29:55.399+0000] {dag.py:3954} INFO - Setting next_dagrun for update_db to 2026-05-28 12:00:00+00:00, run_after=2026-05-29 12:00:00+00:00
[2026-05-29T09:29:55.421+0000] {processor.py:183} INFO - Processing /opt/airflow/dags/main.py took 0.467 seconds
[2026-05-29T09:30:25.917+0000] {processor.py:161} INFO - Started process (PID=681) to work on /opt/airflow/dags/main.py
[2026-05-29T09:30:25.920+0000] {processor.py:830} INFO - Processing file /opt/airflow/dags/main.py for tasks to queue
[2026-05-29T09:30:25.923+0000] {logging_mixin.py:188} INFO - [2026-05-29T09:30:25.923+0000] {dagbag.py:545} INFO - Filling up the DagBag from /opt/airflow/dags/main.py
[2026-05-29T09:30:26.279+0000] {processor.py:840} INFO - DAG(s) 'data_quality', 'update_db', 'produce_json' retrieved from /opt/airflow/dags/main.py
[2026-05-29T09:30:26.346+0000] {logging_mixin.py:188} INFO - [2026-05-29T09:30:26.346+0000] {dag.py:3096} INFO - Sync 3 DAGs
[2026-05-29T09:30:26.374+0000] {logging_mixin.py:188} INFO - [2026-05-29T09:30:26.374+0000] {dag.py:3954} INFO - Setting next_dagrun for data_quality to 2026-05-28 13:00:00+00:00, run_after=2026-05-29 13:00:00+00:00
[2026-05-29T09:30:26.381+0000] {logging_mixin.py:188} INFO - [2026-05-29T09:30:26.381+0000] {dag.py:3954} INFO - Setting next_dagrun for produce_json to 2026-05-28 11:00:00+00:00, run_after=2026-05-29 11:00:00+00:00
[2026-05-29T09:30:26.386+0000] {logging_mixin.py:188} INFO - [2026-05-29T09:30:26.385+0000] {dag.py:3954} INFO - Setting next_dagrun for update_db to 2026-05-28 12:00:00+00:00, run_after=2026-05-29 12:00:00+00:00
[2026-05-29T09:30:26.416+0000] {processor.py:183} INFO - Processing /opt/airflow/dags/main.py took 0.514 seconds
[2026-05-29T09:30:56.791+0000] {processor.py:161} INFO - Started process (PID=688) to work on /opt/airflow/dags/main.py
[2026-05-29T09:30:56.793+0000] {processor.py:830} INFO - Processing file /opt/airflow/dags/main.py for tasks to queue
[2026-05-29T09:30:56.796+0000] {logging_mixin.py:188} INFO - [2026-05-29T09:30:56.795+0000] {dagbag.py:545} INFO - Filling up the DagBag from /opt/airflow/dags/main.py
[2026-05-29T09:30:57.060+0000] {processor.py:840} INFO - DAG(s) 'data_quality', 'produce_json', 'update_db' retrieved from /opt/airflow/dags/main.py
[2026-05-29T09:30:57.102+0000] {logging_mixin.py:188} INFO - [2026-05-29T09:30:57.102+0000] {dag.py:3096} INFO - Sync 3 DAGs
[2026-05-29T09:30:57.132+0000] {logging_mixin.py:188} INFO - [2026-05-29T09:30:57.132+0000] {dag.py:3954} INFO - Setting next_dagrun for data_quality to 2026-05-28 13:00:00+00:00, run_after=2026-05-29 13:00:00+00:00
[2026-05-29T09:30:57.140+0000] {logging_mixin.py:188} INFO - [2026-05-29T09:30:57.140+0000] {dag.py:3954} INFO - Setting next_dagrun for produce_json to 2026-05-28 11:00:00+00:00, run_after=2026-05-29 11:00:00+00:00
[2026-05-29T09:30:57.146+0000] {logging_mixin.py:188} INFO - [2026-05-29T09:30:57.146+0000] {dag.py:3954} INFO - Setting next_dagrun for update_db to 2026-05-28 12:00:00+00:00, run_after=2026-05-29 12:00:00+00:00
[2026-05-29T09:30:57.242+0000] {processor.py:183} INFO - Processing /opt/airflow/dags/main.py took 0.458 seconds
[2026-05-29T09:31:27.613+0000] {processor.py:161} INFO - Started process (PID=695) to work on /opt/airflow/dags/main.py
[2026-05-29T09:31:27.615+0000] {processor.py:830} INFO - Processing file /opt/airflow/dags/main.py for tasks to queue
[2026-05-29T09:31:27.618+0000] {logging_mixin.py:188} INFO - [2026-05-29T09:31:27.617+0000] {dagbag.py:545} INFO - Filling up the DagBag from /opt/airflow/dags/main.py
[2026-05-29T09:31:27.862+0000] {processor.py:840} INFO - DAG(s) 'update_db', 'produce_json', 'data_quality' retrieved from /opt/airflow/dags/main.py
[2026-05-29T09:31:27.910+0000] {logging_mixin.py:188} INFO - [2026-05-29T09:31:27.910+0000] {dag.py:3096} INFO - Sync 3 DAGs
[2026-05-29T09:31:27.939+0000] {logging_mixin.py:188} INFO - [2026-05-29T09:31:27.939+0000] {dag.py:3954} INFO - Setting next_dagrun for data_quality to 2026-05-28 13:00:00+00:00, run_after=2026-05-29 13:00:00+00:00
[2026-05-29T09:31:27.945+0000] {logging_mixin.py:188} INFO - [2026-05-29T09:31:27.945+0000] {dag.py:3954} INFO - Setting next_dagrun for produce_json to 2026-05-28 11:00:00+00:00, run_after=2026-05-29 11:00:00+00:00
[2026-05-29T09:31:27.949+0000] {logging_mixin.py:188} INFO - [2026-05-29T09:31:27.949+0000] {dag.py:3954} INFO - Setting next_dagrun for update_db to 2026-05-28 12:00:00+00:00, run_after=2026-05-29 12:00:00+00:00
[2026-05-29T09:31:28.016+0000] {processor.py:183} INFO - Processing /opt/airflow/dags/main.py took 0.413 seconds
[2026-05-29T09:31:58.519+0000] {processor.py:161} INFO - Started process (PID=702) to work on /opt/airflow/dags/main.py
[2026-05-29T09:31:58.522+0000] {processor.py:830} INFO - Processing file /opt/airflow/dags/main.py for tasks to queue
[2026-05-29T09:31:58.527+0000] {logging_mixin.py:188} INFO - [2026-05-29T09:31:58.526+0000] {dagbag.py:545} INFO - Filling up the DagBag from /opt/airflow/dags/main.py
[2026-05-29T09:31:58.785+0000] {processor.py:840} INFO - DAG(s) 'data_quality', 'update_db', 'produce_json' retrieved from /opt/airflow/dags/main.py
[2026-05-29T09:31:58.847+0000] {logging_mixin.py:188} INFO - [2026-05-29T09:31:58.847+0000] {dag.py:3096} INFO - Sync 3 DAGs
[2026-05-29T09:31:58.887+0000] {logging_mixin.py:188} INFO - [2026-05-29T09:31:58.887+0000] {dag.py:3954} INFO - Setting next_dagrun for data_quality to 2026-05-28 13:00:00+00:00, run_after=2026-05-29 13:00:00+00:00
[2026-05-29T09:31:58.902+0000] {logging_mixin.py:188} INFO - [2026-05-29T09:31:58.901+0000] {dag.py:3954} INFO - Setting next_dagrun for produce_json to 2026-05-28 11:00:00+00:00, run_after=2026-05-29 11:00:00+00:00
[2026-05-29T09:31:58.912+0000] {logging_mixin.py:188} INFO - [2026-05-29T09:31:58.912+0000] {dag.py:3954} INFO - Setting next_dagrun for update_db to 2026-05-28 12:00:00+00:00, run_after=2026-05-29 12:00:00+00:00
[2026-05-29T09:31:58.965+0000] {processor.py:183} INFO - Processing /opt/airflow/dags/main.py took 0.472 seconds
[2026-05-29T09:32:29.362+0000] {processor.py:161} INFO - Started process (PID=709) to work on /opt/airflow/dags/main.py
[2026-05-29T09:32:29.364+0000] {processor.py:830} INFO - Processing file /opt/airflow/dags/main.py for tasks to queue
[2026-05-29T09:32:29.367+0000] {logging_mixin.py:188} INFO - [2026-05-29T09:32:29.366+0000] {dagbag.py:545} INFO - Filling up the DagBag from /opt/airflow/dags/main.py
[2026-05-29T09:32:29.596+0000] {processor.py:840} INFO - DAG(s) 'update_db', 'data_quality', 'produce_json' retrieved from /opt/airflow/dags/main.py
[2026-05-29T09:32:29.639+0000] {logging_mixin.py:188} INFO - [2026-05-29T09:32:29.639+0000] {dag.py:3096} INFO - Sync 3 DAGs
[2026-05-29T09:32:29.683+0000] {logging_mixin.py:188} INFO - [2026-05-29T09:32:29.682+0000] {dag.py:3954} INFO - Setting next_dagrun for data_quality to 2026-05-28 13:00:00+00:00, run_after=2026-05-29 13:00:00+00:00
[2026-05-29T09:32:29.689+0000] {logging_mixin.py:188} INFO - [2026-05-29T09:32:29.689+0000] {dag.py:3954} INFO - Setting next_dagrun for produce_json to 2026-05-28 11:00:00+00:00, run_after=2026-05-29 11:00:00+00:00
[2026-05-29T09:32:29.693+0000] {logging_mixin.py:188} INFO - [2026-05-29T09:32:29.693+0000] {dag.py:3954} INFO - Setting next_dagrun for update_db to 2026-05-28 12:00:00+00:00, run_after=2026-05-29 12:00:00+00:00
[2026-05-29T09:32:29.717+0000] {processor.py:183} INFO - Processing /opt/airflow/dags/main.py took 0.363 seconds
[2026-05-29T09:33:00.093+0000] {processor.py:161} INFO - Started process (PID=716) to work on /opt/airflow/dags/main.py
[2026-05-29T09:33:00.094+0000] {processor.py:830} INFO - Processing file /opt/airflow/dags/main.py for tasks to queue
[2026-05-29T09:33:00.098+0000] {logging_mixin.py:188} INFO - [2026-05-29T09:33:00.098+0000] {dagbag.py:545} INFO - Filling up the DagBag from /opt/airflow/dags/main.py
[2026-05-29T09:33:00.334+0000] {processor.py:840} INFO - DAG(s) 'update_db', 'data_quality', 'produce_json' retrieved from /opt/airflow/dags/main.py
[2026-05-29T09:33:00.384+0000] {logging_mixin.py:188} INFO - [2026-05-29T09:33:00.383+0000] {dag.py:3096} INFO - Sync 3 DAGs
[2026-05-29T09:33:00.411+0000] {logging_mixin.py:188} INFO - [2026-05-29T09:33:00.411+0000] {dag.py:3954} INFO - Setting next_dagrun for data_quality to 2026-05-28 13:00:00+00:00, run_after=2026-05-29 13:00:00+00:00
[2026-05-29T09:33:00.418+0000] {logging_mixin.py:188} INFO - [2026-05-29T09:33:00.418+0000] {dag.py:3954} INFO - Setting next_dagrun for produce_json to 2026-05-28 11:00:00+00:00, run_after=2026-05-29 11:00:00+00:00
[2026-05-29T09:33:00.422+0000] {logging_mixin.py:188} INFO - [2026-05-29T09:33:00.422+0000] {dag.py:3954} INFO - Setting next_dagrun for update_db to 2026-05-28 12:00:00+00:00, run_after=2026-05-29 12:00:00+00:00
[2026-05-29T09:33:00.509+0000] {processor.py:183} INFO - Processing /opt/airflow/dags/main.py took 0.427 seconds
[2026-05-29T09:33:30.893+0000] {processor.py:161} INFO - Started process (PID=723) to work on /opt/airflow/dags/main.py
[2026-05-29T09:33:30.895+0000] {processor.py:830} INFO - Processing file /opt/airflow/dags/main.py for tasks to queue
[2026-05-29T09:33:30.898+0000] {logging_mixin.py:188} INFO - [2026-05-29T09:33:30.898+0000] {dagbag.py:545} INFO - Filling up the DagBag from /opt/airflow/dags/main.py
[2026-05-29T09:33:31.188+0000] {processor.py:840} INFO - DAG(s) 'update_db', 'data_quality', 'produce_json' retrieved from /opt/airflow/dags/main.py
[2026-05-29T09:33:31.237+0000] {logging_mixin.py:188} INFO - [2026-05-29T09:33:31.237+0000] {dag.py:3096} INFO - Sync 3 DAGs
[2026-05-29T09:33:31.267+0000] {logging_mixin.py:188} INFO - [2026-05-29T09:33:31.267+0000] {dag.py:3954} INFO - Setting next_dagrun for data_quality to 2026-05-28 13:00:00+00:00, run_after=2026-05-29 13:00:00+00:00
[2026-05-29T09:33:31.274+0000] {logging_mixin.py:188} INFO - [2026-05-29T09:33:31.274+0000] {dag.py:3954} INFO - Setting next_dagrun for produce_json to 2026-05-28 11:00:00+00:00, run_after=2026-05-29 11:00:00+00:00
[2026-05-29T09:33:31.279+0000] {logging_mixin.py:188} INFO - [2026-05-29T09:33:31.278+0000] {dag.py:3954} INFO - Setting next_dagrun for update_db to 2026-05-28 12:00:00+00:00, run_after=2026-05-29 12:00:00+00:00
[2026-05-29T09:33:31.354+0000] {processor.py:183} INFO - Processing /opt/airflow/dags/main.py took 0.471 seconds
[2026-05-29T09:34:01.814+0000] {processor.py:161} INFO - Started process (PID=730) to work on /opt/airflow/dags/main.py
[2026-05-29T09:34:01.816+0000] {processor.py:830} INFO - Processing file /opt/airflow/dags/main.py for tasks to queue
[2026-05-29T09:34:01.821+0000] {logging_mixin.py:188} INFO - [2026-05-29T09:34:01.820+0000] {dagbag.py:545} INFO - Filling up the DagBag from /opt/airflow/dags/main.py
[2026-05-29T09:34:02.093+0000] {processor.py:840} INFO - DAG(s) 'update_db', 'produce_json', 'data_quality' retrieved from /opt/airflow/dags/main.py
[2026-05-29T09:34:02.150+0000] {logging_mixin.py:188} INFO - [2026-05-29T09:34:02.150+0000] {dag.py:3096} INFO - Sync 3 DAGs
[2026-05-29T09:34:02.183+0000] {logging_mixin.py:188} INFO - [2026-05-29T09:34:02.182+0000] {dag.py:3954} INFO - Setting next_dagrun for data_quality to 2026-05-28 13:00:00+00:00, run_after=2026-05-29 13:00:00+00:00
[2026-05-29T09:34:02.191+0000] {logging_mixin.py:188} INFO - [2026-05-29T09:34:02.191+0000] {dag.py:3954} INFO - Setting next_dagrun for produce_json to 2026-05-28 11:00:00+00:00, run_after=2026-05-29 11:00:00+00:00
[2026-05-29T09:34:02.196+0000] {logging_mixin.py:188} INFO - [2026-05-29T09:34:02.195+0000] {dag.py:3954} INFO - Setting next_dagrun for update_db to 2026-05-28 12:00:00+00:00, run_after=2026-05-29 12:00:00+00:00
[2026-05-29T09:34:02.219+0000] {processor.py:183} INFO - Processing /opt/airflow/dags/main.py took 0.426 seconds
[2026-05-29T09:34:32.570+0000] {processor.py:161} INFO - Started process (PID=737) to work on /opt/airflow/dags/main.py
[2026-05-29T09:34:32.572+0000] {processor.py:830} INFO - Processing file /opt/airflow/dags/main.py for tasks to queue
[2026-05-29T09:34:32.577+0000] {logging_mixin.py:188} INFO - [2026-05-29T09:34:32.576+0000] {dagbag.py:545} INFO - Filling up the DagBag from /opt/airflow/dags/main.py
[2026-05-29T09:34:32.835+0000] {processor.py:840} INFO - DAG(s) 'produce_json', 'update_db', 'data_quality' retrieved from /opt/airflow/dags/main.py
[2026-05-29T09:34:32.894+0000] {logging_mixin.py:188} INFO - [2026-05-29T09:34:32.893+0000] {dag.py:3096} INFO - Sync 3 DAGs
[2026-05-29T09:34:32.929+0000] {logging_mixin.py:188} INFO - [2026-05-29T09:34:32.929+0000] {dag.py:3954} INFO - Setting next_dagrun for data_quality to 2026-05-28 13:00:00+00:00, run_after=2026-05-29 13:00:00+00:00
[2026-05-29T09:34:32.938+0000] {logging_mixin.py:188} INFO - [2026-05-29T09:34:32.937+0000] {dag.py:3954} INFO - Setting next_dagrun for produce_json to 2026-05-28 11:00:00+00:00, run_after=2026-05-29 11:00:00+00:00
[2026-05-29T09:34:32.942+0000] {logging_mixin.py:188} INFO - [2026-05-29T09:34:32.942+0000] {dag.py:3954} INFO - Setting next_dagrun for update_db to 2026-05-28 12:00:00+00:00, run_after=2026-05-29 12:00:00+00:00
[2026-05-29T09:34:33.021+0000] {processor.py:183} INFO - Processing /opt/airflow/dags/main.py took 0.463 seconds
[2026-05-29T09:35:03.993+0000] {processor.py:161} INFO - Started process (PID=744) to work on /opt/airflow/dags/main.py
[2026-05-29T09:35:03.995+0000] {processor.py:830} INFO - Processing file /opt/airflow/dags/main.py for tasks to queue
[2026-05-29T09:35:03.999+0000] {logging_mixin.py:188} INFO - [2026-05-29T09:35:03.998+0000] {dagbag.py:545} INFO - Filling up the DagBag from /opt/airflow/dags/main.py
[2026-05-29T09:35:04.255+0000] {processor.py:840} INFO - DAG(s) 'produce_json', 'update_db', 'data_quality' retrieved from /opt/airflow/dags/main.py
[2026-05-29T09:35:04.308+0000] {logging_mixin.py:188} INFO - [2026-05-29T09:35:04.308+0000] {dag.py:3096} INFO - Sync 3 DAGs
[2026-05-29T09:35:04.343+0000] {logging_mixin.py:188} INFO - [2026-05-29T09:35:04.343+0000] {dag.py:3954} INFO - Setting next_dagrun for data_quality to 2026-05-28 13:00:00+00:00, run_after=2026-05-29 13:00:00+00:00
[2026-05-29T09:35:04.351+0000] {logging_mixin.py:188} INFO - [2026-05-29T09:35:04.350+0000] {dag.py:3954} INFO - Setting next_dagrun for produce_json to 2026-05-28 11:00:00+00:00, run_after=2026-05-29 11:00:00+00:00
[2026-05-29T09:35:04.355+0000] {logging_mixin.py:188} INFO - [2026-05-29T09:35:04.355+0000] {dag.py:3954} INFO - Setting next_dagrun for update_db to 2026-05-28 12:00:00+00:00, run_after=2026-05-29 12:00:00+00:00
[2026-05-29T09:35:04.416+0000] {processor.py:183} INFO - Processing /opt/airflow/dags/main.py took 0.430 seconds
[2026-05-29T09:35:34.806+0000] {processor.py:161} INFO - Started process (PID=751) to work on /opt/airflow/dags/main.py
[2026-05-29T09:35:34.807+0000] {processor.py:830} INFO - Processing file /opt/airflow/dags/main.py for tasks to queue
[2026-05-29T09:35:34.810+0000] {logging_mixin.py:188} INFO - [2026-05-29T09:35:34.810+0000] {dagbag.py:545} INFO - Filling up the DagBag from /opt/airflow/dags/main.py
[2026-05-29T09:35:35.115+0000] {processor.py:840} INFO - DAG(s) 'data_quality', 'produce_json', 'update_db' retrieved from /opt/airflow/dags/main.py
[2026-05-29T09:35:35.179+0000] {logging_mixin.py:188} INFO - [2026-05-29T09:35:35.179+0000] {dag.py:3096} INFO - Sync 3 DAGs
[2026-05-29T09:35:35.215+0000] {logging_mixin.py:188} INFO - [2026-05-29T09:35:35.215+0000] {dag.py:3954} INFO - Setting next_dagrun for data_quality to 2026-05-28 13:00:00+00:00, run_after=2026-05-29 13:00:00+00:00
[2026-05-29T09:35:35.226+0000] {logging_mixin.py:188} INFO - [2026-05-29T09:35:35.226+0000] {dag.py:3954} INFO - Setting next_dagrun for produce_json to 2026-05-28 11:00:00+00:00, run_after=2026-05-29 11:00:00+00:00
[2026-05-29T09:35:35.232+0000] {logging_mixin.py:188} INFO - [2026-05-29T09:35:35.232+0000] {dag.py:3954} INFO - Setting next_dagrun for update_db to 2026-05-28 12:00:00+00:00, run_after=2026-05-29 12:00:00+00:00
[2026-05-29T09:35:35.315+0000] {processor.py:183} INFO - Processing /opt/airflow/dags/main.py took 0.518 seconds
[2026-05-29T09:36:05.767+0000] {processor.py:161} INFO - Started process (PID=758) to work on /opt/airflow/dags/main.py
[2026-05-29T09:36:05.770+0000] {processor.py:830} INFO - Processing file /opt/airflow/dags/main.py for tasks to queue
[2026-05-29T09:36:05.774+0000] {logging_mixin.py:188} INFO - [2026-05-29T09:36:05.773+0000] {dagbag.py:545} INFO - Filling up the DagBag from /opt/airflow/dags/main.py
[2026-05-29T09:36:06.031+0000] {processor.py:840} INFO - DAG(s) 'data_quality', 'produce_json', 'update_db' retrieved from /opt/airflow/dags/main.py
[2026-05-29T09:36:06.097+0000] {logging_mixin.py:188} INFO - [2026-05-29T09:36:06.097+0000] {dag.py:3096} INFO - Sync 3 DAGs
[2026-05-29T09:36:06.152+0000] {logging_mixin.py:188} INFO - [2026-05-29T09:36:06.151+0000] {dag.py:3954} INFO - Setting next_dagrun for data_quality to 2026-05-28 13:00:00+00:00, run_after=2026-05-29 13:00:00+00:00
[2026-05-29T09:36:06.165+0000] {logging_mixin.py:188} INFO - [2026-05-29T09:36:06.164+0000] {dag.py:3954} INFO - Setting next_dagrun for produce_json to 2026-05-28 11:00:00+00:00, run_after=2026-05-29 11:00:00+00:00
[2026-05-29T09:36:06.173+0000] {logging_mixin.py:188} INFO - [2026-05-29T09:36:06.173+0000] {dag.py:3954} INFO - Setting next_dagrun for update_db to 2026-05-28 12:00:00+00:00, run_after=2026-05-29 12:00:00+00:00
[2026-05-29T09:36:06.271+0000] {processor.py:183} INFO - Processing /opt/airflow/dags/main.py took 0.523 seconds
[2026-05-29T09:36:36.577+0000] {processor.py:161} INFO - Started process (PID=765) to work on /opt/airflow/dags/main.py
[2026-05-29T09:36:36.579+0000] {processor.py:830} INFO - Processing file /opt/airflow/dags/main.py for tasks to queue
[2026-05-29T09:36:36.581+0000] {logging_mixin.py:188} INFO - [2026-05-29T09:36:36.581+0000] {dagbag.py:545} INFO - Filling up the DagBag from /opt/airflow/dags/main.py
[2026-05-29T09:36:36.817+0000] {processor.py:840} INFO - DAG(s) 'update_db', 'produce_json', 'data_quality' retrieved from /opt/airflow/dags/main.py
[2026-05-29T09:36:36.877+0000] {logging_mixin.py:188} INFO - [2026-05-29T09:36:36.877+0000] {dag.py:3096} INFO - Sync 3 DAGs
[2026-05-29T09:36:36.934+0000] {logging_mixin.py:188} INFO - [2026-05-29T09:36:36.933+0000] {dag.py:3954} INFO - Setting next_dagrun for data_quality to 2026-05-28 13:00:00+00:00, run_after=2026-05-29 13:00:00+00:00
[2026-05-29T09:36:36.942+0000] {logging_mixin.py:188} INFO - [2026-05-29T09:36:36.942+0000] {dag.py:3954} INFO - Setting next_dagrun for produce_json to 2026-05-28 11:00:00+00:00, run_after=2026-05-29 11:00:00+00:00
[2026-05-29T09:36:36.946+0000] {logging_mixin.py:188} INFO - [2026-05-29T09:36:36.946+0000] {dag.py:3954} INFO - Setting next_dagrun for update_db to 2026-05-28 12:00:00+00:00, run_after=2026-05-29 12:00:00+00:00
[2026-05-29T09:36:36.973+0000] {processor.py:183} INFO - Processing /opt/airflow/dags/main.py took 0.407 seconds
[2026-05-29T09:37:07.325+0000] {processor.py:161} INFO - Started process (PID=772) to work on /opt/airflow/dags/main.py
[2026-05-29T09:37:07.327+0000] {processor.py:830} INFO - Processing file /opt/airflow/dags/main.py for tasks to queue
[2026-05-29T09:37:07.330+0000] {logging_mixin.py:188} INFO - [2026-05-29T09:37:07.330+0000] {dagbag.py:545} INFO - Filling up the DagBag from /opt/airflow/dags/main.py
[2026-05-29T09:37:07.579+0000] {processor.py:840} INFO - DAG(s) 'produce_json', 'update_db', 'data_quality' retrieved from /opt/airflow/dags/main.py
[2026-05-29T09:37:07.640+0000] {logging_mixin.py:188} INFO - [2026-05-29T09:37:07.640+0000] {dag.py:3096} INFO - Sync 3 DAGs
[2026-05-29T09:37:07.675+0000] {logging_mixin.py:188} INFO - [2026-05-29T09:37:07.675+0000] {dag.py:3954} INFO - Setting next_dagrun for data_quality to 2026-05-28 13:00:00+00:00, run_after=2026-05-29 13:00:00+00:00
[2026-05-29T09:37:07.682+0000] {logging_mixin.py:188} INFO - [2026-05-29T09:37:07.682+0000] {dag.py:3954} INFO - Setting next_dagrun for produce_json to 2026-05-28 11:00:00+00:00, run_after=2026-05-29 11:00:00+00:00
[2026-05-29T09:37:07.687+0000] {logging_mixin.py:188} INFO - [2026-05-29T09:37:07.687+0000] {dag.py:3954} INFO - Setting next_dagrun for update_db to 2026-05-28 12:00:00+00:00, run_after=2026-05-29 12:00:00+00:00
[2026-05-29T09:37:07.711+0000] {processor.py:183} INFO - Processing /opt/airflow/dags/main.py took 0.396 seconds
[2026-05-29T09:37:38.196+0000] {processor.py:161} INFO - Started process (PID=779) to work on /opt/airflow/dags/main.py
[2026-05-29T09:37:38.199+0000] {processor.py:830} INFO - Processing file /opt/airflow/dags/main.py for tasks to queue
[2026-05-29T09:37:38.203+0000] {logging_mixin.py:188} INFO - [2026-05-29T09:37:38.203+0000] {dagbag.py:545} INFO - Filling up the DagBag from /opt/airflow/dags/main.py
[2026-05-29T09:37:38.450+0000] {processor.py:840} INFO - DAG(s) 'update_db', 'data_quality', 'produce_json' retrieved from /opt/airflow/dags/main.py
[2026-05-29T09:37:38.498+0000] {logging_mixin.py:188} INFO - [2026-05-29T09:37:38.497+0000] {dag.py:3096} INFO - Sync 3 DAGs
[2026-05-29T09:37:38.527+0000] {logging_mixin.py:188} INFO - [2026-05-29T09:37:38.527+0000] {dag.py:3954} INFO - Setting next_dagrun for data_quality to 2026-05-28 13:00:00+00:00, run_after=2026-05-29 13:00:00+00:00
[2026-05-29T09:37:38.534+0000] {logging_mixin.py:188} INFO - [2026-05-29T09:37:38.534+0000] {dag.py:3954} INFO - Setting next_dagrun for produce_json to 2026-05-28 11:00:00+00:00, run_after=2026-05-29 11:00:00+00:00
[2026-05-29T09:37:38.539+0000] {logging_mixin.py:188} INFO - [2026-05-29T09:37:38.539+0000] {dag.py:3954} INFO - Setting next_dagrun for update_db to 2026-05-28 12:00:00+00:00, run_after=2026-05-29 12:00:00+00:00
[2026-05-29T09:37:38.614+0000] {processor.py:183} INFO - Processing /opt/airflow/dags/main.py took 0.445 seconds
[2026-05-29T09:38:09.025+0000] {processor.py:161} INFO - Started process (PID=786) to work on /opt/airflow/dags/main.py
[2026-05-29T09:38:09.027+0000] {processor.py:830} INFO - Processing file /opt/airflow/dags/main.py for tasks to queue
[2026-05-29T09:38:09.031+0000] {logging_mixin.py:188} INFO - [2026-05-29T09:38:09.030+0000] {dagbag.py:545} INFO - Filling up the DagBag from /opt/airflow/dags/main.py
[2026-05-29T09:38:09.321+0000] {processor.py:840} INFO - DAG(s) 'produce_json', 'data_quality', 'update_db' retrieved from /opt/airflow/dags/main.py
[2026-05-29T09:38:09.375+0000] {logging_mixin.py:188} INFO - [2026-05-29T09:38:09.375+0000] {dag.py:3096} INFO - Sync 3 DAGs
[2026-05-29T09:38:09.404+0000] {logging_mixin.py:188} INFO - [2026-05-29T09:38:09.404+0000] {dag.py:3954} INFO - Setting next_dagrun for data_quality to 2026-05-28 13:00:00+00:00, run_after=2026-05-29 13:00:00+00:00
[2026-05-29T09:38:09.411+0000] {logging_mixin.py:188} INFO - [2026-05-29T09:38:09.411+0000] {dag.py:3954} INFO - Setting next_dagrun for produce_json to 2026-05-28 11:00:00+00:00, run_after=2026-05-29 11:00:00+00:00
[2026-05-29T09:38:09.416+0000] {logging_mixin.py:188} INFO - [2026-05-29T09:38:09.416+0000] {dag.py:3954} INFO - Setting next_dagrun for update_db to 2026-05-28 12:00:00+00:00, run_after=2026-05-29 12:00:00+00:00
[2026-05-29T09:38:09.482+0000] {processor.py:183} INFO - Processing /opt/airflow/dags/main.py took 0.473 seconds
[2026-05-29T09:38:39.790+0000] {processor.py:161} INFO - Started process (PID=793) to work on /opt/airflow/dags/main.py
[2026-05-29T09:38:39.792+0000] {processor.py:830} INFO - Processing file /opt/airflow/dags/main.py for tasks to queue
[2026-05-29T09:38:39.796+0000] {logging_mixin.py:188} INFO - [2026-05-29T09:38:39.795+0000] {dagbag.py:545} INFO - Filling up the DagBag from /opt/airflow/dags/main.py
[2026-05-29T09:38:40.061+0000] {processor.py:840} INFO - DAG(s) 'data_quality', 'update_db', 'produce_json' retrieved from /opt/airflow/dags/main.py
[2026-05-29T09:38:40.105+0000] {logging_mixin.py:188} INFO - [2026-05-29T09:38:40.105+0000] {dag.py:3096} INFO - Sync 3 DAGs
[2026-05-29T09:38:40.133+0000] {logging_mixin.py:188} INFO - [2026-05-29T09:38:40.133+0000] {dag.py:3954} INFO - Setting next_dagrun for data_quality to 2026-05-28 13:00:00+00:00, run_after=2026-05-29 13:00:00+00:00
[2026-05-29T09:38:40.140+0000] {logging_mixin.py:188} INFO - [2026-05-29T09:38:40.140+0000] {dag.py:3954} INFO - Setting next_dagrun for produce_json to 2026-05-28 11:00:00+00:00, run_after=2026-05-29 11:00:00+00:00
[2026-05-29T09:38:40.144+0000] {logging_mixin.py:188} INFO - [2026-05-29T09:38:40.144+0000] {dag.py:3954} INFO - Setting next_dagrun for update_db to 2026-05-28 12:00:00+00:00, run_after=2026-05-29 12:00:00+00:00
[2026-05-29T09:38:40.167+0000] {processor.py:183} INFO - Processing /opt/airflow/dags/main.py took 0.388 seconds
[2026-05-29T09:39:10.553+0000] {processor.py:161} INFO - Started process (PID=800) to work on /opt/airflow/dags/main.py
[2026-05-29T09:39:10.555+0000] {processor.py:830} INFO - Processing file /opt/airflow/dags/main.py for tasks to queue
[2026-05-29T09:39:10.558+0000] {logging_mixin.py:188} INFO - [2026-05-29T09:39:10.557+0000] {dagbag.py:545} INFO - Filling up the DagBag from /opt/airflow/dags/main.py
[2026-05-29T09:39:10.803+0000] {processor.py:840} INFO - DAG(s) 'produce_json', 'update_db', 'data_quality' retrieved from /opt/airflow/dags/main.py
[2026-05-29T09:39:10.864+0000] {logging_mixin.py:188} INFO - [2026-05-29T09:39:10.864+0000] {dag.py:3096} INFO - Sync 3 DAGs
[2026-05-29T09:39:10.900+0000] {logging_mixin.py:188} INFO - [2026-05-29T09:39:10.899+0000] {dag.py:3954} INFO - Setting next_dagrun for data_quality to 2026-05-28 13:00:00+00:00, run_after=2026-05-29 13:00:00+00:00
[2026-05-29T09:39:10.910+0000] {logging_mixin.py:188} INFO - [2026-05-29T09:39:10.909+0000] {dag.py:3954} INFO - Setting next_dagrun for produce_json to 2026-05-28 11:00:00+00:00, run_after=2026-05-29 11:00:00+00:00
[2026-05-29T09:39:10.915+0000] {logging_mixin.py:188} INFO - [2026-05-29T09:39:10.915+0000] {dag.py:3954} INFO - Setting next_dagrun for update_db to 2026-05-28 12:00:00+00:00, run_after=2026-05-29 12:00:00+00:00
[2026-05-29T09:39:10.976+0000] {processor.py:183} INFO - Processing /opt/airflow/dags/main.py took 0.434 seconds
[2026-05-29T09:39:41.261+0000] {processor.py:161} INFO - Started process (PID=807) to work on /opt/airflow/dags/main.py
[2026-05-29T09:39:41.263+0000] {processor.py:830} INFO - Processing file /opt/airflow/dags/main.py for tasks to queue
[2026-05-29T09:39:41.266+0000] {logging_mixin.py:188} INFO - [2026-05-29T09:39:41.266+0000] {dagbag.py:545} INFO - Filling up the DagBag from /opt/airflow/dags/main.py
[2026-05-29T09:39:41.521+0000] {processor.py:840} INFO - DAG(s) 'produce_json', 'update_db', 'data_quality' retrieved from /opt/airflow/dags/main.py
[2026-05-29T09:39:41.582+0000] {logging_mixin.py:188} INFO - [2026-05-29T09:39:41.581+0000] {dag.py:3096} INFO - Sync 3 DAGs
[2026-05-29T09:39:41.636+0000] {logging_mixin.py:188} INFO - [2026-05-29T09:39:41.636+0000] {dag.py:3954} INFO - Setting next_dagrun for data_quality to 2026-05-28 13:00:00+00:00, run_after=2026-05-29 13:00:00+00:00
[2026-05-29T09:39:41.646+0000] {logging_mixin.py:188} INFO - [2026-05-29T09:39:41.646+0000] {dag.py:3954} INFO - Setting next_dagrun for produce_json to 2026-05-28 11:00:00+00:00, run_after=2026-05-29 11:00:00+00:00
[2026-05-29T09:39:41.651+0000] {logging_mixin.py:188} INFO - [2026-05-29T09:39:41.651+0000] {dag.py:3954} INFO - Setting next_dagrun for update_db to 2026-05-28 12:00:00+00:00, run_after=2026-05-29 12:00:00+00:00
[2026-05-29T09:39:41.680+0000] {processor.py:183} INFO - Processing /opt/airflow/dags/main.py took 0.432 seconds
[2026-05-29T13:23:34.314+0000] {processor.py:161} INFO - Started process (PID=814) to work on /opt/airflow/dags/main.py
[2026-05-29T13:23:34.317+0000] {processor.py:830} INFO - Processing file /opt/airflow/dags/main.py for tasks to queue
[2026-05-29T13:23:34.329+0000] {logging_mixin.py:188} INFO - [2026-05-29T13:23:34.328+0000] {dagbag.py:545} INFO - Filling up the DagBag from /opt/airflow/dags/main.py
[2026-05-29T13:23:35.318+0000] {processor.py:840} INFO - DAG(s) 'update_db', 'produce_json', 'data_quality' retrieved from /opt/airflow/dags/main.py
[2026-05-29T13:23:35.612+0000] {logging_mixin.py:188} INFO - [2026-05-29T13:23:35.611+0000] {dag.py:3096} INFO - Sync 3 DAGs
[2026-05-29T13:23:35.785+0000] {logging_mixin.py:188} INFO - [2026-05-29T13:23:35.785+0000] {dag.py:3954} INFO - Setting next_dagrun for data_quality to 2026-05-29 13:00:00+00:00, run_after=2026-05-30 13:00:00+00:00
[2026-05-29T13:23:35.823+0000] {logging_mixin.py:188} INFO - [2026-05-29T13:23:35.822+0000] {dag.py:3954} INFO - Setting next_dagrun for produce_json to 2026-05-29 11:00:00+00:00, run_after=2026-05-30 11:00:00+00:00
[2026-05-29T13:23:35.859+0000] {logging_mixin.py:188} INFO - [2026-05-29T13:23:35.858+0000] {dag.py:3954} INFO - Setting next_dagrun for update_db to 2026-05-29 12:00:00+00:00, run_after=2026-05-30 12:00:00+00:00
[2026-05-29T13:23:36.020+0000] {processor.py:183} INFO - Processing /opt/airflow/dags/main.py took 1.723 seconds
[2026-05-29T13:24:06.226+0000] {processor.py:161} INFO - Started process (PID=826) to work on /opt/airflow/dags/main.py
[2026-05-29T13:24:06.228+0000] {processor.py:830} INFO - Processing file /opt/airflow/dags/main.py for tasks to queue
[2026-05-29T13:24:06.230+0000] {logging_mixin.py:188} INFO - [2026-05-29T13:24:06.229+0000] {dagbag.py:545} INFO - Filling up the DagBag from /opt/airflow/dags/main.py
[2026-05-29T13:24:06.454+0000] {processor.py:840} INFO - DAG(s) 'data_quality', 'produce_json', 'update_db' retrieved from /opt/airflow/dags/main.py
[2026-05-29T13:24:06.488+0000] {logging_mixin.py:188} INFO - [2026-05-29T13:24:06.488+0000] {dag.py:3096} INFO - Sync 3 DAGs
[2026-05-29T13:24:06.511+0000] {logging_mixin.py:188} INFO - [2026-05-29T13:24:06.511+0000] {dag.py:3954} INFO - Setting next_dagrun for data_quality to 2026-05-29 13:00:00+00:00, run_after=2026-05-30 13:00:00+00:00
[2026-05-29T13:24:06.517+0000] {logging_mixin.py:188} INFO - [2026-05-29T13:24:06.517+0000] {dag.py:3954} INFO - Setting next_dagrun for produce_json to 2026-05-29 11:00:00+00:00, run_after=2026-05-30 11:00:00+00:00
[2026-05-29T13:24:06.520+0000] {logging_mixin.py:188} INFO - [2026-05-29T13:24:06.520+0000] {dag.py:3954} INFO - Setting next_dagrun for update_db to 2026-05-29 12:00:00+00:00, run_after=2026-05-30 12:00:00+00:00
[2026-05-29T13:24:06.540+0000] {processor.py:183} INFO - Processing /opt/airflow/dags/main.py took 0.320 seconds
[2026-05-29T13:24:36.940+0000] {processor.py:161} INFO - Started process (PID=833) to work on /opt/airflow/dags/main.py
[2026-05-29T13:24:36.941+0000] {processor.py:830} INFO - Processing file /opt/airflow/dags/main.py for tasks to queue
[2026-05-29T13:24:36.943+0000] {logging_mixin.py:188} INFO - [2026-05-29T13:24:36.943+0000] {dagbag.py:545} INFO - Filling up the DagBag from /opt/airflow/dags/main.py
[2026-05-29T13:24:37.194+0000] {processor.py:840} INFO - DAG(s) 'update_db', 'data_quality', 'produce_json' retrieved from /opt/airflow/dags/main.py
[2026-05-29T13:24:37.247+0000] {logging_mixin.py:188} INFO - [2026-05-29T13:24:37.247+0000] {dag.py:3096} INFO - Sync 3 DAGs
[2026-05-29T13:24:37.271+0000] {logging_mixin.py:188} INFO - [2026-05-29T13:24:37.271+0000] {dag.py:3954} INFO - Setting next_dagrun for data_quality to 2026-05-29 13:00:00+00:00, run_after=2026-05-30 13:00:00+00:00
[2026-05-29T13:24:37.278+0000] {logging_mixin.py:188} INFO - [2026-05-29T13:24:37.277+0000] {dag.py:3954} INFO - Setting next_dagrun for produce_json to 2026-05-29 11:00:00+00:00, run_after=2026-05-30 11:00:00+00:00
[2026-05-29T13:24:37.281+0000] {logging_mixin.py:188} INFO - [2026-05-29T13:24:37.281+0000] {dag.py:3954} INFO - Setting next_dagrun for update_db to 2026-05-29 12:00:00+00:00, run_after=2026-05-30 12:00:00+00:00
[2026-05-29T13:24:37.303+0000] {processor.py:183} INFO - Processing /opt/airflow/dags/main.py took 0.374 seconds
[2026-05-29T13:25:07.597+0000] {processor.py:161} INFO - Started process (PID=840) to work on /opt/airflow/dags/main.py
[2026-05-29T13:25:07.599+0000] {processor.py:830} INFO - Processing file /opt/airflow/dags/main.py for tasks to queue
[2026-05-29T13:25:07.601+0000] {logging_mixin.py:188} INFO - [2026-05-29T13:25:07.601+0000] {dagbag.py:545} INFO - Filling up the DagBag from /opt/airflow/dags/main.py
[2026-05-29T13:25:07.854+0000] {processor.py:840} INFO - DAG(s) 'produce_json', 'update_db', 'data_quality' retrieved from /opt/airflow/dags/main.py
[2026-05-29T13:25:07.900+0000] {logging_mixin.py:188} INFO - [2026-05-29T13:25:07.900+0000] {dag.py:3096} INFO - Sync 3 DAGs
[2026-05-29T13:25:07.928+0000] {logging_mixin.py:188} INFO - [2026-05-29T13:25:07.927+0000] {dag.py:3954} INFO - Setting next_dagrun for data_quality to 2026-05-29 13:00:00+00:00, run_after=2026-05-30 13:00:00+00:00
[2026-05-29T13:25:07.936+0000] {logging_mixin.py:188} INFO - [2026-05-29T13:25:07.935+0000] {dag.py:3954} INFO - Setting next_dagrun for produce_json to 2026-05-29 11:00:00+00:00, run_after=2026-05-30 11:00:00+00:00
[2026-05-29T13:25:07.941+0000] {logging_mixin.py:188} INFO - [2026-05-29T13:25:07.941+0000] {dag.py:3954} INFO - Setting next_dagrun for update_db to 2026-05-29 12:00:00+00:00, run_after=2026-05-30 12:00:00+00:00
[2026-05-29T13:25:07.989+0000] {processor.py:183} INFO - Processing /opt/airflow/dags/main.py took 0.403 seconds
[2026-05-29T13:25:38.370+0000] {processor.py:161} INFO - Started process (PID=847) to work on /opt/airflow/dags/main.py
[2026-05-29T13:25:38.372+0000] {processor.py:830} INFO - Processing file /opt/airflow/dags/main.py for tasks to queue
[2026-05-29T13:25:38.374+0000] {logging_mixin.py:188} INFO - [2026-05-29T13:25:38.374+0000] {dagbag.py:545} INFO - Filling up the DagBag from /opt/airflow/dags/main.py
[2026-05-29T13:25:38.624+0000] {processor.py:840} INFO - DAG(s) 'produce_json', 'update_db', 'data_quality' retrieved from /opt/airflow/dags/main.py
[2026-05-29T13:25:38.672+0000] {logging_mixin.py:188} INFO - [2026-05-29T13:25:38.671+0000] {dag.py:3096} INFO - Sync 3 DAGs
[2026-05-29T13:25:38.703+0000] {logging_mixin.py:188} INFO - [2026-05-29T13:25:38.703+0000] {dag.py:3954} INFO - Setting next_dagrun for data_quality to 2026-05-29 13:00:00+00:00, run_after=2026-05-30 13:00:00+00:00
[2026-05-29T13:25:38.710+0000] {logging_mixin.py:188} INFO - [2026-05-29T13:25:38.709+0000] {dag.py:3954} INFO - Setting next_dagrun for produce_json to 2026-05-29 11:00:00+00:00, run_after=2026-05-30 11:00:00+00:00
[2026-05-29T13:25:38.713+0000] {logging_mixin.py:188} INFO - [2026-05-29T13:25:38.713+0000] {dag.py:3954} INFO - Setting next_dagrun for update_db to 2026-05-29 12:00:00+00:00, run_after=2026-05-30 12:00:00+00:00
[2026-05-29T13:25:38.804+0000] {processor.py:183} INFO - Processing /opt/airflow/dags/main.py took 0.443 seconds
[2026-05-29T13:26:09.271+0000] {processor.py:161} INFO - Started process (PID=854) to work on /opt/airflow/dags/main.py
[2026-05-29T13:26:09.273+0000] {processor.py:830} INFO - Processing file /opt/airflow/dags/main.py for tasks to queue
[2026-05-29T13:26:09.278+0000] {logging_mixin.py:188} INFO - [2026-05-29T13:26:09.277+0000] {dagbag.py:545} INFO - Filling up the DagBag from /opt/airflow/dags/main.py
[2026-05-29T13:26:09.655+0000] {processor.py:840} INFO - DAG(s) 'data_quality', 'update_db', 'produce_json' retrieved from /opt/airflow/dags/main.py
[2026-05-29T13:26:09.725+0000] {logging_mixin.py:188} INFO - [2026-05-29T13:26:09.724+0000] {dag.py:3096} INFO - Sync 3 DAGs
[2026-05-29T13:26:09.757+0000] {logging_mixin.py:188} INFO - [2026-05-29T13:26:09.756+0000] {dag.py:3954} INFO - Setting next_dagrun for data_quality to 2026-05-29 13:00:00+00:00, run_after=2026-05-30 13:00:00+00:00
[2026-05-29T13:26:09.765+0000] {logging_mixin.py:188} INFO - [2026-05-29T13:26:09.765+0000] {dag.py:3954} INFO - Setting next_dagrun for produce_json to 2026-05-29 11:00:00+00:00, run_after=2026-05-30 11:00:00+00:00
[2026-05-29T13:26:09.771+0000] {logging_mixin.py:188} INFO - [2026-05-29T13:26:09.771+0000] {dag.py:3954} INFO - Setting next_dagrun for update_db to 2026-05-29 12:00:00+00:00, run_after=2026-05-30 12:00:00+00:00
[2026-05-29T13:26:09.793+0000] {processor.py:183} INFO - Processing /opt/airflow/dags/main.py took 0.539 seconds
[2026-05-29T13:26:40.110+0000] {processor.py:161} INFO - Started process (PID=861) to work on /opt/airflow/dags/main.py
[2026-05-29T13:26:40.111+0000] {processor.py:830} INFO - Processing file /opt/airflow/dags/main.py for tasks to queue
[2026-05-29T13:26:40.114+0000] {logging_mixin.py:188} INFO - [2026-05-29T13:26:40.114+0000] {dagbag.py:545} INFO - Filling up the DagBag from /opt/airflow/dags/main.py
[2026-05-29T13:26:40.330+0000] {processor.py:840} INFO - DAG(s) 'data_quality', 'produce_json', 'update_db' retrieved from /opt/airflow/dags/main.py
[2026-05-29T13:26:40.384+0000] {logging_mixin.py:188} INFO - [2026-05-29T13:26:40.384+0000] {dag.py:3096} INFO - Sync 3 DAGs
[2026-05-29T13:26:40.431+0000] {logging_mixin.py:188} INFO - [2026-05-29T13:26:40.431+0000] {dag.py:3954} INFO - Setting next_dagrun for data_quality to 2026-05-29 13:00:00+00:00, run_after=2026-05-30 13:00:00+00:00
[2026-05-29T13:26:40.442+0000] {logging_mixin.py:188} INFO - [2026-05-29T13:26:40.442+0000] {dag.py:3954} INFO - Setting next_dagrun for produce_json to 2026-05-29 11:00:00+00:00, run_after=2026-05-30 11:00:00+00:00
[2026-05-29T13:26:40.449+0000] {logging_mixin.py:188} INFO - [2026-05-29T13:26:40.449+0000] {dag.py:3954} INFO - Setting next_dagrun for update_db to 2026-05-29 12:00:00+00:00, run_after=2026-05-30 12:00:00+00:00
[2026-05-29T13:26:40.483+0000] {processor.py:183} INFO - Processing /opt/airflow/dags/main.py took 0.383 seconds
[2026-05-29T13:27:10.830+0000] {processor.py:161} INFO - Started process (PID=868) to work on /opt/airflow/dags/main.py
[2026-05-29T13:27:10.833+0000] {processor.py:830} INFO - Processing file /opt/airflow/dags/main.py for tasks to queue
[2026-05-29T13:27:10.838+0000] {logging_mixin.py:188} INFO - [2026-05-29T13:27:10.837+0000] {dagbag.py:545} INFO - Filling up the DagBag from /opt/airflow/dags/main.py
[2026-05-29T13:27:11.069+0000] {processor.py:840} INFO - DAG(s) 'data_quality', 'update_db', 'produce_json' retrieved from /opt/airflow/dags/main.py
[2026-05-29T13:27:11.112+0000] {logging_mixin.py:188} INFO - [2026-05-29T13:27:11.112+0000] {dag.py:3096} INFO - Sync 3 DAGs
[2026-05-29T13:27:11.159+0000] {logging_mixin.py:188} INFO - [2026-05-29T13:27:11.159+0000] {dag.py:3954} INFO - Setting next_dagrun for data_quality to 2026-05-29 13:00:00+00:00, run_after=2026-05-30 13:00:00+00:00
[2026-05-29T13:27:11.170+0000] {logging_mixin.py:188} INFO - [2026-05-29T13:27:11.169+0000] {dag.py:3954} INFO - Setting next_dagrun for produce_json to 2026-05-29 11:00:00+00:00, run_after=2026-05-30 11:00:00+00:00
[2026-05-29T13:27:11.176+0000] {logging_mixin.py:188} INFO - [2026-05-29T13:27:11.176+0000] {dag.py:3954} INFO - Setting next_dagrun for update_db to 2026-05-29 12:00:00+00:00, run_after=2026-05-30 12:00:00+00:00
[2026-05-29T13:27:11.254+0000] {processor.py:183} INFO - Processing /opt/airflow/dags/main.py took 0.445 seconds
[2026-05-29T13:27:41.738+0000] {processor.py:161} INFO - Started process (PID=875) to work on /opt/airflow/dags/main.py
[2026-05-29T13:27:41.741+0000] {processor.py:830} INFO - Processing file /opt/airflow/dags/main.py for tasks to queue
[2026-05-29T13:27:41.747+0000] {logging_mixin.py:188} INFO - [2026-05-29T13:27:41.747+0000] {dagbag.py:545} INFO - Filling up the DagBag from /opt/airflow/dags/main.py
[2026-05-29T13:27:42.077+0000] {processor.py:840} INFO - DAG(s) 'produce_json', 'update_db', 'data_quality' retrieved from /opt/airflow/dags/main.py
[2026-05-29T13:27:42.149+0000] {logging_mixin.py:188} INFO - [2026-05-29T13:27:42.149+0000] {dag.py:3096} INFO - Sync 3 DAGs
[2026-05-29T13:27:42.199+0000] {logging_mixin.py:188} INFO - [2026-05-29T13:27:42.199+0000] {dag.py:3954} INFO - Setting next_dagrun for data_quality to 2026-05-29 13:00:00+00:00, run_after=2026-05-30 13:00:00+00:00
[2026-05-29T13:27:42.212+0000] {logging_mixin.py:188} INFO - [2026-05-29T13:27:42.212+0000] {dag.py:3954} INFO - Setting next_dagrun for produce_json to 2026-05-29 11:00:00+00:00, run_after=2026-05-30 11:00:00+00:00
[2026-05-29T13:27:42.220+0000] {logging_mixin.py:188} INFO - [2026-05-29T13:27:42.220+0000] {dag.py:3954} INFO - Setting next_dagrun for update_db to 2026-05-29 12:00:00+00:00, run_after=2026-05-30 12:00:00+00:00
[2026-05-29T13:27:42.262+0000] {processor.py:183} INFO - Processing /opt/airflow/dags/main.py took 0.552 seconds
[2026-05-29T13:28:12.595+0000] {processor.py:161} INFO - Started process (PID=882) to work on /opt/airflow/dags/main.py
[2026-05-29T13:28:12.597+0000] {processor.py:830} INFO - Processing file /opt/airflow/dags/main.py for tasks to queue
[2026-05-29T13:28:12.600+0000] {logging_mixin.py:188} INFO - [2026-05-29T13:28:12.599+0000] {dagbag.py:545} INFO - Filling up the DagBag from /opt/airflow/dags/main.py
[2026-05-29T13:28:12.874+0000] {processor.py:840} INFO - DAG(s) 'update_db', 'produce_json', 'data_quality' retrieved from /opt/airflow/dags/main.py
[2026-05-29T13:28:12.927+0000] {logging_mixin.py:188} INFO - [2026-05-29T13:28:12.927+0000] {dag.py:3096} INFO - Sync 3 DAGs
[2026-05-29T13:28:12.958+0000] {logging_mixin.py:188} INFO - [2026-05-29T13:28:12.957+0000] {dag.py:3954} INFO - Setting next_dagrun for data_quality to 2026-05-29 13:00:00+00:00, run_after=2026-05-30 13:00:00+00:00
[2026-05-29T13:28:12.964+0000] {logging_mixin.py:188} INFO - [2026-05-29T13:28:12.964+0000] {dag.py:3954} INFO - Setting next_dagrun for produce_json to 2026-05-29 11:00:00+00:00, run_after=2026-05-30 11:00:00+00:00
[2026-05-29T13:28:12.969+0000] {logging_mixin.py:188} INFO - [2026-05-29T13:28:12.968+0000] {dag.py:3954} INFO - Setting next_dagrun for update_db to 2026-05-29 12:00:00+00:00, run_after=2026-05-30 12:00:00+00:00
[2026-05-29T13:28:13.002+0000] {processor.py:183} INFO - Processing /opt/airflow/dags/main.py took 0.423 seconds
[2026-05-29T13:28:43.407+0000] {processor.py:161} INFO - Started process (PID=889) to work on /opt/airflow/dags/main.py
[2026-05-29T13:28:43.409+0000] {processor.py:830} INFO - Processing file /opt/airflow/dags/main.py for tasks to queue
[2026-05-29T13:28:43.412+0000] {logging_mixin.py:188} INFO - [2026-05-29T13:28:43.411+0000] {dagbag.py:545} INFO - Filling up the DagBag from /opt/airflow/dags/main.py
[2026-05-29T13:28:43.723+0000] {processor.py:840} INFO - DAG(s) 'data_quality', 'update_db', 'produce_json' retrieved from /opt/airflow/dags/main.py
[2026-05-29T13:28:43.782+0000] {logging_mixin.py:188} INFO - [2026-05-29T13:28:43.782+0000] {dag.py:3096} INFO - Sync 3 DAGs
[2026-05-29T13:28:43.824+0000] {logging_mixin.py:188} INFO - [2026-05-29T13:28:43.824+0000] {dag.py:3954} INFO - Setting next_dagrun for data_quality to 2026-05-29 13:00:00+00:00, run_after=2026-05-30 13:00:00+00:00
[2026-05-29T13:28:43.832+0000] {logging_mixin.py:188} INFO - [2026-05-29T13:28:43.831+0000] {dag.py:3954} INFO - Setting next_dagrun for produce_json to 2026-05-29 11:00:00+00:00, run_after=2026-05-30 11:00:00+00:00
[2026-05-29T13:28:43.837+0000] {logging_mixin.py:188} INFO - [2026-05-29T13:28:43.836+0000] {dag.py:3954} INFO - Setting next_dagrun for update_db to 2026-05-29 12:00:00+00:00, run_after=2026-05-30 12:00:00+00:00
[2026-05-29T13:28:43.899+0000] {processor.py:183} INFO - Processing /opt/airflow/dags/main.py took 0.508 seconds
[2026-05-29T13:29:14.251+0000] {processor.py:161} INFO - Started process (PID=902) to work on /opt/airflow/dags/main.py
[2026-05-29T13:29:14.253+0000] {processor.py:830} INFO - Processing file /opt/airflow/dags/main.py for tasks to queue
[2026-05-29T13:29:14.256+0000] {logging_mixin.py:188} INFO - [2026-05-29T13:29:14.256+0000] {dagbag.py:545} INFO - Filling up the DagBag from /opt/airflow/dags/main.py
[2026-05-29T13:29:14.490+0000] {processor.py:840} INFO - DAG(s) 'produce_json', 'data_quality', 'update_db' retrieved from /opt/airflow/dags/main.py
[2026-05-29T13:29:14.540+0000] {logging_mixin.py:188} INFO - [2026-05-29T13:29:14.540+0000] {dag.py:3096} INFO - Sync 3 DAGs
[2026-05-29T13:29:14.575+0000] {logging_mixin.py:188} INFO - [2026-05-29T13:29:14.574+0000] {dag.py:3954} INFO - Setting next_dagrun for data_quality to 2026-05-29 13:00:00+00:00, run_after=2026-05-30 13:00:00+00:00
[2026-05-29T13:29:14.582+0000] {logging_mixin.py:188} INFO - [2026-05-29T13:29:14.582+0000] {dag.py:3954} INFO - Setting next_dagrun for produce_json to 2026-05-29 11:00:00+00:00, run_after=2026-05-30 11:00:00+00:00
[2026-05-29T13:29:14.586+0000] {logging_mixin.py:188} INFO - [2026-05-29T13:29:14.586+0000] {dag.py:3954} INFO - Setting next_dagrun for update_db to 2026-05-29 12:00:00+00:00, run_after=2026-05-30 12:00:00+00:00
[2026-05-29T13:29:14.648+0000] {processor.py:183} INFO - Processing /opt/airflow/dags/main.py took 0.409 seconds
[2026-05-29T13:29:45.135+0000] {processor.py:161} INFO - Started process (PID=909) to work on /opt/airflow/dags/main.py
[2026-05-29T13:29:45.138+0000] {processor.py:830} INFO - Processing file /opt/airflow/dags/main.py for tasks to queue
[2026-05-29T13:29:45.142+0000] {logging_mixin.py:188} INFO - [2026-05-29T13:29:45.142+0000] {dagbag.py:545} INFO - Filling up the DagBag from /opt/airflow/dags/main.py
[2026-05-29T13:29:45.386+0000] {processor.py:840} INFO - DAG(s) 'produce_json', 'data_quality', 'update_db' retrieved from /opt/airflow/dags/main.py
[2026-05-29T13:29:45.442+0000] {logging_mixin.py:188} INFO - [2026-05-29T13:29:45.442+0000] {dag.py:3096} INFO - Sync 3 DAGs
[2026-05-29T13:29:45.477+0000] {logging_mixin.py:188} INFO - [2026-05-29T13:29:45.477+0000] {dag.py:3954} INFO - Setting next_dagrun for data_quality to 2026-05-29 13:00:00+00:00, run_after=2026-05-30 13:00:00+00:00
[2026-05-29T13:29:45.490+0000] {logging_mixin.py:188} INFO - [2026-05-29T13:29:45.489+0000] {dag.py:3954} INFO - Setting next_dagrun for produce_json to 2026-05-29 11:00:00+00:00, run_after=2026-05-30 11:00:00+00:00
[2026-05-29T13:29:45.498+0000] {logging_mixin.py:188} INFO - [2026-05-29T13:29:45.497+0000] {dag.py:3954} INFO - Setting next_dagrun for update_db to 2026-05-29 12:00:00+00:00, run_after=2026-05-30 12:00:00+00:00
[2026-05-29T13:29:45.596+0000] {processor.py:183} INFO - Processing /opt/airflow/dags/main.py took 0.485 seconds
[2026-05-29T14:07:21.757+0000] {processor.py:161} INFO - Started process (PID=53) to work on /opt/airflow/dags/main.py
[2026-05-29T14:07:21.759+0000] {processor.py:830} INFO - Processing file /opt/airflow/dags/main.py for tasks to queue
[2026-05-29T14:07:21.762+0000] {logging_mixin.py:188} INFO - [2026-05-29T14:07:21.762+0000] {dagbag.py:545} INFO - Filling up the DagBag from /opt/airflow/dags/main.py
[2026-05-29T14:07:21.902+0000] {processor.py:840} INFO - DAG(s) 'produce_json', 'data_quality', 'update_db' retrieved from /opt/airflow/dags/main.py
[2026-05-29T14:07:22.119+0000] {logging_mixin.py:188} INFO - [2026-05-29T14:07:22.118+0000] {dag.py:3096} INFO - Sync 3 DAGs
[2026-05-29T14:07:22.143+0000] {logging_mixin.py:188} INFO - [2026-05-29T14:07:22.143+0000] {dag.py:3954} INFO - Setting next_dagrun for data_quality to 2026-05-29 13:00:00+00:00, run_after=2026-05-30 13:00:00+00:00
[2026-05-29T14:07:22.149+0000] {logging_mixin.py:188} INFO - [2026-05-29T14:07:22.149+0000] {dag.py:3954} INFO - Setting next_dagrun for produce_json to 2026-05-29 11:00:00+00:00, run_after=2026-05-30 11:00:00+00:00
[2026-05-29T14:07:22.152+0000] {logging_mixin.py:188} INFO - [2026-05-29T14:07:22.152+0000] {dag.py:3954} INFO - Setting next_dagrun for update_db to 2026-05-29 12:00:00+00:00, run_after=2026-05-30 12:00:00+00:00
[2026-05-29T14:07:22.180+0000] {processor.py:183} INFO - Processing /opt/airflow/dags/main.py took 0.432 seconds
[2026-05-29T14:07:52.462+0000] {processor.py:161} INFO - Started process (PID=60) to work on /opt/airflow/dags/main.py
[2026-05-29T14:07:52.463+0000] {processor.py:830} INFO - Processing file /opt/airflow/dags/main.py for tasks to queue
[2026-05-29T14:07:52.466+0000] {logging_mixin.py:188} INFO - [2026-05-29T14:07:52.465+0000] {dagbag.py:545} INFO - Filling up the DagBag from /opt/airflow/dags/main.py
[2026-05-29T14:07:52.582+0000] {processor.py:840} INFO - DAG(s) 'update_db', 'produce_json', 'data_quality' retrieved from /opt/airflow/dags/main.py
[2026-05-29T14:07:52.617+0000] {logging_mixin.py:188} INFO - [2026-05-29T14:07:52.616+0000] {dag.py:3096} INFO - Sync 3 DAGs
[2026-05-29T14:07:52.638+0000] {logging_mixin.py:188} INFO - [2026-05-29T14:07:52.638+0000] {dag.py:3954} INFO - Setting next_dagrun for data_quality to 2026-05-29 13:00:00+00:00, run_after=2026-05-30 13:00:00+00:00
[2026-05-29T14:07:52.644+0000] {logging_mixin.py:188} INFO - [2026-05-29T14:07:52.644+0000] {dag.py:3954} INFO - Setting next_dagrun for produce_json to 2026-05-29 11:00:00+00:00, run_after=2026-05-30 11:00:00+00:00
[2026-05-29T14:07:52.647+0000] {logging_mixin.py:188} INFO - [2026-05-29T14:07:52.647+0000] {dag.py:3954} INFO - Setting next_dagrun for update_db to 2026-05-29 12:00:00+00:00, run_after=2026-05-30 12:00:00+00:00
[2026-05-29T14:07:52.665+0000] {processor.py:183} INFO - Processing /opt/airflow/dags/main.py took 0.210 seconds
[2026-05-29T14:08:22.956+0000] {processor.py:161} INFO - Started process (PID=67) to work on /opt/airflow/dags/main.py
[2026-05-29T14:08:22.958+0000] {processor.py:830} INFO - Processing file /opt/airflow/dags/main.py for tasks to queue
[2026-05-29T14:08:22.960+0000] {logging_mixin.py:188} INFO - [2026-05-29T14:08:22.960+0000] {dagbag.py:545} INFO - Filling up the DagBag from /opt/airflow/dags/main.py
[2026-05-29T14:08:23.071+0000] {processor.py:840} INFO - DAG(s) 'update_db', 'produce_json', 'data_quality' retrieved from /opt/airflow/dags/main.py
[2026-05-29T14:08:23.209+0000] {logging_mixin.py:188} INFO - [2026-05-29T14:08:23.209+0000] {dag.py:3096} INFO - Sync 3 DAGs
[2026-05-29T14:08:23.227+0000] {logging_mixin.py:188} INFO - [2026-05-29T14:08:23.227+0000] {dag.py:3954} INFO - Setting next_dagrun for data_quality to 2026-05-29 13:00:00+00:00, run_after=2026-05-30 13:00:00+00:00
[2026-05-29T14:08:23.232+0000] {logging_mixin.py:188} INFO - [2026-05-29T14:08:23.232+0000] {dag.py:3954} INFO - Setting next_dagrun for produce_json to 2026-05-29 11:00:00+00:00, run_after=2026-05-30 11:00:00+00:00
[2026-05-29T14:08:23.236+0000] {logging_mixin.py:188} INFO - [2026-05-29T14:08:23.236+0000] {dag.py:3954} INFO - Setting next_dagrun for update_db to 2026-05-29 12:00:00+00:00, run_after=2026-05-30 12:00:00+00:00
[2026-05-29T14:08:23.256+0000] {processor.py:183} INFO - Processing /opt/airflow/dags/main.py took 0.309 seconds
[2026-05-29T14:08:53.309+0000] {processor.py:161} INFO - Started process (PID=74) to work on /opt/airflow/dags/main.py
[2026-05-29T14:08:53.310+0000] {processor.py:830} INFO - Processing file /opt/airflow/dags/main.py for tasks to queue
[2026-05-29T14:08:53.312+0000] {logging_mixin.py:188} INFO - [2026-05-29T14:08:53.312+0000] {dagbag.py:545} INFO - Filling up the DagBag from /opt/airflow/dags/main.py
[2026-05-29T14:08:53.417+0000] {processor.py:840} INFO - DAG(s) 'data_quality', 'update_db', 'produce_json' retrieved from /opt/airflow/dags/main.py
[2026-05-29T14:08:53.452+0000] {logging_mixin.py:188} INFO - [2026-05-29T14:08:53.451+0000] {dag.py:3096} INFO - Sync 3 DAGs
[2026-05-29T14:08:53.472+0000] {logging_mixin.py:188} INFO - [2026-05-29T14:08:53.472+0000] {dag.py:3954} INFO - Setting next_dagrun for data_quality to 2026-05-29 13:00:00+00:00, run_after=2026-05-30 13:00:00+00:00
[2026-05-29T14:08:53.477+0000] {logging_mixin.py:188} INFO - [2026-05-29T14:08:53.477+0000] {dag.py:3954} INFO - Setting next_dagrun for produce_json to 2026-05-29 11:00:00+00:00, run_after=2026-05-30 11:00:00+00:00
[2026-05-29T14:08:53.480+0000] {logging_mixin.py:188} INFO - [2026-05-29T14:08:53.480+0000] {dag.py:3954} INFO - Setting next_dagrun for update_db to 2026-05-29 12:00:00+00:00, run_after=2026-05-30 12:00:00+00:00
[2026-05-29T14:08:53.496+0000] {processor.py:183} INFO - Processing /opt/airflow/dags/main.py took 0.194 seconds
[2026-05-29T14:09:23.610+0000] {processor.py:161} INFO - Started process (PID=81) to work on /opt/airflow/dags/main.py
[2026-05-29T14:09:23.612+0000] {processor.py:830} INFO - Processing file /opt/airflow/dags/main.py for tasks to queue
[2026-05-29T14:09:23.614+0000] {logging_mixin.py:188} INFO - [2026-05-29T14:09:23.614+0000] {dagbag.py:545} INFO - Filling up the DagBag from /opt/airflow/dags/main.py
[2026-05-29T14:09:23.726+0000] {processor.py:840} INFO - DAG(s) 'update_db', 'data_quality', 'produce_json' retrieved from /opt/airflow/dags/main.py
[2026-05-29T14:09:23.761+0000] {logging_mixin.py:188} INFO - [2026-05-29T14:09:23.761+0000] {dag.py:3096} INFO - Sync 3 DAGs
[2026-05-29T14:09:23.781+0000] {logging_mixin.py:188} INFO - [2026-05-29T14:09:23.781+0000] {dag.py:3954} INFO - Setting next_dagrun for data_quality to 2026-05-29 13:00:00+00:00, run_after=2026-05-30 13:00:00+00:00
[2026-05-29T14:09:23.785+0000] {logging_mixin.py:188} INFO - [2026-05-29T14:09:23.785+0000] {dag.py:3954} INFO - Setting next_dagrun for produce_json to 2026-05-29 11:00:00+00:00, run_after=2026-05-30 11:00:00+00:00
[2026-05-29T14:09:23.788+0000] {logging_mixin.py:188} INFO - [2026-05-29T14:09:23.788+0000] {dag.py:3954} INFO - Setting next_dagrun for update_db to 2026-05-29 12:00:00+00:00, run_after=2026-05-30 12:00:00+00:00
[2026-05-29T14:09:23.805+0000] {processor.py:183} INFO - Processing /opt/airflow/dags/main.py took 0.200 seconds
[2026-05-29T14:09:54.126+0000] {processor.py:161} INFO - Started process (PID=88) to work on /opt/airflow/dags/main.py
[2026-05-29T14:09:54.127+0000] {processor.py:830} INFO - Processing file /opt/airflow/dags/main.py for tasks to queue
[2026-05-29T14:09:54.129+0000] {logging_mixin.py:188} INFO - [2026-05-29T14:09:54.129+0000] {dagbag.py:545} INFO - Filling up the DagBag from /opt/airflow/dags/main.py
[2026-05-29T14:09:54.239+0000] {processor.py:840} INFO - DAG(s) 'produce_json', 'update_db', 'data_quality' retrieved from /opt/airflow/dags/main.py
[2026-05-29T14:09:54.272+0000] {logging_mixin.py:188} INFO - [2026-05-29T14:09:54.272+0000] {dag.py:3096} INFO - Sync 3 DAGs
[2026-05-29T14:09:54.291+0000] {logging_mixin.py:188} INFO - [2026-05-29T14:09:54.291+0000] {dag.py:3954} INFO - Setting next_dagrun for data_quality to 2026-05-29 13:00:00+00:00, run_after=2026-05-30 13:00:00+00:00
[2026-05-29T14:09:54.296+0000] {logging_mixin.py:188} INFO - [2026-05-29T14:09:54.296+0000] {dag.py:3954} INFO - Setting next_dagrun for produce_json to 2026-05-29 11:00:00+00:00, run_after=2026-05-30 11:00:00+00:00
[2026-05-29T14:09:54.299+0000] {logging_mixin.py:188} INFO - [2026-05-29T14:09:54.299+0000] {dag.py:3954} INFO - Setting next_dagrun for update_db to 2026-05-29 12:00:00+00:00, run_after=2026-05-30 12:00:00+00:00
[2026-05-29T14:09:54.315+0000] {processor.py:183} INFO - Processing /opt/airflow/dags/main.py took 0.194 seconds
[2026-05-29T14:10:24.500+0000] {processor.py:161} INFO - Started process (PID=95) to work on /opt/airflow/dags/main.py
[2026-05-29T14:10:24.501+0000] {processor.py:830} INFO - Processing file /opt/airflow/dags/main.py for tasks to queue
[2026-05-29T14:10:24.503+0000] {logging_mixin.py:188} INFO - [2026-05-29T14:10:24.503+0000] {dagbag.py:545} INFO - Filling up the DagBag from /opt/airflow/dags/main.py
[2026-05-29T14:10:24.617+0000] {processor.py:840} INFO - DAG(s) 'produce_json', 'update_db', 'data_quality' retrieved from /opt/airflow/dags/main.py
[2026-05-29T14:10:24.646+0000] {logging_mixin.py:188} INFO - [2026-05-29T14:10:24.646+0000] {dag.py:3096} INFO - Sync 3 DAGs
[2026-05-29T14:10:24.666+0000] {logging_mixin.py:188} INFO - [2026-05-29T14:10:24.665+0000] {dag.py:3954} INFO - Setting next_dagrun for data_quality to 2026-05-29 13:00:00+00:00, run_after=2026-05-30 13:00:00+00:00
[2026-05-29T14:10:24.670+0000] {logging_mixin.py:188} INFO - [2026-05-29T14:10:24.670+0000] {dag.py:3954} INFO - Setting next_dagrun for produce_json to 2026-05-29 11:00:00+00:00, run_after=2026-05-30 11:00:00+00:00
[2026-05-29T14:10:24.673+0000] {logging_mixin.py:188} INFO - [2026-05-29T14:10:24.673+0000] {dag.py:3954} INFO - Setting next_dagrun for update_db to 2026-05-29 12:00:00+00:00, run_after=2026-05-30 12:00:00+00:00
[2026-05-29T14:10:24.689+0000] {processor.py:183} INFO - Processing /opt/airflow/dags/main.py took 0.195 seconds
[2026-05-29T14:10:54.935+0000] {processor.py:161} INFO - Started process (PID=102) to work on /opt/airflow/dags/main.py
[2026-05-29T14:10:54.937+0000] {processor.py:830} INFO - Processing file /opt/airflow/dags/main.py for tasks to queue
[2026-05-29T14:10:54.939+0000] {logging_mixin.py:188} INFO - [2026-05-29T14:10:54.938+0000] {dagbag.py:545} INFO - Filling up the DagBag from /opt/airflow/dags/main.py
[2026-05-29T14:10:55.056+0000] {processor.py:840} INFO - DAG(s) 'update_db', 'produce_json', 'data_quality' retrieved from /opt/airflow/dags/main.py
[2026-05-29T14:10:55.087+0000] {logging_mixin.py:188} INFO - [2026-05-29T14:10:55.087+0000] {dag.py:3096} INFO - Sync 3 DAGs
[2026-05-29T14:10:55.107+0000] {logging_mixin.py:188} INFO - [2026-05-29T14:10:55.107+0000] {dag.py:3954} INFO - Setting next_dagrun for data_quality to 2026-05-29 13:00:00+00:00, run_after=2026-05-30 13:00:00+00:00
[2026-05-29T14:10:55.113+0000] {logging_mixin.py:188} INFO - [2026-05-29T14:10:55.112+0000] {dag.py:3954} INFO - Setting next_dagrun for produce_json to 2026-05-29 11:00:00+00:00, run_after=2026-05-30 11:00:00+00:00
[2026-05-29T14:10:55.116+0000] {logging_mixin.py:188} INFO - [2026-05-29T14:10:55.116+0000] {dag.py:3954} INFO - Setting next_dagrun for update_db to 2026-05-29 12:00:00+00:00, run_after=2026-05-30 12:00:00+00:00
[2026-05-29T14:10:55.144+0000] {processor.py:183} INFO - Processing /opt/airflow/dags/main.py took 0.214 seconds
[2026-05-29T14:11:25.277+0000] {processor.py:161} INFO - Started process (PID=109) to work on /opt/airflow/dags/main.py
[2026-05-29T14:11:25.279+0000] {processor.py:830} INFO - Processing file /opt/airflow/dags/main.py for tasks to queue
[2026-05-29T14:11:25.281+0000] {logging_mixin.py:188} INFO - [2026-05-29T14:11:25.281+0000] {dagbag.py:545} INFO - Filling up the DagBag from /opt/airflow/dags/main.py
[2026-05-29T14:11:25.399+0000] {processor.py:840} INFO - DAG(s) 'produce_json', 'update_db', 'data_quality' retrieved from /opt/airflow/dags/main.py
[2026-05-29T14:11:25.435+0000] {logging_mixin.py:188} INFO - [2026-05-29T14:11:25.434+0000] {dag.py:3096} INFO - Sync 3 DAGs
[2026-05-29T14:11:25.458+0000] {logging_mixin.py:188} INFO - [2026-05-29T14:11:25.458+0000] {dag.py:3954} INFO - Setting next_dagrun for data_quality to 2026-05-29 13:00:00+00:00, run_after=2026-05-30 13:00:00+00:00
[2026-05-29T14:11:25.463+0000] {logging_mixin.py:188} INFO - [2026-05-29T14:11:25.463+0000] {dag.py:3954} INFO - Setting next_dagrun for produce_json to 2026-05-29 11:00:00+00:00, run_after=2026-05-30 11:00:00+00:00
[2026-05-29T14:11:25.466+0000] {logging_mixin.py:188} INFO - [2026-05-29T14:11:25.466+0000] {dag.py:3954} INFO - Setting next_dagrun for update_db to 2026-05-29 12:00:00+00:00, run_after=2026-05-30 12:00:00+00:00
[2026-05-29T14:11:25.485+0000] {processor.py:183} INFO - Processing /opt/airflow/dags/main.py took 0.214 seconds
[2026-05-29T14:11:55.847+0000] {processor.py:161} INFO - Started process (PID=116) to work on /opt/airflow/dags/main.py
[2026-05-29T14:11:55.848+0000] {processor.py:830} INFO - Processing file /opt/airflow/dags/main.py for tasks to queue
[2026-05-29T14:11:55.850+0000] {logging_mixin.py:188} INFO - [2026-05-29T14:11:55.850+0000] {dagbag.py:545} INFO - Filling up the DagBag from /opt/airflow/dags/main.py
[2026-05-29T14:11:55.962+0000] {processor.py:840} INFO - DAG(s) 'update_db', 'data_quality', 'produce_json' retrieved from /opt/airflow/dags/main.py
[2026-05-29T14:11:55.992+0000] {logging_mixin.py:188} INFO - [2026-05-29T14:11:55.992+0000] {dag.py:3096} INFO - Sync 3 DAGs
[2026-05-29T14:11:56.012+0000] {logging_mixin.py:188} INFO - [2026-05-29T14:11:56.012+0000] {dag.py:3954} INFO - Setting next_dagrun for data_quality to 2026-05-29 13:00:00+00:00, run_after=2026-05-30 13:00:00+00:00
[2026-05-29T14:11:56.017+0000] {logging_mixin.py:188} INFO - [2026-05-29T14:11:56.017+0000] {dag.py:3954} INFO - Setting next_dagrun for produce_json to 2026-05-29 11:00:00+00:00, run_after=2026-05-30 11:00:00+00:00
[2026-05-29T14:11:56.020+0000] {logging_mixin.py:188} INFO - [2026-05-29T14:11:56.020+0000] {dag.py:3954} INFO - Setting next_dagrun for update_db to 2026-05-29 12:00:00+00:00, run_after=2026-05-30 12:00:00+00:00
[2026-05-29T14:11:56.046+0000] {processor.py:183} INFO - Processing /opt/airflow/dags/main.py took 0.204 seconds
[2026-05-29T14:12:26.441+0000] {processor.py:161} INFO - Started process (PID=129) to work on /opt/airflow/dags/main.py
[2026-05-29T14:12:26.442+0000] {processor.py:830} INFO - Processing file /opt/airflow/dags/main.py for tasks to queue
[2026-05-29T14:12:26.444+0000] {logging_mixin.py:188} INFO - [2026-05-29T14:12:26.444+0000] {dagbag.py:545} INFO - Filling up the DagBag from /opt/airflow/dags/main.py
[2026-05-29T14:12:26.551+0000] {processor.py:840} INFO - DAG(s) 'data_quality', 'update_db', 'produce_json' retrieved from /opt/airflow/dags/main.py
[2026-05-29T14:12:26.581+0000] {logging_mixin.py:188} INFO - [2026-05-29T14:12:26.580+0000] {dag.py:3096} INFO - Sync 3 DAGs
[2026-05-29T14:12:26.599+0000] {logging_mixin.py:188} INFO - [2026-05-29T14:12:26.599+0000] {dag.py:3954} INFO - Setting next_dagrun for data_quality to 2026-05-29 13:00:00+00:00, run_after=2026-05-30 13:00:00+00:00
[2026-05-29T14:12:26.604+0000] {logging_mixin.py:188} INFO - [2026-05-29T14:12:26.604+0000] {dag.py:3954} INFO - Setting next_dagrun for produce_json to 2026-05-29 11:00:00+00:00, run_after=2026-05-30 11:00:00+00:00
[2026-05-29T14:12:26.607+0000] {logging_mixin.py:188} INFO - [2026-05-29T14:12:26.607+0000] {dag.py:3954} INFO - Setting next_dagrun for update_db to 2026-05-29 12:00:00+00:00, run_after=2026-05-30 12:00:00+00:00
[2026-05-29T14:12:26.638+0000] {processor.py:183} INFO - Processing /opt/airflow/dags/main.py took 0.202 seconds
[2026-05-29T14:12:56.760+0000] {processor.py:161} INFO - Started process (PID=136) to work on /opt/airflow/dags/main.py
[2026-05-29T14:12:56.761+0000] {processor.py:830} INFO - Processing file /opt/airflow/dags/main.py for tasks to queue
[2026-05-29T14:12:56.763+0000] {logging_mixin.py:188} INFO - [2026-05-29T14:12:56.763+0000] {dagbag.py:545} INFO - Filling up the DagBag from /opt/airflow/dags/main.py
[2026-05-29T14:12:56.876+0000] {processor.py:840} INFO - DAG(s) 'produce_json', 'update_db', 'data_quality' retrieved from /opt/airflow/dags/main.py
[2026-05-29T14:12:56.909+0000] {logging_mixin.py:188} INFO - [2026-05-29T14:12:56.908+0000] {dag.py:3096} INFO - Sync 3 DAGs
[2026-05-29T14:12:56.930+0000] {logging_mixin.py:188} INFO - [2026-05-29T14:12:56.929+0000] {dag.py:3954} INFO - Setting next_dagrun for data_quality to 2026-05-29 13:00:00+00:00, run_after=2026-05-30 13:00:00+00:00
[2026-05-29T14:12:56.935+0000] {logging_mixin.py:188} INFO - [2026-05-29T14:12:56.935+0000] {dag.py:3954} INFO - Setting next_dagrun for produce_json to 2026-05-29 11:00:00+00:00, run_after=2026-05-30 11:00:00+00:00
[2026-05-29T14:12:56.938+0000] {logging_mixin.py:188} INFO - [2026-05-29T14:12:56.938+0000] {dag.py:3954} INFO - Setting next_dagrun for update_db to 2026-05-29 12:00:00+00:00, run_after=2026-05-30 12:00:00+00:00
[2026-05-29T14:12:56.965+0000] {processor.py:183} INFO - Processing /opt/airflow/dags/main.py took 0.212 seconds
[2026-05-29T14:13:27.250+0000] {processor.py:161} INFO - Started process (PID=143) to work on /opt/airflow/dags/main.py
[2026-05-29T14:13:27.252+0000] {processor.py:830} INFO - Processing file /opt/airflow/dags/main.py for tasks to queue
[2026-05-29T14:13:27.254+0000] {logging_mixin.py:188} INFO - [2026-05-29T14:13:27.253+0000] {dagbag.py:545} INFO - Filling up the DagBag from /opt/airflow/dags/main.py
[2026-05-29T14:13:27.373+0000] {processor.py:840} INFO - DAG(s) 'update_db', 'produce_json', 'data_quality' retrieved from /opt/airflow/dags/main.py
[2026-05-29T14:13:27.408+0000] {logging_mixin.py:188} INFO - [2026-05-29T14:13:27.408+0000] {dag.py:3096} INFO - Sync 3 DAGs
[2026-05-29T14:13:27.430+0000] {logging_mixin.py:188} INFO - [2026-05-29T14:13:27.430+0000] {dag.py:3954} INFO - Setting next_dagrun for data_quality to 2026-05-29 13:00:00+00:00, run_after=2026-05-30 13:00:00+00:00
[2026-05-29T14:13:27.436+0000] {logging_mixin.py:188} INFO - [2026-05-29T14:13:27.436+0000] {dag.py:3954} INFO - Setting next_dagrun for produce_json to 2026-05-29 11:00:00+00:00, run_after=2026-05-30 11:00:00+00:00
[2026-05-29T14:13:27.440+0000] {logging_mixin.py:188} INFO - [2026-05-29T14:13:27.440+0000] {dag.py:3954} INFO - Setting next_dagrun for update_db to 2026-05-29 12:00:00+00:00, run_after=2026-05-30 12:00:00+00:00
[2026-05-29T14:13:27.459+0000] {processor.py:183} INFO - Processing /opt/airflow/dags/main.py took 0.215 seconds
[2026-05-29T14:13:57.643+0000] {processor.py:161} INFO - Started process (PID=150) to work on /opt/airflow/dags/main.py
[2026-05-29T14:13:57.644+0000] {processor.py:830} INFO - Processing file /opt/airflow/dags/main.py for tasks to queue
[2026-05-29T14:13:57.647+0000] {logging_mixin.py:188} INFO - [2026-05-29T14:13:57.646+0000] {dagbag.py:545} INFO - Filling up the DagBag from /opt/airflow/dags/main.py
[2026-05-29T14:13:57.770+0000] {processor.py:840} INFO - DAG(s) 'update_db', 'produce_json', 'data_quality' retrieved from /opt/airflow/dags/main.py
[2026-05-29T14:13:57.803+0000] {logging_mixin.py:188} INFO - [2026-05-29T14:13:57.803+0000] {dag.py:3096} INFO - Sync 3 DAGs
[2026-05-29T14:13:57.824+0000] {logging_mixin.py:188} INFO - [2026-05-29T14:13:57.824+0000] {dag.py:3954} INFO - Setting next_dagrun for data_quality to 2026-05-29 13:00:00+00:00, run_after=2026-05-30 13:00:00+00:00
[2026-05-29T14:13:57.829+0000] {logging_mixin.py:188} INFO - [2026-05-29T14:13:57.829+0000] {dag.py:3954} INFO - Setting next_dagrun for produce_json to 2026-05-29 11:00:00+00:00, run_after=2026-05-30 11:00:00+00:00
[2026-05-29T14:13:57.833+0000] {logging_mixin.py:188} INFO - [2026-05-29T14:13:57.833+0000] {dag.py:3954} INFO - Setting next_dagrun for update_db to 2026-05-29 12:00:00+00:00, run_after=2026-05-30 12:00:00+00:00
[2026-05-29T14:13:57.852+0000] {processor.py:183} INFO - Processing /opt/airflow/dags/main.py took 0.215 seconds
[2026-05-29T14:14:28.020+0000] {processor.py:161} INFO - Started process (PID=157) to work on /opt/airflow/dags/main.py
[2026-05-29T14:14:28.021+0000] {processor.py:830} INFO - Processing file /opt/airflow/dags/main.py for tasks to queue
[2026-05-29T14:14:28.023+0000] {logging_mixin.py:188} INFO - [2026-05-29T14:14:28.023+0000] {dagbag.py:545} INFO - Filling up the DagBag from /opt/airflow/dags/main.py
[2026-05-29T14:14:28.136+0000] {processor.py:840} INFO - DAG(s) 'update_db', 'data_quality', 'produce_json' retrieved from /opt/airflow/dags/main.py
[2026-05-29T14:14:28.169+0000] {logging_mixin.py:188} INFO - [2026-05-29T14:14:28.169+0000] {dag.py:3096} INFO - Sync 3 DAGs
[2026-05-29T14:14:28.190+0000] {logging_mixin.py:188} INFO - [2026-05-29T14:14:28.190+0000] {dag.py:3954} INFO - Setting next_dagrun for data_quality to 2026-05-29 13:00:00+00:00, run_after=2026-05-30 13:00:00+00:00
[2026-05-29T14:14:28.196+0000] {logging_mixin.py:188} INFO - [2026-05-29T14:14:28.195+0000] {dag.py:3954} INFO - Setting next_dagrun for produce_json to 2026-05-29 11:00:00+00:00, run_after=2026-05-30 11:00:00+00:00
[2026-05-29T14:14:28.199+0000] {logging_mixin.py:188} INFO - [2026-05-29T14:14:28.199+0000] {dag.py:3954} INFO - Setting next_dagrun for update_db to 2026-05-29 12:00:00+00:00, run_after=2026-05-30 12:00:00+00:00
[2026-05-29T14:14:28.216+0000] {processor.py:183} INFO - Processing /opt/airflow/dags/main.py took 0.203 seconds
[2026-05-29T14:14:58.381+0000] {processor.py:161} INFO - Started process (PID=164) to work on /opt/airflow/dags/main.py
[2026-05-29T14:14:58.382+0000] {processor.py:830} INFO - Processing file /opt/airflow/dags/main.py for tasks to queue
[2026-05-29T14:14:58.384+0000] {logging_mixin.py:188} INFO - [2026-05-29T14:14:58.384+0000] {dagbag.py:545} INFO - Filling up the DagBag from /opt/airflow/dags/main.py
[2026-05-29T14:14:58.494+0000] {processor.py:840} INFO - DAG(s) 'update_db', 'data_quality', 'produce_json' retrieved from /opt/airflow/dags/main.py
[2026-05-29T14:14:58.527+0000] {logging_mixin.py:188} INFO - [2026-05-29T14:14:58.527+0000] {dag.py:3096} INFO - Sync 3 DAGs
[2026-05-29T14:14:58.549+0000] {logging_mixin.py:188} INFO - [2026-05-29T14:14:58.549+0000] {dag.py:3954} INFO - Setting next_dagrun for data_quality to 2026-05-29 13:00:00+00:00, run_after=2026-05-30 13:00:00+00:00
[2026-05-29T14:14:58.555+0000] {logging_mixin.py:188} INFO - [2026-05-29T14:14:58.554+0000] {dag.py:3954} INFO - Setting next_dagrun for produce_json to 2026-05-29 11:00:00+00:00, run_after=2026-05-30 11:00:00+00:00
[2026-05-29T14:14:58.558+0000] {logging_mixin.py:188} INFO - [2026-05-29T14:14:58.558+0000] {dag.py:3954} INFO - Setting next_dagrun for update_db to 2026-05-29 12:00:00+00:00, run_after=2026-05-30 12:00:00+00:00
[2026-05-29T14:14:58.576+0000] {processor.py:183} INFO - Processing /opt/airflow/dags/main.py took 0.202 seconds
[2026-05-29T14:15:28.769+0000] {processor.py:161} INFO - Started process (PID=171) to work on /opt/airflow/dags/main.py
[2026-05-29T14:15:28.771+0000] {processor.py:830} INFO - Processing file /opt/airflow/dags/main.py for tasks to queue
[2026-05-29T14:15:28.775+0000] {logging_mixin.py:188} INFO - [2026-05-29T14:15:28.774+0000] {dagbag.py:545} INFO - Filling up the DagBag from /opt/airflow/dags/main.py
[2026-05-29T14:15:28.907+0000] {processor.py:840} INFO - DAG(s) 'produce_json', 'update_db', 'data_quality' retrieved from /opt/airflow/dags/main.py
[2026-05-29T14:15:28.948+0000] {logging_mixin.py:188} INFO - [2026-05-29T14:15:28.948+0000] {dag.py:3096} INFO - Sync 3 DAGs
[2026-05-29T14:15:28.974+0000] {logging_mixin.py:188} INFO - [2026-05-29T14:15:28.974+0000] {dag.py:3954} INFO - Setting next_dagrun for data_quality to 2026-05-29 13:00:00+00:00, run_after=2026-05-30 13:00:00+00:00
[2026-05-29T14:15:28.980+0000] {logging_mixin.py:188} INFO - [2026-05-29T14:15:28.980+0000] {dag.py:3954} INFO - Setting next_dagrun for produce_json to 2026-05-29 11:00:00+00:00, run_after=2026-05-30 11:00:00+00:00
[2026-05-29T14:15:28.983+0000] {logging_mixin.py:188} INFO - [2026-05-29T14:15:28.983+0000] {dag.py:3954} INFO - Setting next_dagrun for update_db to 2026-05-29 12:00:00+00:00, run_after=2026-05-30 12:00:00+00:00
[2026-05-29T14:15:29.004+0000] {processor.py:183} INFO - Processing /opt/airflow/dags/main.py took 0.244 seconds
[2026-05-29T14:15:59.300+0000] {processor.py:161} INFO - Started process (PID=178) to work on /opt/airflow/dags/main.py
[2026-05-29T14:15:59.301+0000] {processor.py:830} INFO - Processing file /opt/airflow/dags/main.py for tasks to queue
[2026-05-29T14:15:59.303+0000] {logging_mixin.py:188} INFO - [2026-05-29T14:15:59.303+0000] {dagbag.py:545} INFO - Filling up the DagBag from /opt/airflow/dags/main.py
[2026-05-29T14:15:59.418+0000] {processor.py:840} INFO - DAG(s) 'data_quality', 'produce_json', 'update_db' retrieved from /opt/airflow/dags/main.py
[2026-05-29T14:15:59.452+0000] {logging_mixin.py:188} INFO - [2026-05-29T14:15:59.452+0000] {dag.py:3096} INFO - Sync 3 DAGs
[2026-05-29T14:15:59.474+0000] {logging_mixin.py:188} INFO - [2026-05-29T14:15:59.473+0000] {dag.py:3954} INFO - Setting next_dagrun for data_quality to 2026-05-29 13:00:00+00:00, run_after=2026-05-30 13:00:00+00:00
[2026-05-29T14:15:59.479+0000] {logging_mixin.py:188} INFO - [2026-05-29T14:15:59.479+0000] {dag.py:3954} INFO - Setting next_dagrun for produce_json to 2026-05-29 11:00:00+00:00, run_after=2026-05-30 11:00:00+00:00
[2026-05-29T14:15:59.483+0000] {logging_mixin.py:188} INFO - [2026-05-29T14:15:59.483+0000] {dag.py:3954} INFO - Setting next_dagrun for update_db to 2026-05-29 12:00:00+00:00, run_after=2026-05-30 12:00:00+00:00
[2026-05-29T14:15:59.511+0000] {processor.py:183} INFO - Processing /opt/airflow/dags/main.py took 0.218 seconds
[2026-05-29T14:16:29.801+0000] {processor.py:161} INFO - Started process (PID=185) to work on /opt/airflow/dags/main.py
[2026-05-29T14:16:29.803+0000] {processor.py:830} INFO - Processing file /opt/airflow/dags/main.py for tasks to queue
[2026-05-29T14:16:29.805+0000] {logging_mixin.py:188} INFO - [2026-05-29T14:16:29.804+0000] {dagbag.py:545} INFO - Filling up the DagBag from /opt/airflow/dags/main.py
[2026-05-29T14:16:29.925+0000] {processor.py:840} INFO - DAG(s) 'produce_json', 'data_quality', 'update_db' retrieved from /opt/airflow/dags/main.py
[2026-05-29T14:16:29.958+0000] {logging_mixin.py:188} INFO - [2026-05-29T14:16:29.958+0000] {dag.py:3096} INFO - Sync 3 DAGs
[2026-05-29T14:16:29.981+0000] {logging_mixin.py:188} INFO - [2026-05-29T14:16:29.980+0000] {dag.py:3954} INFO - Setting next_dagrun for data_quality to 2026-05-29 13:00:00+00:00, run_after=2026-05-30 13:00:00+00:00
[2026-05-29T14:16:29.986+0000] {logging_mixin.py:188} INFO - [2026-05-29T14:16:29.986+0000] {dag.py:3954} INFO - Setting next_dagrun for produce_json to 2026-05-29 11:00:00+00:00, run_after=2026-05-30 11:00:00+00:00
[2026-05-29T14:16:29.989+0000] {logging_mixin.py:188} INFO - [2026-05-29T14:16:29.989+0000] {dag.py:3954} INFO - Setting next_dagrun for update_db to 2026-05-29 12:00:00+00:00, run_after=2026-05-30 12:00:00+00:00
[2026-05-29T14:16:30.019+0000] {processor.py:183} INFO - Processing /opt/airflow/dags/main.py took 0.224 seconds
[2026-05-29T14:17:00.284+0000] {processor.py:161} INFO - Started process (PID=192) to work on /opt/airflow/dags/main.py
[2026-05-29T14:17:00.286+0000] {processor.py:830} INFO - Processing file /opt/airflow/dags/main.py for tasks to queue
[2026-05-29T14:17:00.289+0000] {logging_mixin.py:188} INFO - [2026-05-29T14:17:00.288+0000] {dagbag.py:545} INFO - Filling up the DagBag from /opt/airflow/dags/main.py
[2026-05-29T14:17:00.455+0000] {processor.py:840} INFO - DAG(s) 'update_db', 'produce_json', 'data_quality' retrieved from /opt/airflow/dags/main.py
[2026-05-29T14:17:00.496+0000] {logging_mixin.py:188} INFO - [2026-05-29T14:17:00.496+0000] {dag.py:3096} INFO - Sync 3 DAGs
[2026-05-29T14:17:00.523+0000] {logging_mixin.py:188} INFO - [2026-05-29T14:17:00.523+0000] {dag.py:3954} INFO - Setting next_dagrun for data_quality to 2026-05-29 13:00:00+00:00, run_after=2026-05-30 13:00:00+00:00
[2026-05-29T14:17:00.529+0000] {logging_mixin.py:188} INFO - [2026-05-29T14:17:00.529+0000] {dag.py:3954} INFO - Setting next_dagrun for produce_json to 2026-05-29 11:00:00+00:00, run_after=2026-05-30 11:00:00+00:00
[2026-05-29T14:17:00.533+0000] {logging_mixin.py:188} INFO - [2026-05-29T14:17:00.533+0000] {dag.py:3954} INFO - Setting next_dagrun for update_db to 2026-05-29 12:00:00+00:00, run_after=2026-05-30 12:00:00+00:00
[2026-05-29T14:17:00.553+0000] {processor.py:183} INFO - Processing /opt/airflow/dags/main.py took 0.283 seconds
[2026-05-29T14:17:30.640+0000] {processor.py:161} INFO - Started process (PID=199) to work on /opt/airflow/dags/main.py
[2026-05-29T14:17:30.642+0000] {processor.py:830} INFO - Processing file /opt/airflow/dags/main.py for tasks to queue
[2026-05-29T14:17:30.643+0000] {logging_mixin.py:188} INFO - [2026-05-29T14:17:30.643+0000] {dagbag.py:545} INFO - Filling up the DagBag from /opt/airflow/dags/main.py
[2026-05-29T14:17:30.751+0000] {processor.py:840} INFO - DAG(s) 'update_db', 'produce_json', 'data_quality' retrieved from /opt/airflow/dags/main.py
[2026-05-29T14:17:30.782+0000] {logging_mixin.py:188} INFO - [2026-05-29T14:17:30.782+0000] {dag.py:3096} INFO - Sync 3 DAGs
[2026-05-29T14:17:30.802+0000] {logging_mixin.py:188} INFO - [2026-05-29T14:17:30.802+0000] {dag.py:3954} INFO - Setting next_dagrun for data_quality to 2026-05-29 13:00:00+00:00, run_after=2026-05-30 13:00:00+00:00
[2026-05-29T14:17:30.807+0000] {logging_mixin.py:188} INFO - [2026-05-29T14:17:30.807+0000] {dag.py:3954} INFO - Setting next_dagrun for produce_json to 2026-05-29 11:00:00+00:00, run_after=2026-05-30 11:00:00+00:00
[2026-05-29T14:17:30.810+0000] {logging_mixin.py:188} INFO - [2026-05-29T14:17:30.810+0000] {dag.py:3954} INFO - Setting next_dagrun for update_db to 2026-05-29 12:00:00+00:00, run_after=2026-05-30 12:00:00+00:00
[2026-05-29T14:17:30.826+0000] {processor.py:183} INFO - Processing /opt/airflow/dags/main.py took 0.192 seconds
[2026-05-29T14:18:00.999+0000] {processor.py:161} INFO - Started process (PID=206) to work on /opt/airflow/dags/main.py
[2026-05-29T14:18:01.000+0000] {processor.py:830} INFO - Processing file /opt/airflow/dags/main.py for tasks to queue
[2026-05-29T14:18:01.003+0000] {logging_mixin.py:188} INFO - [2026-05-29T14:18:01.002+0000] {dagbag.py:545} INFO - Filling up the DagBag from /opt/airflow/dags/main.py
[2026-05-29T14:18:01.126+0000] {processor.py:840} INFO - DAG(s) 'data_quality', 'update_db', 'produce_json' retrieved from /opt/airflow/dags/main.py
[2026-05-29T14:18:01.161+0000] {logging_mixin.py:188} INFO - [2026-05-29T14:18:01.161+0000] {dag.py:3096} INFO - Sync 3 DAGs
[2026-05-29T14:18:01.184+0000] {logging_mixin.py:188} INFO - [2026-05-29T14:18:01.183+0000] {dag.py:3954} INFO - Setting next_dagrun for data_quality to 2026-05-29 13:00:00+00:00, run_after=2026-05-30 13:00:00+00:00
[2026-05-29T14:18:01.189+0000] {logging_mixin.py:188} INFO - [2026-05-29T14:18:01.189+0000] {dag.py:3954} INFO - Setting next_dagrun for produce_json to 2026-05-29 11:00:00+00:00, run_after=2026-05-30 11:00:00+00:00
[2026-05-29T14:18:01.192+0000] {logging_mixin.py:188} INFO - [2026-05-29T14:18:01.192+0000] {dag.py:3954} INFO - Setting next_dagrun for update_db to 2026-05-29 12:00:00+00:00, run_after=2026-05-30 12:00:00+00:00
[2026-05-29T14:18:01.211+0000] {processor.py:183} INFO - Processing /opt/airflow/dags/main.py took 0.219 seconds
[2026-05-29T14:18:31.278+0000] {processor.py:161} INFO - Started process (PID=213) to work on /opt/airflow/dags/main.py
[2026-05-29T14:18:31.279+0000] {processor.py:830} INFO - Processing file /opt/airflow/dags/main.py for tasks to queue
[2026-05-29T14:18:31.282+0000] {logging_mixin.py:188} INFO - [2026-05-29T14:18:31.282+0000] {dagbag.py:545} INFO - Filling up the DagBag from /opt/airflow/dags/main.py
[2026-05-29T14:18:31.420+0000] {processor.py:840} INFO - DAG(s) 'produce_json', 'update_db', 'data_quality' retrieved from /opt/airflow/dags/main.py
[2026-05-29T14:18:31.455+0000] {logging_mixin.py:188} INFO - [2026-05-29T14:18:31.455+0000] {dag.py:3096} INFO - Sync 3 DAGs
[2026-05-29T14:18:31.478+0000] {logging_mixin.py:188} INFO - [2026-05-29T14:18:31.478+0000] {dag.py:3954} INFO - Setting next_dagrun for data_quality to 2026-05-29 13:00:00+00:00, run_after=2026-05-30 13:00:00+00:00
[2026-05-29T14:18:31.483+0000] {logging_mixin.py:188} INFO - [2026-05-29T14:18:31.483+0000] {dag.py:3954} INFO - Setting next_dagrun for produce_json to 2026-05-29 11:00:00+00:00, run_after=2026-05-30 11:00:00+00:00
[2026-05-29T14:18:31.487+0000] {logging_mixin.py:188} INFO - [2026-05-29T14:18:31.487+0000] {dag.py:3954} INFO - Setting next_dagrun for update_db to 2026-05-29 12:00:00+00:00, run_after=2026-05-30 12:00:00+00:00
[2026-05-29T14:18:31.513+0000] {processor.py:183} INFO - Processing /opt/airflow/dags/main.py took 0.242 seconds
[2026-05-29T14:19:01.699+0000] {processor.py:161} INFO - Started process (PID=221) to work on /opt/airflow/dags/main.py
[2026-05-29T14:19:01.701+0000] {processor.py:830} INFO - Processing file /opt/airflow/dags/main.py for tasks to queue
[2026-05-29T14:19:01.705+0000] {logging_mixin.py:188} INFO - [2026-05-29T14:19:01.704+0000] {dagbag.py:545} INFO - Filling up the DagBag from /opt/airflow/dags/main.py
[2026-05-29T14:19:01.847+0000] {processor.py:840} INFO - DAG(s) 'data_quality', 'update_db', 'produce_json' retrieved from /opt/airflow/dags/main.py
[2026-05-29T14:19:01.880+0000] {logging_mixin.py:188} INFO - [2026-05-29T14:19:01.880+0000] {dag.py:3096} INFO - Sync 3 DAGs
[2026-05-29T14:19:01.902+0000] {logging_mixin.py:188} INFO - [2026-05-29T14:19:01.902+0000] {dag.py:3954} INFO - Setting next_dagrun for data_quality to 2026-05-29 13:00:00+00:00, run_after=2026-05-30 13:00:00+00:00
[2026-05-29T14:19:01.908+0000] {logging_mixin.py:188} INFO - [2026-05-29T14:19:01.907+0000] {dag.py:3954} INFO - Setting next_dagrun for produce_json to 2026-05-29 11:00:00+00:00, run_after=2026-05-30 11:00:00+00:00
[2026-05-29T14:19:01.911+0000] {logging_mixin.py:188} INFO - [2026-05-29T14:19:01.911+0000] {dag.py:3954} INFO - Setting next_dagrun for update_db to 2026-05-29 12:00:00+00:00, run_after=2026-05-30 12:00:00+00:00
[2026-05-29T14:19:01.928+0000] {processor.py:183} INFO - Processing /opt/airflow/dags/main.py took 0.236 seconds
[2026-05-29T14:19:32.048+0000] {processor.py:161} INFO - Started process (PID=228) to work on /opt/airflow/dags/main.py
[2026-05-29T14:19:32.050+0000] {processor.py:830} INFO - Processing file /opt/airflow/dags/main.py for tasks to queue
[2026-05-29T14:19:32.051+0000] {logging_mixin.py:188} INFO - [2026-05-29T14:19:32.051+0000] {dagbag.py:545} INFO - Filling up the DagBag from /opt/airflow/dags/main.py
[2026-05-29T14:19:32.158+0000] {processor.py:840} INFO - DAG(s) 'data_quality', 'update_db', 'produce_json' retrieved from /opt/airflow/dags/main.py
[2026-05-29T14:19:32.189+0000] {logging_mixin.py:188} INFO - [2026-05-29T14:19:32.188+0000] {dag.py:3096} INFO - Sync 3 DAGs
[2026-05-29T14:19:32.208+0000] {logging_mixin.py:188} INFO - [2026-05-29T14:19:32.208+0000] {dag.py:3954} INFO - Setting next_dagrun for data_quality to 2026-05-29 13:00:00+00:00, run_after=2026-05-30 13:00:00+00:00
[2026-05-29T14:19:32.213+0000] {logging_mixin.py:188} INFO - [2026-05-29T14:19:32.212+0000] {dag.py:3954} INFO - Setting next_dagrun for produce_json to 2026-05-29 11:00:00+00:00, run_after=2026-05-30 11:00:00+00:00
[2026-05-29T14:19:32.216+0000] {logging_mixin.py:188} INFO - [2026-05-29T14:19:32.215+0000] {dag.py:3954} INFO - Setting next_dagrun for update_db to 2026-05-29 12:00:00+00:00, run_after=2026-05-30 12:00:00+00:00
[2026-05-29T14:19:32.232+0000] {processor.py:183} INFO - Processing /opt/airflow/dags/main.py took 0.190 seconds
[2026-05-29T14:20:16.652+0000] {processor.py:161} INFO - Started process (PID=52) to work on /opt/airflow/dags/main.py
[2026-05-29T14:20:16.653+0000] {processor.py:830} INFO - Processing file /opt/airflow/dags/main.py for tasks to queue
[2026-05-29T14:20:16.656+0000] {logging_mixin.py:188} INFO - [2026-05-29T14:20:16.655+0000] {dagbag.py:545} INFO - Filling up the DagBag from /opt/airflow/dags/main.py
[2026-05-29T14:20:16.881+0000] {processor.py:840} INFO - DAG(s) 'update_db', 'data_quality', 'produce_json' retrieved from /opt/airflow/dags/main.py
[2026-05-29T14:20:17.175+0000] {logging_mixin.py:188} INFO - [2026-05-29T14:20:17.174+0000] {dag.py:3096} INFO - Sync 3 DAGs
[2026-05-29T14:20:17.196+0000] {logging_mixin.py:188} INFO - [2026-05-29T14:20:17.196+0000] {dag.py:3954} INFO - Setting next_dagrun for data_quality to 2026-05-29 13:00:00+00:00, run_after=2026-05-30 13:00:00+00:00
[2026-05-29T14:20:17.202+0000] {logging_mixin.py:188} INFO - [2026-05-29T14:20:17.202+0000] {dag.py:3954} INFO - Setting next_dagrun for produce_json to 2026-05-29 11:00:00+00:00, run_after=2026-05-30 11:00:00+00:00
[2026-05-29T14:20:17.205+0000] {logging_mixin.py:188} INFO - [2026-05-29T14:20:17.205+0000] {dag.py:3954} INFO - Setting next_dagrun for update_db to 2026-05-29 12:00:00+00:00, run_after=2026-05-30 12:00:00+00:00
[2026-05-29T14:20:17.226+0000] {processor.py:183} INFO - Processing /opt/airflow/dags/main.py took 0.584 seconds
[2026-05-29T14:20:47.581+0000] {processor.py:161} INFO - Started process (PID=59) to work on /opt/airflow/dags/main.py
[2026-05-29T14:20:47.582+0000] {processor.py:830} INFO - Processing file /opt/airflow/dags/main.py for tasks to queue
[2026-05-29T14:20:47.585+0000] {logging_mixin.py:188} INFO - [2026-05-29T14:20:47.585+0000] {dagbag.py:545} INFO - Filling up the DagBag from /opt/airflow/dags/main.py
[2026-05-29T14:20:47.718+0000] {processor.py:840} INFO - DAG(s) 'update_db', 'data_quality', 'produce_json' retrieved from /opt/airflow/dags/main.py
[2026-05-29T14:20:47.753+0000] {logging_mixin.py:188} INFO - [2026-05-29T14:20:47.752+0000] {dag.py:3096} INFO - Sync 3 DAGs
[2026-05-29T14:20:47.774+0000] {logging_mixin.py:188} INFO - [2026-05-29T14:20:47.774+0000] {dag.py:3954} INFO - Setting next_dagrun for data_quality to 2026-05-29 13:00:00+00:00, run_after=2026-05-30 13:00:00+00:00
[2026-05-29T14:20:47.780+0000] {logging_mixin.py:188} INFO - [2026-05-29T14:20:47.779+0000] {dag.py:3954} INFO - Setting next_dagrun for produce_json to 2026-05-29 11:00:00+00:00, run_after=2026-05-30 11:00:00+00:00
[2026-05-29T14:20:47.783+0000] {logging_mixin.py:188} INFO - [2026-05-29T14:20:47.782+0000] {dag.py:3954} INFO - Setting next_dagrun for update_db to 2026-05-29 12:00:00+00:00, run_after=2026-05-30 12:00:00+00:00
[2026-05-29T14:20:47.799+0000] {processor.py:183} INFO - Processing /opt/airflow/dags/main.py took 0.225 seconds
[2026-05-29T14:21:17.991+0000] {processor.py:161} INFO - Started process (PID=66) to work on /opt/airflow/dags/main.py
[2026-05-29T14:21:17.993+0000] {processor.py:830} INFO - Processing file /opt/airflow/dags/main.py for tasks to queue
[2026-05-29T14:21:17.995+0000] {logging_mixin.py:188} INFO - [2026-05-29T14:21:17.995+0000] {dagbag.py:545} INFO - Filling up the DagBag from /opt/airflow/dags/main.py
[2026-05-29T14:21:18.113+0000] {processor.py:840} INFO - DAG(s) 'update_db', 'data_quality', 'produce_json' retrieved from /opt/airflow/dags/main.py
[2026-05-29T14:21:18.147+0000] {logging_mixin.py:188} INFO - [2026-05-29T14:21:18.147+0000] {dag.py:3096} INFO - Sync 3 DAGs
[2026-05-29T14:21:18.169+0000] {logging_mixin.py:188} INFO - [2026-05-29T14:21:18.169+0000] {dag.py:3954} INFO - Setting next_dagrun for data_quality to 2026-05-29 13:00:00+00:00, run_after=2026-05-30 13:00:00+00:00
[2026-05-29T14:21:18.176+0000] {logging_mixin.py:188} INFO - [2026-05-29T14:21:18.176+0000] {dag.py:3954} INFO - Setting next_dagrun for produce_json to 2026-05-29 11:00:00+00:00, run_after=2026-05-30 11:00:00+00:00
[2026-05-29T14:21:18.181+0000] {logging_mixin.py:188} INFO - [2026-05-29T14:21:18.181+0000] {dag.py:3954} INFO - Setting next_dagrun for update_db to 2026-05-29 12:00:00+00:00, run_after=2026-05-30 12:00:00+00:00
[2026-05-29T14:21:18.204+0000] {processor.py:183} INFO - Processing /opt/airflow/dags/main.py took 0.219 seconds
[2026-05-29T14:21:48.364+0000] {processor.py:161} INFO - Started process (PID=73) to work on /opt/airflow/dags/main.py
[2026-05-29T14:21:48.365+0000] {processor.py:830} INFO - Processing file /opt/airflow/dags/main.py for tasks to queue
[2026-05-29T14:21:48.367+0000] {logging_mixin.py:188} INFO - [2026-05-29T14:21:48.367+0000] {dagbag.py:545} INFO - Filling up the DagBag from /opt/airflow/dags/main.py
[2026-05-29T14:21:48.489+0000] {processor.py:840} INFO - DAG(s) 'produce_json', 'data_quality', 'update_db' retrieved from /opt/airflow/dags/main.py
[2026-05-29T14:21:48.524+0000] {logging_mixin.py:188} INFO - [2026-05-29T14:21:48.523+0000] {dag.py:3096} INFO - Sync 3 DAGs
[2026-05-29T14:21:48.545+0000] {logging_mixin.py:188} INFO - [2026-05-29T14:21:48.545+0000] {dag.py:3954} INFO - Setting next_dagrun for data_quality to 2026-05-29 13:00:00+00:00, run_after=2026-05-30 13:00:00+00:00
[2026-05-29T14:21:48.551+0000] {logging_mixin.py:188} INFO - [2026-05-29T14:21:48.550+0000] {dag.py:3954} INFO - Setting next_dagrun for produce_json to 2026-05-29 11:00:00+00:00, run_after=2026-05-30 11:00:00+00:00
[2026-05-29T14:21:48.554+0000] {logging_mixin.py:188} INFO - [2026-05-29T14:21:48.554+0000] {dag.py:3954} INFO - Setting next_dagrun for update_db to 2026-05-29 12:00:00+00:00, run_after=2026-05-30 12:00:00+00:00
[2026-05-29T14:21:48.571+0000] {processor.py:183} INFO - Processing /opt/airflow/dags/main.py took 0.213 seconds
[2026-05-29T14:22:18.769+0000] {processor.py:161} INFO - Started process (PID=81) to work on /opt/airflow/dags/main.py
[2026-05-29T14:22:18.771+0000] {processor.py:830} INFO - Processing file /opt/airflow/dags/main.py for tasks to queue
[2026-05-29T14:22:18.772+0000] {logging_mixin.py:188} INFO - [2026-05-29T14:22:18.772+0000] {dagbag.py:545} INFO - Filling up the DagBag from /opt/airflow/dags/main.py
[2026-05-29T14:22:18.888+0000] {processor.py:840} INFO - DAG(s) 'update_db', 'produce_json', 'data_quality' retrieved from /opt/airflow/dags/main.py
[2026-05-29T14:22:18.918+0000] {logging_mixin.py:188} INFO - [2026-05-29T14:22:18.918+0000] {dag.py:3096} INFO - Sync 3 DAGs
[2026-05-29T14:22:18.937+0000] {logging_mixin.py:188} INFO - [2026-05-29T14:22:18.937+0000] {dag.py:3954} INFO - Setting next_dagrun for data_quality to 2026-05-29 13:00:00+00:00, run_after=2026-05-30 13:00:00+00:00
[2026-05-29T14:22:18.942+0000] {logging_mixin.py:188} INFO - [2026-05-29T14:22:18.942+0000] {dag.py:3954} INFO - Setting next_dagrun for produce_json to 2026-05-29 11:00:00+00:00, run_after=2026-05-30 11:00:00+00:00
[2026-05-29T14:22:18.945+0000] {logging_mixin.py:188} INFO - [2026-05-29T14:22:18.945+0000] {dag.py:3954} INFO - Setting next_dagrun for update_db to 2026-05-29 12:00:00+00:00, run_after=2026-05-30 12:00:00+00:00
[2026-05-29T14:22:18.963+0000] {processor.py:183} INFO - Processing /opt/airflow/dags/main.py took 0.200 seconds
[2026-05-29T14:22:49.143+0000] {processor.py:161} INFO - Started process (PID=88) to work on /opt/airflow/dags/main.py
[2026-05-29T14:22:49.144+0000] {processor.py:830} INFO - Processing file /opt/airflow/dags/main.py for tasks to queue
[2026-05-29T14:22:49.146+0000] {logging_mixin.py:188} INFO - [2026-05-29T14:22:49.146+0000] {dagbag.py:545} INFO - Filling up the DagBag from /opt/airflow/dags/main.py
[2026-05-29T14:22:49.262+0000] {processor.py:840} INFO - DAG(s) 'update_db', 'data_quality', 'produce_json' retrieved from /opt/airflow/dags/main.py
[2026-05-29T14:22:49.301+0000] {logging_mixin.py:188} INFO - [2026-05-29T14:22:49.301+0000] {dag.py:3096} INFO - Sync 3 DAGs
[2026-05-29T14:22:49.324+0000] {logging_mixin.py:188} INFO - [2026-05-29T14:22:49.324+0000] {dag.py:3954} INFO - Setting next_dagrun for data_quality to 2026-05-29 13:00:00+00:00, run_after=2026-05-30 13:00:00+00:00
[2026-05-29T14:22:49.330+0000] {logging_mixin.py:188} INFO - [2026-05-29T14:22:49.330+0000] {dag.py:3954} INFO - Setting next_dagrun for produce_json to 2026-05-29 11:00:00+00:00, run_after=2026-05-30 11:00:00+00:00
[2026-05-29T14:22:49.333+0000] {logging_mixin.py:188} INFO - [2026-05-29T14:22:49.333+0000] {dag.py:3954} INFO - Setting next_dagrun for update_db to 2026-05-29 12:00:00+00:00, run_after=2026-05-30 12:00:00+00:00
[2026-05-29T14:22:49.362+0000] {processor.py:183} INFO - Processing /opt/airflow/dags/main.py took 0.225 seconds
[2026-05-29T14:23:19.475+0000] {processor.py:161} INFO - Started process (PID=95) to work on /opt/airflow/dags/main.py
[2026-05-29T14:23:19.477+0000] {processor.py:830} INFO - Processing file /opt/airflow/dags/main.py for tasks to queue
[2026-05-29T14:23:19.480+0000] {logging_mixin.py:188} INFO - [2026-05-29T14:23:19.479+0000] {dagbag.py:545} INFO - Filling up the DagBag from /opt/airflow/dags/main.py
[2026-05-29T14:23:19.605+0000] {processor.py:840} INFO - DAG(s) 'data_quality', 'produce_json', 'update_db' retrieved from /opt/airflow/dags/main.py
[2026-05-29T14:23:19.657+0000] {logging_mixin.py:188} INFO - [2026-05-29T14:23:19.657+0000] {dag.py:3096} INFO - Sync 3 DAGs
[2026-05-29T14:23:19.697+0000] {logging_mixin.py:188} INFO - [2026-05-29T14:23:19.696+0000] {dag.py:3954} INFO - Setting next_dagrun for data_quality to 2026-05-29 13:00:00+00:00, run_after=2026-05-30 13:00:00+00:00
[2026-05-29T14:23:19.704+0000] {logging_mixin.py:188} INFO - [2026-05-29T14:23:19.704+0000] {dag.py:3954} INFO - Setting next_dagrun for produce_json to 2026-05-29 11:00:00+00:00, run_after=2026-05-30 11:00:00+00:00
[2026-05-29T14:23:19.710+0000] {logging_mixin.py:188} INFO - [2026-05-29T14:23:19.709+0000] {dag.py:3954} INFO - Setting next_dagrun for update_db to 2026-05-29 12:00:00+00:00, run_after=2026-05-30 12:00:00+00:00
[2026-05-29T14:23:19.730+0000] {processor.py:183} INFO - Processing /opt/airflow/dags/main.py took 0.263 seconds
[2026-05-29T14:23:49.920+0000] {processor.py:161} INFO - Started process (PID=102) to work on /opt/airflow/dags/main.py
[2026-05-29T14:23:49.921+0000] {processor.py:830} INFO - Processing file /opt/airflow/dags/main.py for tasks to queue
[2026-05-29T14:23:49.923+0000] {logging_mixin.py:188} INFO - [2026-05-29T14:23:49.923+0000] {dagbag.py:545} INFO - Filling up the DagBag from /opt/airflow/dags/main.py
[2026-05-29T14:23:50.038+0000] {processor.py:840} INFO - DAG(s) 'data_quality', 'produce_json', 'update_db' retrieved from /opt/airflow/dags/main.py
[2026-05-29T14:23:50.071+0000] {logging_mixin.py:188} INFO - [2026-05-29T14:23:50.071+0000] {dag.py:3096} INFO - Sync 3 DAGs
[2026-05-29T14:23:50.091+0000] {logging_mixin.py:188} INFO - [2026-05-29T14:23:50.091+0000] {dag.py:3954} INFO - Setting next_dagrun for data_quality to 2026-05-29 13:00:00+00:00, run_after=2026-05-30 13:00:00+00:00
[2026-05-29T14:23:50.096+0000] {logging_mixin.py:188} INFO - [2026-05-29T14:23:50.096+0000] {dag.py:3954} INFO - Setting next_dagrun for produce_json to 2026-05-29 11:00:00+00:00, run_after=2026-05-30 11:00:00+00:00
[2026-05-29T14:23:50.099+0000] {logging_mixin.py:188} INFO - [2026-05-29T14:23:50.099+0000] {dag.py:3954} INFO - Setting next_dagrun for update_db to 2026-05-29 12:00:00+00:00, run_after=2026-05-30 12:00:00+00:00
[2026-05-29T14:23:50.126+0000] {processor.py:183} INFO - Processing /opt/airflow/dags/main.py took 0.213 seconds
[2026-05-29T14:24:20.250+0000] {processor.py:161} INFO - Started process (PID=109) to work on /opt/airflow/dags/main.py
[2026-05-29T14:24:20.252+0000] {processor.py:830} INFO - Processing file /opt/airflow/dags/main.py for tasks to queue
[2026-05-29T14:24:20.254+0000] {logging_mixin.py:188} INFO - [2026-05-29T14:24:20.253+0000] {dagbag.py:545} INFO - Filling up the DagBag from /opt/airflow/dags/main.py
[2026-05-29T14:24:20.376+0000] {processor.py:840} INFO - DAG(s) 'update_db', 'produce_json', 'data_quality' retrieved from /opt/airflow/dags/main.py
[2026-05-29T14:24:20.408+0000] {logging_mixin.py:188} INFO - [2026-05-29T14:24:20.408+0000] {dag.py:3096} INFO - Sync 3 DAGs
[2026-05-29T14:24:20.429+0000] {logging_mixin.py:188} INFO - [2026-05-29T14:24:20.428+0000] {dag.py:3954} INFO - Setting next_dagrun for data_quality to 2026-05-29 13:00:00+00:00, run_after=2026-05-30 13:00:00+00:00
[2026-05-29T14:24:20.434+0000] {logging_mixin.py:188} INFO - [2026-05-29T14:24:20.434+0000] {dag.py:3954} INFO - Setting next_dagrun for produce_json to 2026-05-29 11:00:00+00:00, run_after=2026-05-30 11:00:00+00:00
[2026-05-29T14:24:20.437+0000] {logging_mixin.py:188} INFO - [2026-05-29T14:24:20.437+0000] {dag.py:3954} INFO - Setting next_dagrun for update_db to 2026-05-29 12:00:00+00:00, run_after=2026-05-30 12:00:00+00:00
[2026-05-29T14:24:20.452+0000] {processor.py:183} INFO - Processing /opt/airflow/dags/main.py took 0.209 seconds
[2026-05-29T14:24:50.670+0000] {processor.py:161} INFO - Started process (PID=116) to work on /opt/airflow/dags/main.py
[2026-05-29T14:24:50.671+0000] {processor.py:830} INFO - Processing file /opt/airflow/dags/main.py for tasks to queue
[2026-05-29T14:24:50.673+0000] {logging_mixin.py:188} INFO - [2026-05-29T14:24:50.673+0000] {dagbag.py:545} INFO - Filling up the DagBag from /opt/airflow/dags/main.py
[2026-05-29T14:24:50.806+0000] {processor.py:840} INFO - DAG(s) 'produce_json', 'update_db', 'data_quality' retrieved from /opt/airflow/dags/main.py
[2026-05-29T14:24:50.840+0000] {logging_mixin.py:188} INFO - [2026-05-29T14:24:50.840+0000] {dag.py:3096} INFO - Sync 3 DAGs
[2026-05-29T14:24:50.862+0000] {logging_mixin.py:188} INFO - [2026-05-29T14:24:50.862+0000] {dag.py:3954} INFO - Setting next_dagrun for data_quality to 2026-05-29 13:00:00+00:00, run_after=2026-05-30 13:00:00+00:00
[2026-05-29T14:24:50.868+0000] {logging_mixin.py:188} INFO - [2026-05-29T14:24:50.867+0000] {dag.py:3954} INFO - Setting next_dagrun for produce_json to 2026-05-29 11:00:00+00:00, run_after=2026-05-30 11:00:00+00:00
[2026-05-29T14:24:50.871+0000] {logging_mixin.py:188} INFO - [2026-05-29T14:24:50.870+0000] {dag.py:3954} INFO - Setting next_dagrun for update_db to 2026-05-29 12:00:00+00:00, run_after=2026-05-30 12:00:00+00:00
[2026-05-29T14:24:50.899+0000] {processor.py:183} INFO - Processing /opt/airflow/dags/main.py took 0.234 seconds
[2026-05-29T14:25:21.046+0000] {processor.py:161} INFO - Started process (PID=124) to work on /opt/airflow/dags/main.py
[2026-05-29T14:25:21.047+0000] {processor.py:830} INFO - Processing file /opt/airflow/dags/main.py for tasks to queue
[2026-05-29T14:25:21.049+0000] {logging_mixin.py:188} INFO - [2026-05-29T14:25:21.049+0000] {dagbag.py:545} INFO - Filling up the DagBag from /opt/airflow/dags/main.py
[2026-05-29T14:25:21.162+0000] {processor.py:840} INFO - DAG(s) 'produce_json', 'update_db', 'data_quality' retrieved from /opt/airflow/dags/main.py
[2026-05-29T14:25:21.193+0000] {logging_mixin.py:188} INFO - [2026-05-29T14:25:21.193+0000] {dag.py:3096} INFO - Sync 3 DAGs
[2026-05-29T14:25:21.213+0000] {logging_mixin.py:188} INFO - [2026-05-29T14:25:21.213+0000] {dag.py:3954} INFO - Setting next_dagrun for data_quality to 2026-05-29 13:00:00+00:00, run_after=2026-05-30 13:00:00+00:00
[2026-05-29T14:25:21.218+0000] {logging_mixin.py:188} INFO - [2026-05-29T14:25:21.218+0000] {dag.py:3954} INFO - Setting next_dagrun for produce_json to 2026-05-29 11:00:00+00:00, run_after=2026-05-30 11:00:00+00:00
[2026-05-29T14:25:21.221+0000] {logging_mixin.py:188} INFO - [2026-05-29T14:25:21.221+0000] {dag.py:3954} INFO - Setting next_dagrun for update_db to 2026-05-29 12:00:00+00:00, run_after=2026-05-30 12:00:00+00:00
[2026-05-29T14:25:21.239+0000] {processor.py:183} INFO - Processing /opt/airflow/dags/main.py took 0.199 seconds
[2026-05-29T16:32:21.435+0000] {processor.py:161} INFO - Started process (PID=137) to work on /opt/airflow/dags/main.py
[2026-05-29T16:32:21.439+0000] {processor.py:830} INFO - Processing file /opt/airflow/dags/main.py for tasks to queue
[2026-05-29T16:32:21.458+0000] {logging_mixin.py:188} INFO - [2026-05-29T16:32:21.457+0000] {dagbag.py:545} INFO - Filling up the DagBag from /opt/airflow/dags/main.py
[2026-05-29T16:32:21.772+0000] {processor.py:840} INFO - DAG(s) 'data_quality', 'update_db', 'produce_json' retrieved from /opt/airflow/dags/main.py
[2026-05-29T16:32:21.892+0000] {logging_mixin.py:188} INFO - [2026-05-29T16:32:21.891+0000] {dag.py:3096} INFO - Sync 3 DAGs
[2026-05-29T16:32:21.950+0000] {logging_mixin.py:188} INFO - [2026-05-29T16:32:21.950+0000] {dag.py:3954} INFO - Setting next_dagrun for data_quality to 2026-05-29 13:00:00+00:00, run_after=2026-05-30 13:00:00+00:00
[2026-05-29T16:32:21.960+0000] {logging_mixin.py:188} INFO - [2026-05-29T16:32:21.960+0000] {dag.py:3954} INFO - Setting next_dagrun for produce_json to 2026-05-29 11:00:00+00:00, run_after=2026-05-30 11:00:00+00:00
[2026-05-29T16:32:21.965+0000] {logging_mixin.py:188} INFO - [2026-05-29T16:32:21.964+0000] {dag.py:3954} INFO - Setting next_dagrun for update_db to 2026-05-29 12:00:00+00:00, run_after=2026-05-30 12:00:00+00:00
[2026-05-29T16:32:22.002+0000] {processor.py:183} INFO - Processing /opt/airflow/dags/main.py took 0.599 seconds
[2026-05-29T16:32:52.187+0000] {processor.py:161} INFO - Started process (PID=144) to work on /opt/airflow/dags/main.py
[2026-05-29T16:32:52.188+0000] {processor.py:830} INFO - Processing file /opt/airflow/dags/main.py for tasks to queue
[2026-05-29T16:32:52.190+0000] {logging_mixin.py:188} INFO - [2026-05-29T16:32:52.190+0000] {dagbag.py:545} INFO - Filling up the DagBag from /opt/airflow/dags/main.py
[2026-05-29T16:32:52.303+0000] {processor.py:840} INFO - DAG(s) 'produce_json', 'data_quality', 'update_db' retrieved from /opt/airflow/dags/main.py
[2026-05-29T16:32:52.333+0000] {logging_mixin.py:188} INFO - [2026-05-29T16:32:52.333+0000] {dag.py:3096} INFO - Sync 3 DAGs
[2026-05-29T16:32:52.357+0000] {logging_mixin.py:188} INFO - [2026-05-29T16:32:52.357+0000] {dag.py:3954} INFO - Setting next_dagrun for data_quality to 2026-05-29 13:00:00+00:00, run_after=2026-05-30 13:00:00+00:00
[2026-05-29T16:32:52.362+0000] {logging_mixin.py:188} INFO - [2026-05-29T16:32:52.362+0000] {dag.py:3954} INFO - Setting next_dagrun for produce_json to 2026-05-29 11:00:00+00:00, run_after=2026-05-30 11:00:00+00:00
[2026-05-29T16:32:52.365+0000] {logging_mixin.py:188} INFO - [2026-05-29T16:32:52.365+0000] {dag.py:3954} INFO - Setting next_dagrun for update_db to 2026-05-29 12:00:00+00:00, run_after=2026-05-30 12:00:00+00:00
[2026-05-29T16:32:52.384+0000] {processor.py:183} INFO - Processing /opt/airflow/dags/main.py took 0.203 seconds
[2026-05-29T16:33:22.568+0000] {processor.py:161} INFO - Started process (PID=151) to work on /opt/airflow/dags/main.py
[2026-05-29T16:33:22.569+0000] {processor.py:830} INFO - Processing file /opt/airflow/dags/main.py for tasks to queue
[2026-05-29T16:33:22.571+0000] {logging_mixin.py:188} INFO - [2026-05-29T16:33:22.571+0000] {dagbag.py:545} INFO - Filling up the DagBag from /opt/airflow/dags/main.py
[2026-05-29T16:33:22.705+0000] {processor.py:840} INFO - DAG(s) 'update_db', 'produce_json', 'data_quality' retrieved from /opt/airflow/dags/main.py
[2026-05-29T16:33:22.742+0000] {logging_mixin.py:188} INFO - [2026-05-29T16:33:22.742+0000] {dag.py:3096} INFO - Sync 3 DAGs
[2026-05-29T16:33:22.763+0000] {logging_mixin.py:188} INFO - [2026-05-29T16:33:22.763+0000] {dag.py:3954} INFO - Setting next_dagrun for data_quality to 2026-05-29 13:00:00+00:00, run_after=2026-05-30 13:00:00+00:00
[2026-05-29T16:33:22.769+0000] {logging_mixin.py:188} INFO - [2026-05-29T16:33:22.768+0000] {dag.py:3954} INFO - Setting next_dagrun for produce_json to 2026-05-29 11:00:00+00:00, run_after=2026-05-30 11:00:00+00:00
[2026-05-29T16:33:22.773+0000] {logging_mixin.py:188} INFO - [2026-05-29T16:33:22.773+0000] {dag.py:3954} INFO - Setting next_dagrun for update_db to 2026-05-29 12:00:00+00:00, run_after=2026-05-30 12:00:00+00:00
[2026-05-29T16:33:22.790+0000] {processor.py:183} INFO - Processing /opt/airflow/dags/main.py took 0.229 seconds
[2026-05-29T16:33:53.008+0000] {processor.py:161} INFO - Started process (PID=158) to work on /opt/airflow/dags/main.py
[2026-05-29T16:33:53.009+0000] {processor.py:830} INFO - Processing file /opt/airflow/dags/main.py for tasks to queue
[2026-05-29T16:33:53.011+0000] {logging_mixin.py:188} INFO - [2026-05-29T16:33:53.011+0000] {dagbag.py:545} INFO - Filling up the DagBag from /opt/airflow/dags/main.py
[2026-05-29T16:33:53.134+0000] {processor.py:840} INFO - DAG(s) 'data_quality', 'update_db', 'produce_json' retrieved from /opt/airflow/dags/main.py
[2026-05-29T16:33:53.168+0000] {logging_mixin.py:188} INFO - [2026-05-29T16:33:53.168+0000] {dag.py:3096} INFO - Sync 3 DAGs
[2026-05-29T16:33:53.189+0000] {logging_mixin.py:188} INFO - [2026-05-29T16:33:53.189+0000] {dag.py:3954} INFO - Setting next_dagrun for data_quality to 2026-05-29 13:00:00+00:00, run_after=2026-05-30 13:00:00+00:00
[2026-05-29T16:33:53.194+0000] {logging_mixin.py:188} INFO - [2026-05-29T16:33:53.194+0000] {dag.py:3954} INFO - Setting next_dagrun for produce_json to 2026-05-29 11:00:00+00:00, run_after=2026-05-30 11:00:00+00:00
[2026-05-29T16:33:53.197+0000] {logging_mixin.py:188} INFO - [2026-05-29T16:33:53.197+0000] {dag.py:3954} INFO - Setting next_dagrun for update_db to 2026-05-29 12:00:00+00:00, run_after=2026-05-30 12:00:00+00:00
[2026-05-29T16:33:53.214+0000] {processor.py:183} INFO - Processing /opt/airflow/dags/main.py took 0.213 seconds
[2026-05-29T16:34:23.395+0000] {processor.py:161} INFO - Started process (PID=165) to work on /opt/airflow/dags/main.py
[2026-05-29T16:34:23.396+0000] {processor.py:830} INFO - Processing file /opt/airflow/dags/main.py for tasks to queue
[2026-05-29T16:34:23.398+0000] {logging_mixin.py:188} INFO - [2026-05-29T16:34:23.398+0000] {dagbag.py:545} INFO - Filling up the DagBag from /opt/airflow/dags/main.py
[2026-05-29T16:34:23.529+0000] {processor.py:840} INFO - DAG(s) 'data_quality', 'update_db', 'produce_json' retrieved from /opt/airflow/dags/main.py
[2026-05-29T16:34:23.559+0000] {logging_mixin.py:188} INFO - [2026-05-29T16:34:23.559+0000] {dag.py:3096} INFO - Sync 3 DAGs
[2026-05-29T16:34:23.578+0000] {logging_mixin.py:188} INFO - [2026-05-29T16:34:23.578+0000] {dag.py:3954} INFO - Setting next_dagrun for data_quality to 2026-05-29 13:00:00+00:00, run_after=2026-05-30 13:00:00+00:00
[2026-05-29T16:34:23.583+0000] {logging_mixin.py:188} INFO - [2026-05-29T16:34:23.583+0000] {dag.py:3954} INFO - Setting next_dagrun for produce_json to 2026-05-29 11:00:00+00:00, run_after=2026-05-30 11:00:00+00:00
[2026-05-29T16:34:23.586+0000] {logging_mixin.py:188} INFO - [2026-05-29T16:34:23.586+0000] {dag.py:3954} INFO - Setting next_dagrun for update_db to 2026-05-29 12:00:00+00:00, run_after=2026-05-30 12:00:00+00:00
[2026-05-29T16:34:23.612+0000] {processor.py:183} INFO - Processing /opt/airflow/dags/main.py took 0.222 seconds
[2026-05-29T16:34:53.659+0000] {processor.py:161} INFO - Started process (PID=172) to work on /opt/airflow/dags/main.py
[2026-05-29T16:34:53.660+0000] {processor.py:830} INFO - Processing file /opt/airflow/dags/main.py for tasks to queue
[2026-05-29T16:34:53.663+0000] {logging_mixin.py:188} INFO - [2026-05-29T16:34:53.663+0000] {dagbag.py:545} INFO - Filling up the DagBag from /opt/airflow/dags/main.py
[2026-05-29T16:34:53.781+0000] {processor.py:840} INFO - DAG(s) 'data_quality', 'update_db', 'produce_json' retrieved from /opt/airflow/dags/main.py
[2026-05-29T16:34:53.812+0000] {logging_mixin.py:188} INFO - [2026-05-29T16:34:53.812+0000] {dag.py:3096} INFO - Sync 3 DAGs
[2026-05-29T16:34:53.832+0000] {logging_mixin.py:188} INFO - [2026-05-29T16:34:53.831+0000] {dag.py:3954} INFO - Setting next_dagrun for data_quality to 2026-05-29 13:00:00+00:00, run_after=2026-05-30 13:00:00+00:00
[2026-05-29T16:34:53.837+0000] {logging_mixin.py:188} INFO - [2026-05-29T16:34:53.837+0000] {dag.py:3954} INFO - Setting next_dagrun for produce_json to 2026-05-29 11:00:00+00:00, run_after=2026-05-30 11:00:00+00:00
[2026-05-29T16:34:53.840+0000] {logging_mixin.py:188} INFO - [2026-05-29T16:34:53.840+0000] {dag.py:3954} INFO - Setting next_dagrun for update_db to 2026-05-29 12:00:00+00:00, run_after=2026-05-30 12:00:00+00:00
[2026-05-29T16:34:53.867+0000] {processor.py:183} INFO - Processing /opt/airflow/dags/main.py took 0.214 seconds
[2026-05-29T19:35:28.372+0000] {processor.py:161} INFO - Started process (PID=179) to work on /opt/airflow/dags/main.py
[2026-05-29T19:35:28.374+0000] {processor.py:830} INFO - Processing file /opt/airflow/dags/main.py for tasks to queue
[2026-05-29T19:35:28.379+0000] {logging_mixin.py:188} INFO - [2026-05-29T19:35:28.379+0000] {dagbag.py:545} INFO - Filling up the DagBag from /opt/airflow/dags/main.py
[2026-05-29T19:35:28.663+0000] {processor.py:840} INFO - DAG(s) 'update_db', 'data_quality', 'produce_json' retrieved from /opt/airflow/dags/main.py
[2026-05-29T19:35:28.732+0000] {logging_mixin.py:188} INFO - [2026-05-29T19:35:28.732+0000] {dag.py:3096} INFO - Sync 3 DAGs
[2026-05-29T19:35:28.785+0000] {logging_mixin.py:188} INFO - [2026-05-29T19:35:28.785+0000] {dag.py:3954} INFO - Setting next_dagrun for data_quality to 2026-05-29 13:00:00+00:00, run_after=2026-05-30 13:00:00+00:00
[2026-05-29T19:35:28.797+0000] {logging_mixin.py:188} INFO - [2026-05-29T19:35:28.797+0000] {dag.py:3954} INFO - Setting next_dagrun for produce_json to 2026-05-29 11:00:00+00:00, run_after=2026-05-30 11:00:00+00:00
[2026-05-29T19:35:28.805+0000] {logging_mixin.py:188} INFO - [2026-05-29T19:35:28.804+0000] {dag.py:3954} INFO - Setting next_dagrun for update_db to 2026-05-29 12:00:00+00:00, run_after=2026-05-30 12:00:00+00:00
[2026-05-29T19:35:28.840+0000] {processor.py:183} INFO - Processing /opt/airflow/dags/main.py took 0.487 seconds
